#Layer_Physical_Order=3
#Layer_Color=36540
#
#Feature symbol names
#
$0 r3.937
$1 r10
$2 r19.685
$3 r7.874
$4 r5.9055
$5 r59.0551
$6 r15.748
$7 r23.622

#
#Feature attribute names
#
@0 .geometry
@1 .pad_usage

#
#Feature attribute text strings
#
&0 Pad_Simple_X59.0551Y59.0551H39.3701C79.3701
&1 VIA_RoundD15.7480H7.8740C47.8740
&2 VIA_RoundD23.6220H11.8110C51.8110

#
#Layer features
#
L 0.7165354 3.0393701 0.7559055 3.0787402 0 P 0
L 0.7559055 3.0787402 0.7559055 3.1771654 0 P 0
L 1.3411031 3.2165354 1.3425197 3.217952 1 P 0
L 1.3425197 3.217952 1.552952 3.217952 1 P 0
L 1.552952 3.217952 1.595 3.26 1 P 0
L 10.1224399 2.716536 10.4846459 2.716536 0 P 0
L 10.1224399 2.740158 10.1342519 2.728346 0 P 0
L 10.1224399 2.76378 10.1440939 2.742126 0 P 0
L 10.1224399 2.787402 10.1559059 2.753938 0 P 0
L 10.1244093 2.481666 10.1244093 2.5433071 0 P 0
L 10.1244093 2.481666 10.3737918 2.2322835 0 P 0
L 10.1342519 2.728346 10.4925199 2.728346 0 P 0
L 10.1440939 2.742126 10.4984259 2.742126 0 P 0
L 10.1440944 2.4731163 10.1440944 2.5433071 0 P 0
L 10.1440944 2.4731163 10.3770533 2.2401574 0 P 0
L 10.1559059 2.753938 10.5062999 2.753938 0 P 0
L 10.1574803 2.8425197 10.1574803 3.007874 0 P 0
L 10.1574803 2.8425197 10.179134 2.820866 0 P 0
L 10.1574803 3.007874 10.2007874 3.0511811 0 P 0
L 10.1637794 2.4645669 10.1637794 2.5433071 0 P 0
L 10.1637794 2.4645669 10.3803149 2.2480314 0 P 0
L 10.1677159 2.850394 10.1677159 2.9826765 0 P 0
L 10.1677159 2.850394 10.1874019 2.830708 0 P 0
L 10.1677159 2.9826765 10.2007874 3.015748 0 P 0
L 10.1775599 2.8563 10.1775599 2.9570875 0 P 0
L 10.1775599 2.8563 10.1933079 2.840552 0 P 0
L 10.1775599 2.9570875 10.2007874 2.980315 0 P 0
L 10.179134 2.820866 10.8192919 2.820866 0 P 0
L 10.1834645 2.4560174 10.1834645 2.5433071 0 P 0
L 10.1834645 2.4560174 10.3835764 2.2559055 0 P 0
L 10.1874019 2.830708 10.8035439 2.830708 0 P 0
L 10.1874019 2.864174 10.1874019 2.9314964 0 P 0
L 10.1874019 2.864174 10.2011819 2.850394 0 P 0
L 10.1874019 2.9314964 10.2007874 2.9448819 0 P 0
L 10.1913379 2.179134 10.2169299 2.204724 0 P 0
L 10.1933079 2.840552 10.7936999 2.840552 0 P 0
L 10.2011819 2.088582 10.2838579 2.17126 0 P 0
L 10.2011819 2.125984 10.2582679 2.18307 0 P 0
L 10.2011819 2.155512 10.2405519 2.194882 0 P 0
L 10.2011819 2.850394 10.7838579 2.850394 0 P 0
L 10.2169299 2.204724 10.6736219 2.204724 0 P 0
L 10.2405519 2.194882 10.6854339 2.194882 0 P 0
L 10.2550393 2.0649607 10.266 2.054 0 P 0
L 10.2582679 2.18307 10.6952759 2.18307 0 P 0
L 10.266 2.054 10.279 2.041 0 P 0
L 10.279 2.041 10.446 2.041 0 P 0
L 10.2838579 2.17126 10.7070859 2.17126 0 P 0
L 10.3737918 2.2322835 10.4885246 2.2322835 0 P 0
L 10.3770533 2.2401574 10.4852631 2.2401574 0 P 0
L 10.3803149 2.2480314 10.4820015 2.2480314 0 P 0
L 10.3835764 2.2559055 10.47874 2.2559055 0 P 0
L 10.3891653 2.0728347 10.401 2.061 0 P 0
L 10.401 2.061 10.45 2.061 0 P 0
L 10.446 2.041 10.469 2.064 0 P 0
L 10.45 2.061 10.462 2.073 0 P 0
L 10.462 2.073 10.895 2.073 0 P 0
L 10.469 2.064 10.8598668 2.064 0 P 0
L 10.47874 2.2559055 10.5456691 2.3228346 0 P 0
L 10.4820015 2.2480314 10.5489306 2.3149605 0 P 0
L 10.4846459 2.716536 10.5318899 2.669292 0 P 0
L 10.4852631 2.2401574 10.5521922 2.3070865 0 P 0
L 10.4866139 1.84252 10.6598419 1.84252 0 P 0
L 10.4885246 2.2322835 10.5554537 2.2992126 0 P 0
L 10.4925199 2.728346 10.5397639 2.681102 0 P 0
L 10.4984259 2.742126 10.5476379 2.692914 0 P 0
L 10.5062999 2.753938 10.5555119 2.704724 0 P 0
L 10.5318899 2.669292 10.6066919 2.669292 0 P 0
L 10.5397639 2.681102 10.5948819 2.681102 0 P 0
L 10.5456691 2.3228346 10.6007872 2.3228346 0 P 0
L 10.5476379 2.692914 10.5866144 2.692914 0 P 0
L 10.5489306 2.3149605 10.6047244 2.3149605 0 P 0
L 10.5521922 2.3070865 10.5929134 2.3070865 0 P 0
L 10.5554537 2.2992126 10.5692913 2.2992126 0 P 0
L 10.5555119 2.704724 10.5830699 2.704724 0 P 0
L 10.5692913 2.2992126 10.5909439 2.27756 0 P 0
L 10.5830699 2.704724 10.5968499 2.718504 0 P 0
L 10.5866144 2.692914 10.6106299 2.7169272 0 P 0
L 10.5929134 2.3070865 10.6086613 2.2913386 0 P 0
L 10.5948819 2.681102 10.6106299 2.69685 0 P 0
L 10.5968499 2.718504 10.5968499 2.748032 0 P 0
L 10.5968499 2.748032 10.6106299 2.761812 0 P 0
L 10.6007872 2.3228346 10.6086613 2.3307087 0 P 0
L 10.6047244 2.3149605 10.6086613 2.3110236 0 P 0
L 10.6066919 2.669292 10.6106299 2.673228 0 P 0
L 10.6106299 2.7169272 10.6106299 2.73819 0 P 0
L 10.6598419 1.84252 10.6814959 1.820866 0 P 0
L 10.6736219 2.204724 10.7425199 2.273622 0 P 0
L 10.6775599 1.864174 10.6992119 1.84252 0 P 0
L 10.6814959 1.820866 11.0988179 1.820866 0 P 0
L 10.6854339 2.194882 10.7641739 2.273622 0 P 0
L 10.6952759 2.18307 10.7818899 2.269686 0 P 0
L 10.6992119 1.84252 11.0988179 1.84252 0 P 0
L 10.7070859 2.17126 10.8015739 2.265748 0 P 0
L 10.7818899 2.269686 10.7818899 2.287402 0 P 0
L 10.7838579 2.850394 10.8094479 2.875984 0 P 0
L 10.7936999 2.840552 10.8330699 2.879922 0 P 0
L 10.8015739 2.265748 10.8015739 2.273622 0 P 0
L 10.8035439 2.830708 10.8566928 2.8838569 0 P 0
L 10.8094479 2.875984 10.8094479 2.885826 0 P 0
L 10.8192919 2.820866 10.8803149 2.881889 0 P 0
L 10.8212597 2.3307087 10.8212597 2.3700787 0 P 0
L 10.8212597 2.3307087 10.8468504 2.305118 0 P 0
L 10.8212597 2.3700787 10.8527558 2.4015748 0 P 0
L 10.8291338 2.3346457 10.8291338 2.3622047 0 P 0
L 10.8291338 2.3346457 10.8468495 2.31693 0 P 0
L 10.8291338 2.3622047 10.8488189 2.3818898 0 P 0
L 10.8330699 2.879922 10.8330699 2.885826 0 P 0
L 10.8370078 2.3385827 10.8370078 2.3582677 0 P 0
L 10.8370078 2.3385827 10.8468505 2.32874 0 P 0
L 10.8370078 2.3582677 10.8409448 2.3622047 0 P 0
L 10.8409448 2.3622047 10.8527558 2.3622047 0 P 0
L 10.8468495 2.31693 10.9354339 2.31693 0 P 0
L 10.8468504 2.305118 10.9216539 2.305118 0 P 0
L 10.8468505 2.32874 10.9492119 2.32874 0 P 0
L 10.8488189 2.3818898 10.8527558 2.3818898 0 P 0
L 10.8527558 2.3425197 10.8527561 2.34252 0 P 0
L 10.8527561 2.34252 10.9511819 2.34252 0 P 0
L 10.8566928 2.8838569 10.8566928 2.8858268 0 P 0
L 10.8598668 2.064 10.8608283 2.0649615 0 P 0
L 10.8608283 2.0649615 10.8722435 2.0649615 0 P 0
L 10.8622047 1.519685 11.6492534 0.7326363 1 P 0
L 10.8722435 2.0649615 10.8803154 2.0568896 0 P 0
L 10.8803149 2.881889 10.8803149 2.8858268 0 P 0
L 10.8803154 2.051 10.8803154 2.0568896 0 P 0
L 10.8803154 2.051 11.47 2.051 0 P 0
L 10.895 2.073 10.909126 2.058874 0 P 0
L 10.909126 2.058874 11.439874 2.058874 0 P 0
L 10.9216539 2.305118 10.9334639 2.293308 0 P 0
L 10.9334639 2.096456 10.9334639 2.293308 0 P 0
L 10.9334639 2.096456 10.9433079 2.086614 0 P 0
L 10.9354339 2.31693 10.9472439 2.305118 0 P 0
L 10.9433079 2.086614 11.0102359 2.086614 0 P 0
L 10.9472439 2.13189 10.9472439 2.305118 0 P 0
L 10.9472439 2.13189 10.9570859 2.122048 0 P 0
L 10.9492119 2.32874 10.9610239 2.31693 0 P 0
L 10.9511819 2.34252 10.9728339 2.320866 0 P 0
L 10.9570859 2.122048 11.0102359 2.122048 0 P 0
L 10.9610239 2.163386 10.9610239 2.31693 0 P 0
L 10.9610239 2.163386 10.9688979 2.155512 0 P 0
L 10.9688979 2.155512 11.0102359 2.155512 0 P 0
L 10.9728339 2.194882 10.9728339 2.320866 0 P 0
L 10.9728339 2.194882 10.9866139 2.181102 0 P 0
L 10.9866139 2.181102 11.0102359 2.181102 0 P 0
L 11.0102359 2.086614 11.0102361 2.0866142 0 P 0
L 11.0988179 1.820866 11.1204719 1.84252 0 P 0
L 11.0988179 1.84252 11.1204719 1.864174 0 P 0
L 11.1204719 1.84252 11.6866139 1.84252 0 P 0
L 11.1204719 1.864174 11.8775599 1.864174 0 P 0
L 11.3224399 2.716536 11.6846459 2.716536 0 P 0
L 11.3224399 2.740158 11.3342519 2.728346 0 P 0
L 11.3224399 2.76378 11.3440939 2.742126 0 P 0
L 11.3224399 2.787402 11.3559059 2.753938 0 P 0
L 11.3244093 2.53937 11.3244093 2.5433071 0 P 0
L 11.3244093 2.53937 11.3480314 2.5157479 0 P 0
L 11.3342519 2.728346 11.6925199 2.728346 0 P 0
L 11.3440939 2.742126 11.6984259 2.742126 0 P 0
L 11.3440944 2.5433071 11.3559054 2.5314961 0 P 0
L 11.3480314 2.4580439 11.3480314 2.5157479 0 P 0
L 11.3480314 2.4580439 11.5737918 2.2322835 0 P 0
L 11.3543307 2.8460632 11.3543307 3.003937 0 P 0
L 11.3543307 2.8460632 11.3795279 2.820866 0 P 0
L 11.3543307 3.003937 11.4015748 3.0511811 0 P 0
L 11.3559054 2.4613053 11.3559054 2.5314961 0 P 0
L 11.3559054 2.4613053 11.5770533 2.2401574 0 P 0
L 11.3559059 2.753938 11.7062999 2.753938 0 P 0
L 11.3637794 2.4645669 11.3637794 2.5433071 0 P 0
L 11.3637794 2.4645669 11.5803149 2.2480314 0 P 0
L 11.3677159 2.850394 11.3677159 2.9818891 0 P 0
L 11.3677159 2.850394 11.3874019 2.830708 0 P 0
L 11.3677159 2.9818891 11.4015748 3.015748 0 P 0
L 11.3716534 2.4678285 11.3716534 2.5275589 0 P 0
L 11.3716534 2.4678285 11.5835764 2.2559055 0 P 0
L 11.3716534 2.5275589 11.3834645 2.53937 0 P 0
L 11.3775599 2.8563 11.3775599 2.9602371 0 P 0
L 11.3775599 2.8563 11.3933079 2.840552 0 P 0
L 11.3775599 2.9602371 11.4015748 2.984252 0 P 0
L 11.3795279 2.820866 12.0192919 2.820866 0 P 0
L 11.3834645 2.53937 11.3834645 2.5433071 0 P 0
L 11.3874019 2.830708 12.0035439 2.830708 0 P 0
L 11.3874019 2.864174 11.3874019 2.930709 0 P 0
L 11.3874019 2.864174 11.4011819 2.850394 0 P 0
L 11.3874019 2.930709 11.4015748 2.9448819 0 P 0
L 11.3913379 2.179134 11.4169299 2.204724 0 P 0
L 11.3933079 2.840552 11.9936999 2.840552 0 P 0
L 11.4011819 2.088582 11.4838579 2.17126 0 P 0
L 11.4011819 2.125984 11.4582679 2.18307 0 P 0
L 11.4011819 2.155512 11.4405519 2.194882 0 P 0
L 11.4011819 2.850394 11.9838579 2.850394 0 P 0
L 11.4169299 2.204724 11.8736219 2.204724 0 P 0
L 11.439874 2.058874 11.4473693 2.0663693 0 P 0
L 11.4405519 2.194882 11.8854339 2.194882 0 P 0
L 11.4473693 2.0663693 11.4553693 2.0663693 0 P 0
L 11.4553693 2.0663693 11.4567386 2.065 0 P 0
L 11.4567386 2.065 11.602 2.065 0 P 0
L 11.4582679 2.18307 11.8952759 2.18307 0 P 0
L 11.47 2.051 11.6678792 2.051 0 P 0
L 11.4838579 2.17126 11.9070859 2.17126 0 P 0
L 11.5737918 2.2322835 11.6885246 2.2322835 0 P 0
L 11.5770533 2.2401574 11.6852631 2.2401574 0 P 0
L 11.5803149 2.2480314 11.6820015 2.2480314 0 P 0
L 11.5835764 2.2559055 11.67874 2.2559055 0 P 0
L 11.602 2.065 11.6707437 2.065 0 P 0
L 11.6492534 0.6496063 11.6492534 0.7326363 1 P 0
L 11.6492534 0.6496063 11.7004849 0.5983748 1 P 0
L 11.6678792 2.051 11.6779027 2.0610235 0 P 0
L 11.6707437 2.065 11.6746412 2.0688975 0 P 0
L 11.6746412 2.0688975 12.0536288 2.0688975 0 P 0
L 11.6779027 2.0610235 12.0568903 2.0610235 0 P 0
L 11.67874 2.2559055 11.7456691 2.3228346 0 P 0
L 11.6820015 2.2480314 11.7489306 2.3149605 0 P 0
L 11.6846459 2.716536 11.7318899 2.669292 0 P 0
L 11.6852631 2.2401574 11.7521922 2.3070865 0 P 0
L 11.6866139 1.84252 11.8598419 1.84252 0 P 0
L 11.6885246 2.2322835 11.7554537 2.2992126 0 P 0
L 11.6925199 2.728346 11.7397639 2.681102 0 P 0
L 11.6984259 2.742126 11.7476379 2.692914 0 P 0
L 11.7062999 2.753938 11.7555119 2.704724 0 P 0
L 11.7318899 2.669292 11.8066919 2.669292 0 P 0
L 11.7397639 2.681102 11.7948819 2.681102 0 P 0
L 11.7456691 2.3228346 11.8007872 2.3228346 0 P 0
L 11.7476379 2.692914 11.7834645 2.692914 0 P 0
L 11.7489306 2.3149605 11.8047244 2.3149605 0 P 0
L 11.7521922 2.3070865 11.7929134 2.3070865 0 P 0
L 11.7554537 2.2992126 11.7692913 2.2992126 0 P 0
L 11.7555119 2.704724 11.7830699 2.704724 0 P 0
L 11.7692913 2.2992126 11.7909439 2.27756 0 P 0
L 11.7830699 2.704724 11.7968499 2.718504 0 P 0
L 11.7834645 2.692914 11.8106299 2.7200769 0 P 0
L 11.7929134 2.3070865 11.8086613 2.2913386 0 P 0
L 11.7948819 2.681102 11.8106299 2.69685 0 P 0
L 11.7968499 2.718504 11.7968499 2.748032 0 P 0
L 11.7968499 2.748032 11.8106299 2.761812 0 P 0
L 11.8007872 2.3228346 11.8086613 2.3307087 0 P 0
L 11.8047244 2.3149605 11.8086613 2.3110236 0 P 0
L 11.8066919 2.669292 11.8106299 2.673228 0 P 0
L 11.8106299 2.7200769 11.8106299 2.73819 0 P 0
L 11.8598419 1.84252 11.8814959 1.820866 0 P 0
L 11.8736219 2.204724 11.9425199 2.273622 0 P 0
L 11.8775599 1.864174 11.8992119 1.84252 0 P 0
L 11.8814959 1.820866 12.2988179 1.820866 0 P 0
L 11.8854339 2.194882 11.9641739 2.273622 0 P 0
L 11.8952759 2.18307 11.9818899 2.269686 0 P 0
L 11.8992119 1.84252 12.2988179 1.84252 0 P 0
L 11.9070859 2.17126 12.0015739 2.265748 0 P 0
L 11.9818899 2.269686 11.9818899 2.287402 0 P 0
L 11.9838579 2.850394 12.0094479 2.875984 0 P 0
L 11.9936999 2.840552 12.0330699 2.879922 0 P 0
L 12.0015739 2.265748 12.0015739 2.273622 0 P 0
L 12.0035439 2.830708 12.0566928 2.8838569 0 P 0
L 12.0094479 2.875984 12.0094479 2.885826 0 P 0
L 12.0192919 2.820866 12.0803149 2.881889 0 P 0
L 12.0212597 2.3307087 12.0212597 2.3700787 0 P 0
L 12.0212597 2.3307087 12.0468504 2.305118 0 P 0
L 12.0212597 2.3700787 12.0527558 2.4015748 0 P 0
L 12.0291338 2.3346457 12.0291338 2.3622047 0 P 0
L 12.0291338 2.3346457 12.0468495 2.31693 0 P 0
L 12.0291338 2.3622047 12.0488189 2.3818898 0 P 0
L 12.0330699 2.879922 12.0330699 2.885826 0 P 0
L 12.0370078 2.3385827 12.0370078 2.3582677 0 P 0
L 12.0370078 2.3385827 12.0468505 2.32874 0 P 0
L 12.0370078 2.3582677 12.0409448 2.3622047 0 P 0
L 12.0409448 2.3622047 12.0527558 2.3622047 0 P 0
L 12.0468495 2.31693 12.1354339 2.31693 0 P 0
L 12.0468504 2.305118 12.1216539 2.305118 0 P 0
L 12.0468505 2.32874 12.1492119 2.32874 0 P 0
L 12.0488189 2.3818898 12.0527558 2.3818898 0 P 0
L 12.0527558 2.3425197 12.0527561 2.34252 0 P 0
L 12.0527561 2.34252 12.1511819 2.34252 0 P 0
L 12.0536288 2.0688975 12.0575668 2.0728355 0 P 0
L 12.0566928 2.8838569 12.0566928 2.8858268 0 P 0
L 12.0568903 2.0610235 12.0608283 2.0649615 0 P 0
L 12.0575668 2.0728355 12.0933 2.0728355 0 P 0
L 12.0608283 2.0649615 12.0900385 2.0649615 0 P 0
L 12.0803149 2.881889 12.0803149 2.8858268 0 P 0
L 12.0900385 2.0649615 12.11563 2.03937 0 P 0
L 12.0933 2.0728355 12.1188915 2.047244 0 P 0
L 12.11563 2.03937 12.65937 2.03937 0 P 0
L 12.1188915 2.047244 12.640244 2.047244 0 P 0
L 12.1216539 2.305118 12.1334639 2.293308 0 P 0
L 12.1334639 2.096456 12.1334639 2.293308 0 P 0
L 12.1334639 2.096456 12.1433079 2.086614 0 P 0
L 12.1354339 2.31693 12.1472439 2.305118 0 P 0
L 12.1433079 2.086614 12.2102359 2.086614 0 P 0
L 12.1472439 2.13189 12.1472439 2.305118 0 P 0
L 12.1472439 2.13189 12.1570859 2.122048 0 P 0
L 12.1492119 2.32874 12.1610239 2.31693 0 P 0
L 12.1511819 2.34252 12.1728339 2.320866 0 P 0
L 12.1570859 2.122048 12.2102359 2.122048 0 P 0
L 12.1610239 2.163386 12.1610239 2.31693 0 P 0
L 12.1610239 2.163386 12.1688979 2.155512 0 P 0
L 12.1688979 2.155512 12.2102359 2.155512 0 P 0
L 12.1728339 2.194882 12.1728339 2.320866 0 P 0
L 12.1728339 2.194882 12.1866139 2.181102 0 P 0
L 12.1866139 2.181102 12.2102359 2.181102 0 P 0
L 12.2102359 2.086614 12.2102361 2.0866142 0 P 0
L 12.2988179 1.820866 12.3204718 1.8425199 0 P 0
L 12.2988179 1.84252 12.3204718 1.8641739 0 P 0
L 12.3204718 1.8425199 12.8866139 1.8425199 0 P 0
L 12.3204718 1.8641739 13.0775599 1.8641739 0 P 0
L 12.5224399 2.7165359 12.8846459 2.7165359 0 P 0
L 12.5224399 2.7401579 12.5342519 2.7283459 0 P 0
L 12.5224399 2.7637799 12.5440939 2.7421259 0 P 0
L 12.5224399 2.7874019 12.5559059 2.7539379 0 P 0
L 12.5244093 2.5393699 12.5244093 2.543307 0 P 0
L 12.5244093 2.5393699 12.5480314 2.5157478 0 P 0
L 12.5342519 2.7283459 12.8925199 2.7283459 0 P 0
L 12.5440939 2.7421259 12.8984259 2.7421259 0 P 0
L 12.5440944 2.543307 12.5463543 2.5410471 0 P 0
L 12.5463543 2.5341429 12.5463543 2.5410471 0 P 0
L 12.5463543 2.5341429 12.5559054 2.5245918 0 P 0
L 12.5480314 2.4580438 12.5480314 2.5157478 0 P 0
L 12.5480314 2.4580438 12.7737918 2.2322834 0 P 0
L 12.5551181 2.8452757 12.5551181 3.007874 0 P 0
L 12.5551181 2.8452757 12.5795279 2.8208659 0 P 0
L 12.5551181 3.007874 12.5984252 3.0511811 0 P 0
L 12.5559054 2.4613052 12.5559054 2.5245918 0 P 0
L 12.5559054 2.4613052 12.7770533 2.2401573 0 P 0
L 12.5559059 2.7539379 12.9062999 2.7539379 0 P 0
L 12.5637794 2.4645668 12.5637794 2.543307 0 P 0
L 12.5637794 2.4645668 12.7803149 2.2480313 0 P 0
L 12.5677159 2.8503939 12.5677159 2.9850387 0 P 0
L 12.5677159 2.8503939 12.5874019 2.8307079 0 P 0
L 12.5677159 2.9850387 12.5984252 3.015748 0 P 0
L 12.5716534 2.4678284 12.5716534 2.5275588 0 P 0
L 12.5716534 2.4678284 12.7835764 2.2559054 0 P 0
L 12.5716534 2.5275588 12.5834645 2.5393699 0 P 0
L 12.5775599 2.8562999 12.5775599 2.9594497 0 P 0
L 12.5775599 2.8562999 12.5933079 2.8405519 0 P 0
L 12.5775599 2.9594497 12.5984252 2.980315 0 P 0
L 12.5795279 2.8208659 13.2192919 2.8208659 0 P 0
L 12.5834645 2.5393699 12.5834645 2.543307 0 P 0
L 12.5874019 2.8307079 13.2035439 2.8307079 0 P 0
L 12.5874019 2.8641739 12.5874019 2.9338586 0 P 0
L 12.5874019 2.8641739 12.6011819 2.8503939 0 P 0
L 12.5874019 2.9338586 12.5984252 2.9448819 0 P 0
L 12.5913379 2.1791339 12.6169299 2.2047239 0 P 0
L 12.5933079 2.8405519 13.1936999 2.8405519 0 P 0
L 12.6011819 2.0885819 12.6838579 2.1712599 0 P 0
L 12.6011819 2.1259839 12.6582679 2.1830699 0 P 0
L 12.6011819 2.1555119 12.6405519 2.1948819 0 P 0
L 12.6011819 2.8503939 13.1838579 2.8503939 0 P 0
L 12.6169299 2.2047239 13.0736219 2.2047239 0 P 0
L 12.640244 2.047244 12.664 2.071 0 P 0
L 12.6405519 2.1948819 13.0854339 2.1948819 0 P 0
L 12.6582679 2.1830699 13.0952759 2.1830699 0 P 0
L 12.65937 2.03937 12.668 2.048 0 P 0
L 12.664 2.071 12.79 2.071 0 P 0
L 12.6838579 2.1712599 13.1070859 2.1712599 0 P 0
L 12.7737918 2.2322834 12.8885246 2.2322834 0 P 0
L 12.7770533 2.2401573 12.8852631 2.2401573 0 P 0
L 12.7803149 2.2480313 12.8820015 2.2480313 0 P 0
L 12.7835764 2.2559054 12.87874 2.2559054 0 P 0
L 12.79 2.071 12.808 2.053 0 P 0
L 12.87874 2.2559054 12.9456691 2.3228345 0 P 0
L 12.8820015 2.2480313 12.9489306 2.3149604 0 P 0
L 12.8846459 2.7165359 12.9318899 2.6692919 0 P 0
L 12.8852631 2.2401573 12.9521922 2.3070864 0 P 0
L 12.8885246 2.2322834 12.9554537 2.2992125 0 P 0
L 12.8925199 2.7283459 12.9397639 2.6811019 0 P 0
L 12.8984259 2.7421259 12.9476379 2.6929139 0 P 0
L 12.9062999 2.7539379 12.9555119 2.7047239 0 P 0
L 12.9318899 2.6692919 13.0066919 2.6692919 0 P 0
L 12.9397639 2.6811019 12.9948819 2.6811019 0 P 0
L 12.9456691 2.3228345 13.0007872 2.3228345 0 P 0
L 12.9476379 2.6929139 12.9842518 2.6929139 0 P 0
L 12.9489306 2.3149604 13.0047244 2.3149604 0 P 0
L 12.9521922 2.3070864 12.9929134 2.3070864 0 P 0
L 12.9554537 2.2992125 12.9692913 2.2992125 0 P 0
L 12.9555119 2.7047239 12.9830699 2.7047239 0 P 0
L 12.9692913 2.2992125 12.9909439 2.2775599 0 P 0
L 12.9830699 2.7047239 12.9968499 2.7185039 0 P 0
L 12.9842518 2.6929139 13.0106299 2.7192896 0 P 0
L 12.9929134 2.3070864 13.0086613 2.2913385 0 P 0
L 12.9948819 2.6811019 13.0106299 2.6968499 0 P 0
L 12.9968499 2.7185039 12.9968499 2.7480319 0 P 0
L 12.9968499 2.7480319 13.0106299 2.7618119 0 P 0
L 13.0007872 2.3228345 13.0086613 2.3307086 0 P 0
L 13.0047244 2.3149604 13.0086613 2.3110235 0 P 0
L 13.0066919 2.6692919 13.0106299 2.6732279 0 P 0
L 13.0106299 2.7192896 13.0106299 2.7381899 0 P 0
L 13.0736219 2.2047239 13.1425199 2.2736219 0 P 0
L 13.0775599 1.8641739 13.0992119 1.8425199 0 P 0
L 13.0854339 2.1948819 13.1641739 2.2736219 0 P 0
L 13.0952759 2.1830699 13.1818899 2.2696859 0 P 0
L 13.1070859 2.1712599 13.2015739 2.2657479 0 P 0
L 13.1818899 2.2696859 13.1818899 2.2874019 0 P 0
L 13.1838579 2.8503939 13.2094479 2.8759839 0 P 0
L 13.1936999 2.8405519 13.2330699 2.8799219 0 P 0
L 13.2015739 2.2657479 13.2015739 2.2736219 0 P 0
L 13.2035439 2.8307079 13.2566928 2.8838568 0 P 0
L 13.2094479 2.8759839 13.2094479 2.8858259 0 P 0
L 13.2192919 2.8208659 13.2803149 2.8818889 0 P 0
L 13.2212597 2.3307086 13.2212597 2.3700786 0 P 0
L 13.2212597 2.3307086 13.2468504 2.3051179 0 P 0
L 13.2212597 2.3700786 13.2527558 2.4015747 0 P 0
L 13.2291338 2.3346456 13.2291338 2.3622046 0 P 0
L 13.2291338 2.3346456 13.2468495 2.3169299 0 P 0
L 13.2291338 2.3622046 13.2488189 2.3818897 0 P 0
L 13.2330699 2.8799219 13.2330699 2.8858259 0 P 0
L 13.2370078 2.3385826 13.2370078 2.3582676 0 P 0
L 13.2370078 2.3385826 13.2468505 2.3287399 0 P 0
L 13.2370078 2.3582676 13.2409448 2.3622046 0 P 0
L 13.2409448 2.3622046 13.2527558 2.3622046 0 P 0
L 13.2468495 2.3169299 13.3354339 2.3169299 0 P 0
L 13.2468504 2.3051179 13.3216539 2.3051179 0 P 0
L 13.2468505 2.3287399 13.3492119 2.3287399 0 P 0
L 13.2488189 2.3818897 13.2527558 2.3818897 0 P 0
L 13.2527558 2.3425196 13.2527561 2.3425199 0 P 0
L 13.2527561 2.3425199 13.3511819 2.3425199 0 P 0
L 13.2566928 2.8838568 13.2566928 2.8858267 0 P 0
L 13.2803149 2.8818889 13.2803149 2.8858267 0 P 0
L 13.3216539 2.3051179 13.3334639 2.2933079 0 P 0
L 13.3334639 2.0964559 13.3334639 2.2933079 0 P 0
L 13.3334639 2.0964559 13.3433079 2.0866139 0 P 0
L 13.3354339 2.3169299 13.3472439 2.3051179 0 P 0
L 13.3433079 2.0866139 13.4102359 2.0866139 0 P 0
L 13.3472439 2.1318899 13.3472439 2.3051179 0 P 0
L 13.3472439 2.1318899 13.3570859 2.1220479 0 P 0
L 13.3492119 2.3287399 13.3610239 2.3169299 0 P 0
L 13.3511819 2.3425199 13.3728339 2.3208659 0 P 0
L 13.3570859 2.1220479 13.4102359 2.1220479 0 P 0
L 13.3610239 2.1633859 13.3610239 2.3169299 0 P 0
L 13.3610239 2.1633859 13.3688979 2.1555119 0 P 0
L 13.3688979 2.1555119 13.4102359 2.1555119 0 P 0
L 13.3728339 2.1948819 13.3728339 2.3208659 0 P 0
L 13.3728339 2.1948819 13.3866139 2.1811019 0 P 0
L 13.3866139 2.1811019 13.4102359 2.1811019 0 P 0
L 13.4102359 2.0866139 13.4102361 2.0866141 0 P 0
L 2.3943196 0.5199828 2.3943196 0.520737 4 P 0
L 2.6889764 3.3661417 2.6889764 3.3779528 0 P 0
L 2.6889764 3.3661417 2.7480315 3.3070866 0 P 0
L 2.7086614 3.3661417 2.7086614 3.3779528 0 P 0
L 2.7086614 3.3661417 2.7559055 3.3188976 0 P 0
L 2.7283465 3.3628802 2.7283465 3.3779528 0 P 0
L 2.7283465 3.3628802 2.760518 3.3307087 0 P 0
L 2.7480315 3.3070866 2.7755906 3.3070866 0 P 0
L 2.7480315 3.3543307 2.7480315 3.3779528 0 P 0
L 2.7480315 3.3543307 2.7598425 3.3425197 0 P 0
L 2.7559055 3.3188976 2.7795276 3.3188976 0 P 0
L 2.7598425 3.3425197 2.7874016 3.3425197 0 P 0
L 2.760518 3.3307087 2.7834645 3.3307087 0 P 0
L 2.7755906 3.3070866 2.8897638 3.1929134 0 P 0
L 2.7795276 3.3188976 2.9055118 3.1929134 0 P 0
L 2.7834645 3.3307087 2.921254 3.1929192 0 P 0
L 2.7874016 3.3425197 2.9370079 3.1929134 0 P 0
L 2.8897638 3.1889764 2.8897638 3.1929134 0 P 0
L 2.9055118 3.1692913 2.9055118 3.1929134 0 P 0
L 2.921254 3.18897 2.921254 3.1929192 0 P 0
L 2.9370079 3.1692913 2.9370079 3.1929134 0 P 0
L 3.0343386 2.5474124 3.0343386 2.6847322 0 P 0
L 3.0343386 2.5474124 3.0784124 2.5033386 0 P 0
L 3.0343386 2.6847322 3.0598428 2.7102364 0 P 0
L 3.043 2.551 3.043 2.6811446 0 P 0
L 3.043 2.551 3.082 2.512 0 P 0
L 3.043 2.6811446 3.0685042 2.7066488 0 P 0
L 3.0590552 2.6466928 3.0649607 2.6525983 0 P 0
L 3.0590552 2.6671652 3.0649607 2.6612597 0 P 0
L 3.0598428 2.7102364 3.0598428 3.3119778 0 P 0
L 3.0598428 3.3119778 3.1781324 3.4302674 0 P 0
L 3.0649607 2.6525983 3.0705168 2.6525983 0 P 0
L 3.0649607 2.6612597 3.0669292 2.6612597 0 P 0
L 3.0669292 2.6612597 3.0763782 2.6707087 0 P 0
L 3.0685042 2.7066488 3.0685042 3.3083904 0 P 0
L 3.0685042 3.3083904 3.1817198 3.421606 0 P 0
L 3.0705168 2.6525983 3.0850396 2.6671211 0 P 0
L 3.072 2.256 3.0783386 2.2623386 0 P 0
L 3.0763782 2.6707087 3.0763782 3.3051288 0 P 0
L 3.0763782 3.3051288 3.1849814 3.413732 0 P 0
L 3.0783386 2.2623386 3.0783386 2.4173386 0 P 0
L 3.0783386 2.4173386 3.1259844 2.4649844 0 P 0
L 3.0784124 2.5033386 3.096189 2.5033386 0 P 0
L 3.082 2.512 3.0958717 2.512 0 P 0
L 3.082 2.547 3.092 2.537 0 P 0
L 3.0826772 2.5876368 3.0885827 2.5935423 0 P 0
L 3.0826772 2.6081092 3.0885827 2.6022037 0 P 0
L 3.0850396 2.6671211 3.0850396 3.3015412 0 P 0
L 3.0850396 3.3015412 3.188569 3.4050706 0 P 0
L 3.087 2.241 3.087 2.413751 0 P 0
L 3.087 2.413751 3.1346458 2.4613968 0 P 0
L 3.0885827 2.5935423 3.0941388 2.5935423 0 P 0
L 3.0885827 2.6022037 3.0905512 2.6022037 0 P 0
L 3.0905512 2.6022037 3.0929136 2.6045661 0 P 0
L 3.092 2.537 3.109 2.537 0 P 0
L 3.0929136 2.6045661 3.0929136 3.2971662 0 P 0
L 3.0929136 3.2971662 3.1921566 3.3964092 0 P 0
L 3.0941388 2.5935423 3.101575 2.6009785 0 P 0
L 3.0958717 2.512 3.0959662 2.5120945 0 P 0
L 3.0959662 2.5120945 3.0960945 2.5120945 0 P 0
L 3.0960945 2.5120945 3.102 2.518 0 P 0
L 3.096189 2.5033386 3.102 2.4975276 0 P 0
L 3.101575 2.6009785 3.101575 3.2935786 0 P 0
L 3.101575 3.2935786 3.1957442 3.3877478 0 P 0
L 3.102551 2.552 3.109449 2.558898 0 P 0
L 3.1062992 2.3555119 3.1122047 2.3614174 0 P 0
L 3.1062992 2.3759843 3.1122047 2.3700788 0 P 0
L 3.109 2.537 3.1181104 2.5461104 0 P 0
L 3.109449 2.558898 3.109449 3.290317 0 P 0
L 3.109449 3.290317 3.1990058 3.3798738 0 P 0
L 3.1122047 2.3614174 3.14532 2.3614174 0 P 0
L 3.1122047 2.3700788 3.1417324 2.3700788 0 P 0
L 3.1181104 2.5461104 3.1181104 3.2867294 0 P 0
L 3.1181104 3.2867294 3.2025934 3.3712124 0 P 0
L 3.1259844 2.4649844 3.1259844 3.283468 0 P 0
L 3.1259844 3.283468 3.2058548 3.3633384 0 P 0
L 3.1299214 2.3240159 3.1358269 2.3299214 0 P 0
L 3.1299214 2.3444883 3.1358269 2.3385828 0 P 0
L 3.1299214 2.4104718 3.1358269 2.4163773 0 P 0
L 3.1299214 2.4309442 3.1358269 2.4250387 0 P 0
L 3.1346458 2.4613968 3.1346458 3.2798802 0 P 0
L 3.1346458 3.2798802 3.2094426 3.354677 0 P 0
L 3.1358269 2.3299214 3.161068 2.3299214 0 P 0
L 3.1358269 2.3385828 3.1574804 2.3385828 0 P 0
L 3.1358269 2.4163773 3.141383 2.4163773 0 P 0
L 3.1358269 2.4250387 3.1377954 2.4250387 0 P 0
L 3.1377954 2.4250387 3.1425198 2.4297631 0 P 0
L 3.141383 2.4163773 3.1511812 2.4261755 0 P 0
L 3.1417324 2.3700788 3.1590552 2.3874016 0 P 0
L 3.1425198 2.4297631 3.1425198 3.2766188 0 P 0
L 3.1425198 3.2766188 3.212704 3.346803 0 P 0
L 3.14532 2.3614174 3.1677166 2.383814 0 P 0
L 3.1468505 2.2045961 3.1468505 2.2047244 0 P 0
L 3.1468505 2.2045961 3.1612891 2.1901575 0 P 0
L 3.1511812 2.4261755 3.1511812 3.2730312 0 P 0
L 3.1511812 3.2730312 3.2162916 3.3381416 0 P 0
L 3.1535434 2.2923618 3.1594489 2.2982673 0 P 0
L 3.1535434 2.3128342 3.1594489 2.3069287 0 P 0
L 3.1574804 2.3385828 3.1755906 2.356693 0 P 0
L 3.1590552 2.3874016 3.1590552 3.2697696 0 P 0
L 3.1590552 3.2697696 3.2195532 3.3302676 0 P 0
L 3.1594489 2.2982673 3.172879 2.2982673 0 P 0
L 3.1594489 2.3069287 3.1692914 2.3069287 0 P 0
L 3.161068 2.3299214 3.184252 2.3531054 0 P 0
L 3.1612891 2.1901575 3.1733567 2.1901575 0 P 0
L 3.1673229 2.2047244 3.1677165 2.205118 0 P 0
L 3.1677165 2.205118 3.3884709 2.205118 0 P 0
L 3.1677166 2.383814 3.1677166 3.2661822 0 P 0
L 3.1677166 3.2661822 3.2231406 3.3216062 0 P 0
L 3.1692914 2.3069287 3.192126 2.3297633 0 P 0
L 3.172879 2.2982673 3.2007874 2.3261757 0 P 0
L 3.1733567 2.1901575 3.1796558 2.1964566 0 P 0
L 3.1755906 2.356693 3.1755906 3.2629206 0 P 0
L 3.1755906 3.2629206 3.2264022 3.3137322 0 P 0
L 3.176378 2.2244094 3.176378 2.2245377 0 P 0
L 3.176378 2.2245377 3.1927853 2.240945 0 P 0
L 3.1781324 3.4302674 3.4206912 3.4302674 0 P 0
L 3.1796558 2.1964566 3.3920585 2.1964566 0 P 0
L 3.1817198 3.421606 3.4171036 3.421606 0 P 0
L 3.184252 2.3531054 3.184252 3.259333 0 P 0
L 3.184252 3.259333 3.2299898 3.3050708 0 P 0
L 3.1849814 3.413732 3.4138421 3.413732 0 P 0
L 3.188569 3.4050706 3.4102545 3.4050706 0 P 0
L 3.192126 2.3297633 3.192126 3.2560716 0 P 0
L 3.192126 3.2560716 3.2332512 3.2971968 0 P 0
L 3.1921566 3.3964092 3.4077804 3.3964092 0 P 0
L 3.1927853 2.240945 3.4009134 2.240945 0 P 0
L 3.1957442 3.3877478 3.4041928 3.3877478 0 P 0
L 3.1968504 2.2244094 3.2047246 2.2322836 0 P 0
L 3.1990058 3.3798738 3.4009312 3.3798738 0 P 0
L 3.2007874 2.3261757 3.2007874 3.2524838 0 P 0
L 3.2007874 3.2524838 3.236839 3.2885354 0 P 0
L 3.2025934 3.3712124 3.3973436 3.3712124 0 P 0
L 3.2047246 2.2322836 3.404501 2.2322836 0 P 0
L 3.2058548 3.3633384 3.3940821 3.3633384 0 P 0
L 3.2086614 2.4974124 3.2086614 3.2492224 0 P 0
L 3.2086614 2.4974124 3.2317352 2.4743386 0 P 0
L 3.2086614 3.2492224 3.2401004 3.2806614 0 P 0
L 3.2094426 3.354677 3.3904944 3.354677 0 P 0
L 3.212704 3.346803 3.387233 3.346803 0 P 0
L 3.2162916 3.3381416 3.3836454 3.3381416 0 P 0
L 3.2173228 2.501 3.2173228 3.2456348 0 P 0
L 3.2173228 2.501 3.2353228 2.483 0 P 0
L 3.2173228 3.2456348 3.243688 3.272 0 P 0
L 3.2195532 3.3302676 3.3803838 3.3302676 0 P 0
L 3.2231406 3.3216062 3.3767962 3.3216062 0 P 0
L 3.2264022 3.3137322 3.3735348 3.3137322 0 P 0
L 3.2299898 3.3050708 3.3699472 3.3050708 0 P 0
L 3.2317352 2.4743386 3.2756614 2.4743386 0 P 0
L 3.2332512 3.2971968 3.3666858 3.2971968 0 P 0
L 3.2353228 2.483 3.288 2.483 0 P 0
L 3.236839 3.2885354 3.3630982 3.2885354 0 P 0
L 3.2401004 3.2806614 3.3598366 3.2806614 0 P 0
L 3.243688 3.272 3.356249 3.272 0 P 0
L 3.2756614 2.4743386 3.292 2.458 0 P 0
L 3.283458 2.181098 3.299989 2.164567 0 P 0
L 3.288 2.483 3.292 2.479 0 P 0
L 3.2933071 2.2636513 3.2933071 2.2637796 0 P 0
L 3.2933071 2.2636513 3.3081394 2.248819 0 P 0
L 3.299989 2.164567 3.3340959 2.164567 0 P 0
L 3.3011811 2.1456694 3.3070866 2.1397639 0 P 0
L 3.3070866 2.1342078 3.3070866 2.1397639 0 P 0
L 3.3070866 2.1342078 3.3160974 2.125197 0 P 0
L 3.3070866 2.1811024 3.3149606 2.1732284 0 P 0
L 3.3081394 2.248819 3.3976519 2.248819 0 P 0
L 3.3137795 2.2637796 3.3188978 2.2637796 0 P 0
L 3.3149606 2.1732284 3.3305083 2.1732284 0 P 0
L 3.315748 2.1377954 3.315748 2.1397639 0 P 0
L 3.315748 2.1377954 3.319685 2.1338584 0 P 0
L 3.315748 2.1397639 3.3216535 2.1456694 0 P 0
L 3.3160974 2.125197 3.3342964 2.125197 0 P 0
L 3.3188978 2.2637796 3.325197 2.2574804 0 P 0
L 3.319685 2.1338584 3.3307088 2.1338584 0 P 0
L 3.325197 2.2574804 3.3940643 2.2574804 0 P 0
L 3.3305083 2.1732284 3.3458625 2.1885826 0 P 0
L 3.3307088 2.1338584 3.3385828 2.1417324 0 P 0
L 3.3326773 2.1102362 3.3326773 2.1103645 0 P 0
L 3.3326773 2.1103645 3.3477064 2.1253936 0 P 0
L 3.3340959 2.164567 3.3494501 2.1799212 0 P 0
L 3.3342964 2.125197 3.3472442 2.1381448 0 P 0
L 3.3385828 2.1417324 3.3385828 2.1579184 0 P 0
L 3.3385828 2.1579184 3.3527116 2.1720472 0 P 0
L 3.3458625 2.1885826 3.39532 2.1885826 0 P 0
L 3.3472442 2.1381448 3.3472442 2.1543308 0 P 0
L 3.3472442 2.1543308 3.3562992 2.1633858 0 P 0
L 3.3477064 2.1253936 3.4792862 2.1253936 0 P 0
L 3.3494501 2.1799212 3.3989076 2.1799212 0 P 0
L 3.3527116 2.1720472 3.39532 2.1720472 0 P 0
L 3.3531497 2.1102362 3.3596457 2.1167322 0 P 0
L 3.356249 3.272 3.535249 3.093 0 P 0
L 3.3562992 2.1633858 3.3917324 2.1633858 0 P 0
L 3.3596457 2.1167322 3.4828738 2.1167322 0 P 0
L 3.3598366 3.2806614 3.5388366 3.1016614 0 P 0
L 3.3630982 3.2885354 3.5420982 3.1095354 0 P 0
L 3.3633859 2.149478 3.3633859 2.1496063 0 P 0
L 3.3633859 2.149478 3.3786119 2.134252 0 P 0
L 3.3666858 3.2971968 3.5456858 3.1181968 0 P 0
L 3.3699472 3.3050708 3.5489472 3.1260708 0 P 0
L 3.3735348 3.3137322 3.5525348 3.1347322 0 P 0
L 3.3767962 3.3216062 3.5557962 3.1426062 0 P 0
L 3.3786119 2.134252 3.4732726 2.134252 0 P 0
L 3.3803838 3.3302676 3.5593838 3.1512676 0 P 0
L 3.3836454 3.3381416 3.5626454 3.1591416 0 P 0
L 3.3838583 2.1496063 3.3905512 2.1429134 0 P 0
L 3.387233 3.346803 3.566233 3.167803 0 P 0
L 3.3884709 2.205118 3.4479199 2.264567 0 P 0
L 3.3904944 3.354677 3.5694944 3.175677 0 P 0
L 3.3905512 2.1429134 3.469685 2.1429134 0 P 0
L 3.3917324 2.1633858 3.4043308 2.1507874 0 P 0
L 3.3920585 2.1964566 3.4515075 2.2559056 0 P 0
L 3.3940643 2.2574804 3.4657177 2.3291338 0 P 0
L 3.3940821 3.3633384 3.5730821 3.1843384 0 P 0
L 3.39532 2.1720472 3.4079184 2.1594488 0 P 0
L 3.39532 2.1885826 3.4232728 2.2165354 0 P 0
L 3.3973436 3.3712124 3.5763436 3.1922124 0 P 0
L 3.3976519 2.248819 3.4693053 2.3204724 0 P 0
L 3.3989076 2.1799212 3.4268604 2.207874 0 P 0
L 3.4009134 2.240945 3.4725668 2.3125984 0 P 0
L 3.4009312 3.3798738 3.5799312 3.2008738 0 P 0
L 3.4041928 3.3877478 3.5831928 3.2087478 0 P 0
L 3.4043308 2.1507874 3.466186 2.1507874 0 P 0
L 3.404501 2.2322836 3.4761544 2.303937 0 P 0
L 3.4077804 3.3964092 3.5867804 3.2174092 0 P 0
L 3.4079184 2.1594488 3.4625984 2.1594488 0 P 0
L 3.4102545 3.4050706 3.5900419 3.2252832 0 P 0
L 3.4138421 3.413732 3.5936295 3.2339446 0 P 0
L 3.4171036 3.421606 3.596891 3.2418186 0 P 0
L 3.4206912 3.4302674 3.6004786 3.25048 0 P 0
L 3.4232728 2.2165354 3.6463819 2.2165354 0 P 0
L 3.4268604 2.207874 3.6499695 2.207874 0 P 0
L 3.4479199 2.264567 3.6476445 2.264567 0 P 0
L 3.4515075 2.2559056 3.6512321 2.2559056 0 P 0
L 3.4527559 2.4094488 3.4544488 2.4094488 0 P 0
L 3.4527559 2.4291339 3.4562284 2.4256614 0 P 0
L 3.4544488 2.4094488 3.462 2.417 0 P 0
L 3.4562284 2.4256614 3.7152009 2.4256614 0 P 0
L 3.462 2.417 3.7187885 2.417 0 P 0
L 3.4625984 2.1594488 3.5007874 2.1976378 0 P 0
L 3.4657177 2.3291338 3.6420578 2.3291338 0 P 0
L 3.466186 2.1507874 3.504375 2.1889764 0 P 0
L 3.4693053 2.3204724 3.6456454 2.3204724 0 P 0
L 3.469685 2.1429134 3.507874 2.1811024 0 P 0
L 3.4725668 2.3125984 3.6489069 2.3125984 0 P 0
L 3.4732726 2.134252 3.5114616 2.172441 0 P 0
L 3.4744095 2.2795276 3.4744095 2.2796559 0 P 0
L 3.4744095 2.2796559 3.4908166 2.296063 0 P 0
L 3.4761544 2.303937 3.6524945 2.303937 0 P 0
L 3.4792862 2.1253936 3.5184596 2.164567 0 P 0
L 3.4828738 2.1167322 3.5220472 2.1559056 0 P 0
L 3.4908166 2.296063 3.655756 2.296063 0 P 0
L 3.4948819 2.2795276 3.5027559 2.2874016 0 P 0
L 3.5007874 2.1976378 3.6508688 2.1976378 0 P 0
L 3.5027559 2.2874016 3.6593436 2.2874016 0 P 0
L 3.504375 2.1889764 3.6544564 2.1889764 0 P 0
L 3.5059055 2.2400293 3.5059055 2.2401576 0 P 0
L 3.5059055 2.2400293 3.5203441 2.2255907 0 P 0
L 3.507874 2.1811024 3.6577179 2.1811024 0 P 0
L 3.5114616 2.172441 3.6613055 2.172441 0 P 0
L 3.5184596 2.164567 3.664567 2.164567 0 P 0
L 3.5203441 2.2255907 3.5324117 2.2255907 0 P 0
L 3.5220472 2.1559056 3.6670411 2.1559056 0 P 0
L 3.5263779 2.2401576 3.5303149 2.2362206 0 P 0
L 3.5303149 2.2362206 3.6426826 2.2362206 0 P 0
L 3.5324117 2.2255907 3.5343802 2.2275592 0 P 0
L 3.5343802 2.2275592 3.6462702 2.2275592 0 P 0
L 3.535249 3.093 3.792751 3.093 0 P 0
L 3.5388366 3.1016614 3.7891634 3.1016614 0 P 0
L 3.5420982 3.1095354 3.7859019 3.1095354 0 P 0
L 3.5456858 3.1181968 3.7823142 3.1181968 0 P 0
L 3.5489472 3.1260708 3.7790528 3.1260708 0 P 0
L 3.5525348 3.1347322 3.7754652 3.1347322 0 P 0
L 3.5557962 3.1426062 3.7722036 3.1426062 0 P 0
L 3.5593838 3.1512676 3.7686162 3.1512676 0 P 0
L 3.5626454 3.1591416 3.7653546 3.1591416 0 P 0
L 3.566233 3.167803 3.761767 3.167803 0 P 0
L 3.5694944 3.175677 3.7585056 3.175677 0 P 0
L 3.5730821 3.1843384 3.7549178 3.1843384 0 P 0
L 3.5763436 3.1922124 3.7516564 3.1922124 0 P 0
L 3.5799312 3.2008738 3.7480688 3.2008738 0 P 0
L 3.5831928 3.2087478 3.7448072 3.2087478 0 P 0
L 3.5867804 3.2174092 3.7412196 3.2174092 0 P 0
L 3.5900419 3.2252832 3.7379581 3.2252832 0 P 0
L 3.5936295 3.2339446 3.7343705 3.2339446 0 P 0
L 3.596891 3.2418186 3.731109 3.2418186 0 P 0
L 3.6004786 3.25048 3.7275214 3.25048 0 P 0
L 3.6420578 2.3291338 4.0058374 2.6929134 0 P 0
L 3.6426826 2.2362206 4.0332338 2.6267718 0 P 0
L 3.6456454 2.3204724 4.009425 2.684252 0 P 0
L 3.6462702 2.2275592 4.0368214 2.6181104 0 P 0
L 3.6463819 2.2165354 4.0400829 2.6102364 0 P 0
L 3.6476445 2.264567 4.0263847 2.6433072 0 P 0
L 3.6489069 2.3125984 4.0126865 2.676378 0 P 0
L 3.6499695 2.207874 4.0436705 2.601575 0 P 0
L 3.6508688 2.1976378 4.046932 2.593701 0 P 0
L 3.6512321 2.2559056 4.0299723 2.6346458 0 P 0
L 3.6524945 2.303937 4.0162741 2.6677166 0 P 0
L 3.6544564 2.1889764 4.0505196 2.5850396 0 P 0
L 3.655756 2.296063 4.0195356 2.6598426 0 P 0
L 3.6577179 2.1811024 4.0537811 2.5771656 0 P 0
L 3.6593436 2.2874016 4.0231232 2.6511812 0 P 0
L 3.6613055 2.172441 4.0573687 2.5685042 0 P 0
L 3.664567 2.164567 3.738 2.238 0 P 0
L 3.6670411 2.1559056 3.7291355 2.218 0 P 0
L 3.7152009 2.4256614 3.9989883 2.7094488 0 P 0
L 3.7187885 2.417 4.0025759 2.7007874 0 P 0
L 3.7275214 3.25048 3.937671 3.4606296 0 P 0
L 3.7291355 2.218 3.794 2.218 0 P 0
L 3.731109 3.2418186 3.9412586 3.4519682 0 P 0
L 3.7343705 3.2339446 3.9445201 3.4440942 0 P 0
L 3.7379581 3.2252832 3.9481077 3.4354328 0 P 0
L 3.738 2.238 3.795 2.238 0 P 0
L 3.7412196 3.2174092 3.9513692 3.4275588 0 P 0
L 3.7448072 3.2087478 3.9549568 3.4188974 0 P 0
L 3.7480688 3.2008738 3.9582184 3.4110234 0 P 0
L 3.7516564 3.1922124 3.961806 3.402362 0 P 0
L 3.7549178 3.1843384 3.8410236 3.2704442 0 P 0
L 3.7585056 3.175677 3.9686552 3.3858266 0 P 0
L 3.761767 3.167803 3.9719166 3.3779526 0 P 0
L 3.7653546 3.1591416 3.9755042 3.3692912 0 P 0
L 3.7686162 3.1512676 3.865104 3.2477554 0 P 0
L 3.7722036 3.1426062 3.8712284 3.241631 0 P 0
L 3.7754652 3.1347322 3.9856148 3.3448818 0 P 0
L 3.7790528 3.1260708 3.9892024 3.3362204 0 P 0
L 3.7823142 3.1181968 3.9924638 3.3283464 0 P 0
L 3.7859019 3.1095354 3.9132898 3.2369233 0 P 0
L 3.7891634 3.1016614 3.999313 3.311811 0 P 0
L 3.792751 3.093 4.0029006 3.3031496 0 P 0
L 3.795 2.258 3.81 2.273 0 P 0
L 3.795 2.28 3.801 2.286 0 P 0
L 3.801 2.286 3.801 2.301 0 P 0
L 3.801 2.301 4.0606302 2.5606302 0 P 0
L 3.81 2.273 3.81 2.297751 0 P 0
L 3.81 2.297751 4.0642178 2.5519688 0 P 0
L 3.813 1.852 3.813 1.905 3 P 0
L 3.813 1.905 4.187 2.279 3 P 0
L 3.8410236 3.2704442 3.8410238 3.2704442 0 P 0
L 3.8410238 3.2704442 3.9650676 3.394488 0 P 0
L 3.865104 3.2477554 3.865104 3.2477555 0 P 0
L 3.865104 3.2477555 3.8703222 3.2529737 0 P 0
L 3.8703222 3.2529737 3.8703222 3.2529738 0 P 0
L 3.8703222 3.2529738 3.9787656 3.3614172 0 P 0
L 3.8712284 3.241631 3.8712285 3.2416309 0 P 0
L 3.8712285 3.2416309 3.8737654 3.2441678 0 P 0
L 3.8737654 3.2441678 3.8737654 3.2441679 0 P 0
L 3.8737654 3.2441679 3.8789836 3.2493861 0 P 0
L 3.8789836 3.2493861 3.8789836 3.2493862 0 P 0
L 3.8789836 3.2493862 3.9823532 3.3527558 0 P 0
L 3.9132898 3.2369233 3.9132898 3.2369234 0 P 0
L 3.9132898 3.2369234 3.9960514 3.319685 0 P 0
L 3.937671 3.4606296 5.0358714 3.4606296 0 P 0
L 3.9412586 3.4519682 5.0322838 3.4519682 0 P 0
L 3.9445201 3.4440942 5.0130366 3.4440942 0 P 0
L 3.9481077 3.4354328 5.009449 3.4354328 0 P 0
L 3.9513692 3.4275588 4.9902022 3.4275588 0 P 0
L 3.9549568 3.4188974 4.9866146 3.4188974 0 P 0
L 3.9582184 3.4110234 4.9634304 3.4110234 0 P 0
L 3.961806 3.402362 4.9598428 3.402362 0 P 0
L 3.9650676 3.394488 4.9405958 3.394488 0 P 0
L 3.9686552 3.3858266 4.9370082 3.3858266 0 P 0
L 3.9719166 3.3779526 4.913824 3.3779526 0 P 0
L 3.9755042 3.3692912 4.9102364 3.3692912 0 P 0
L 3.9787656 3.3614172 4.8909894 3.3614172 0 P 0
L 3.9823532 3.3527558 4.8874018 3.3527558 0 P 0
L 3.9856148 3.3448818 4.8681548 3.3448818 0 P 0
L 3.9892024 3.3362204 4.8645672 3.3362204 0 P 0
L 3.9924638 3.3283464 4.837446 3.3283464 0 P 0
L 3.9960514 3.319685 4.8338584 3.319685 0 P 0
L 3.9989883 2.7094488 6.5559057 2.7094488 0 P 0
L 3.999313 3.311811 4.8146112 3.311811 0 P 0
L 4.0025759 2.7007874 6.5594933 2.7007874 0 P 0
L 4.0029006 3.3031496 4.8110236 3.3031496 0 P 0
L 4.0058374 2.6929134 6.5901134 2.6929134 0 P 0
L 4.009425 2.684252 6.593701 2.684252 0 P 0
L 4.0126865 2.676378 6.6206473 2.676378 0 P 0
L 4.0162741 2.6677166 6.6267718 2.6677166 0 P 0
L 4.0195356 2.6598426 6.646457 2.6598426 0 P 0
L 4.0231232 2.6511812 6.6500446 2.6511812 0 P 0
L 4.0263847 2.6433072 6.6664912 2.6433072 0 P 0
L 4.0299723 2.6346458 6.6700788 2.6346458 0 P 0
L 4.0332338 2.6267718 6.6893258 2.6267718 0 P 0
L 4.0368214 2.6181104 6.6929134 2.6181104 0 P 0
L 4.0400829 2.6102364 6.7086616 2.6102364 0 P 0
L 4.0436705 2.601575 6.7122492 2.601575 0 P 0
L 4.046932 2.593701 6.7275594 2.593701 0 P 0
L 4.0505196 2.5850396 6.731147 2.5850396 0 P 0
L 4.0537811 2.5771656 6.74252 2.5771656 0 P 0
L 4.0573687 2.5685042 6.7461076 2.5685042 0 P 0
L 4.0606302 2.5606302 6.8431112 2.5606302 0 P 0
L 4.0642178 2.5519688 6.8395236 2.5519688 0 P 0
L 4.187 2.279 4.187 2.28 3 P 0
L 4.395 1.28 4.4004269 1.28 3 P 0
L 4.4004269 1.28 4.4015748 1.2788521 3 P 0
L 4.6417323 1.7598425 4.6968504 1.7047244 0 P 0
L 4.671 1.772 4.7304016 1.7125984 0 P 0
L 4.6929134 1.7834646 4.7559056 1.7204724 0 P 0
L 4.6968504 1.7047244 5.7480315 1.7047244 0 P 0
L 4.702 3.236 4.702 3.278 3 P 0
L 4.702 3.236 5.0581748 2.8798252 3 P 0
L 4.702 3.4784264 4.702 3.825 3 P 0
L 4.7304016 1.7125984 5.6831403 1.7125984 0 P 0
L 4.7559056 1.7204724 5.6798788 1.7204724 0 P 0
L 4.8110236 3.3031496 5.374803 2.7393702 0 P 0
L 4.8146112 3.311811 5.3783906 2.7480316 0 P 0
L 4.818097 1.7488322 4.818097 1.8028106 0 P 0
L 4.818097 1.7488322 4.8385827 1.7283465 0 P 0
L 4.8338584 3.319685 5.3787402 2.7748032 0 P 0
L 4.837446 3.3283464 5.3823278 2.7834646 0 P 0
L 4.8385827 1.7283465 5.5708662 1.7283465 0 P 0
L 4.8645672 3.3362204 5.3944884 2.8062992 0 P 0
L 4.8681548 3.3448818 5.398076 2.8149606 0 P 0
L 4.8874018 3.3527558 5.3944882 2.8456694 0 P 0
L 4.8909894 3.3614172 5.3980758 2.8543308 0 P 0
L 4.9102364 3.3692912 5.4023622 2.8771654 0 P 0
L 4.913824 3.3779526 5.4059498 2.8858268 0 P 0
L 4.9370082 3.3858266 5.4141734 2.9086614 0 P 0
L 4.9405958 3.394488 5.417761 2.9173228 0 P 0
L 4.9598428 3.402362 5.4220472 2.9401576 0 P 0
L 4.9634304 3.4110234 5.4256348 2.948819 0 P 0
L 4.9866146 3.4188974 5.4338584 2.9716536 0 P 0
L 4.9902022 3.4275588 5.437446 2.980315 0 P 0
L 5.009449 3.4354328 5.4417322 3.0031496 0 P 0
L 5.0130366 3.4440942 5.4453198 3.011811 0 P 0
L 5.0322838 3.4519682 5.4496062 3.0346458 0 P 0
L 5.0358714 3.4606296 5.4531938 3.0433072 0 P 0
L 5.0581748 2.739624 5.0581748 2.8798252 3 P 0
L 5.2244094 1.7598425 5.3028118 1.7598425 0 P 0
L 5.3028118 1.7598425 5.3106858 1.7519685 0 P 0
L 5.3106858 1.7519685 5.3110236 1.7519685 0 P 0
L 5.374803 2.7393702 6.0019685 2.7393702 0 P 0
L 5.3783906 2.7480316 6.0019685 2.7480316 0 P 0
L 5.3787402 2.7748032 5.5098425 2.7748032 0 P 0
L 5.3823278 2.7834646 5.5098425 2.7834646 0 P 0
L 5.3944882 2.8456694 5.5098425 2.8456694 0 P 0
L 5.3944884 2.8062992 6.003937 2.8062992 0 P 0
L 5.3980758 2.8543308 5.5098425 2.8543308 0 P 0
L 5.398076 2.8149606 6.003937 2.8149606 0 P 0
L 5.4023622 2.8771654 6.0019685 2.8771654 0 P 0
L 5.4059498 2.8858268 6.0019685 2.8858268 0 P 0
L 5.4141734 2.9086614 5.5098425 2.9086614 0 P 0
L 5.417761 2.9173228 5.5098425 2.9173228 0 P 0
L 5.4220472 2.9401576 5.5751526 2.9401576 0 P 0
L 5.4256348 2.948819 5.5787402 2.948819 0 P 0
L 5.4338584 2.9716536 5.5098425 2.9716536 0 P 0
L 5.437446 2.980315 5.5098425 2.980315 0 P 0
L 5.4417322 3.0031496 5.5869638 3.0031496 0 P 0
L 5.4453198 3.011811 5.5905514 3.011811 0 P 0
L 5.4496062 3.0346458 5.5098425 3.0346458 0 P 0
L 5.4531938 3.0433072 5.5098425 3.0433072 0 P 0
L 5.5098425 2.7748032 5.515748 2.7688977 0 P 0
L 5.5098425 2.7834646 5.515748 2.7893701 0 P 0
L 5.5098425 2.8456694 5.515748 2.8397639 0 P 0
L 5.5098425 2.8543308 5.515748 2.8602363 0 P 0
L 5.5098425 2.9086614 5.515748 2.9027559 0 P 0
L 5.5098425 2.9173228 5.515748 2.9232283 0 P 0
L 5.5098425 2.9716536 5.515748 2.9657481 0 P 0
L 5.5098425 2.980315 5.515748 2.9862205 0 P 0
L 5.5098425 3.0346458 5.515748 3.0287403 0 P 0
L 5.5098425 3.0433072 5.515748 3.0492127 0 P 0
L 5.5708662 1.7283465 5.5905512 1.7480315 0 P 0
L 5.5751526 2.9401576 5.5948376 2.9204726 0 P 0
L 5.5787402 2.948819 5.5984252 2.929134 0 P 0
L 5.5869638 3.0031496 5.6460188 2.9440946 0 P 0
L 5.5905512 1.7480315 5.5905512 1.7795276 0 P 0
L 5.5905514 3.011811 5.6496064 2.952756 0 P 0
L 5.5948376 2.9204726 5.9642176 2.9204726 0 P 0
L 5.5984252 2.929134 5.96063 2.929134 0 P 0
L 5.6460188 2.9440946 5.9327216 2.9440946 0 P 0
L 5.6496064 2.952756 5.929134 2.952756 0 P 0
L 5.6798788 1.7204724 5.7040918 1.7446854 0 P 0
L 5.6831403 1.7125984 5.7047938 1.7342519 0 P 0
L 5.7040918 1.7446854 5.8431106 1.7446854 0 P 0
L 5.7047938 1.7342519 5.7694871 1.7342519 0 P 0
L 5.7480315 1.7047244 5.7637795 1.7204724 0 P 0
L 5.7637795 1.7204724 5.7647636 1.7194883 0 P 0
L 5.7647636 1.7194883 5.8267717 1.7194883 0 P 0
L 5.7694871 1.7342519 5.7714555 1.7322835 0 P 0
L 5.7714555 1.7322835 5.8622047 1.7322835 0 P 0
L 5.8267717 1.7194883 7.0226378 1.7194882 0 P 0
L 5.8431106 1.7446854 5.8582677 1.7598425 0 P 0
L 5.8582677 1.7598425 5.8818898 1.7598425 0 P 0
L 5.8622047 1.7283466 7.0196852 1.7283466 0 P 0
L 5.88 1.759 5.8988425 1.7401575 0 P 0
L 5.8988425 1.7401575 7.0118111 1.7401575 0 P 0
L 5.929134 2.952756 5.988189 3.011811 0 P 0
L 5.9327216 2.9440946 5.9917766 3.0031496 0 P 0
L 5.96063 2.929134 5.980315 2.948819 0 P 0
L 5.9642176 2.9204726 5.9839026 2.9401576 0 P 0
L 5.980315 2.948819 6.0019685 2.948819 0 P 0
L 5.9839026 2.9401576 6.0019685 2.9401576 0 P 0
L 5.988189 3.011811 6.0019685 3.011811 0 P 0
L 5.9917766 3.0031496 6.0019685 3.0031496 0 P 0
L 6.0019685 2.7393702 6.007874 2.7334647 0 P 0
L 6.0019685 2.7480316 6.007874 2.7539371 0 P 0
L 6.0019685 2.8771654 6.007874 2.8712599 0 P 0
L 6.0019685 2.8858268 6.007874 2.8917323 0 P 0
L 6.0019685 2.9401576 6.007874 2.9342521 0 P 0
L 6.0019685 2.948819 6.007874 2.9547245 0 P 0
L 6.0019685 3.0031496 6.007874 2.9972441 0 P 0
L 6.0019685 3.011811 6.007874 3.0177165 0 P 0
L 6.003937 2.8062992 6.007874 2.8023622 0 P 0
L 6.003937 2.8149606 6.007874 2.8188976 0 P 0
L 6.007874 2.8003937 6.007874 2.8023622 0 P 0
L 6.007874 2.8188976 6.007874 2.8208661 0 P 0
L 6.5559057 2.7094488 6.7795279 2.933071 0 P 0
L 6.5594933 2.7007874 6.7831155 2.9244096 0 P 0
L 6.5901134 2.6929134 6.7838142 2.8866142 0 P 0
L 6.593701 2.684252 6.7874018 2.8779528 0 P 0
L 6.6163542 3.5313307 6.6163542 3.5963307 1 P 0
L 6.6163542 3.5963307 6.6163542 3.6613307 1 P 0
L 6.6163542 3.6613307 6.6163542 3.7263307 1 P 0
L 6.6163542 3.7263307 6.6535433 3.7635198 1 P 0
L 6.6163542 3.8563307 6.6535433 3.8191416 1 P 0
L 6.6206473 2.676378 6.7836395 2.8393702 0 P 0
L 6.6267718 2.6677166 6.789764 2.8307088 0 P 0
L 6.646457 2.6598426 6.777953 2.7913386 0 P 0
L 6.6500446 2.6511812 6.7815406 2.7826772 0 P 0
L 6.6516615 1.2598425 6.6929134 1.2598425 2 P 0
L 6.6535433 3.7635198 6.6535433 3.7913386 1 P 0
L 6.6535433 3.7913386 6.6535433 3.8191416 1 P 0
L 6.6664912 2.6433072 6.768066 2.744882 0 P 0
L 6.6700788 2.6346458 6.7716536 2.7362206 0 P 0
L 6.6893258 2.6267718 6.7562548 2.6937008 0 P 0
L 6.6929134 1.2598425 7.0708661 1.2598425 2 P 0
L 6.6929134 2.6181104 6.7598424 2.6850394 0 P 0
L 6.7086616 2.6102364 6.748819 2.6503938 0 P 0
L 6.7122492 2.601575 6.7524066 2.6417324 0 P 0
L 6.7275594 2.593701 6.752756 2.6188976 0 P 0
L 6.731147 2.5850396 6.7563436 2.6102362 0 P 0
L 6.74252 2.5771656 6.752756 2.5874016 0 P 0
L 6.7461076 2.5685042 6.7563436 2.5787402 0 P 0
L 6.748819 2.6503938 6.8838583 2.6503938 0 P 0
L 6.7524066 2.6417324 6.8838583 2.6417324 0 P 0
L 6.752756 2.5874016 6.8444883 2.5874016 0 P 0
L 6.752756 2.6188976 7.0084213 2.6188976 0 P 0
L 6.7562548 2.6937008 7.0165354 2.6937008 0 P 0
L 6.7563436 2.5787402 6.8444883 2.5787402 0 P 0
L 6.7563436 2.6102362 7.0120089 2.6102362 0 P 0
L 6.7598424 2.6850394 7.020123 2.6850394 0 P 0
L 6.768066 2.744882 6.8858268 2.744882 0 P 0
L 6.7716536 2.7362206 6.8858268 2.7362206 0 P 0
L 6.777953 2.7913386 6.988189 2.7913386 0 P 0
L 6.7795279 2.933071 6.8838583 2.933071 0 P 0
L 6.7815406 2.7826772 6.9917766 2.7826772 0 P 0
L 6.7831155 2.9244096 6.8838583 2.9244096 0 P 0
L 6.7836395 2.8393702 6.8838583 2.8393702 0 P 0
L 6.7838142 2.8866142 7.0125984 2.8866142 0 P 0
L 6.7874018 2.8779528 7.016186 2.8779528 0 P 0
L 6.789764 2.8307088 6.8838583 2.8307088 0 P 0
L 6.838569 3.401568 7.0196918 3.401568 0 P 0
L 6.8395236 2.5519688 6.8410986 2.5503938 0 P 0
L 6.8410986 2.5503938 7.0615996 2.5503938 0 P 0
L 6.8431112 2.5606302 6.8446862 2.5590552 0 P 0
L 6.8444883 2.5787402 6.8503938 2.5728347 0 P 0
L 6.8444883 2.5874016 6.8503938 2.5933071 0 P 0
L 6.8446862 2.5590552 7.058012 2.5590552 0 P 0
L 6.854317 3.417316 6.8562855 3.4153475 0 P 0
L 6.8562855 3.4153475 7.0230113 3.4153475 0 P 0
L 6.874002 3.429127 7.0275658 3.429127 0 P 0
L 6.8838583 2.6417324 6.8897638 2.6358269 0 P 0
L 6.8838583 2.6503938 6.8897638 2.6562993 0 P 0
L 6.8838583 2.8307088 6.8897638 2.8248033 0 P 0
L 6.8838583 2.8393702 6.8897638 2.8452757 0 P 0
L 6.8838583 2.9244096 6.8897638 2.9185041 0 P 0
L 6.8838583 2.933071 6.8897638 2.9389765 0 P 0
L 6.8858268 2.7362206 6.8897638 2.7322836 0 P 0
L 6.8858268 2.744882 6.8897638 2.748819 0 P 0
L 6.8897638 2.7303151 6.8897638 2.7322836 0 P 0
L 6.8897638 2.748819 6.8897638 2.7507875 0 P 0
L 6.8897638 3.4448819 7.031496 3.4448819 0 P 0
L 6.988189 2.7913386 7.0362206 2.8393702 0 P 0
L 6.9917766 2.7826772 7.0398082 2.8307088 0 P 0
L 7.0084213 2.6188976 7.0391301 2.6496064 0 P 0
L 7.0118111 1.7401575 7.0696536 1.798 0 P 0
L 7.0120089 2.6102362 7.0427177 2.640945 0 P 0
L 7.0125984 2.8866142 7.0598426 2.9338584 0 P 0
L 7.016186 2.8779528 7.0634302 2.925197 0 P 0
L 7.0165354 2.6937008 7.0677166 2.744882 0 P 0
L 7.0196852 1.7283466 7.071381 1.7800424 0 P 0
L 7.0196918 3.401568 7.2362204 3.1850394 0 P 0
L 7.020123 2.6850394 7.0713042 2.7362206 0 P 0
L 7.0226378 1.7194882 7.0473292 1.7441796 0 P 0
L 7.0230113 3.4153475 7.2480314 3.1903274 0 P 0
L 7.0275658 3.429127 7.2598424 3.1968504 0 P 0
L 7.031496 3.4448819 7.2716534 3.2047245 0 P 0
L 7.0362206 2.8393702 7.0885827 2.8393702 0 P 0
L 7.0391301 2.6496064 7.0885827 2.6496064 0 P 0
L 7.0398082 2.8307088 7.0885827 2.8307088 0 P 0
L 7.0427177 2.640945 7.0885827 2.640945 0 P 0
L 7.0473292 1.7441796 7.0603839 1.7441796 0 P 0
L 7.058012 2.5590552 7.081634 2.5826772 0 P 0
L 7.0598426 2.9338584 7.0885827 2.9338584 0 P 0
L 7.0615996 2.5503938 7.0852216 2.5740158 0 P 0
L 7.0634302 2.925197 7.0885827 2.925197 0 P 0
L 7.0677166 2.744882 7.0885827 2.744882 0 P 0
L 7.0696536 1.798 7.106 1.798 0 P 0
L 7.0708661 1.2598425 7.1023622 1.2598425 2 P 0
L 7.0713042 2.7362206 7.0885827 2.7362206 0 P 0
L 7.071381 1.7800424 7.074 1.7800424 0 P 0
L 7.081634 2.5826772 7.1377954 2.5826772 0 P 0
L 7.0852216 2.5740158 7.1377954 2.5740158 0 P 0
L 7.0885827 2.640945 7.0944882 2.6350395 0 P 0
L 7.0885827 2.6496064 7.0944882 2.6555119 0 P 0
L 7.0885827 2.7362206 7.0944882 2.7303151 0 P 0
L 7.0885827 2.744882 7.0944882 2.7507875 0 P 0
L 7.0885827 2.8307088 7.0944882 2.8248033 0 P 0
L 7.0885827 2.8393702 7.0944882 2.8452757 0 P 0
L 7.0885827 2.925197 7.0944882 2.9192915 0 P 0
L 7.0885827 2.9338584 7.0944882 2.9397639 0 P 0
L 7.106 1.798 7.107 1.797 0 P 0
L 7.1377954 2.5740158 7.1417324 2.5700788 0 P 0
L 7.1377954 2.5826772 7.1417324 2.5866142 0 P 0
L 7.1417324 2.568504 7.1417324 2.5700788 0 P 0
L 7.1417324 2.5866142 7.1417324 2.588189 0 P 0
L 7.2362204 3.1850394 7.2362206 1.0748031 0 P 0
L 7.2362206 1.0196849 7.2362206 1.0748031 0 P 0
L 7.2362206 1.0196849 7.6023622 0.6535433 0 P 0
L 7.2480314 3.1903274 7.2480316 1.0796953 0 P 0
L 7.2480316 1.027559 7.2480316 1.0796953 0 P 0
L 7.2480316 1.027559 7.6062993 0.6692913 0 P 0
L 7.2598424 3.1968504 7.2598426 1.1304252 0 P 0
L 7.2598426 1.035433 7.2598426 1.1304252 0 P 0
L 7.2598426 1.035433 7.598565 0.6967106 0 P 0
L 7.2716534 3.2047245 7.2716536 1.1367888 0 P 0
L 7.2716536 1.03937 7.2716536 1.1367888 0 P 0
L 7.2716536 1.03937 7.5984266 0.712597 0 P 0
L 7.4685039 2.1023622 7.4685039 2.2795276 1 P 0
L 7.4685039 2.1023622 8.0511811 1.519685 1 P 0
L 7.4685039 2.2795276 7.5118109 2.3228346 1 P 0
L 7.5075062 2.2173744 7.5857752 2.2173744 0 P 0
L 7.5118109 2.3228346 7.7007875 2.3228346 1 P 0
L 7.5698819 2.1633858 7.624016 2.1633858 0 P 0
L 7.5857752 2.2173744 7.9291339 1.8740157 0 P 0
L 7.59 2.116 7.596 2.122 0 P 0
L 7.596 2.122 7.6457166 2.122 0 P 0
L 7.5984266 0.712597 7.5986741 0.7128445 0 P 0
L 7.598565 0.6967106 7.5987048 0.6968504 0 P 0
L 7.5986741 0.7128445 7.6107312 0.7007874 0 P 0
L 7.5987048 0.6968504 7.6105158 0.6850394 0 P 0
L 7.6023622 0.6535433 7.7626216 0.6535433 0 P 0
L 7.6062993 0.6692913 7.8031496 0.6692913 0 P 0
L 7.609256 2.2278795 7.609256 2.2465196 0 P 0
L 7.609256 2.2278795 7.7841355 2.053 0 P 0
L 7.6105158 0.6850394 7.9173228 0.6850394 0 P 0
L 7.6107312 0.7007874 7.9522784 0.7007874 0 P 0
L 7.624016 2.1633858 7.9251971 1.8622047 0 P 0
L 7.625969 2.232279 7.7029322 2.1553158 0 P 0
L 7.6457166 2.122 7.9251966 1.84252 0 P 0
L 7.7007875 2.3228346 7.7480315 2.2755906 1 P 0
L 7.7029322 2.1453388 7.7029322 2.1553158 0 P 0
L 7.7029322 2.1453388 7.7776354 2.0706356 0 P 0
L 7.7165354 2.5629921 7.7480315 2.531496 0 P 0
L 7.72244 2.716536 8.084646 2.716536 0 P 0
L 7.72244 2.740158 7.734252 2.728346 0 P 0
L 7.72244 2.76378 7.744094 2.742126 0 P 0
L 7.72244 2.787402 7.755906 2.753938 0 P 0
L 7.734252 2.728346 8.09252 2.728346 0 P 0
L 7.7362205 2.5629921 7.7559055 2.5433071 0 P 0
L 7.744094 2.742126 8.098426 2.742126 0 P 0
L 7.7480315 2.4580439 7.7480315 2.531496 0 P 0
L 7.7480315 2.4580439 7.9737919 2.2322835 0 P 0
L 7.7559055 2.4613053 7.7559055 2.5433071 0 P 0
L 7.7559055 2.4613053 7.9770534 2.2401574 0 P 0
L 7.755906 2.753938 8.1063 2.753938 0 P 0
L 7.755906 2.844488 7.755906 3.0078745 0 P 0
L 7.755906 2.844488 7.779528 2.820866 0 P 0
L 7.755906 3.0078745 7.7992126 3.0511811 0 P 0
L 7.7598425 2.5629921 7.7627586 2.560076 0 P 0
L 7.7627586 2.5558012 7.7627586 2.560076 0 P 0
L 7.7627586 2.5558012 7.7637795 2.5547803 0 P 0
L 7.7637795 2.4645669 7.7637795 2.5547803 0 P 0
L 7.7637795 2.4645669 7.980315 2.2480314 0 P 0
L 7.767716 2.850394 7.767716 2.984261 0 P 0
L 7.767716 2.850394 7.787402 2.830708 0 P 0
L 7.767716 2.984261 7.799197 3.015742 0 P 0
L 7.7716535 2.4678285 7.7716535 2.551181 0 P 0
L 7.7716535 2.4678285 7.9835765 2.2559055 0 P 0
L 7.7716535 2.551181 7.7834646 2.5629921 0 P 0
L 7.77756 2.8563 7.77756 2.9586624 0 P 0
L 7.77756 2.8563 7.793308 2.840552 0 P 0
L 7.77756 2.9586624 7.7992126 2.980315 0 P 0
L 7.7776354 2.0706356 8.002 2.0706356 0 P 0
L 7.779528 2.820866 8.419292 2.820866 0 P 0
L 7.7841355 2.053 7.868 2.053 0 P 0
L 7.787402 2.830708 8.403544 2.830708 0 P 0
L 7.787402 2.864174 7.787402 2.9370083 0 P 0
L 7.787402 2.864174 7.801182 2.850394 0 P 0
L 7.787402 2.9370083 7.7992126 2.9488189 0 P 0
L 7.791338 2.179134 7.81693 2.204724 0 P 0
L 7.793308 2.840552 8.3937 2.840552 0 P 0
L 7.801182 2.088582 7.883858 2.17126 0 P 0
L 7.801182 2.125984 7.858268 2.18307 0 P 0
L 7.801182 2.155512 7.840552 2.194882 0 P 0
L 7.801182 2.850394 8.383858 2.850394 0 P 0
L 7.81693 2.204724 8.273622 2.204724 0 P 0
L 7.840552 2.194882 8.285434 2.194882 0 P 0
L 7.858268 2.18307 8.295276 2.18307 0 P 0
L 7.868 2.053 7.8787795 2.0422205 0 P 0
L 7.8787795 2.0422205 8.0172205 2.0422205 0 P 0
L 7.883858 2.17126 8.307086 2.17126 0 P 0
L 7.9251966 1.84252 8.086614 1.84252 0 P 0
L 7.9251971 1.8622047 8.2795291 1.8622047 0 P 0
L 7.9291339 1.8740157 8.1771653 1.8740157 0 P 0
L 7.9488189 0.6968504 7.9488189 0.6973279 0 P 0
L 7.9488189 0.6973279 7.9522784 0.7007874 0 P 0
L 7.9737919 2.2322835 8.0885247 2.2322835 0 P 0
L 7.9770534 2.2401574 8.0852632 2.2401574 0 P 0
L 7.980315 2.2480314 8.0820016 2.2480314 0 P 0
L 7.9835765 2.2559055 8.0787401 2.2559055 0 P 0
L 8.001 2.056 8.001 2.0696356 0 P 0
L 8.001 2.0696356 8.002 2.0706356 0 P 0
L 8.002 2.0706356 8.4506356 2.0706356 0 P 0
L 8.0172205 2.0422205 8.0360235 2.0610235 0 P 0
L 8.0360235 2.0610235 8.4521591 2.0610235 0 P 0
L 8.0511811 1.519685 10.8622047 1.519685 1 P 0
L 8.0787401 2.2559055 8.145811 2.3229764 0 P 0
L 8.0820016 2.2480314 8.1489307 2.3149605 0 P 0
L 8.084646 2.716536 8.13189 2.669292 0 P 0
L 8.0852632 2.2401574 8.1521923 2.3070865 0 P 0
L 8.086614 1.84252 8.259842 1.84252 0 P 0
L 8.0885247 2.2322835 8.1554538 2.2992126 0 P 0
L 8.09252 2.728346 8.139764 2.681102 0 P 0
L 8.098426 2.742126 8.147638 2.692914 0 P 0
L 8.1063 2.753938 8.155512 2.704724 0 P 0
L 8.13189 2.669292 8.206692 2.669292 0 P 0
L 8.139764 2.681102 8.194882 2.681102 0 P 0
L 8.145811 2.3229764 8.1980775 2.3229764 0 P 0
L 8.147638 2.692914 8.1850396 2.692914 0 P 0
L 8.1489307 2.3149605 8.2047245 2.3149605 0 P 0
L 8.1521923 2.3070865 8.1929135 2.3070865 0 P 0
L 8.1554538 2.2992126 8.1692914 2.2992126 0 P 0
L 8.155512 2.704724 8.18307 2.704724 0 P 0
L 8.1692914 2.2992126 8.190944 2.27756 0 P 0
L 8.1771653 1.8740157 8.2007874 1.8976378 0 P 0
L 8.18307 2.704724 8.19685 2.718504 0 P 0
L 8.1850396 2.692914 8.21063 2.718502 0 P 0
L 8.1929135 2.3070865 8.2086614 2.2913386 0 P 0
L 8.194882 2.681102 8.21063 2.69685 0 P 0
L 8.19685 2.718504 8.19685 2.748032 0 P 0
L 8.19685 2.748032 8.21063 2.761812 0 P 0
L 8.1980775 2.3229764 8.2058098 2.3307087 0 P 0
L 8.2007874 1.8976378 8.2007874 1.9251969 0 P 0
L 8.2047245 2.3149605 8.2086614 2.3110236 0 P 0
L 8.2058098 2.3307087 8.2086614 2.3307087 0 P 0
L 8.206692 2.669292 8.21063 2.673228 0 P 0
L 8.21063 2.718502 8.21063 2.73819 0 P 0
L 8.259842 1.84252 8.281496 1.820866 0 P 0
L 8.273622 2.204724 8.34252 2.273622 0 P 0
L 8.2795291 1.8622047 8.299212 1.84252 0 P 0
L 8.281496 1.820866 8.698818 1.820866 0 P 0
L 8.285434 2.194882 8.364174 2.273622 0 P 0
L 8.295276 2.18307 8.38189 2.269686 0 P 0
L 8.299212 1.84252 8.698818 1.84252 0 P 0
L 8.307086 2.17126 8.401574 2.265748 0 P 0
L 8.38189 2.269686 8.38189 2.287402 0 P 0
L 8.383858 2.850394 8.409448 2.875984 0 P 0
L 8.3937 2.840552 8.43307 2.879922 0 P 0
L 8.401574 2.265748 8.401574 2.273622 0 P 0
L 8.403544 2.830708 8.4566929 2.8838569 0 P 0
L 8.409448 2.875984 8.409448 2.885826 0 P 0
L 8.419292 2.820866 8.480315 2.881889 0 P 0
L 8.4212598 2.3307087 8.4212598 2.3700787 0 P 0
L 8.4212598 2.3307087 8.4468505 2.305118 0 P 0
L 8.4212598 2.3700787 8.4527559 2.4015748 0 P 0
L 8.4291339 2.3346457 8.4291339 2.3622047 0 P 0
L 8.4291339 2.3346457 8.4468496 2.31693 0 P 0
L 8.4291339 2.3622047 8.448819 2.3818898 0 P 0
L 8.43307 2.879922 8.43307 2.885826 0 P 0
L 8.4370079 2.3385827 8.4370079 2.3582677 0 P 0
L 8.4370079 2.3385827 8.4468506 2.32874 0 P 0
L 8.4370079 2.3582677 8.4409449 2.3622047 0 P 0
L 8.4409449 2.3622047 8.4527559 2.3622047 0 P 0
L 8.4468496 2.31693 8.535434 2.31693 0 P 0
L 8.4468505 2.305118 8.521654 2.305118 0 P 0
L 8.4468506 2.32874 8.549212 2.32874 0 P 0
L 8.448819 2.3818898 8.4527559 2.3818898 0 P 0
L 8.4506356 2.0706356 8.461874 2.081874 0 P 0
L 8.4521591 2.0610235 8.4651356 2.074 0 P 0
L 8.4527559 2.3425197 8.4527562 2.34252 0 P 0
L 8.4527562 2.34252 8.551182 2.34252 0 P 0
L 8.4566929 2.8838569 8.4566929 2.8858268 0 P 0
L 8.461874 2.081874 8.4892615 2.081874 0 P 0
L 8.4651356 2.074 8.486 2.074 0 P 0
L 8.480315 2.881889 8.480315 2.8858268 0 P 0
L 8.486 2.074 8.52 2.04 0 P 0
L 8.4892615 2.081874 8.5041355 2.067 0 P 0
L 8.5041355 2.067 9.189874 2.067 0 P 0
L 8.515748 0.4685039 8.523622 0.4685039 0 P 0
L 8.52 2.04 9.0720815 2.04 0 P 0
L 8.521654 2.305118 8.533464 2.293308 0 P 0
L 8.523622 0.4685039 8.547244 0.4448819 0 P 0
L 8.533464 2.096456 8.533464 2.293308 0 P 0
L 8.533464 2.096456 8.543308 2.086614 0 P 0
L 8.535434 2.31693 8.547244 2.305118 0 P 0
L 8.543308 2.086614 8.610236 2.086614 0 P 0
L 8.547244 0.4448819 8.6692913 0.4448819 0 P 0
L 8.547244 2.13189 8.547244 2.305118 0 P 0
L 8.547244 2.13189 8.557086 2.122048 0 P 0
L 8.549212 2.32874 8.561024 2.31693 0 P 0
L 8.551182 2.34252 8.572834 2.320866 0 P 0
L 8.557086 2.122048 8.610236 2.122048 0 P 0
L 8.561024 2.163386 8.561024 2.31693 0 P 0
L 8.561024 2.163386 8.568898 2.155512 0 P 0
L 8.568898 2.155512 8.610236 2.155512 0 P 0
L 8.572834 2.194882 8.572834 2.320866 0 P 0
L 8.572834 2.194882 8.586614 2.181102 0 P 0
L 8.586614 2.181102 8.610236 2.181102 0 P 0
L 8.610236 2.086614 8.6102362 2.0866142 0 P 0
L 8.698818 1.820866 8.720472 1.84252 0 P 0
L 8.698818 1.84252 8.720472 1.864174 0 P 0
L 8.720472 1.84252 9.2866139 1.84252 0 P 0
L 8.720472 1.864174 9.4775599 1.864174 0 P 0
L 8.9224399 2.716536 9.2846459 2.716536 0 P 0
L 8.9224399 2.740158 8.9342519 2.728346 0 P 0
L 8.9224399 2.76378 8.9440939 2.742126 0 P 0
L 8.9224399 2.787402 8.9559059 2.753938 0 P 0
L 8.9244093 2.53937 8.9244093 2.5433071 0 P 0
L 8.9244093 2.53937 8.9480314 2.5157479 0 P 0
L 8.9342519 2.728346 9.2925199 2.728346 0 P 0
L 8.9440939 2.742126 9.2984259 2.742126 0 P 0
L 8.9440944 2.5433071 8.9559054 2.5314961 0 P 0
L 8.9480314 2.4580439 8.9480314 2.5157479 0 P 0
L 8.9480314 2.4580439 9.1737918 2.2322835 0 P 0
L 8.9559054 2.4613053 8.9559054 2.5314961 0 P 0
L 8.9559054 2.4613053 9.1770533 2.2401574 0 P 0
L 8.9559059 2.753938 9.3062999 2.753938 0 P 0
L 8.9566929 2.8464567 8.9566929 3.0039379 0 P 0
L 8.9566929 2.8464567 8.9822836 2.820866 0 P 0
L 8.9566929 3.0039379 9 3.047245 0 P 0
L 8.9637794 2.4645669 8.9637794 2.5433071 0 P 0
L 8.9637794 2.4645669 9.1803149 2.2480314 0 P 0
L 8.9677159 2.850394 8.9677159 2.9854318 0 P 0
L 8.9677159 2.850394 8.9874019 2.830708 0 P 0
L 8.9677159 2.9854318 9 3.0177159 0 P 0
L 8.9716534 2.4678285 8.9716534 2.5275589 0 P 0
L 8.9716534 2.4678285 9.1835764 2.2559055 0 P 0
L 8.9716534 2.5275589 8.9834645 2.53937 0 P 0
L 8.9775599 2.8563 8.9775599 2.9618128 0 P 0
L 8.9775599 2.8563 8.9933079 2.840552 0 P 0
L 8.9775599 2.9618128 9 2.9842529 0 P 0
L 8.9822836 2.820866 9.6192919 2.820866 0 P 0
L 8.9834645 2.53937 8.9834645 2.5433071 0 P 0
L 8.9874019 2.830708 9.6035439 2.830708 0 P 0
L 8.9874019 2.864174 8.9874019 2.9362207 0 P 0
L 8.9874019 2.864174 9.0011819 2.850394 0 P 0
L 8.9874019 2.9362207 9 2.9488188 0 P 0
L 8.9913379 2.179134 9.0169299 2.204724 0 P 0
L 8.9933079 2.840552 9.5936999 2.840552 0 P 0
L 9.0011819 2.088582 9.0838579 2.17126 0 P 0
L 9.0011819 2.125984 9.0582679 2.18307 0 P 0
L 9.0011819 2.155512 9.0405519 2.194882 0 P 0
L 9.0011819 2.850394 9.5838579 2.850394 0 P 0
L 9.0169299 2.204724 9.4736219 2.204724 0 P 0
L 9.0405519 2.194882 9.4854339 2.194882 0 P 0
L 9.0582679 2.18307 9.4952759 2.18307 0 P 0
L 9.0720815 2.04 9.0728216 2.0407401 0 P 0
L 9.0728216 2.0407401 9.0780334 2.0407401 0 P 0
L 9.0780334 2.0407401 9.0802933 2.043 0 P 0
L 9.08163 2.03937 9.22437 2.03937 0 P 0
L 9.0838579 2.17126 9.5070859 2.17126 0 P 0
L 9.1737918 2.2322835 9.2885246 2.2322835 0 P 0
L 9.1770533 2.2401574 9.2852631 2.2401574 0 P 0
L 9.1803149 2.2480314 9.2820015 2.2480314 0 P 0
L 9.1835764 2.2559055 9.27874 2.2559055 0 P 0
L 9.189874 2.067 9.198 2.058874 0 P 0
L 9.198 2.058874 9.1983695 2.0592435 0 P 0
L 9.1983695 2.0592435 9.2092435 2.0592435 0 P 0
L 9.2092435 2.0592435 9.223 2.073 0 P 0
L 9.223 2.073 9.8043632 2.073 0 P 0
L 9.22437 2.03937 9.2499615 2.0649615 0 P 0
L 9.2499615 2.0649615 9.6722435 2.0649615 0 P 0
L 9.27874 2.2559055 9.3456691 2.3228346 0 P 0
L 9.2820015 2.2480314 9.3489306 2.3149605 0 P 0
L 9.2846459 2.716536 9.3318899 2.669292 0 P 0
L 9.2852631 2.2401574 9.3521922 2.3070865 0 P 0
L 9.2866139 1.84252 9.4598419 1.84252 0 P 0
L 9.2885246 2.2322835 9.3554537 2.2992126 0 P 0
L 9.2925199 2.728346 9.3397639 2.681102 0 P 0
L 9.2984259 2.742126 9.3476379 2.692914 0 P 0
L 9.3062999 2.753938 9.3555119 2.704724 0 P 0
L 9.3318899 2.669292 9.4066919 2.669292 0 P 0
L 9.3397639 2.681102 9.3948819 2.681102 0 P 0
L 9.3456691 2.3228346 9.4007872 2.3228346 0 P 0
L 9.3476379 2.692914 9.385827 2.692914 0 P 0
L 9.3489306 2.3149605 9.4047244 2.3149605 0 P 0
L 9.3521922 2.3070865 9.3929134 2.3070865 0 P 0
L 9.3554537 2.2992126 9.3692913 2.2992126 0 P 0
L 9.3555119 2.704724 9.3830699 2.704724 0 P 0
L 9.3692913 2.2992126 9.3909439 2.27756 0 P 0
L 9.3830699 2.704724 9.3968499 2.718504 0 P 0
L 9.385827 2.692914 9.4106299 2.7177146 0 P 0
L 9.3929134 2.3070865 9.4086613 2.2913386 0 P 0
L 9.3948819 2.681102 9.4106299 2.69685 0 P 0
L 9.3968499 2.718504 9.3968499 2.748032 0 P 0
L 9.3968499 2.748032 9.4106299 2.761812 0 P 0
L 9.4007872 2.3228346 9.4086613 2.3307087 0 P 0
L 9.4047244 2.3149605 9.4086613 2.3110236 0 P 0
L 9.4066919 2.669292 9.4106299 2.673228 0 P 0
L 9.4106299 2.7177146 9.4106299 2.73819 0 P 0
L 9.4598419 1.84252 9.4814959 1.820866 0 P 0
L 9.4736219 2.204724 9.5425199 2.273622 0 P 0
L 9.4775599 1.864174 9.4992119 1.84252 0 P 0
L 9.4814959 1.820866 9.8988179 1.820866 0 P 0
L 9.4854339 2.194882 9.5641739 2.273622 0 P 0
L 9.4952759 2.18307 9.5818899 2.269686 0 P 0
L 9.4992119 1.84252 9.8988179 1.84252 0 P 0
L 9.5070859 2.17126 9.6015739 2.265748 0 P 0
L 9.5818899 2.269686 9.5818899 2.287402 0 P 0
L 9.5838579 2.850394 9.6094479 2.875984 0 P 0
L 9.5936999 2.840552 9.6330699 2.879922 0 P 0
L 9.6015739 2.265748 9.6015739 2.273622 0 P 0
L 9.6035439 2.830708 9.6566928 2.8838569 0 P 0
L 9.6094479 2.875984 9.6094479 2.885826 0 P 0
L 9.6192919 2.820866 9.6803149 2.881889 0 P 0
L 9.6212597 2.3307087 9.6212597 2.3700787 0 P 0
L 9.6212597 2.3307087 9.6468504 2.305118 0 P 0
L 9.6212597 2.3700787 9.6527558 2.4015748 0 P 0
L 9.6291338 2.3346457 9.6291338 2.3622047 0 P 0
L 9.6291338 2.3346457 9.6468495 2.31693 0 P 0
L 9.6291338 2.3622047 9.6488189 2.3818898 0 P 0
L 9.6330699 2.879922 9.6330699 2.885826 0 P 0
L 9.6370078 2.3385827 9.6370078 2.3582677 0 P 0
L 9.6370078 2.3385827 9.6468505 2.32874 0 P 0
L 9.6370078 2.3582677 9.6409448 2.3622047 0 P 0
L 9.6409448 2.3622047 9.6527558 2.3622047 0 P 0
L 9.6468495 2.31693 9.7354339 2.31693 0 P 0
L 9.6468504 2.305118 9.7216539 2.305118 0 P 0
L 9.6468505 2.32874 9.7492119 2.32874 0 P 0
L 9.6488189 2.3818898 9.6527558 2.3818898 0 P 0
L 9.6527558 2.3425197 9.6527561 2.34252 0 P 0
L 9.6527561 2.34252 9.7511819 2.34252 0 P 0
L 9.6566928 2.8838569 9.6566928 2.8858268 0 P 0
L 9.6722435 2.0649615 9.6722443 2.0649607 0 P 0
L 9.6722443 2.0649607 10.2550393 2.0649607 0 P 0
L 9.6803149 2.881889 9.6803149 2.8858268 0 P 0
L 9.7216539 2.305118 9.7334639 2.293308 0 P 0
L 9.7334639 2.096456 9.7334639 2.293308 0 P 0
L 9.7334639 2.096456 9.7433079 2.086614 0 P 0
L 9.7354339 2.31693 9.7472439 2.305118 0 P 0
L 9.7433079 2.086614 9.8102359 2.086614 0 P 0
L 9.7472439 2.13189 9.7472439 2.305118 0 P 0
L 9.7472439 2.13189 9.7570859 2.122048 0 P 0
L 9.7492119 2.32874 9.7610239 2.31693 0 P 0
L 9.7511819 2.34252 9.7728339 2.320866 0 P 0
L 9.7570859 2.122048 9.8102359 2.122048 0 P 0
L 9.7610239 2.163386 9.7610239 2.31693 0 P 0
L 9.7610239 2.163386 9.7688979 2.155512 0 P 0
L 9.7688979 2.155512 9.8102359 2.155512 0 P 0
L 9.7728339 2.194882 9.7728339 2.320866 0 P 0
L 9.7728339 2.194882 9.7866139 2.181102 0 P 0
L 9.7866139 2.181102 9.8102359 2.181102 0 P 0
L 9.8043632 2.073 9.8045285 2.0728347 0 P 0
L 9.8045285 2.0728347 10.3891653 2.0728347 0 P 0
L 9.8102359 2.086614 9.8102361 2.0866142 0 P 0
L 9.8988179 1.820866 9.9204719 1.84252 0 P 0
L 9.8988179 1.84252 9.9204719 1.864174 0 P 0
L 9.9204719 1.84252 10.4866139 1.84252 0 P 0
L 9.9204719 1.864174 10.6775599 1.864174 0 P 0
P 11.7004849 0.5983748 5 P 0 0 ;0=0,1=0
P 2.3943196 0.520737 5 P 0 0 ;0=0,1=0
S P 0
OB 7.9388863 0.7027559 I
OS 7.9394418 0.7027717
OS 7.9406811 0.7028978
OS 7.9413649 0.7030082
OS 7.9436729 0.7035285
OS 7.9454254 0.704033
OS 7.9463658 0.7043326
OS 7.9411932 0.6948886
OS 7.940964 0.6956354
OS 7.9406807 0.6963035
OS 7.9403435 0.6968931
OS 7.9399522 0.697404
OS 7.939507 0.6978363
OS 7.9390077 0.6981901
OS 7.9384544 0.6984652
OS 7.9378471 0.6986617
OS 7.9371858 0.6987796
OS 7.9364705 0.6988189
OS 7.9388863 0.7027559
OE
SE
S P 0
OB 6.9021122 3.4429134 I
OS 6.9014595 3.442878
OS 6.9008025 3.4427717
OS 6.900141 3.4425945
OS 6.8994751 3.4423465
OS 6.8988048 3.4420276
OS 6.8981301 3.4416378
OS 6.8974509 3.4411772
OS 6.8967674 3.4406457
OS 6.8960794 3.4400433
OS 6.895387 3.4393701
OS 6.895387 3.4503937
OS 6.8960794 3.4497205
OS 6.8974509 3.4485866
OS 6.8981301 3.448126
OS 6.8988048 3.4477362
OS 6.8994751 3.4474173
OS 6.900141 3.4471693
OS 6.9008025 3.4469921
OS 6.9014595 3.4468858
OS 6.9021122 3.4468504
OS 6.9021122 3.4429134
OE
SE
S P 0
OB 7.9049744 0.6870079 I
OS 7.9056271 0.6870433
OS 7.9062841 0.6871496
OS 7.9069456 0.6873268
OS 7.9076115 0.6875748
OS 7.9082818 0.6878937
OS 7.9089565 0.6882835
OS 7.9096357 0.6887441
OS 7.9103192 0.6892756
OS 7.9110072 0.689878
OS 7.9116996 0.6905512
OS 7.9116996 0.6795276
OS 7.9110072 0.6802008
OS 7.9096357 0.6813347
OS 7.9089565 0.6817953
OS 7.9082818 0.6821851
OS 7.9076115 0.682504
OS 7.9069456 0.682752
OS 7.9062841 0.6829292
OS 7.9056271 0.6830355
OS 7.9049744 0.6830709
OS 7.9049744 0.6870079
OE
SE
S P 0
OB 6.8863504 3.4271585 I
OS 6.8856977 3.4271231
OS 6.8850407 3.4270168
OS 6.8843792 3.4268396
OS 6.8837133 3.4265916
OS 6.883043 3.4262727
OS 6.8823683 3.4258829
OS 6.8816891 3.4254223
OS 6.8810056 3.4248908
OS 6.8803176 3.4242884
OS 6.8796252 3.4236152
OS 6.8796252 3.4346388
OS 6.8803176 3.4339656
OS 6.8816891 3.4328317
OS 6.8823683 3.4323711
OS 6.883043 3.4319813
OS 6.8837133 3.4316624
OS 6.8843792 3.4314144
OS 6.8850407 3.4312372
OS 6.8856977 3.4311309
OS 6.8863504 3.4310955
OS 6.8863504 3.4271585
OE
SE
S P 0
OB 7.7908012 0.6712598 I
OS 7.7914539 0.6712952
OS 7.7921109 0.6714015
OS 7.7927724 0.6715787
OS 7.7934383 0.6718267
OS 7.7941086 0.6721456
OS 7.7947833 0.6725354
OS 7.7954625 0.672996
OS 7.796146 0.6735275
OS 7.796834 0.6741299
OS 7.7975264 0.6748031
OS 7.7975264 0.6637795
OS 7.796834 0.6644527
OS 7.7954625 0.6655866
OS 7.7947833 0.6660472
OS 7.7941086 0.666437
OS 7.7934383 0.6667559
OS 7.7927724 0.6670039
OS 7.7921109 0.6671811
OS 7.7914539 0.6672874
OS 7.7908012 0.6673228
OS 7.7908012 0.6712598
OE
SE
S P 0
OB 6.8658605 3.413379 I
OS 6.8652772 3.4133509
OS 6.8646574 3.4132668
OS 6.864001 3.4131265
OS 6.8633081 3.4129301
OS 6.8625787 3.4126776
OS 6.8610103 3.4120043
OS 6.8601713 3.4115834
OS 6.8583837 3.4105734
OS 6.8611396 3.421247
OS 6.861605 3.4205001
OS 6.8620954 3.4198318
OS 6.8626107 3.4192422
OS 6.8631509 3.4187312
OS 6.863716 3.4182987
OS 6.864306 3.417945
OS 6.864921 3.4176698
OS 6.8655609 3.4174732
OS 6.8662257 3.4173553
OS 6.8669154 3.417316
OS 6.8658605 3.413379
OE
SE
S P 0
OB 7.7502732 0.6555118 I
OS 7.7509259 0.6555472
OS 7.7515829 0.6556535
OS 7.7522444 0.6558307
OS 7.7529103 0.6560787
OS 7.7535806 0.6563976
OS 7.7542553 0.6567874
OS 7.7549345 0.657248
OS 7.755618 0.6577795
OS 7.756306 0.6583819
OS 7.7569984 0.6590551
OS 7.7569984 0.6480315
OS 7.756306 0.6487047
OS 7.7549345 0.6498386
OS 7.7542553 0.6502992
OS 7.7535806 0.650689
OS 7.7529103 0.6510079
OS 7.7522444 0.6512559
OS 7.7515829 0.6514331
OS 7.7509259 0.6515394
OS 7.7502732 0.6515748
OS 7.7502732 0.6555118
OE
SE
S P 0
OB 6.8509174 3.3995995 I
OS 6.8502647 3.3995641
OS 6.8496077 3.3994578
OS 6.8489462 3.3992806
OS 6.8482803 3.3990326
OS 6.84761 3.3987137
OS 6.8469353 3.3983239
OS 6.8462561 3.3978633
OS 6.8455726 3.3973318
OS 6.8448846 3.3967294
OS 6.8441922 3.3960562
OS 6.8441922 3.4070798
OS 6.8448846 3.4064066
OS 6.8462561 3.4052727
OS 6.8469353 3.4048121
OS 6.84761 3.4044223
OS 6.8482803 3.4041034
OS 6.8489462 3.4038554
OS 6.8496077 3.4036782
OS 6.8502647 3.4035719
OS 6.8509174 3.4035365
OS 6.8509174 3.3995995
OE
SE
S P 0
OB 11.6709153 0.6350154 I
OS 11.6725282 0.6336242
OS 11.6744332 0.632384
OS 11.6766303 0.6312948
OS 11.6791195 0.6303568
OS 11.6819009 0.6295698
OS 11.6849744 0.6289339
OS 11.68834 0.628449
OS 11.6959476 0.6279325
OS 11.7001896 0.6279009
OS 11.6709588 0.5986701
OS 11.6709272 0.6029121
OS 11.6704107 0.6105197
OS 11.6699258 0.6138853
OS 11.6692899 0.6169588
OS 11.6685029 0.6197402
OS 11.6675649 0.6222294
OS 11.6664757 0.6244265
OS 11.6652355 0.6263315
OS 11.6638443 0.6279444
OS 11.6709153 0.6350154
OE
SE
S P 0
OB 7.7439252 2.2867679 I
OS 7.7445615 2.2861389
OS 7.7472893 2.2837585
OS 7.7475623 2.2835941
OS 7.7477835 2.283496
OS 7.7479528 2.2834642
OS 7.7401579 2.2756693
OS 7.7401261 2.2758386
OS 7.740028 2.2760598
OS 7.7398636 2.2763328
OS 7.7396327 2.2766577
OS 7.738972 2.2774632
OS 7.7380458 2.2784763
OS 7.7368542 2.2796969
OS 7.7439252 2.2867679
OE
SE
S P 0
OB 3.1108409 2.5575061 I
OS 3.1105562 2.5572181
OS 3.1095275 2.5560358
OS 3.1094693 2.5559296
OS 3.1094435 2.5558494
OS 3.10945 2.5557951
OS 3.1063461 2.558899
OS 3.1064004 2.5588925
OS 3.1064806 2.5589183
OS 3.1065868 2.5589765
OS 3.106719 2.5590671
OS 3.1068771 2.55919
OS 3.1072712 2.5595329
OS 3.1080571 2.5602899
OS 3.1108409 2.5575061
OE
SE
S P 0
OB 3.1864536 2.2318294 I
OS 3.1860158 2.2313411
OS 3.1856263 2.2308002
OS 3.1852852 2.2302067
OS 3.1849923 2.2295606
OS 3.1847478 2.2288619
OS 3.1845517 2.2281105
OS 3.1844038 2.2273065
OS 3.1843043 2.2264499
OS 3.1842531 2.2255407
OS 3.1842502 2.2245789
OS 3.176366 2.2322834
OS 3.1773354 2.2323077
OS 3.1791125 2.2324933
OS 3.1799204 2.2326545
OS 3.1806743 2.2328614
OS 3.1813745 2.2331139
OS 3.1820208 2.233412
OS 3.1826132 2.2337557
OS 3.1831518 2.2341451
OS 3.1836366 2.2345801
OS 3.1864536 2.2318294
OE
SE
S P 0
OB 3.2061165 2.2308917 I
OS 3.2056886 2.2304378
OS 3.205318 2.2299892
OS 3.2050047 2.229546
OS 3.2047486 2.2291081
OS 3.2045499 2.2286756
OS 3.2044085 2.2282484
OS 3.2043243 2.2278265
OS 3.2042974 2.22741
OS 3.2043279 2.2269988
OS 3.2044156 2.2265929
OS 3.1990339 2.2319746
OS 3.1994398 2.2318869
OS 3.199851 2.2318564
OS 3.2002675 2.2318833
OS 3.2006894 2.2319675
OS 3.2011166 2.2321089
OS 3.2015491 2.2323076
OS 3.201987 2.2325637
OS 3.2024302 2.232877
OS 3.2028788 2.2332476
OS 3.2033327 2.2336755
OS 3.2061165 2.2308917
OE
SE
S P 0
OB 3.3237314 2.2561621 I
OS 3.3232004 2.2566371
OS 3.3226481 2.2570213
OS 3.3220748 2.2573146
OS 3.3214802 2.257517
OS 3.3208645 2.2576285
OS 3.3202276 2.2576492
OS 3.3195696 2.257579
OS 3.3188904 2.2574179
OS 3.31819 2.257166
OS 3.3174684 2.2568232
OS 3.3209044 2.2671317
OS 3.3213571 2.2661898
OS 3.3234748 2.2623985
OS 3.3238692 2.2618238
OS 3.3246289 2.2608582
OS 3.3249941 2.2604672
OS 3.3237314 2.2561621
OE
SE
S P 0
OB 3.3005657 2.2536089 I
OS 3.3000809 2.2540439
OS 3.2995423 2.2544333
OS 3.2989499 2.254777
OS 3.2983036 2.2550751
OS 3.2976034 2.2553276
OS 3.2968495 2.2555345
OS 3.2960416 2.2556957
OS 3.29518 2.2558113
OS 3.2942645 2.2558813
OS 3.2932951 2.2559056
OS 3.3011793 2.2636101
OS 3.3011822 2.2626483
OS 3.3012334 2.2617391
OS 3.3013329 2.2608825
OS 3.3014808 2.2600785
OS 3.3016769 2.2593271
OS 3.3019214 2.2586284
OS 3.3022143 2.2579823
OS 3.3025554 2.2573888
OS 3.3029449 2.2568479
OS 3.3033827 2.2563596
OS 3.3005657 2.2536089
OE
SE
S P 0
OB 3.463172 2.4236929 I
OS 3.4626456 2.4236736
OS 3.4620662 2.4236156
OS 3.4607481 2.4233838
OS 3.4600094 2.4232099
OS 3.4574751 2.4224565
OS 3.4555202 2.4217611
OS 3.4602335 2.4316009
OS 3.460519 2.4308464
OS 3.4608517 2.4301713
OS 3.4612315 2.4295757
OS 3.4616584 2.4290595
OS 3.4621325 2.4286226
OS 3.4626536 2.4282653
OS 3.4632219 2.4279873
OS 3.4638372 2.4277887
OS 3.4644997 2.4276696
OS 3.4652093 2.4276299
OS 3.463172 2.4236929
OE
SE
S P 0
OB 3.4633919 2.4156081 I
OS 3.4628792 2.4150599
OS 3.462419 2.4144933
OS 3.4620113 2.4139084
OS 3.4616561 2.4133051
OS 3.4613535 2.4126835
OS 3.4611035 2.4120435
OS 3.4609059 2.4113851
OS 3.4607609 2.4107084
OS 3.4606684 2.4100133
OS 3.4606285 2.4092999
OS 3.4549797 2.4170022
OS 3.4556254 2.4168426
OS 3.4562527 2.4167493
OS 3.4568616 2.4167224
OS 3.457452 2.4167618
OS 3.4580241 2.4168676
OS 3.4585777 2.4170398
OS 3.4591129 2.4172783
OS 3.4596297 2.4175831
OS 3.4601281 2.4179544
OS 3.4606081 2.4183919
OS 3.4633919 2.4156081
OE
SE
S P 0
OB 6.6485433 3.7805314 I
OS 6.6485382 3.7814261
OS 6.6482925 3.7850382
OS 6.6482157 3.7853475
OS 6.6481287 3.7855733
OS 6.6480315 3.7857154
OS 6.6590551 3.7857154
OS 6.6589579 3.7855733
OS 6.6588709 3.7853475
OS 6.6587941 3.7850382
OS 6.6587275 3.7846452
OS 6.6586252 3.7836084
OS 6.6585638 3.7822372
OS 6.6585433 3.7805314
OS 6.6485433 3.7805314
OE
SE
S P 0
OB 6.6585433 3.8021458 I
OS 6.6585484 3.8012511
OS 6.6587941 3.797639
OS 6.6588709 3.7973297
OS 6.6589579 3.7971039
OS 6.6590551 3.7969618
OS 6.6480315 3.7969618
OS 6.6481287 3.7971039
OS 6.6482157 3.7973297
OS 6.6482925 3.797639
OS 6.6483591 3.798032
OS 6.6484614 3.7990688
OS 6.6485228 3.80044
OS 6.6485433 3.8021458
OS 6.6585433 3.8021458
OE
SE
S P 0
OB 6.6213542 3.6071379 I
OS 6.6213593 3.6062432
OS 6.621605 3.6026311
OS 6.6216818 3.6023218
OS 6.6217688 3.602096
OS 6.621866 3.6019539
OS 6.6108424 3.6019539
OS 6.6109396 3.602096
OS 6.6110266 3.6023218
OS 6.6111034 3.6026311
OS 6.61117 3.6030241
OS 6.6112723 3.6040609
OS 6.6113337 3.6054321
OS 6.6113542 3.6071379
OS 6.6213542 3.6071379
OE
SE
S P 0
OB 6.6113542 3.5855235 I
OS 6.6113491 3.5864182
OS 6.6111034 3.5900303
OS 6.6110266 3.5903396
OS 6.6109396 3.5905654
OS 6.6108424 3.5907075
OS 6.621866 3.5907075
OS 6.6217688 3.5905654
OS 6.6216818 3.5903396
OS 6.621605 3.5900303
OS 6.6215384 3.5896373
OS 6.6214361 3.5886005
OS 6.6213747 3.5872293
OS 6.6213542 3.5855235
OS 6.6113542 3.5855235
OE
SE
S P 0
OB 4.698063 3.2664565 I
OS 4.6980473 3.2673035
OS 4.6979213 3.2688276
OS 4.697811 3.2695046
OS 4.6976693 3.270125
OS 4.6974961 3.2706887
OS 4.6972913 3.2711957
OS 4.6970551 3.2716461
OS 4.6967874 3.2720398
OS 4.6964882 3.2723768
OS 4.7075118 3.2723768
OS 4.7072126 3.2720398
OS 4.7069449 3.2716461
OS 4.7067087 3.2711957
OS 4.7065039 3.2706887
OS 4.7063307 3.270125
OS 4.706189 3.2695046
OS 4.7060787 3.2688276
OS 4.706 3.2680939
OS 4.705937 3.2664565
OS 4.698063 3.2664565
OE
SE
S P 0
OB 4.705937 3.4899699 I
OS 4.7059527 3.4891229
OS 4.7060787 3.4875988
OS 4.706189 3.4869218
OS 4.7063307 3.4863014
OS 4.7065039 3.4857377
OS 4.7067087 3.4852307
OS 4.7069449 3.4847803
OS 4.7072126 3.4843866
OS 4.7075118 3.4840496
OS 4.6964882 3.4840496
OS 4.6967874 3.4843866
OS 4.6970551 3.4847803
OS 4.6972913 3.4852307
OS 4.6974961 3.4857377
OS 4.6976693 3.4863014
OS 4.697811 3.4869218
OS 4.6979213 3.4875988
OS 4.698 3.4883325
OS 4.698063 3.4899699
OS 4.705937 3.4899699
OE
SE
S P 0
OB 4.1762977 2.2738654 I
OS 4.1768832 2.2744758
OS 4.1778551 2.2756462
OS 4.1782415 2.2762063
OS 4.1785614 2.2767496
OS 4.178815 2.2772761
OS 4.1790022 2.2777858
OS 4.1791229 2.2782788
OS 4.1791773 2.278755
OS 4.1791653 2.2792145
OS 4.1876286 2.2721511
OS 4.1872031 2.2720885
OS 4.1867571 2.2719671
OS 4.1862904 2.2717868
OS 4.1858031 2.2715478
OS 4.1852952 2.27125
OS 4.1847668 2.2708934
OS 4.1842177 2.2704781
OS 4.1830578 2.269471
OS 4.182447 2.2688792
OS 4.1762977 2.2738654
OE
SE
S P 0
OB 5.0621118 2.7511675 I
OS 5.0621275 2.7503205
OS 5.0622535 2.7487964
OS 5.0623638 2.7481194
OS 5.0625055 2.747499
OS 5.0626787 2.7469353
OS 5.0628835 2.7464283
OS 5.0631197 2.7459779
OS 5.0633874 2.7455842
OS 5.0636866 2.7452472
OS 5.052663 2.7452472
OS 5.0529622 2.7455842
OS 5.0532299 2.7459779
OS 5.0534661 2.7464283
OS 5.0536709 2.7469353
OS 5.0538441 2.747499
OS 5.0539858 2.7481194
OS 5.0540961 2.7487964
OS 5.0541748 2.7495301
OS 5.0542378 2.7511675
OS 5.0621118 2.7511675
OE
SE
S P 0
OB 6.6204605 3.8451534 I
OS 6.6198242 3.8457824
OS 6.6170964 3.8481628
OS 6.6168234 3.8483272
OS 6.6166022 3.8484253
OS 6.6164329 3.8484571
OS 6.6242278 3.856252
OS 6.6242596 3.8560827
OS 6.6243577 3.8558615
OS 6.6245221 3.8555885
OS 6.624753 3.8552636
OS 6.6254137 3.8544581
OS 6.6263399 3.853445
OS 6.6275315 3.8522244
OS 6.6204605 3.8451534
OE
SE
S P 0
OB 6.6275315 3.730437 I
OS 6.6269025 3.7298007
OS 6.6245221 3.7270729
OS 6.6243577 3.7267999
OS 6.6242596 3.7265787
OS 6.6242278 3.7264094
OS 6.6164329 3.7342043
OS 6.6166022 3.7342361
OS 6.6168234 3.7343342
OS 6.6170964 3.7344986
OS 6.6174213 3.7347295
OS 6.6182268 3.7353902
OS 6.6192399 3.7363164
OS 6.6204605 3.737508
OS 6.6275315 3.730437
OE
SE
S P 0
OB 6.6113542 3.7155235 I
OS 6.6113491 3.7164182
OS 6.6111034 3.7200303
OS 6.6110266 3.7203396
OS 6.6109396 3.7205654
OS 6.6108424 3.7207075
OS 6.621866 3.7207075
OS 6.6217688 3.7205654
OS 6.6216818 3.7203396
OS 6.621605 3.7200303
OS 6.6215384 3.7196373
OS 6.6214361 3.7186005
OS 6.6213747 3.7172293
OS 6.6213542 3.7155235
OS 6.6113542 3.7155235
OE
SE
S P 0
OB 6.6213542 3.5421379 I
OS 6.6213593 3.5412432
OS 6.621605 3.5376311
OS 6.6216818 3.5373218
OS 6.6217688 3.537096
OS 6.621866 3.5369539
OS 6.6108424 3.5369539
OS 6.6109396 3.537096
OS 6.6110266 3.5373218
OS 6.6111034 3.5376311
OS 6.61117 3.5380241
OS 6.6112723 3.5390609
OS 6.6113337 3.5404321
OS 6.6113542 3.5421379
OS 6.6213542 3.5421379
OE
SE
S P 0
OB 6.6213542 3.6721379 I
OS 6.6213593 3.6712432
OS 6.621605 3.6676311
OS 6.6216818 3.6673218
OS 6.6217688 3.667096
OS 6.621866 3.6669539
OS 6.6108424 3.6669539
OS 6.6109396 3.667096
OS 6.6110266 3.6673218
OS 6.6111034 3.6676311
OS 6.61117 3.6680241
OS 6.6112723 3.6690609
OS 6.6113337 3.6704321
OS 6.6113542 3.6721379
OS 6.6213542 3.6721379
OE
SE
S P 0
OB 6.6113542 3.6505235 I
OS 6.6113491 3.6514182
OS 6.6111034 3.6550303
OS 6.6110266 3.6553396
OS 6.6109396 3.6555654
OS 6.6108424 3.6557075
OS 6.621866 3.6557075
OS 6.6217688 3.6555654
OS 6.6216818 3.6553396
OS 6.621605 3.6550303
OS 6.6215384 3.6546373
OS 6.6214361 3.6536005
OS 6.6213747 3.6522293
OS 6.6213542 3.6505235
OS 6.6113542 3.6505235
OE
SE
S P 0
OB 3.2821398 2.4849685 I
OS 3.2826999 2.4849838
OS 3.2839434 2.485106
OS 3.2846269 2.4852129
OS 3.2869237 2.4857171
OS 3.2886603 2.486206
OS 3.2895903 2.4864962
OS 3.2843565 2.4771089
OS 3.2841349 2.4778542
OS 3.2838584 2.4785211
OS 3.2835269 2.4791094
OS 3.2831405 2.4796194
OS 3.2826992 2.4800509
OS 3.2822029 2.4804039
OS 3.2816516 2.4806785
OS 3.2810454 2.4808746
OS 3.2803843 2.4809923
OS 3.2796682 2.4810315
OS 3.2821398 2.4849685
OE
SE
S P 0
OB 3.3706445 2.1394356 I
OS 3.3701597 2.1398706
OS 3.3696211 2.14026
OS 3.3690287 2.1406037
OS 3.3683824 2.1409018
OS 3.3676822 2.1411543
OS 3.3669283 2.1413612
OS 3.3661204 2.1415224
OS 3.3652588 2.141638
OS 3.3643433 2.141708
OS 3.3633739 2.1417323
OS 3.3712581 2.1494368
OS 3.371261 2.148475
OS 3.3713122 2.1475658
OS 3.3714117 2.1467092
OS 3.3715596 2.1459052
OS 3.3717557 2.1451538
OS 3.3720002 2.1444551
OS 3.3722931 2.143809
OS 3.3726342 2.1432155
OS 3.3730237 2.1426746
OS 3.3734615 2.1421863
OS 3.3706445 2.1394356
OE
SE
S P 0
OB 5.9979414 2.8082677 I
OS 6.0069847 2.8082174
OS 6.0000208 2.8009654
OS 6.000028 2.8016048
OS 5.9999516 2.8021769
OS 5.9997915 2.8026817
OS 5.9995479 2.8031192
OS 5.9992207 2.8034894
OS 5.9988099 2.8037922
OS 5.9983154 2.8040278
OS 5.9977374 2.8041961
OS 5.9970758 2.804297
OS 5.9963305 2.8043307
OS 5.9979414 2.8082677
OE
SE
S P 0
OB 5.9963305 2.8169291 I
OS 5.9970758 2.8169628
OS 5.9977374 2.8170637
OS 5.9983154 2.817232
OS 5.9988099 2.8174676
OS 5.9992207 2.8177704
OS 5.9995479 2.8181406
OS 5.9997915 2.8185781
OS 5.9999516 2.8190829
OS 6.000028 2.819655
OS 6.0000208 2.8202944
OS 6.0069847 2.8130424
OS 5.9979414 2.8129921
OS 5.9963305 2.8169291
OE
SE
S P 0
OB 3.3135687 2.1718365 I
OS 3.3131148 2.1722644
OS 3.3126663 2.172635
OS 3.3122231 2.1729483
OS 3.3117853 2.1732043
OS 3.3113528 2.173403
OS 3.3109256 2.1735445
OS 3.3105038 2.1736286
OS 3.3100874 2.1736555
OS 3.3096762 2.173625
OS 3.3092705 2.1735373
OS 3.3146517 2.1789185
OS 3.314564 2.1785128
OS 3.3145335 2.1781016
OS 3.3145604 2.1776852
OS 3.3146445 2.1772634
OS 3.314786 2.1768362
OS 3.3149847 2.1764037
OS 3.3152407 2.1759659
OS 3.315554 2.1755227
OS 3.3159246 2.1750742
OS 3.3163525 2.1746203
OS 3.3135687 2.1718365
OE
SE
S P 0
OB 3.2907977 2.1709744 I
OS 3.2903111 2.1714109
OS 3.2897714 2.1718003
OS 3.2891784 2.1721428
OS 3.2885321 2.1724382
OS 3.2878327 2.1726867
OS 3.2870799 2.1728882
OS 3.286274 2.1730427
OS 3.2854148 2.1731503
OS 3.2845024 2.1732108
OS 3.2835367 2.1732244
OS 3.2913316 2.1810193
OS 3.2913452 2.1800536
OS 3.2915133 2.178282
OS 3.2916678 2.1774761
OS 3.2918693 2.1767233
OS 3.2921178 2.1760239
OS 3.2924132 2.1753776
OS 3.2927557 2.1747846
OS 3.2931451 2.1742449
OS 3.2935816 2.1737583
OS 3.2907977 2.1709744
OE
SE
S P 0
OB 3.5363105 2.2342521 I
OS 3.535755 2.2342363
OS 3.5345157 2.2341102
OS 3.5338319 2.2339998
OS 3.5315239 2.2334795
OS 3.5297714 2.232975
OS 3.528831 2.2326754
OS 3.5340036 2.2421194
OS 3.5342328 2.2413726
OS 3.5345161 2.2407045
OS 3.5348533 2.2401149
OS 3.5352446 2.239604
OS 3.5356898 2.2391717
OS 3.5361891 2.2388179
OS 3.5367424 2.2385428
OS 3.5373497 2.2383463
OS 3.538011 2.2382284
OS 3.5387263 2.2381891
OS 3.5363105 2.2342521
OE
SE
S P 0
OB 3.5131641 2.2299869 I
OS 3.5126793 2.2304219
OS 3.5121407 2.2308113
OS 3.5115483 2.231155
OS 3.510902 2.2314531
OS 3.5102018 2.2317056
OS 3.5094479 2.2319125
OS 3.50864 2.2320737
OS 3.5077784 2.2321893
OS 3.5068629 2.2322593
OS 3.5058935 2.2322836
OS 3.5137777 2.2399881
OS 3.5137806 2.2390263
OS 3.5138318 2.2381171
OS 3.5139313 2.2372605
OS 3.5140792 2.2364565
OS 3.5142753 2.2357051
OS 3.5145198 2.2350064
OS 3.5148127 2.2343603
OS 3.5151538 2.2337668
OS 3.5155433 2.2332259
OS 3.5159811 2.2327376
OS 3.5131641 2.2299869
OE
SE
S P 0
OB 3.1797622 2.2031495 I
OS 3.1791005 2.203113
OS 3.1784403 2.2030035
OS 3.1777817 2.2028211
OS 3.1771247 2.2025657
OS 3.1764691 2.2022373
OS 3.1758151 2.2018359
OS 3.1751627 2.2013615
OS 3.1745118 2.2008142
OS 3.1738624 2.2001939
OS 3.1732146 2.1995006
OS 3.1726635 2.2105104
OS 3.1734002 2.2098599
OS 3.174842 2.2087642
OS 3.1755473 2.2083191
OS 3.176242 2.2079425
OS 3.1769263 2.2076343
OS 3.1776001 2.2073947
OS 3.1782634 2.2072235
OS 3.1789163 2.2071207
OS 3.1795586 2.2070865
OS 3.1797622 2.2031495
OE
SE
S P 0
OB 6.8782203 2.7468505 I
OS 6.8789656 2.7468842
OS 6.8796272 2.7469851
OS 6.8802052 2.7471534
OS 6.8806997 2.747389
OS 6.8811105 2.7476918
OS 6.8814377 2.748062
OS 6.8816813 2.7484995
OS 6.8818414 2.7490043
OS 6.8819178 2.7495764
OS 6.8819106 2.7502158
OS 6.8888745 2.7429638
OS 6.8798312 2.7429135
OS 6.8782203 2.7468505
OE
SE
S P 0
OB 6.8798312 2.7381891 I
OS 6.8888745 2.7381388
OS 6.8819106 2.7308868
OS 6.8819178 2.7315262
OS 6.8818414 2.7320983
OS 6.8816813 2.7326031
OS 6.8814377 2.7330406
OS 6.8811105 2.7334108
OS 6.8806997 2.7337136
OS 6.8802052 2.7339492
OS 6.8796272 2.7341175
OS 6.8789656 2.7342184
OS 6.8782203 2.7342521
OS 6.8798312 2.7381891
OE
SE
S P 0
OB 3.1541091 2.1945537 I
OS 3.1536243 2.1949887
OS 3.1530857 2.1953781
OS 3.1524933 2.1957218
OS 3.151847 2.1960199
OS 3.1511468 2.1962724
OS 3.1503929 2.1964793
OS 3.149585 2.1966405
OS 3.1487234 2.1967561
OS 3.1478079 2.1968261
OS 3.1468385 2.1968504
OS 3.1547227 2.2045549
OS 3.1547256 2.2035931
OS 3.1547768 2.2026839
OS 3.1548763 2.2018273
OS 3.1550242 2.2010233
OS 3.1552203 2.2002719
OS 3.1554648 2.1995732
OS 3.1557577 2.1989271
OS 3.1560988 2.1983336
OS 3.1564883 2.1977927
OS 3.1569261 2.1973044
OS 3.1541091 2.1945537
OE
SE
S P 0
OB 3.0889685 2.2533484 I
OS 3.0890039 2.2526957
OS 3.0891102 2.2520387
OS 3.0892874 2.2513772
OS 3.0895354 2.2507113
OS 3.0898543 2.250041
OS 3.0902441 2.2493663
OS 3.0907047 2.2486871
OS 3.0912362 2.2480036
OS 3.0918386 2.2473156
OS 3.0925118 2.2466232
OS 3.0814882 2.2466232
OS 3.0821614 2.2473156
OS 3.0832953 2.2486871
OS 3.0837559 2.2493663
OS 3.0841457 2.250041
OS 3.0844646 2.2507113
OS 3.0847126 2.2513772
OS 3.0848898 2.2520387
OS 3.0849961 2.2526957
OS 3.0850315 2.2533484
OS 3.0889685 2.2533484
OE
SE
S P 0
OB 3.4844851 2.2869476 I
OS 3.4840473 2.2864593
OS 3.4836578 2.2859184
OS 3.4833167 2.2853249
OS 3.4830238 2.2846788
OS 3.4827793 2.2839801
OS 3.4825832 2.2832287
OS 3.4824353 2.2824247
OS 3.4823358 2.2815681
OS 3.4822846 2.2806589
OS 3.4822817 2.2796971
OS 3.4743975 2.2874016
OS 3.4753669 2.2874259
OS 3.477144 2.2876115
OS 3.4779519 2.2877727
OS 3.4787058 2.2879796
OS 3.479406 2.2882321
OS 3.4800523 2.2885302
OS 3.4806447 2.2888739
OS 3.4811833 2.2892633
OS 3.4816681 2.2896983
OS 3.4844851 2.2869476
OE
SE
S P 0
OB 3.0893397 2.5368764 I
OS 3.0888531 2.5373129
OS 3.0883134 2.5377023
OS 3.0877204 2.5380448
OS 3.0870741 2.5383402
OS 3.0863747 2.5385887
OS 3.0856219 2.5387902
OS 3.084816 2.5389447
OS 3.0839568 2.5390523
OS 3.0830444 2.5391128
OS 3.0820787 2.5391264
OS 3.0898736 2.5469213
OS 3.0898872 2.5459556
OS 3.0900553 2.544184
OS 3.0902098 2.5433781
OS 3.0904113 2.5426253
OS 3.0906598 2.5419259
OS 3.0909552 2.5412796
OS 3.0912977 2.5406866
OS 3.0916871 2.5401469
OS 3.0921236 2.5396603
OS 3.0893397 2.5368764
OE
SE
S P 0
OB 3.5041478 2.2860097 I
OS 3.5037199 2.2855558
OS 3.5033493 2.2851073
OS 3.503036 2.2846641
OS 3.50278 2.2842263
OS 3.5025813 2.2837938
OS 3.5024398 2.2833666
OS 3.5023557 2.2829448
OS 3.5023288 2.2825284
OS 3.5023593 2.2821172
OS 3.502447 2.2817115
OS 3.4970658 2.2870927
OS 3.4974715 2.287005
OS 3.4978827 2.2869745
OS 3.4982991 2.2870014
OS 3.4987209 2.2870855
OS 3.4991481 2.287227
OS 3.4995806 2.2874257
OS 3.5000184 2.2876817
OS 3.5004616 2.287995
OS 3.5009101 2.2883656
OS 3.501364 2.2887935
OS 3.5041478 2.2860097
OE
SE
S P 0
OB 7.1299763 2.5846457 I
OS 7.1307139 2.5846811
OS 7.1313739 2.5847874
OS 7.1319562 2.5849646
OS 7.1324608 2.5852126
OS 7.1328879 2.5855315
OS 7.1332373 2.5859213
OS 7.133509 2.5863819
OS 7.1337031 2.5869134
OS 7.1338196 2.5875158
OS 7.1338584 2.588189
OS 7.140487 2.5804141
OS 7.1400649 2.58047
OS 7.1381477 2.5806026
OS 7.1313848 2.5807087
OS 7.1299763 2.5846457
OE
SE
S P 0
OB 3.2846603 2.4681236 I
OS 3.2851469 2.4676871
OS 3.2856866 2.4672977
OS 3.2862796 2.4669552
OS 3.2869259 2.4666598
OS 3.2876253 2.4664113
OS 3.2883781 2.4662098
OS 3.289184 2.4660553
OS 3.2900432 2.4659477
OS 3.2909556 2.4658872
OS 3.2919213 2.4658736
OS 3.2841264 2.4580787
OS 3.2841128 2.4590444
OS 3.2839447 2.460816
OS 3.2837902 2.4616219
OS 3.2835887 2.4623747
OS 3.2833402 2.4630741
OS 3.2830448 2.4637204
OS 3.2827023 2.4643134
OS 3.2823129 2.4648531
OS 3.2818764 2.4653397
OS 3.2846603 2.4681236
OE
SE
S P 0
OB 3.8051236 2.2653397 I
OS 3.8046871 2.2648531
OS 3.8042977 2.2643134
OS 3.8039552 2.2637204
OS 3.8036598 2.2630741
OS 3.8034113 2.2623747
OS 3.8032098 2.2616219
OS 3.8030553 2.260816
OS 3.8029477 2.2599568
OS 3.8028872 2.2590444
OS 3.8028736 2.2580787
OS 3.7950787 2.2658736
OS 3.7960444 2.2658872
OS 3.797816 2.2660553
OS 3.7986219 2.2662098
OS 3.7993747 2.2664113
OS 3.8000741 2.2666598
OS 3.8007204 2.2669552
OS 3.8013134 2.2672977
OS 3.8018531 2.2676871
OS 3.8023397 2.2681236
OS 3.8051236 2.2653397
OE
SE
S P 0
OB 7.1313848 2.5759843 I
OS 7.140487 2.5762789
OS 7.1338584 2.568504
OS 7.1338196 2.5691772
OS 7.1337031 2.5697796
OS 7.133509 2.5703111
OS 7.1332373 2.5707717
OS 7.1328879 2.5711615
OS 7.1324608 2.5714804
OS 7.1319562 2.5717284
OS 7.1313739 2.5719056
OS 7.1307139 2.5720119
OS 7.1299763 2.5720473
OS 7.1313848 2.5759843
OE
SE
S P 0
OB 5.3042037 1.7612344 I
OS 5.3046715 1.7607971
OS 5.3051402 1.7604197
OS 5.3056099 1.7601022
OS 5.3060805 1.7598447
OS 5.3065521 1.759647
OS 5.3070247 1.7595093
OS 5.3074982 1.7594315
OS 5.3079727 1.7594136
OS 5.3084481 1.7594556
OS 5.3089245 1.7595575
OS 5.3033212 1.7536035
OS 5.3033951 1.7540894
OS 5.3034102 1.754575
OS 5.3033667 1.7550603
OS 5.3032646 1.7555454
OS 5.3031038 1.7560302
OS 5.3028843 1.7565148
OS 5.3026062 1.7569991
OS 5.3022694 1.7574832
OS 5.301874 1.757967
OS 5.3014199 1.7584506
OS 5.3042037 1.7612344
OE
SE
S P 0
OB 5.2367578 1.757874 I
OS 5.2361051 1.7578386
OS 5.2354481 1.7577323
OS 5.2347866 1.7575551
OS 5.2341207 1.7573071
OS 5.2334504 1.7569882
OS 5.2327757 1.7565984
OS 5.2320965 1.7561378
OS 5.231413 1.7556063
OS 5.230725 1.7550039
OS 5.2300326 1.7543307
OS 5.2300326 1.7653543
OS 5.230725 1.7646811
OS 5.2320965 1.7635472
OS 5.2327757 1.7630866
OS 5.2334504 1.7626968
OS 5.2341207 1.7623779
OS 5.2347866 1.7621299
OS 5.2354481 1.7619527
OS 5.2361051 1.7618464
OS 5.2367578 1.761811
OS 5.2367578 1.757874
OE
SE
S P 0
OB 3.7826516 2.2399685 I
OS 3.7833043 2.2400039
OS 3.7839613 2.2401102
OS 3.7846228 2.2402874
OS 3.7852887 2.2405354
OS 3.785959 2.2408543
OS 3.7866337 2.2412441
OS 3.7873129 2.2417047
OS 3.7879964 2.2422362
OS 3.7886844 2.2428386
OS 3.7893768 2.2435118
OS 3.7893768 2.2324882
OS 3.7886844 2.2331614
OS 3.7873129 2.2342953
OS 3.7866337 2.2347559
OS 3.785959 2.2351457
OS 3.7852887 2.2354646
OS 3.7846228 2.2357126
OS 3.7839613 2.2358898
OS 3.7833043 2.2359961
OS 3.7826516 2.2360315
OS 3.7826516 2.2399685
OE
SE
S P 0
OB 3.3427529 2.1176562 I
OS 3.3423151 2.1171679
OS 3.3419256 2.116627
OS 3.3415845 2.1160335
OS 3.3412916 2.1153874
OS 3.3410471 2.1146887
OS 3.340851 2.1139373
OS 3.3407031 2.1131333
OS 3.3406036 2.1122767
OS 3.3405524 2.1113675
OS 3.3405495 2.1104057
OS 3.3326653 2.1181102
OS 3.3336347 2.1181345
OS 3.3354118 2.1183201
OS 3.3362197 2.1184813
OS 3.3369736 2.1186882
OS 3.3376738 2.1189407
OS 3.3383201 2.1192388
OS 3.3389125 2.1195825
OS 3.3394511 2.1199719
OS 3.3399359 2.1204069
OS 3.3427529 2.1176562
OE
SE
S P 0
OB 3.7816516 2.2199685 I
OS 3.7823043 2.2200039
OS 3.7829613 2.2201102
OS 3.7836228 2.2202874
OS 3.7842887 2.2205354
OS 3.784959 2.2208543
OS 3.7856337 2.2212441
OS 3.7863129 2.2217047
OS 3.7869964 2.2222362
OS 3.7876844 2.2228386
OS 3.7883768 2.2235118
OS 3.7883768 2.2124882
OS 3.7876844 2.2131614
OS 3.7863129 2.2142953
OS 3.7856337 2.2147559
OS 3.784959 2.2151457
OS 3.7842887 2.2154646
OS 3.7836228 2.2157126
OS 3.7829613 2.2158898
OS 3.7823043 2.2159961
OS 3.7816516 2.2160315
OS 3.7816516 2.2199685
OE
SE
S P 0
OB 0.726659 3.0467098 I
OS 0.7262225 3.0462232
OS 0.7258331 3.0456835
OS 0.7254906 3.0450905
OS 0.7251952 3.0444442
OS 0.7249467 3.0437448
OS 0.7247452 3.042992
OS 0.7245907 3.0421861
OS 0.7244831 3.0413269
OS 0.7244226 3.0404145
OS 0.724409 3.0394488
OS 0.7166141 3.0472437
OS 0.7175798 3.0472573
OS 0.7193514 3.0474254
OS 0.7201573 3.0475799
OS 0.7209101 3.0477814
OS 0.7216095 3.0480299
OS 0.7222558 3.0483253
OS 0.7228488 3.0486678
OS 0.7233885 3.0490572
OS 0.7238751 3.0494937
OS 0.726659 3.0467098
OE
SE
S P 0
OB 0.753937 3.164817 I
OS 0.7539016 3.1654697
OS 0.7537953 3.1661267
OS 0.7536181 3.1667882
OS 0.7533701 3.1674541
OS 0.7530512 3.1681244
OS 0.7526614 3.1687991
OS 0.7522008 3.1694783
OS 0.7516693 3.1701618
OS 0.7510669 3.1708498
OS 0.7503937 3.1715422
OS 0.7614173 3.1715422
OS 0.7607441 3.1708498
OS 0.7596102 3.1694783
OS 0.7591496 3.1687991
OS 0.7587598 3.1681244
OS 0.7584409 3.1674541
OS 0.7581929 3.1667882
OS 0.7580157 3.1661267
OS 0.7579094 3.1654697
OS 0.757874 3.164817
OS 0.753937 3.164817
OE
SE
S P 0
OB 5.8496681 1.734252 I
OS 5.8503416 1.7342898
OS 5.8510047 1.7344033
OS 5.8516575 1.7345923
OS 5.8522999 1.734857
OS 5.852932 1.7351974
OS 5.8535537 1.7356133
OS 5.854165 1.7361049
OS 5.8547659 1.7366721
OS 5.8553565 1.7373149
OS 5.8559367 1.7380334
OS 5.8573146 1.7270963
OS 5.8565121 1.7277078
OS 5.8549665 1.7287378
OS 5.8542234 1.7291563
OS 5.8535001 1.7295103
OS 5.8527966 1.7298
OS 5.852113 1.7300253
OS 5.8514491 1.7301863
OS 5.8508051 1.7302828
OS 5.8501809 1.730315
OS 5.8496681 1.734252
OE
SE
S P 0
OB 5.8707414 1.7263781 I
OS 5.8700802 1.7263702
OS 5.8673928 1.7261802
OS 5.8667103 1.7260932
OS 5.863937 1.7255866
OS 5.8700391 1.7340561
OS 5.8701488 1.7333453
OS 5.8703272 1.7327093
OS 5.8705743 1.7321482
OS 5.8708901 1.7316618
OS 5.8712747 1.7312503
OS 5.871728 1.7309137
OS 5.8722501 1.7306518
OS 5.8728408 1.7304647
OS 5.8735003 1.7303525
OS 5.8742286 1.7303151
OS 5.8707414 1.7263781
OE
SE
S P 0
OB 7.0630894 1.7745347 I
OS 7.0634857 1.7749714
OS 7.063866 1.775473
OS 7.0642301 1.7760393
OS 7.0645782 1.7766704
OS 7.0649101 1.7773663
OS 7.0655258 1.7789525
OS 7.0658095 1.7798428
OS 7.0663287 1.7818177
OS 7.0720716 1.7724082
OS 7.0712064 1.7725957
OS 7.0703802 1.7727115
OS 7.069593 1.7727554
OS 7.0688448 1.7727276
OS 7.0681356 1.7726279
OS 7.0674654 1.7724564
OS 7.0668342 1.772213
OS 7.066242 1.7718979
OS 7.0656888 1.7715109
OS 7.0651746 1.7710522
OS 7.0630894 1.7745347
OE
SE
S P 0
OB 9.4918727 1.8526439 I
OS 9.4923592 1.8522074
OS 9.492899 1.851818
OS 9.4934919 1.8514755
OS 9.4941382 1.85118
OS 9.4948376 1.8509315
OS 9.4955903 1.8507299
OS 9.4963963 1.8505754
OS 9.4972554 1.8504678
OS 9.4981679 1.8504072
OS 9.4991335 1.8503936
OS 9.4913383 1.8425991
OS 9.4913248 1.8435648
OS 9.4911568 1.8453364
OS 9.4910023 1.8461423
OS 9.4908008 1.846895
OS 9.4905524 1.8475945
OS 9.4902569 1.8482408
OS 9.4899145 1.8488338
OS 9.4895251 1.8493736
OS 9.4890887 1.8498601
OS 9.4918727 1.8526439
OE
SE
S P 0
OB 9.5115603 1.8405515 I
OS 9.5109076 1.8405161
OS 9.5102506 1.8404098
OS 9.5095891 1.8402326
OS 9.5089232 1.8399846
OS 9.5082529 1.8396657
OS 9.5075782 1.8392759
OS 9.506899 1.8388153
OS 9.5062155 1.8382838
OS 9.5055275 1.8376814
OS 9.5048351 1.8370082
OS 9.5048351 1.8480318
OS 9.5055275 1.8473586
OS 9.506899 1.8462247
OS 9.5075782 1.8457641
OS 9.5082529 1.8453743
OS 9.5089232 1.8450554
OS 9.5095891 1.8448074
OS 9.5102506 1.8446302
OS 9.5109076 1.8445239
OS 9.5115603 1.8444885
OS 9.5115603 1.8405515
OE
SE
S P 0
OB 7.5822303 2.1614173 I
OS 7.5815776 2.1613819
OS 7.5809206 2.1612756
OS 7.5802591 2.1610984
OS 7.5795932 2.1608504
OS 7.5789229 2.1605315
OS 7.5782482 2.1601417
OS 7.577569 2.1596811
OS 7.5768855 2.1591496
OS 7.5761975 2.1585472
OS 7.5755051 2.157874
OS 7.5755051 2.1688976
OS 7.5761975 2.1682244
OS 7.577569 2.1670905
OS 7.5782482 2.1666299
OS 7.5789229 2.1662401
OS 7.5795932 2.1659212
OS 7.5802591 2.1656732
OS 7.5809206 2.165496
OS 7.5815776 2.1653897
OS 7.5822303 2.1653543
OS 7.5822303 2.1614173
OE
SE
S P 0
OB 4.6783397 1.7618764 I
OS 4.6778531 1.7623129
OS 4.6773134 1.7627023
OS 4.6767204 1.7630448
OS 4.6760741 1.7633402
OS 4.6753747 1.7635887
OS 4.6746219 1.7637902
OS 4.673816 1.7639447
OS 4.6729568 1.7640523
OS 4.6720444 1.7641128
OS 4.6710787 1.7641264
OS 4.6788736 1.7719213
OS 4.6788872 1.7709556
OS 4.6790553 1.769184
OS 4.6792098 1.7683781
OS 4.6794113 1.7676253
OS 4.6796598 1.7669259
OS 4.6799552 1.7662796
OS 4.6802977 1.7656866
OS 4.6806871 1.7651469
OS 4.6811236 1.7646603
OS 4.6783397 1.7618764
OE
SE
S P 0
OB 13.0918727 1.8526438 I
OS 13.0923592 1.8522073
OS 13.092899 1.8518179
OS 13.0934919 1.8514754
OS 13.0941382 1.8511799
OS 13.0948376 1.8509314
OS 13.0955903 1.8507298
OS 13.0963963 1.8505753
OS 13.0972554 1.8504677
OS 13.0981679 1.8504071
OS 13.0991335 1.8503935
OS 13.0913383 1.842599
OS 13.0913248 1.8435647
OS 13.0911568 1.8453363
OS 13.0910023 1.8461422
OS 13.0908008 1.8468949
OS 13.0905524 1.8475944
OS 13.0902569 1.8482407
OS 13.0899145 1.8488337
OS 13.0895251 1.8493735
OS 13.0890887 1.84986
OS 13.0918727 1.8526438
OE
SE
S P 0
OB 11.8918727 1.8526439 I
OS 11.8923592 1.8522074
OS 11.892899 1.851818
OS 11.8934919 1.8514755
OS 11.8941382 1.85118
OS 11.8948376 1.8509315
OS 11.8955903 1.8507299
OS 11.8963963 1.8505754
OS 11.8972554 1.8504678
OS 11.8981679 1.8504072
OS 11.8991335 1.8503936
OS 11.8913383 1.8425991
OS 11.8913248 1.8435648
OS 11.8911568 1.8453364
OS 11.8910023 1.8461423
OS 11.8908008 1.846895
OS 11.8905524 1.8475945
OS 11.8902569 1.8482408
OS 11.8899145 1.8488338
OS 11.8895251 1.8493736
OS 11.8890887 1.8498601
OS 11.8918727 1.8526439
OE
SE
S P 0
OB 11.9115603 1.8405515 I
OS 11.9109076 1.8405161
OS 11.9102506 1.8404098
OS 11.9095891 1.8402326
OS 11.9089232 1.8399846
OS 11.9082529 1.8396657
OS 11.9075782 1.8392759
OS 11.906899 1.8388153
OS 11.9062155 1.8382838
OS 11.9055275 1.8376814
OS 11.9048351 1.8370082
OS 11.9048351 1.8480318
OS 11.9055275 1.8473586
OS 11.906899 1.8462247
OS 11.9075782 1.8457641
OS 11.9082529 1.8453743
OS 11.9089232 1.8450554
OS 11.9095891 1.8448074
OS 11.9102506 1.8446302
OS 11.9109076 1.8445239
OS 11.9115603 1.8444885
OS 11.9115603 1.8405515
OE
SE
S P 0
OB 10.6918727 1.8526439 I
OS 10.6923592 1.8522074
OS 10.692899 1.851818
OS 10.6934919 1.8514755
OS 10.6941382 1.85118
OS 10.6948376 1.8509315
OS 10.6955903 1.8507299
OS 10.6963963 1.8505754
OS 10.6972554 1.8504678
OS 10.6981679 1.8504072
OS 10.6991335 1.8503936
OS 10.6913383 1.8425991
OS 10.6913248 1.8435648
OS 10.6911568 1.8453364
OS 10.6910023 1.8461423
OS 10.6908008 1.846895
OS 10.6905524 1.8475945
OS 10.6902569 1.8482408
OS 10.6899145 1.8488338
OS 10.6895251 1.8493736
OS 10.6890887 1.8498601
OS 10.6918727 1.8526439
OE
SE
S P 0
OB 10.7115603 1.8405515 I
OS 10.7109076 1.8405161
OS 10.7102506 1.8404098
OS 10.7095891 1.8402326
OS 10.7089232 1.8399846
OS 10.7082529 1.8396657
OS 10.7075782 1.8392759
OS 10.706899 1.8388153
OS 10.7062155 1.8382838
OS 10.7055275 1.8376814
OS 10.7048351 1.8370082
OS 10.7048351 1.8480318
OS 10.7055275 1.8473586
OS 10.706899 1.8462247
OS 10.7075782 1.8457641
OS 10.7082529 1.8453743
OS 10.7089232 1.8450554
OS 10.7095891 1.8448074
OS 10.7102506 1.8446302
OS 10.7109076 1.8445239
OS 10.7115603 1.8444885
OS 10.7115603 1.8405515
OE
SE
S P 0
OB 8.2918728 1.8526439 I
OS 8.2923593 1.8522074
OS 8.292899 1.851818
OS 8.293492 1.8514755
OS 8.2941383 1.85118
OS 8.2948377 1.8509315
OS 8.2955904 1.8507299
OS 8.2963964 1.8505754
OS 8.2972555 1.8504678
OS 8.298168 1.8504072
OS 8.2991336 1.8503936
OS 8.2913384 1.8425991
OS 8.2913249 1.8435648
OS 8.2911569 1.8453364
OS 8.2910024 1.8461423
OS 8.2908009 1.846895
OS 8.2905525 1.8475945
OS 8.290257 1.8482408
OS 8.2899146 1.8488338
OS 8.2895252 1.8493736
OS 8.2890888 1.8498601
OS 8.2918728 1.8526439
OE
SE
S P 0
OB 8.3115604 1.8405515 I
OS 8.3109077 1.8405161
OS 8.3102507 1.8404098
OS 8.3095892 1.8402326
OS 8.3089233 1.8399846
OS 8.308253 1.8396657
OS 8.3075783 1.8392759
OS 8.3068991 1.8388153
OS 8.3062156 1.8382838
OS 8.3055276 1.8376814
OS 8.3048352 1.8370082
OS 8.3048352 1.8480318
OS 8.3055276 1.8473586
OS 8.3068991 1.8462247
OS 8.3075783 1.8457641
OS 8.308253 1.8453743
OS 8.3089233 1.8450554
OS 8.3095892 1.8448074
OS 8.3102507 1.8446302
OS 8.3109077 1.8445239
OS 8.3115604 1.8444885
OS 8.3115604 1.8405515
OE
SE
S P 0
OB 4.649072 1.7497189 I
OS 4.6485854 1.7501554
OS 4.6480457 1.7505448
OS 4.6474527 1.7508873
OS 4.6468064 1.7511827
OS 4.646107 1.7514312
OS 4.6453542 1.7516327
OS 4.6445483 1.7517872
OS 4.6436891 1.7518948
OS 4.6427767 1.7519553
OS 4.641811 1.7519689
OS 4.6496059 1.7597638
OS 4.6496195 1.7587981
OS 4.6497876 1.7570265
OS 4.6499421 1.7562206
OS 4.6501436 1.7554678
OS 4.6503921 1.7547684
OS 4.6506875 1.7541221
OS 4.65103 1.7535291
OS 4.6514194 1.7529894
OS 4.6518559 1.7525028
OS 4.649072 1.7497189
OE
SE
S P 0
OB 5.7536559 1.7131327 I
OS 5.7540924 1.7136193
OS 5.7544818 1.714159
OS 5.7548243 1.714752
OS 5.7551197 1.7153983
OS 5.7553682 1.7160977
OS 5.7555697 1.7168505
OS 5.7557242 1.7176564
OS 5.7558318 1.7185156
OS 5.7558923 1.719428
OS 5.7559059 1.7203937
OS 5.7637008 1.7125988
OS 5.7627351 1.7125852
OS 5.7609635 1.7124171
OS 5.7601576 1.7122626
OS 5.7594048 1.7120611
OS 5.7587054 1.7118126
OS 5.7580591 1.7115172
OS 5.7574661 1.7111747
OS 5.7569264 1.7107853
OS 5.7564398 1.7103488
OS 5.7536559 1.7131327
OE
SE
S P 0
OB 5.7758034 1.7175198 I
OS 5.7751791 1.7174876
OS 5.7745351 1.717391
OS 5.7738713 1.7172301
OS 5.7731876 1.7170048
OS 5.7724841 1.7167151
OS 5.7717609 1.716361
OS 5.7710178 1.7159426
OS 5.7694722 1.7149126
OS 5.7686697 1.714301
OS 5.7700474 1.7252382
OS 5.7706277 1.7245197
OS 5.7712182 1.7238769
OS 5.7718192 1.7233097
OS 5.7724305 1.7228181
OS 5.7730522 1.7224021
OS 5.7736842 1.7220618
OS 5.7743267 1.7217971
OS 5.7749794 1.7216081
OS 5.7756426 1.7214946
OS 5.7763161 1.7214568
OS 5.7758034 1.7175198
OE
SE
S P 0
OB 7.0480355 1.7461481 I
OS 7.0486882 1.7461835
OS 7.0493452 1.7462898
OS 7.0500067 1.746467
OS 7.0506726 1.746715
OS 7.0513429 1.7470339
OS 7.0520176 1.7474237
OS 7.0526968 1.7478843
OS 7.0533803 1.7484158
OS 7.0540683 1.7490182
OS 7.0547607 1.7496914
OS 7.0547607 1.7386678
OS 7.0540683 1.739341
OS 7.0526968 1.7404749
OS 7.0520176 1.7409355
OS 7.0513429 1.7413253
OS 7.0506726 1.7416442
OS 7.0500067 1.7418922
OS 7.0493452 1.7420694
OS 7.0486882 1.7421757
OS 7.0480355 1.7422111
OS 7.0480355 1.7461481
OE
SE
S P 0
OB 9.2989623 1.8405515 I
OS 9.2983096 1.8405161
OS 9.2976526 1.8404098
OS 9.2969911 1.8402326
OS 9.2963252 1.8399846
OS 9.2956549 1.8396657
OS 9.2949802 1.8392759
OS 9.294301 1.8388153
OS 9.2936175 1.8382838
OS 9.2929295 1.8376814
OS 9.2922371 1.8370082
OS 9.2922371 1.8480318
OS 9.2929295 1.8473586
OS 9.294301 1.8462247
OS 9.2949802 1.8457641
OS 9.2956549 1.8453743
OS 9.2963252 1.8450554
OS 9.2969911 1.8448074
OS 9.2976526 1.8446302
OS 9.2983096 1.8445239
OS 9.2989623 1.8444885
OS 9.2989623 1.8405515
OE
SE
S P 0
OB 9.2742655 1.8444885 I
OS 9.2749182 1.8445239
OS 9.2755752 1.8446302
OS 9.2762367 1.8448074
OS 9.2769026 1.8450554
OS 9.2775729 1.8453743
OS 9.2782476 1.8457641
OS 9.2789268 1.8462247
OS 9.2796103 1.8467562
OS 9.2802983 1.8473586
OS 9.2809907 1.8480318
OS 9.2809907 1.8370082
OS 9.2802983 1.8376814
OS 9.2789268 1.8388153
OS 9.2782476 1.8392759
OS 9.2775729 1.8396657
OS 9.2769026 1.8399846
OS 9.2762367 1.8402326
OS 9.2755752 1.8404098
OS 9.2749182 1.8405161
OS 9.2742655 1.8405515
OS 9.2742655 1.8444885
OE
SE
S P 0
OB 7.6083484 2.1200315 I
OS 7.6076957 2.1199961
OS 7.6070387 2.1198898
OS 7.6063772 2.1197126
OS 7.6057113 2.1194646
OS 7.605041 2.1191457
OS 7.6043663 2.1187559
OS 7.6036871 2.1182953
OS 7.6030036 2.1177638
OS 7.6023156 2.1171614
OS 7.6016232 2.1164882
OS 7.6016232 2.1275118
OS 7.6023156 2.1268386
OS 7.6036871 2.1257047
OS 7.6043663 2.1252441
OS 7.605041 2.1248543
OS 7.6057113 2.1245354
OS 7.6063772 2.1242874
OS 7.6070387 2.1241102
OS 7.6076957 2.1240039
OS 7.6083484 2.1239685
OS 7.6083484 2.1200315
OE
SE
S P 0
OB 12.8742655 1.8444884 I
OS 12.8749182 1.8445238
OS 12.8755752 1.8446301
OS 12.8762367 1.8448073
OS 12.8769026 1.8450553
OS 12.8775729 1.8453742
OS 12.8782476 1.845764
OS 12.8789268 1.8462246
OS 12.8796103 1.8467561
OS 12.8802983 1.8473585
OS 12.8809907 1.8480317
OS 12.8809907 1.8370081
OS 12.8802983 1.8376813
OS 12.8789268 1.8388152
OS 12.8782476 1.8392758
OS 12.8775729 1.8396656
OS 12.8769026 1.8399845
OS 12.8762367 1.8402325
OS 12.8755752 1.8404097
OS 12.8749182 1.840516
OS 12.8742655 1.8405514
OS 12.8742655 1.8444884
OE
SE
S P 0
OB 11.6989623 1.8405515 I
OS 11.6983096 1.8405161
OS 11.6976526 1.8404098
OS 11.6969911 1.8402326
OS 11.6963252 1.8399846
OS 11.6956549 1.8396657
OS 11.6949802 1.8392759
OS 11.694301 1.8388153
OS 11.6936175 1.8382838
OS 11.6929295 1.8376814
OS 11.6922371 1.8370082
OS 11.6922371 1.8480318
OS 11.6929295 1.8473586
OS 11.694301 1.8462247
OS 11.6949802 1.8457641
OS 11.6956549 1.8453743
OS 11.6963252 1.8450554
OS 11.6969911 1.8448074
OS 11.6976526 1.8446302
OS 11.6983096 1.8445239
OS 11.6989623 1.8444885
OS 11.6989623 1.8405515
OE
SE
S P 0
OB 11.6742655 1.8444885 I
OS 11.6749182 1.8445239
OS 11.6755752 1.8446302
OS 11.6762367 1.8448074
OS 11.6769026 1.8450554
OS 11.6775729 1.8453743
OS 11.6782476 1.8457641
OS 11.6789268 1.8462247
OS 11.6796103 1.8467562
OS 11.6802983 1.8473586
OS 11.6809907 1.8480318
OS 11.6809907 1.8370082
OS 11.6802983 1.8376814
OS 11.6789268 1.8388153
OS 11.6782476 1.8392759
OS 11.6775729 1.8396657
OS 11.6769026 1.8399846
OS 11.6762367 1.8402326
OS 11.6755752 1.8404098
OS 11.6749182 1.8405161
OS 11.6742655 1.8405515
OS 11.6742655 1.8444885
OE
SE
S P 0
OB 10.4989623 1.8405515 I
OS 10.4983096 1.8405161
OS 10.4976526 1.8404098
OS 10.4969911 1.8402326
OS 10.4963252 1.8399846
OS 10.4956549 1.8396657
OS 10.4949802 1.8392759
OS 10.494301 1.8388153
OS 10.4936175 1.8382838
OS 10.4929295 1.8376814
OS 10.4922371 1.8370082
OS 10.4922371 1.8480318
OS 10.4929295 1.8473586
OS 10.494301 1.8462247
OS 10.4949802 1.8457641
OS 10.4956549 1.8453743
OS 10.4963252 1.8450554
OS 10.4969911 1.8448074
OS 10.4976526 1.8446302
OS 10.4983096 1.8445239
OS 10.4989623 1.8444885
OS 10.4989623 1.8405515
OE
SE
S P 0
OB 10.4742655 1.8444885 I
OS 10.4749182 1.8445239
OS 10.4755752 1.8446302
OS 10.4762367 1.8448074
OS 10.4769026 1.8450554
OS 10.4775729 1.8453743
OS 10.4782476 1.8457641
OS 10.4789268 1.8462247
OS 10.4796103 1.8467562
OS 10.4802983 1.8473586
OS 10.4809907 1.8480318
OS 10.4809907 1.8370082
OS 10.4802983 1.8376814
OS 10.4789268 1.8388153
OS 10.4782476 1.8392759
OS 10.4775729 1.8396657
OS 10.4769026 1.8399846
OS 10.4762367 1.8402326
OS 10.4755752 1.8404098
OS 10.4749182 1.8405161
OS 10.4742655 1.8405515
OS 10.4742655 1.8444885
OE
SE
S P 0
OB 8.0989624 1.8405515 I
OS 8.0983097 1.8405161
OS 8.0976527 1.8404098
OS 8.0969912 1.8402326
OS 8.0963253 1.8399846
OS 8.095655 1.8396657
OS 8.0949803 1.8392759
OS 8.0943011 1.8388153
OS 8.0936176 1.8382838
OS 8.0929296 1.8376814
OS 8.0922372 1.8370082
OS 8.0922372 1.8480318
OS 8.0929296 1.8473586
OS 8.0943011 1.8462247
OS 8.0949803 1.8457641
OS 8.095655 1.8453743
OS 8.0963253 1.8450554
OS 8.0969912 1.8448074
OS 8.0976527 1.8446302
OS 8.0983097 1.8445239
OS 8.0989624 1.8444885
OS 8.0989624 1.8405515
OE
SE
S P 0
OB 8.0742656 1.8444885 I
OS 8.0749183 1.8445239
OS 8.0755753 1.8446302
OS 8.0762368 1.8448074
OS 8.0769027 1.8450554
OS 8.077573 1.8453743
OS 8.0782477 1.8457641
OS 8.0789269 1.8462247
OS 8.0796104 1.8467562
OS 8.0802984 1.8473586
OS 8.0809908 1.8480318
OS 8.0809908 1.8370082
OS 8.0802984 1.8376814
OS 8.0789269 1.8388153
OS 8.0782477 1.8392759
OS 8.077573 1.8396657
OS 8.0769027 1.8399846
OS 8.0762368 1.8402326
OS 8.0755753 1.8404098
OS 8.0749183 1.8405161
OS 8.0742656 1.8405515
OS 8.0742656 1.8444885
OE
SE
S P 0
OB 8.4426323 2.3942351 I
OS 8.4430688 2.3947217
OS 8.4434582 2.3952614
OS 8.4438007 2.3958544
OS 8.4440961 2.3965007
OS 8.4443446 2.3972001
OS 8.4445461 2.3979529
OS 8.4447006 2.3987588
OS 8.4448082 2.399618
OS 8.4448687 2.4005304
OS 8.4448823 2.4014961
OS 8.4526772 2.3937012
OS 8.4517115 2.3936876
OS 8.4499399 2.3935195
OS 8.449134 2.393365
OS 8.4483812 2.3931635
OS 8.4476818 2.392915
OS 8.4470355 2.3926196
OS 8.4464425 2.3922771
OS 8.4459028 2.3918877
OS 8.4454162 2.3914512
OS 8.4426323 2.3942351
OE
SE
S P 0
OB 8.5978878 2.0885825 I
OS 8.5985404 2.0886179
OS 8.5991975 2.0887242
OS 8.5998589 2.0889014
OS 8.6005248 2.0891494
OS 8.6011951 2.0894683
OS 8.6018698 2.0898581
OS 8.602549 2.0903187
OS 8.6032325 2.0908502
OS 8.6039205 2.0914526
OS 8.6046129 2.0921259
OS 8.6046132 2.0811023
OS 8.6039207 2.0817755
OS 8.6025491 2.0829093
OS 8.60187 2.0833699
OS 8.6011952 2.0837597
OS 8.6005249 2.0840786
OS 8.599859 2.0843266
OS 8.5991976 2.0845038
OS 8.5985405 2.0846101
OS 8.5978879 2.0846455
OS 8.5978878 2.0885825
OE
SE
S P 0
OB 13.2651042 2.3405514 I
OS 13.2644516 2.340516
OS 13.2637946 2.3404097
OS 13.2631331 2.3402325
OS 13.2624672 2.3399845
OS 13.2617969 2.3396656
OS 13.2611222 2.3392758
OS 13.2604431 2.3388151
OS 13.2597595 2.3382836
OS 13.2590716 2.3376813
OS 13.2583792 2.337008
OS 13.2583788 2.3480316
OS 13.2590712 2.3473584
OS 13.2604428 2.3462246
OS 13.261122 2.345764
OS 13.2617967 2.3453742
OS 13.2624671 2.3450553
OS 13.263133 2.3448073
OS 13.2637944 2.3446301
OS 13.2644515 2.3445238
OS 13.2651041 2.3444884
OS 13.2651042 2.3405514
OE
SE
S P 0
OB 13.3978875 2.1830704 I
OS 13.3985402 2.1831058
OS 13.3991972 2.1832121
OS 13.3998587 2.1833893
OS 13.4005246 2.1836373
OS 13.4011949 2.1839562
OS 13.4018696 2.184346
OS 13.4025488 2.1848066
OS 13.4032323 2.1853381
OS 13.4039203 2.1859405
OS 13.4046127 2.1866137
OS 13.4046127 2.1755901
OS 13.4039203 2.1762633
OS 13.4025488 2.1773972
OS 13.4018696 2.1778578
OS 13.4011949 2.1782476
OS 13.4005246 2.1785665
OS 13.3998587 2.1788145
OS 13.3991972 2.1789917
OS 13.3985402 2.179098
OS 13.3978875 2.1791334
OS 13.3978875 2.1830704
OE
SE
S P 0
OB 13.2409448 2.3641731 I
OS 13.2416344 2.3641993
OS 13.2422912 2.3642781
OS 13.242915 2.3644093
OS 13.2435059 2.364593
OS 13.2440639 2.3648293
OS 13.244589 2.365118
OS 13.2450812 2.3654592
OS 13.2455405 2.3658529
OS 13.2459668 2.3662991
OS 13.2463603 2.3667978
OS 13.2463603 2.3576114
OS 13.2459668 2.3581101
OS 13.2455405 2.3585563
OS 13.2450812 2.35895
OS 13.244589 2.3592912
OS 13.2440639 2.3595799
OS 13.2435059 2.3598162
OS 13.242915 2.3599999
OS 13.2422912 2.3601311
OS 13.2416344 2.3602099
OS 13.2409448 2.3602361
OS 13.2409448 2.3641731
OE
SE
S P 0
OB 13.3978875 2.1574804 I
OS 13.3985402 2.1575158
OS 13.3991972 2.1576221
OS 13.3998587 2.1577993
OS 13.4005246 2.1580473
OS 13.4011949 2.1583662
OS 13.4018696 2.158756
OS 13.4025488 2.1592166
OS 13.4032323 2.1597481
OS 13.4039203 2.1603505
OS 13.4046127 2.1610237
OS 13.4046127 2.1500001
OS 13.4039203 2.1506733
OS 13.4025488 2.1518072
OS 13.4018696 2.1522678
OS 13.4011949 2.1526576
OS 13.4005246 2.1529765
OS 13.3998587 2.1532245
OS 13.3991972 2.1534017
OS 13.3985402 2.153508
OS 13.3978875 2.1535434
OS 13.3978875 2.1574804
OE
SE
S P 0
OB 13.2416154 2.3774701 I
OS 13.2419751 2.3778636
OS 13.2423382 2.3783281
OS 13.2427046 2.3788636
OS 13.2430743 2.3794701
OS 13.2438238 2.380896
OS 13.2445866 2.3826059
OS 13.2453628 2.3845997
OS 13.2498985 2.3745524
OS 13.2491027 2.374827
OS 13.2483372 2.3750191
OS 13.2476019 2.3751287
OS 13.2468968 2.3751559
OS 13.246222 2.3751007
OS 13.2455773 2.374963
OS 13.2449629 2.3747428
OS 13.2443786 2.3744402
OS 13.2438246 2.3740552
OS 13.2433008 2.3735877
OS 13.2416154 2.3774701
OE
SE
S P 0
OB 13.3978875 2.1240164 I
OS 13.3985402 2.1240518
OS 13.3991972 2.1241581
OS 13.3998587 2.1243353
OS 13.4005246 2.1245833
OS 13.4011949 2.1249022
OS 13.4018696 2.125292
OS 13.4025488 2.1257526
OS 13.4032323 2.1262841
OS 13.4039203 2.1268865
OS 13.4046127 2.1275597
OS 13.4046127 2.1165361
OS 13.4039203 2.1172093
OS 13.4025488 2.1183432
OS 13.4018696 2.1188038
OS 13.4011949 2.1191936
OS 13.4005246 2.1195125
OS 13.3998587 2.1197605
OS 13.3991972 2.1199377
OS 13.3985402 2.120044
OS 13.3978875 2.1200794
OS 13.3978875 2.1240164
OE
SE
S P 0
OB 13.2426322 2.394235 I
OS 13.2430687 2.3947216
OS 13.2434581 2.3952613
OS 13.2438006 2.3958543
OS 13.244096 2.3965006
OS 13.2443445 2.3972
OS 13.244546 2.3979528
OS 13.2447005 2.3987587
OS 13.2448081 2.3996179
OS 13.2448686 2.4005303
OS 13.2448822 2.401496
OS 13.2526771 2.3937011
OS 13.2517114 2.3936875
OS 13.2499398 2.3935194
OS 13.2491339 2.3933649
OS 13.2483811 2.3931634
OS 13.2476817 2.3929149
OS 13.2470354 2.3926195
OS 13.2464424 2.392277
OS 13.2459027 2.3918876
OS 13.2454161 2.3914511
OS 13.2426322 2.394235
OE
SE
S P 0
OB 13.3978877 2.0885824 I
OS 13.3985403 2.0886178
OS 13.3991974 2.0887241
OS 13.3998588 2.0889013
OS 13.4005247 2.0891493
OS 13.401195 2.0894682
OS 13.4018697 2.089858
OS 13.4025489 2.0903186
OS 13.4032324 2.0908501
OS 13.4039204 2.0914525
OS 13.4046128 2.0921258
OS 13.4046131 2.0811022
OS 13.4039206 2.0817754
OS 13.402549 2.0829092
OS 13.4018699 2.0833698
OS 13.4011951 2.0837596
OS 13.4005248 2.0840785
OS 13.3998589 2.0843265
OS 13.3991975 2.0845037
OS 13.3985404 2.08461
OS 13.3978878 2.0846454
OS 13.3978877 2.0885824
OE
SE
S P 0
OB 12.0651042 2.3405515 I
OS 12.0644516 2.3405161
OS 12.0637946 2.3404098
OS 12.0631331 2.3402326
OS 12.0624672 2.3399846
OS 12.0617969 2.3396657
OS 12.0611222 2.3392759
OS 12.0604431 2.3388152
OS 12.0597595 2.3382837
OS 12.0590716 2.3376814
OS 12.0583792 2.3370081
OS 12.0583788 2.3480317
OS 12.0590712 2.3473585
OS 12.0604428 2.3462247
OS 12.061122 2.3457641
OS 12.0617967 2.3453743
OS 12.0624671 2.3450554
OS 12.063133 2.3448074
OS 12.0637944 2.3446302
OS 12.0644515 2.3445239
OS 12.0651041 2.3444885
OS 12.0651042 2.3405515
OE
SE
S P 0
OB 12.1978875 2.1830705 I
OS 12.1985402 2.1831059
OS 12.1991972 2.1832122
OS 12.1998587 2.1833894
OS 12.2005246 2.1836374
OS 12.2011949 2.1839563
OS 12.2018696 2.1843461
OS 12.2025488 2.1848067
OS 12.2032323 2.1853382
OS 12.2039203 2.1859406
OS 12.2046127 2.1866138
OS 12.2046127 2.1755902
OS 12.2039203 2.1762634
OS 12.2025488 2.1773973
OS 12.2018696 2.1778579
OS 12.2011949 2.1782477
OS 12.2005246 2.1785666
OS 12.1998587 2.1788146
OS 12.1991972 2.1789918
OS 12.1985402 2.1790981
OS 12.1978875 2.1791335
OS 12.1978875 2.1830705
OE
SE
S P 0
OB 12.0409448 2.3641732 I
OS 12.0416344 2.3641994
OS 12.0422912 2.3642782
OS 12.042915 2.3644094
OS 12.0435059 2.3645931
OS 12.0440639 2.3648294
OS 12.044589 2.3651181
OS 12.0450812 2.3654593
OS 12.0455405 2.365853
OS 12.0459668 2.3662992
OS 12.0463603 2.3667979
OS 12.0463603 2.3576115
OS 12.0459668 2.3581102
OS 12.0455405 2.3585564
OS 12.0450812 2.3589501
OS 12.044589 2.3592913
OS 12.0440639 2.35958
OS 12.0435059 2.3598163
OS 12.042915 2.36
OS 12.0422912 2.3601312
OS 12.0416344 2.36021
OS 12.0409448 2.3602362
OS 12.0409448 2.3641732
OE
SE
S P 0
OB 12.1978875 2.1574805 I
OS 12.1985402 2.1575159
OS 12.1991972 2.1576222
OS 12.1998587 2.1577994
OS 12.2005246 2.1580474
OS 12.2011949 2.1583663
OS 12.2018696 2.1587561
OS 12.2025488 2.1592167
OS 12.2032323 2.1597482
OS 12.2039203 2.1603506
OS 12.2046127 2.1610238
OS 12.2046127 2.1500002
OS 12.2039203 2.1506734
OS 12.2025488 2.1518073
OS 12.2018696 2.1522679
OS 12.2011949 2.1526577
OS 12.2005246 2.1529766
OS 12.1998587 2.1532246
OS 12.1991972 2.1534018
OS 12.1985402 2.1535081
OS 12.1978875 2.1535435
OS 12.1978875 2.1574805
OE
SE
S P 0
OB 12.0416154 2.3774702 I
OS 12.0419751 2.3778637
OS 12.0423382 2.3783282
OS 12.0427046 2.3788637
OS 12.0430743 2.3794702
OS 12.0438238 2.3808961
OS 12.0445866 2.382606
OS 12.0453628 2.3845998
OS 12.0498985 2.3745525
OS 12.0491027 2.3748271
OS 12.0483372 2.3750192
OS 12.0476019 2.3751288
OS 12.0468968 2.375156
OS 12.046222 2.3751008
OS 12.0455773 2.3749631
OS 12.0449629 2.3747429
OS 12.0443786 2.3744403
OS 12.0438246 2.3740553
OS 12.0433008 2.3735878
OS 12.0416154 2.3774702
OE
SE
S P 0
OB 12.1978875 2.1240165 I
OS 12.1985402 2.1240519
OS 12.1991972 2.1241582
OS 12.1998587 2.1243354
OS 12.2005246 2.1245834
OS 12.2011949 2.1249023
OS 12.2018696 2.1252921
OS 12.2025488 2.1257527
OS 12.2032323 2.1262842
OS 12.2039203 2.1268866
OS 12.2046127 2.1275598
OS 12.2046127 2.1165362
OS 12.2039203 2.1172094
OS 12.2025488 2.1183433
OS 12.2018696 2.1188039
OS 12.2011949 2.1191937
OS 12.2005246 2.1195126
OS 12.1998587 2.1197606
OS 12.1991972 2.1199378
OS 12.1985402 2.1200441
OS 12.1978875 2.1200795
OS 12.1978875 2.1240165
OE
SE
S P 0
OB 12.0426322 2.3942351 I
OS 12.0430687 2.3947217
OS 12.0434581 2.3952614
OS 12.0438006 2.3958544
OS 12.044096 2.3965007
OS 12.0443445 2.3972001
OS 12.044546 2.3979529
OS 12.0447005 2.3987588
OS 12.0448081 2.399618
OS 12.0448686 2.4005304
OS 12.0448822 2.4014961
OS 12.0526771 2.3937012
OS 12.0517114 2.3936876
OS 12.0499398 2.3935195
OS 12.0491339 2.393365
OS 12.0483811 2.3931635
OS 12.0476817 2.392915
OS 12.0470354 2.3926196
OS 12.0464424 2.3922771
OS 12.0459027 2.3918877
OS 12.0454161 2.3914512
OS 12.0426322 2.3942351
OE
SE
S P 0
OB 12.1978877 2.0885825 I
OS 12.1985403 2.0886179
OS 12.1991974 2.0887242
OS 12.1998588 2.0889014
OS 12.2005247 2.0891494
OS 12.201195 2.0894683
OS 12.2018697 2.0898581
OS 12.2025489 2.0903187
OS 12.2032324 2.0908502
OS 12.2039204 2.0914526
OS 12.2046128 2.0921259
OS 12.2046131 2.0811023
OS 12.2039206 2.0817755
OS 12.202549 2.0829093
OS 12.2018699 2.0833699
OS 12.2011951 2.0837597
OS 12.2005248 2.0840786
OS 12.1998589 2.0843266
OS 12.1991975 2.0845038
OS 12.1985404 2.0846101
OS 12.1978878 2.0846455
OS 12.1978877 2.0885825
OE
SE
S P 0
OB 10.8651042 2.3405515 I
OS 10.8644516 2.3405161
OS 10.8637946 2.3404098
OS 10.8631331 2.3402326
OS 10.8624672 2.3399846
OS 10.8617969 2.3396657
OS 10.8611222 2.3392759
OS 10.8604431 2.3388152
OS 10.8597595 2.3382837
OS 10.8590716 2.3376814
OS 10.8583792 2.3370081
OS 10.8583788 2.3480317
OS 10.8590712 2.3473585
OS 10.8604428 2.3462247
OS 10.861122 2.3457641
OS 10.8617967 2.3453743
OS 10.8624671 2.3450554
OS 10.863133 2.3448074
OS 10.8637944 2.3446302
OS 10.8644515 2.3445239
OS 10.8651041 2.3444885
OS 10.8651042 2.3405515
OE
SE
S P 0
OB 10.9978875 2.1830705 I
OS 10.9985402 2.1831059
OS 10.9991972 2.1832122
OS 10.9998587 2.1833894
OS 11.0005246 2.1836374
OS 11.0011949 2.1839563
OS 11.0018696 2.1843461
OS 11.0025488 2.1848067
OS 11.0032323 2.1853382
OS 11.0039203 2.1859406
OS 11.0046127 2.1866138
OS 11.0046127 2.1755902
OS 11.0039203 2.1762634
OS 11.0025488 2.1773973
OS 11.0018696 2.1778579
OS 11.0011949 2.1782477
OS 11.0005246 2.1785666
OS 10.9998587 2.1788146
OS 10.9991972 2.1789918
OS 10.9985402 2.1790981
OS 10.9978875 2.1791335
OS 10.9978875 2.1830705
OE
SE
S P 0
OB 10.8409448 2.3641732 I
OS 10.8416344 2.3641994
OS 10.8422912 2.3642782
OS 10.842915 2.3644094
OS 10.8435059 2.3645931
OS 10.8440639 2.3648294
OS 10.844589 2.3651181
OS 10.8450812 2.3654593
OS 10.8455405 2.365853
OS 10.8459668 2.3662992
OS 10.8463603 2.3667979
OS 10.8463603 2.3576115
OS 10.8459668 2.3581102
OS 10.8455405 2.3585564
OS 10.8450812 2.3589501
OS 10.844589 2.3592913
OS 10.8440639 2.35958
OS 10.8435059 2.3598163
OS 10.842915 2.36
OS 10.8422912 2.3601312
OS 10.8416344 2.36021
OS 10.8409448 2.3602362
OS 10.8409448 2.3641732
OE
SE
S P 0
OB 10.9978875 2.1574805 I
OS 10.9985402 2.1575159
OS 10.9991972 2.1576222
OS 10.9998587 2.1577994
OS 11.0005246 2.1580474
OS 11.0011949 2.1583663
OS 11.0018696 2.1587561
OS 11.0025488 2.1592167
OS 11.0032323 2.1597482
OS 11.0039203 2.1603506
OS 11.0046127 2.1610238
OS 11.0046127 2.1500002
OS 11.0039203 2.1506734
OS 11.0025488 2.1518073
OS 11.0018696 2.1522679
OS 11.0011949 2.1526577
OS 11.0005246 2.1529766
OS 10.9998587 2.1532246
OS 10.9991972 2.1534018
OS 10.9985402 2.1535081
OS 10.9978875 2.1535435
OS 10.9978875 2.1574805
OE
SE
S P 0
OB 10.8416154 2.3774702 I
OS 10.8419751 2.3778637
OS 10.8423382 2.3783282
OS 10.8427046 2.3788637
OS 10.8430743 2.3794702
OS 10.8438238 2.3808961
OS 10.8445866 2.382606
OS 10.8453628 2.3845998
OS 10.8498985 2.3745525
OS 10.8491027 2.3748271
OS 10.8483372 2.3750192
OS 10.8476019 2.3751288
OS 10.8468968 2.375156
OS 10.846222 2.3751008
OS 10.8455773 2.3749631
OS 10.8449629 2.3747429
OS 10.8443786 2.3744403
OS 10.8438246 2.3740553
OS 10.8433008 2.3735878
OS 10.8416154 2.3774702
OE
SE
S P 0
OB 10.9978875 2.1240165 I
OS 10.9985402 2.1240519
OS 10.9991972 2.1241582
OS 10.9998587 2.1243354
OS 11.0005246 2.1245834
OS 11.0011949 2.1249023
OS 11.0018696 2.1252921
OS 11.0025488 2.1257527
OS 11.0032323 2.1262842
OS 11.0039203 2.1268866
OS 11.0046127 2.1275598
OS 11.0046127 2.1165362
OS 11.0039203 2.1172094
OS 11.0025488 2.1183433
OS 11.0018696 2.1188039
OS 11.0011949 2.1191937
OS 11.0005246 2.1195126
OS 10.9998587 2.1197606
OS 10.9991972 2.1199378
OS 10.9985402 2.1200441
OS 10.9978875 2.1200795
OS 10.9978875 2.1240165
OE
SE
S P 0
OB 10.8426322 2.3942351 I
OS 10.8430687 2.3947217
OS 10.8434581 2.3952614
OS 10.8438006 2.3958544
OS 10.844096 2.3965007
OS 10.8443445 2.3972001
OS 10.844546 2.3979529
OS 10.8447005 2.3987588
OS 10.8448081 2.399618
OS 10.8448686 2.4005304
OS 10.8448822 2.4014961
OS 10.8526771 2.3937012
OS 10.8517114 2.3936876
OS 10.8499398 2.3935195
OS 10.8491339 2.393365
OS 10.8483811 2.3931635
OS 10.8476817 2.392915
OS 10.8470354 2.3926196
OS 10.8464424 2.3922771
OS 10.8459027 2.3918877
OS 10.8454161 2.3914512
OS 10.8426322 2.3942351
OE
SE
S P 0
OB 10.9978877 2.0885825 I
OS 10.9985403 2.0886179
OS 10.9991974 2.0887242
OS 10.9998588 2.0889014
OS 11.0005247 2.0891494
OS 11.001195 2.0894683
OS 11.0018697 2.0898581
OS 11.0025489 2.0903187
OS 11.0032324 2.0908502
OS 11.0039204 2.0914526
OS 11.0046128 2.0921259
OS 11.0046131 2.0811023
OS 11.0039206 2.0817755
OS 11.002549 2.0829093
OS 11.0018699 2.0833699
OS 11.0011951 2.0837597
OS 11.0005248 2.0840786
OS 10.9998589 2.0843266
OS 10.9991975 2.0845038
OS 10.9985404 2.0846101
OS 10.9978878 2.0846455
OS 10.9978877 2.0885825
OE
SE
S P 0
OB 9.6651042 2.3405515 I
OS 9.6644516 2.3405161
OS 9.6637946 2.3404098
OS 9.6631331 2.3402326
OS 9.6624672 2.3399846
OS 9.6617969 2.3396657
OS 9.6611222 2.3392759
OS 9.6604431 2.3388152
OS 9.6597595 2.3382837
OS 9.6590716 2.3376814
OS 9.6583792 2.3370081
OS 9.6583788 2.3480317
OS 9.6590712 2.3473585
OS 9.6604428 2.3462247
OS 9.661122 2.3457641
OS 9.6617967 2.3453743
OS 9.6624671 2.3450554
OS 9.663133 2.3448074
OS 9.6637944 2.3446302
OS 9.6644515 2.3445239
OS 9.6651041 2.3444885
OS 9.6651042 2.3405515
OE
SE
S P 0
OB 9.7978875 2.1830705 I
OS 9.7985402 2.1831059
OS 9.7991972 2.1832122
OS 9.7998587 2.1833894
OS 9.8005246 2.1836374
OS 9.8011949 2.1839563
OS 9.8018696 2.1843461
OS 9.8025488 2.1848067
OS 9.8032323 2.1853382
OS 9.8039203 2.1859406
OS 9.8046127 2.1866138
OS 9.8046127 2.1755902
OS 9.8039203 2.1762634
OS 9.8025488 2.1773973
OS 9.8018696 2.1778579
OS 9.8011949 2.1782477
OS 9.8005246 2.1785666
OS 9.7998587 2.1788146
OS 9.7991972 2.1789918
OS 9.7985402 2.1790981
OS 9.7978875 2.1791335
OS 9.7978875 2.1830705
OE
SE
S P 0
OB 9.6409448 2.3641732 I
OS 9.6416344 2.3641994
OS 9.6422912 2.3642782
OS 9.642915 2.3644094
OS 9.6435059 2.3645931
OS 9.6440639 2.3648294
OS 9.644589 2.3651181
OS 9.6450812 2.3654593
OS 9.6455405 2.365853
OS 9.6459668 2.3662992
OS 9.6463603 2.3667979
OS 9.6463603 2.3576115
OS 9.6459668 2.3581102
OS 9.6455405 2.3585564
OS 9.6450812 2.3589501
OS 9.644589 2.3592913
OS 9.6440639 2.35958
OS 9.6435059 2.3598163
OS 9.642915 2.36
OS 9.6422912 2.3601312
OS 9.6416344 2.36021
OS 9.6409448 2.3602362
OS 9.6409448 2.3641732
OE
SE
S P 0
OB 9.7978875 2.1574805 I
OS 9.7985402 2.1575159
OS 9.7991972 2.1576222
OS 9.7998587 2.1577994
OS 9.8005246 2.1580474
OS 9.8011949 2.1583663
OS 9.8018696 2.1587561
OS 9.8025488 2.1592167
OS 9.8032323 2.1597482
OS 9.8039203 2.1603506
OS 9.8046127 2.1610238
OS 9.8046127 2.1500002
OS 9.8039203 2.1506734
OS 9.8025488 2.1518073
OS 9.8018696 2.1522679
OS 9.8011949 2.1526577
OS 9.8005246 2.1529766
OS 9.7998587 2.1532246
OS 9.7991972 2.1534018
OS 9.7985402 2.1535081
OS 9.7978875 2.1535435
OS 9.7978875 2.1574805
OE
SE
S P 0
OB 9.6416154 2.3774702 I
OS 9.6419751 2.3778637
OS 9.6423382 2.3783282
OS 9.6427046 2.3788637
OS 9.6430743 2.3794702
OS 9.6438238 2.3808961
OS 9.6445866 2.382606
OS 9.6453628 2.3845998
OS 9.6498985 2.3745525
OS 9.6491027 2.3748271
OS 9.6483372 2.3750192
OS 9.6476019 2.3751288
OS 9.6468968 2.375156
OS 9.646222 2.3751008
OS 9.6455773 2.3749631
OS 9.6449629 2.3747429
OS 9.6443786 2.3744403
OS 9.6438246 2.3740553
OS 9.6433008 2.3735878
OS 9.6416154 2.3774702
OE
SE
S P 0
OB 9.7978875 2.1240165 I
OS 9.7985402 2.1240519
OS 9.7991972 2.1241582
OS 9.7998587 2.1243354
OS 9.8005246 2.1245834
OS 9.8011949 2.1249023
OS 9.8018696 2.1252921
OS 9.8025488 2.1257527
OS 9.8032323 2.1262842
OS 9.8039203 2.1268866
OS 9.8046127 2.1275598
OS 9.8046127 2.1165362
OS 9.8039203 2.1172094
OS 9.8025488 2.1183433
OS 9.8018696 2.1188039
OS 9.8011949 2.1191937
OS 9.8005246 2.1195126
OS 9.7998587 2.1197606
OS 9.7991972 2.1199378
OS 9.7985402 2.1200441
OS 9.7978875 2.1200795
OS 9.7978875 2.1240165
OE
SE
S P 0
OB 9.6426322 2.3942351 I
OS 9.6430687 2.3947217
OS 9.6434581 2.3952614
OS 9.6438006 2.3958544
OS 9.644096 2.3965007
OS 9.6443445 2.3972001
OS 9.644546 2.3979529
OS 9.6447005 2.3987588
OS 9.6448081 2.399618
OS 9.6448686 2.4005304
OS 9.6448822 2.4014961
OS 9.6526771 2.3937012
OS 9.6517114 2.3936876
OS 9.6499398 2.3935195
OS 9.6491339 2.393365
OS 9.6483811 2.3931635
OS 9.6476817 2.392915
OS 9.6470354 2.3926196
OS 9.6464424 2.3922771
OS 9.6459027 2.3918877
OS 9.6454161 2.3914512
OS 9.6426322 2.3942351
OE
SE
S P 0
OB 9.7978877 2.0885825 I
OS 9.7985403 2.0886179
OS 9.7991974 2.0887242
OS 9.7998588 2.0889014
OS 9.8005247 2.0891494
OS 9.801195 2.0894683
OS 9.8018697 2.0898581
OS 9.8025489 2.0903187
OS 9.8032324 2.0908502
OS 9.8039204 2.0914526
OS 9.8046128 2.0921259
OS 9.8046131 2.0811023
OS 9.8039206 2.0817755
OS 9.802549 2.0829093
OS 9.8018699 2.0833699
OS 9.8011951 2.0837597
OS 9.8005248 2.0840786
OS 9.7998589 2.0843266
OS 9.7991975 2.0845038
OS 9.7985404 2.0846101
OS 9.7978878 2.0846455
OS 9.7978877 2.0885825
OE
SE
S P 0
OB 8.4651043 2.3405515 I
OS 8.4644517 2.3405161
OS 8.4637947 2.3404098
OS 8.4631332 2.3402326
OS 8.4624673 2.3399846
OS 8.461797 2.3396657
OS 8.4611223 2.3392759
OS 8.4604432 2.3388152
OS 8.4597596 2.3382837
OS 8.4590717 2.3376814
OS 8.4583793 2.3370081
OS 8.4583789 2.3480317
OS 8.4590713 2.3473585
OS 8.4604429 2.3462247
OS 8.4611221 2.3457641
OS 8.4617968 2.3453743
OS 8.4624672 2.3450554
OS 8.4631331 2.3448074
OS 8.4637945 2.3446302
OS 8.4644516 2.3445239
OS 8.4651042 2.3444885
OS 8.4651043 2.3405515
OE
SE
S P 0
OB 8.5978876 2.1830705 I
OS 8.5985403 2.1831059
OS 8.5991973 2.1832122
OS 8.5998588 2.1833894
OS 8.6005247 2.1836374
OS 8.601195 2.1839563
OS 8.6018697 2.1843461
OS 8.6025489 2.1848067
OS 8.6032324 2.1853382
OS 8.6039204 2.1859406
OS 8.6046128 2.1866138
OS 8.6046128 2.1755902
OS 8.6039204 2.1762634
OS 8.6025489 2.1773973
OS 8.6018697 2.1778579
OS 8.601195 2.1782477
OS 8.6005247 2.1785666
OS 8.5998588 2.1788146
OS 8.5991973 2.1789918
OS 8.5985403 2.1790981
OS 8.5978876 2.1791335
OS 8.5978876 2.1830705
OE
SE
S P 0
OB 8.4409449 2.3641732 I
OS 8.4416345 2.3641994
OS 8.4422913 2.3642782
OS 8.4429151 2.3644094
OS 8.443506 2.3645931
OS 8.444064 2.3648294
OS 8.4445891 2.3651181
OS 8.4450813 2.3654593
OS 8.4455406 2.365853
OS 8.4459669 2.3662992
OS 8.4463604 2.3667979
OS 8.4463604 2.3576115
OS 8.4459669 2.3581102
OS 8.4455406 2.3585564
OS 8.4450813 2.3589501
OS 8.4445891 2.3592913
OS 8.444064 2.35958
OS 8.443506 2.3598163
OS 8.4429151 2.36
OS 8.4422913 2.3601312
OS 8.4416345 2.36021
OS 8.4409449 2.3602362
OS 8.4409449 2.3641732
OE
SE
S P 0
OB 8.5978876 2.1574805 I
OS 8.5985403 2.1575159
OS 8.5991973 2.1576222
OS 8.5998588 2.1577994
OS 8.6005247 2.1580474
OS 8.601195 2.1583663
OS 8.6018697 2.1587561
OS 8.6025489 2.1592167
OS 8.6032324 2.1597482
OS 8.6039204 2.1603506
OS 8.6046128 2.1610238
OS 8.6046128 2.1500002
OS 8.6039204 2.1506734
OS 8.6025489 2.1518073
OS 8.6018697 2.1522679
OS 8.601195 2.1526577
OS 8.6005247 2.1529766
OS 8.5998588 2.1532246
OS 8.5991973 2.1534018
OS 8.5985403 2.1535081
OS 8.5978876 2.1535435
OS 8.5978876 2.1574805
OE
SE
S P 0
OB 8.4416155 2.3774702 I
OS 8.4419752 2.3778637
OS 8.4423383 2.3783282
OS 8.4427047 2.3788637
OS 8.4430744 2.3794702
OS 8.4438239 2.3808961
OS 8.4445867 2.382606
OS 8.4453629 2.3845998
OS 8.4498986 2.3745525
OS 8.4491028 2.3748271
OS 8.4483373 2.3750192
OS 8.447602 2.3751288
OS 8.4468969 2.375156
OS 8.4462221 2.3751008
OS 8.4455774 2.3749631
OS 8.444963 2.3747429
OS 8.4443787 2.3744403
OS 8.4438247 2.3740553
OS 8.4433009 2.3735878
OS 8.4416155 2.3774702
OE
SE
S P 0
OB 8.5978876 2.1240165 I
OS 8.5985403 2.1240519
OS 8.5991973 2.1241582
OS 8.5998588 2.1243354
OS 8.6005247 2.1245834
OS 8.601195 2.1249023
OS 8.6018697 2.1252921
OS 8.6025489 2.1257527
OS 8.6032324 2.1262842
OS 8.6039204 2.1268866
OS 8.6046128 2.1275598
OS 8.6046128 2.1165362
OS 8.6039204 2.1172094
OS 8.6025489 2.1183433
OS 8.6018697 2.1188039
OS 8.601195 2.1191937
OS 8.6005247 2.1195126
OS 8.5998588 2.1197606
OS 8.5991973 2.1199378
OS 8.5985403 2.1200441
OS 8.5978876 2.1200795
OS 8.5978876 2.1240165
OE
SE
S P 0
OB 11.3751626 2.533852 I
OS 11.3756301 2.5343758
OS 11.3760151 2.5349298
OS 11.3763177 2.5355141
OS 11.3765379 2.5361285
OS 11.3766756 2.5367732
OS 11.3767308 2.537448
OS 11.3767036 2.5381531
OS 11.3765939 2.5388884
OS 11.3764018 2.5396539
OS 11.3761273 2.5404496
OS 11.3861747 2.5359142
OS 11.3851423 2.5355244
OS 11.3817225 2.5339986
OS 11.3810451 2.5336256
OS 11.3799031 2.5328894
OS 11.3794386 2.5325264
OS 11.3790451 2.5321667
OS 11.3751626 2.533852
OE
SE
S P 0
OB 11.7993953 2.3242265 I
OS 11.7998232 2.3246804
OS 11.8001938 2.325129
OS 11.8005071 2.3255722
OS 11.8007631 2.32601
OS 11.8009619 2.3264425
OS 11.8011033 2.3268697
OS 11.8011874 2.3272915
OS 11.8012143 2.327708
OS 11.8011839 2.3281192
OS 11.8010962 2.328525
OS 11.8064776 2.3231436
OS 11.8060718 2.3232313
OS 11.8056606 2.3232617
OS 11.8052441 2.3232348
OS 11.8048223 2.3231507
OS 11.8043951 2.3230093
OS 11.8039626 2.3228105
OS 11.8035248 2.3225545
OS 11.8030816 2.3222412
OS 11.802633 2.3218706
OS 11.8021791 2.3214427
OS 11.7993953 2.3242265
OE
SE
S P 0
OB 10.1224408 2.5309587 I
OS 10.1224054 2.5316114
OS 10.1222991 2.5322684
OS 10.1221219 2.5329299
OS 10.1218739 2.5335958
OS 10.121555 2.5342661
OS 10.1211652 2.5349408
OS 10.1207046 2.53562
OS 10.1201731 2.5363035
OS 10.1195707 2.5369915
OS 10.1188975 2.5376839
OS 10.1299211 2.5376839
OS 10.1292479 2.5369915
OS 10.128114 2.53562
OS 10.1276534 2.5349408
OS 10.1272636 2.5342661
OS 10.1269447 2.5335958
OS 10.1266967 2.5329299
OS 10.1265195 2.5322684
OS 10.1264132 2.5316114
OS 10.1263778 2.5309587
OS 10.1224408 2.5309587
OE
SE
S P 0
OB 10.5836042 2.2876836 I
OS 10.5840908 2.2872471
OS 10.5846305 2.2868577
OS 10.5852235 2.2865152
OS 10.5858698 2.2862198
OS 10.5865692 2.2859713
OS 10.587322 2.2857698
OS 10.5881279 2.2856153
OS 10.5889871 2.2855077
OS 10.5898995 2.2854472
OS 10.5908652 2.2854336
OS 10.5830703 2.2776387
OS 10.5830567 2.2786044
OS 10.5828886 2.280376
OS 10.5827341 2.2811819
OS 10.5825326 2.2819347
OS 10.5822841 2.2826341
OS 10.5819887 2.2832804
OS 10.5816462 2.2838734
OS 10.5812568 2.2844131
OS 10.5808203 2.2848997
OS 10.5836042 2.2876836
OE
SE
S P 0
OB 10.1421259 2.5309587 I
OS 10.1420905 2.5316114
OS 10.1419842 2.5322684
OS 10.141807 2.5329299
OS 10.141559 2.5335958
OS 10.1412401 2.5342661
OS 10.1408503 2.5349408
OS 10.1403897 2.53562
OS 10.1398582 2.5363035
OS 10.1392558 2.5369915
OS 10.1385826 2.5376839
OS 10.1496062 2.5376839
OS 10.148933 2.5369915
OS 10.1477991 2.53562
OS 10.1473385 2.5349408
OS 10.1469487 2.5342661
OS 10.1466298 2.5335958
OS 10.1463818 2.5329299
OS 10.1462046 2.5322684
OS 10.1460983 2.5316114
OS 10.1460629 2.5309587
OS 10.1421259 2.5309587
OE
SE
S P 0
OB 10.6013216 2.3014622 I
OS 10.6018082 2.3010257
OS 10.6023479 2.3006363
OS 10.6029409 2.3002938
OS 10.6035872 2.2999984
OS 10.6042866 2.2997499
OS 10.6050394 2.2995484
OS 10.6058453 2.2993939
OS 10.6067045 2.2992863
OS 10.6076169 2.2992258
OS 10.6085826 2.2992122
OS 10.6007877 2.2914173
OS 10.6007741 2.292383
OS 10.600606 2.2941546
OS 10.6004515 2.2949605
OS 10.60025 2.2957133
OS 10.6000015 2.2964127
OS 10.5997061 2.297059
OS 10.5993636 2.297652
OS 10.5989742 2.2981917
OS 10.5985377 2.2986783
OS 10.6013216 2.3014622
OE
SE
S P 0
OB 10.1618109 2.5309587 I
OS 10.1617755 2.5316114
OS 10.1616692 2.5322684
OS 10.161492 2.5329299
OS 10.161244 2.5335958
OS 10.1609251 2.5342661
OS 10.1605353 2.5349408
OS 10.1600747 2.53562
OS 10.1595432 2.5363035
OS 10.1589408 2.5369915
OS 10.1582676 2.5376839
OS 10.1692912 2.5376839
OS 10.168618 2.5369915
OS 10.1674841 2.53562
OS 10.1670235 2.5349408
OS 10.1666337 2.5342661
OS 10.1663148 2.5335958
OS 10.1660668 2.5329299
OS 10.1658896 2.5322684
OS 10.1657833 2.5316114
OS 10.1657479 2.5309587
OS 10.1618109 2.5309587
OE
SE
S P 0
OB 10.181496 2.5309587 I
OS 10.1814606 2.5316114
OS 10.1813543 2.5322684
OS 10.1811771 2.5329299
OS 10.1809291 2.5335958
OS 10.1806102 2.5342661
OS 10.1802204 2.5349408
OS 10.1797598 2.53562
OS 10.1792283 2.5363035
OS 10.1786259 2.5369915
OS 10.1779527 2.5376839
OS 10.1889763 2.5376839
OS 10.1883031 2.5369915
OS 10.1871692 2.53562
OS 10.1867086 2.5349408
OS 10.1863188 2.5342661
OS 10.1859999 2.5335958
OS 10.1857519 2.5329299
OS 10.1855747 2.5322684
OS 10.1854684 2.5316114
OS 10.185433 2.5309587
OS 10.181496 2.5309587
OE
SE
S P 0
OB 10.5993953 2.3242265 I
OS 10.5998232 2.3246804
OS 10.6001938 2.325129
OS 10.6005071 2.3255722
OS 10.6007631 2.32601
OS 10.6009619 2.3264425
OS 10.6011033 2.3268697
OS 10.6011874 2.3272915
OS 10.6012143 2.327708
OS 10.6011839 2.3281192
OS 10.6010962 2.328525
OS 10.6064776 2.3231436
OS 10.6060718 2.3232313
OS 10.6056606 2.3232617
OS 10.6052441 2.3232348
OS 10.6048223 2.3231507
OS 10.6043951 2.3230093
OS 10.6039626 2.3228105
OS 10.6035248 2.3225545
OS 10.6030816 2.3222412
OS 10.602633 2.3218706
OS 10.6021791 2.3214427
OS 10.5993953 2.3242265
OE
SE
S P 0
OB 8.9288287 2.5321667 I
OS 8.9284352 2.5325264
OS 8.9279707 2.5328894
OS 8.9274352 2.5332558
OS 8.9268287 2.5336256
OS 8.9254028 2.5343751
OS 8.923693 2.5351379
OS 8.9216991 2.5359142
OS 8.9317465 2.5404496
OS 8.931472 2.5396539
OS 8.9312799 2.5388884
OS 8.9311702 2.5381531
OS 8.931143 2.537448
OS 8.9311982 2.5367732
OS 8.9313359 2.5361285
OS 8.9315561 2.5355141
OS 8.9318587 2.5349298
OS 8.9322437 2.5343758
OS 8.9327112 2.533852
OS 8.9288287 2.5321667
OE
SE
S P 0
OB 9.3836042 2.2876836 I
OS 9.3840908 2.2872471
OS 9.3846305 2.2868577
OS 9.3852235 2.2865152
OS 9.3858698 2.2862198
OS 9.3865692 2.2859713
OS 9.387322 2.2857698
OS 9.3881279 2.2856153
OS 9.3889871 2.2855077
OS 9.3898995 2.2854472
OS 9.3908652 2.2854336
OS 9.3830703 2.2776387
OS 9.3830567 2.2786044
OS 9.3828886 2.280376
OS 9.3827341 2.2811819
OS 9.3825326 2.2819347
OS 9.3822841 2.2826341
OS 9.3819887 2.2832804
OS 9.3816462 2.2838734
OS 9.3812568 2.2844131
OS 9.3808203 2.2848997
OS 9.3836042 2.2876836
OE
SE
S P 0
OB 8.9514341 2.5331835 I
OS 8.9509475 2.53362
OS 8.9504078 2.5340094
OS 8.9498148 2.5343519
OS 8.9491685 2.5346473
OS 8.9484691 2.5348958
OS 8.9477163 2.5350973
OS 8.9469104 2.5352518
OS 8.9460512 2.5353594
OS 8.9451388 2.5354199
OS 8.9441731 2.5354335
OS 8.951968 2.5432284
OS 8.9519816 2.5422627
OS 8.9521497 2.5404911
OS 8.9523042 2.5396852
OS 8.9525057 2.5389324
OS 8.9527542 2.538233
OS 8.9530496 2.5375867
OS 8.9533921 2.5369937
OS 8.9537815 2.536454
OS 8.954218 2.5359674
OS 8.9514341 2.5331835
OE
SE
S P 0
OB 9.4013216 2.3014622 I
OS 9.4018082 2.3010257
OS 9.4023479 2.3006363
OS 9.4029409 2.3002938
OS 9.4035872 2.2999984
OS 9.4042866 2.2997499
OS 9.4050394 2.2995484
OS 9.4058453 2.2993939
OS 9.4067045 2.2992863
OS 9.4076169 2.2992258
OS 9.4085826 2.2992122
OS 9.4007877 2.2914173
OS 9.4007741 2.292383
OS 9.400606 2.2941546
OS 9.4004515 2.2949605
OS 9.40025 2.2957133
OS 9.4000015 2.2964127
OS 9.3997061 2.297059
OS 9.3993636 2.297652
OS 9.3989742 2.2981917
OS 9.3985377 2.2986783
OS 9.4013216 2.3014622
OE
SE
S P 0
OB 8.9751626 2.533852 I
OS 8.9756301 2.5343758
OS 8.9760151 2.5349298
OS 8.9763177 2.5355141
OS 8.9765379 2.5361285
OS 8.9766756 2.5367732
OS 8.9767308 2.537448
OS 8.9767036 2.5381531
OS 8.9765939 2.5388884
OS 8.9764018 2.5396539
OS 8.9761273 2.5404496
OS 8.9861747 2.5359142
OS 8.9851423 2.5355244
OS 8.9817225 2.5339986
OS 8.9810451 2.5336256
OS 8.9799031 2.5328894
OS 8.9794386 2.5325264
OS 8.9790451 2.5321667
OS 8.9751626 2.533852
OE
SE
S P 0
OB 9.3993953 2.3242265 I
OS 9.3998232 2.3246804
OS 9.4001938 2.325129
OS 9.4005071 2.3255722
OS 9.4007631 2.32601
OS 9.4009619 2.3264425
OS 9.4011033 2.3268697
OS 9.4011874 2.3272915
OS 9.4012143 2.327708
OS 9.4011839 2.3281192
OS 9.4010962 2.328525
OS 9.4064776 2.3231436
OS 9.4060718 2.3232313
OS 9.4056606 2.3232617
OS 9.4052441 2.3232348
OS 9.4048223 2.3231507
OS 9.4043951 2.3230093
OS 9.4039626 2.3228105
OS 9.4035248 2.3225545
OS 9.4030816 2.3222412
OS 9.402633 2.3218706
OS 9.4021791 2.3214427
OS 9.3993953 2.3242265
OE
SE
S P 0
OB 7.7230527 2.5536909 I
OS 7.7225441 2.554145
OS 7.7219926 2.5545329
OS 7.7213983 2.5548548
OS 7.720761 2.5551105
OS 7.7200808 2.5553001
OS 7.7193577 2.5554236
OS 7.7185917 2.555481
OS 7.7177828 2.5554722
OS 7.716931 2.5553974
OS 7.7160363 2.5552564
OS 7.7223304 2.5643065
OS 7.722519 2.5632961
OS 7.7229696 2.5614612
OS 7.7232317 2.5606368
OS 7.7238295 2.559174
OS 7.7241651 2.5585356
OS 7.7245252 2.5579592
OS 7.7249098 2.5574448
OS 7.725319 2.5569924
OS 7.7230527 2.5536909
OE
SE
S P 0
OB 8.1836043 2.2876836 I
OS 8.1840909 2.2872471
OS 8.1846306 2.2868577
OS 8.1852236 2.2865152
OS 8.1858699 2.2862198
OS 8.1865693 2.2859713
OS 8.1873221 2.2857698
OS 8.188128 2.2856153
OS 8.1889872 2.2855077
OS 8.1898996 2.2854472
OS 8.1908653 2.2854336
OS 8.1830704 2.2776387
OS 8.1830568 2.2786044
OS 8.1828887 2.280376
OS 8.1827342 2.2811819
OS 8.1825327 2.2819347
OS 8.1822842 2.2826341
OS 8.1819888 2.2832804
OS 8.1816463 2.2838734
OS 8.1812569 2.2844131
OS 8.1808204 2.2848997
OS 8.1836043 2.2876836
OE
SE
S P 0
OB 7.7440027 2.552426 I
OS 7.7435371 2.5528458
OS 7.7430123 2.5532332
OS 7.7424283 2.5535881
OS 7.7417851 2.5539106
OS 7.7410827 2.5542006
OS 7.7403212 2.5544582
OS 7.7395004 2.5546834
OS 7.7376814 2.5550363
OS 7.7366831 2.5551641
OS 7.7453423 2.561986
OS 7.7452506 2.5610646
OS 7.745219 2.5601899
OS 7.7452474 2.5593616
OS 7.7453359 2.55858
OS 7.7454845 2.5578449
OS 7.7456931 2.5571565
OS 7.7459618 2.5565146
OS 7.7462905 2.5559192
OS 7.7466793 2.5553705
OS 7.7471282 2.5548683
OS 7.7440027 2.552426
OE
SE
S P 0
OB 8.2013217 2.3014622 I
OS 8.2018083 2.3010257
OS 8.202348 2.3006363
OS 8.202941 2.3002938
OS 8.2035873 2.2999984
OS 8.2042867 2.2997499
OS 8.2050395 2.2995484
OS 8.2058454 2.2993939
OS 8.2067046 2.2992863
OS 8.207617 2.2992258
OS 8.2085827 2.2992122
OS 8.2007878 2.2914173
OS 8.2007742 2.292383
OS 8.2006061 2.2941546
OS 8.2004516 2.2949605
OS 8.2002501 2.2957133
OS 8.2000016 2.2964127
OS 8.1997062 2.297059
OS 8.1993637 2.297652
OS 8.1989743 2.2981917
OS 8.1985378 2.2986783
OS 8.2013217 2.3014622
OE
SE
S P 0
OB 8.1987287 2.316929 I
OS 8.1992843 2.3169448
OS 8.2005236 2.3170709
OS 8.2012074 2.3171813
OS 8.2035154 2.3177016
OS 8.2052678 2.3182061
OS 8.2062082 2.3185057
OS 8.2010357 2.3090617
OS 8.2008065 2.3098085
OS 8.2005232 2.3104766
OS 8.200186 2.3110662
OS 8.1997947 2.3115771
OS 8.1993495 2.3120094
OS 8.1988502 2.3123632
OS 8.1982969 2.3126383
OS 8.1976896 2.3128348
OS 8.1970283 2.3129527
OS 8.196313 2.312992
OS 8.1987287 2.316929
OE
SE
S P 0
OB 8.1977009 2.3253837 I
OS 8.1980919 2.3258141
OS 8.1984701 2.3263103
OS 8.1988353 2.3268723
OS 8.1991876 2.3275001
OS 8.1995269 2.3281937
OS 8.200167 2.3297784
OS 8.2004676 2.3306694
OS 8.2010302 2.3326489
OS 8.206569 2.3231178
OS 8.2057151 2.3233215
OS 8.2048987 2.3234513
OS 8.2041199 2.3235074
OS 8.2033786 2.3234898
OS 8.2026748 2.3233983
OS 8.2020086 2.3232331
OS 8.20138 2.322994
OS 8.2007888 2.3226812
OS 8.2002353 2.3222946
OS 8.1997192 2.3218342
OS 8.1977009 2.3253837
OE
SE
S P 0
OB 7.773341 2.5556524 I
OS 7.7737775 2.556139
OS 7.7741669 2.5566787
OS 7.7745094 2.5572717
OS 7.7748048 2.557918
OS 7.7750533 2.5586174
OS 7.7752548 2.5593702
OS 7.7754093 2.5601761
OS 7.7755169 2.5610353
OS 7.7755774 2.5619477
OS 7.775591 2.5629134
OS 7.7833859 2.5551185
OS 7.7824202 2.5551049
OS 7.7806486 2.5549368
OS 7.7798427 2.5547823
OS 7.7790899 2.5545808
OS 7.7783905 2.5543323
OS 7.7777442 2.5540369
OS 7.7771512 2.5536944
OS 7.7766115 2.553305
OS 7.7761249 2.5528685
OS 7.773341 2.5556524
OE
SE
S P 0
OB 12.6113054 2.0959217 I
OS 12.6108689 2.0954352
OS 12.6104795 2.0948954
OS 12.6101371 2.0943024
OS 12.6098416 2.0936561
OS 12.6095931 2.0929567
OS 12.6093916 2.0922039
OS 12.6092371 2.091398
OS 12.6091296 2.0905388
OS 12.6090691 2.0896264
OS 12.6090555 2.0886607
OS 12.6012605 2.0964555
OS 12.6022262 2.0964691
OS 12.6039978 2.0966372
OS 12.6048037 2.0967917
OS 12.6055565 2.0969932
OS 12.6062559 2.0972417
OS 12.6069022 2.0975372
OS 12.6074952 2.0978797
OS 12.6080349 2.0982691
OS 12.6085215 2.0987055
OS 12.6113054 2.0959217
OE
SE
S P 0
OB 13.1958263 2.2627842 I
OS 13.1963237 2.2633313
OS 13.1967157 2.2638728
OS 13.1970025 2.2644085
OS 13.1971841 2.2649385
OS 13.1972603 2.2654629
OS 13.1972312 2.2659815
OS 13.1970969 2.2664943
OS 13.1968572 2.2670015
OS 13.1965123 2.267503
OS 13.1960621 2.2679987
OS 13.2062309 2.2672727
OS 13.2059296 2.2670375
OS 13.2045466 2.2658113
OS 13.1996252 2.2610153
OS 13.1958263 2.2627842
OE
SE
S P 0
OB 12.6113055 2.1333236 I
OS 12.610869 2.132837
OS 12.6104796 2.1322973
OS 12.6101371 2.1317043
OS 12.6098417 2.131058
OS 12.6095932 2.1303586
OS 12.6093917 2.1296058
OS 12.6092372 2.1287999
OS 12.6091296 2.1279407
OS 12.6090691 2.1270283
OS 12.6090555 2.1260626
OS 12.6012606 2.1338575
OS 12.6022263 2.1338711
OS 12.6039979 2.1340392
OS 12.6048038 2.1341937
OS 12.6055566 2.1343952
OS 12.606256 2.1346437
OS 12.6069023 2.1349391
OS 12.6074953 2.1352816
OS 12.608035 2.135671
OS 12.6085216 2.1361075
OS 12.6113055 2.1333236
OE
SE
S P 0
OB 13.1799214 2.2750535 I
OS 13.179886 2.2757062
OS 13.1797797 2.2763632
OS 13.1796025 2.2770247
OS 13.1793545 2.2776906
OS 13.1790356 2.2783609
OS 13.1786458 2.2790356
OS 13.1781852 2.2797148
OS 13.1776537 2.2803983
OS 13.1770513 2.2810863
OS 13.1763781 2.2817787
OS 13.1874017 2.2817787
OS 13.1867285 2.2810863
OS 13.1855946 2.2797148
OS 13.185134 2.2790356
OS 13.1847442 2.2783609
OS 13.1844253 2.2776906
OS 13.1841773 2.2770247
OS 13.1840001 2.2763632
OS 13.1838938 2.2757062
OS 13.1838584 2.2750535
OS 13.1799214 2.2750535
OE
SE
S P 0
OB 12.6113055 2.1628516 I
OS 12.610869 2.162365
OS 12.6104796 2.1618253
OS 12.6101371 2.1612323
OS 12.6098417 2.160586
OS 12.6095932 2.1598866
OS 12.6093917 2.1591338
OS 12.6092372 2.1583279
OS 12.6091296 2.1574687
OS 12.6090691 2.1565563
OS 12.6090555 2.1555906
OS 12.6012606 2.1633855
OS 12.6022263 2.1633991
OS 12.6039979 2.1635672
OS 12.6048038 2.1637217
OS 12.6055566 2.1639232
OS 12.606256 2.1641717
OS 12.6069023 2.1644671
OS 12.6074953 2.1648096
OS 12.608035 2.165199
OS 12.6085216 2.1656355
OS 12.6113055 2.1628516
OE
SE
S P 0
OB 13.1540503 2.2662822 I
OS 13.1544868 2.2667688
OS 13.1548762 2.2673085
OS 13.1552187 2.2679015
OS 13.1555141 2.2685478
OS 13.1557626 2.2692472
OS 13.1559641 2.27
OS 13.1561186 2.2708059
OS 13.1562262 2.2716651
OS 13.1562867 2.2725775
OS 13.1563003 2.2735432
OS 13.1640952 2.2657483
OS 13.1631295 2.2657347
OS 13.1613579 2.2655666
OS 13.160552 2.2654121
OS 13.1597992 2.2652106
OS 13.1590998 2.2649621
OS 13.1584535 2.2646667
OS 13.1578605 2.2643242
OS 13.1573208 2.2639348
OS 13.1568342 2.2634983
OS 13.1540503 2.2662822
OE
SE
S P 0
OB 12.6014617 2.1864732 I
OS 12.6010253 2.1859867
OS 12.6006358 2.1854469
OS 12.6002934 2.1848539
OS 12.5999979 2.1842077
OS 12.5997494 2.1835082
OS 12.5995478 2.1827555
OS 12.5993933 2.1819496
OS 12.5992857 2.1810904
OS 12.5992251 2.180178
OS 12.5992115 2.1792123
OS 12.591417 2.1870075
OS 12.5923826 2.187021
OS 12.5941542 2.1871891
OS 12.5949602 2.1873435
OS 12.5957129 2.187545
OS 12.5964124 2.1877935
OS 12.5970586 2.1880889
OS 12.5976516 2.1884313
OS 12.5981914 2.1888208
OS 12.598678 2.1892572
OS 12.6014617 2.1864732
OE
SE
S P 0
OB 13.1323963 2.2662822 I
OS 13.1328328 2.2667688
OS 13.1332222 2.2673085
OS 13.1335647 2.2679015
OS 13.1338601 2.2685478
OS 13.1341086 2.2692472
OS 13.1343101 2.27
OS 13.1344646 2.2708059
OS 13.1345722 2.2716651
OS 13.1346327 2.2725775
OS 13.1346463 2.2735432
OS 13.1424412 2.2657483
OS 13.1414755 2.2657347
OS 13.1397039 2.2655666
OS 13.138898 2.2654121
OS 13.1381452 2.2652106
OS 13.1374458 2.2649621
OS 13.1367995 2.2646667
OS 13.1362065 2.2643242
OS 13.1356668 2.2639348
OS 13.1351802 2.2634983
OS 13.1323963 2.2662822
OE
SE
S P 0
OB 11.9958263 2.2627843 I
OS 11.9963237 2.2633314
OS 11.9967157 2.2638729
OS 11.9970025 2.2644086
OS 11.9971841 2.2649386
OS 11.9972603 2.265463
OS 11.9972312 2.2659816
OS 11.9970969 2.2664944
OS 11.9968572 2.2670016
OS 11.9965123 2.2675031
OS 11.9960621 2.2679988
OS 12.0062309 2.2672728
OS 12.0059296 2.2670376
OS 12.0045466 2.2658114
OS 11.9996252 2.2610154
OS 11.9958263 2.2627843
OE
SE
S P 0
OB 11.4113054 2.0959218 I
OS 11.4108689 2.0954353
OS 11.4104795 2.0948955
OS 11.4101371 2.0943025
OS 11.4098416 2.0936562
OS 11.4095931 2.0929568
OS 11.4093916 2.092204
OS 11.4092371 2.0913981
OS 11.4091296 2.0905389
OS 11.4090691 2.0896265
OS 11.4090555 2.0886608
OS 11.4012605 2.0964556
OS 11.4022262 2.0964692
OS 11.4039978 2.0966373
OS 11.4048037 2.0967918
OS 11.4055565 2.0969933
OS 11.4062559 2.0972418
OS 11.4069022 2.0975373
OS 11.4074952 2.0978798
OS 11.4080349 2.0982692
OS 11.4085215 2.0987056
OS 11.4113054 2.0959218
OE
SE
S P 0
OB 11.9799214 2.2750536 I
OS 11.979886 2.2757063
OS 11.9797797 2.2763633
OS 11.9796025 2.2770248
OS 11.9793545 2.2776907
OS 11.9790356 2.278361
OS 11.9786458 2.2790357
OS 11.9781852 2.2797149
OS 11.9776537 2.2803984
OS 11.9770513 2.2810864
OS 11.9763781 2.2817788
OS 11.9874017 2.2817788
OS 11.9867285 2.2810864
OS 11.9855946 2.2797149
OS 11.985134 2.2790357
OS 11.9847442 2.278361
OS 11.9844253 2.2776907
OS 11.9841773 2.2770248
OS 11.9840001 2.2763633
OS 11.9838938 2.2757063
OS 11.9838584 2.2750536
OS 11.9799214 2.2750536
OE
SE
S P 0
OB 11.4113055 2.1333237 I
OS 11.410869 2.1328371
OS 11.4104796 2.1322974
OS 11.4101371 2.1317044
OS 11.4098417 2.1310581
OS 11.4095932 2.1303587
OS 11.4093917 2.1296059
OS 11.4092372 2.1288
OS 11.4091296 2.1279408
OS 11.4090691 2.1270284
OS 11.4090555 2.1260627
OS 11.4012606 2.1338576
OS 11.4022263 2.1338712
OS 11.4039979 2.1340393
OS 11.4048038 2.1341938
OS 11.4055566 2.1343953
OS 11.406256 2.1346438
OS 11.4069023 2.1349392
OS 11.4074953 2.1352817
OS 11.408035 2.1356711
OS 11.4085216 2.1361076
OS 11.4113055 2.1333237
OE
SE
S P 0
OB 11.4113055 2.1628517 I
OS 11.410869 2.1623651
OS 11.4104796 2.1618254
OS 11.4101371 2.1612324
OS 11.4098417 2.1605861
OS 11.4095932 2.1598867
OS 11.4093917 2.1591339
OS 11.4092372 2.158328
OS 11.4091296 2.1574688
OS 11.4090691 2.1565564
OS 11.4090555 2.1555907
OS 11.4012606 2.1633856
OS 11.4022263 2.1633992
OS 11.4039979 2.1635673
OS 11.4048038 2.1637218
OS 11.4055566 2.1639233
OS 11.406256 2.1641718
OS 11.4069023 2.1644672
OS 11.4074953 2.1648097
OS 11.408035 2.1651991
OS 11.4085216 2.1656356
OS 11.4113055 2.1628517
OE
SE
S P 0
OB 11.9540503 2.2662823 I
OS 11.9544868 2.2667689
OS 11.9548762 2.2673086
OS 11.9552187 2.2679016
OS 11.9555141 2.2685479
OS 11.9557626 2.2692473
OS 11.9559641 2.2700001
OS 11.9561186 2.270806
OS 11.9562262 2.2716652
OS 11.9562867 2.2725776
OS 11.9563003 2.2735433
OS 11.9640952 2.2657484
OS 11.9631295 2.2657348
OS 11.9613579 2.2655667
OS 11.960552 2.2654122
OS 11.9597992 2.2652107
OS 11.9590998 2.2649622
OS 11.9584535 2.2646668
OS 11.9578605 2.2643243
OS 11.9573208 2.2639349
OS 11.9568342 2.2634984
OS 11.9540503 2.2662823
OE
SE
S P 0
OB 11.4014617 2.1864733 I
OS 11.4010253 2.1859868
OS 11.4006358 2.185447
OS 11.4002934 2.184854
OS 11.3999979 2.1842078
OS 11.3997494 2.1835083
OS 11.3995478 2.1827556
OS 11.3993933 2.1819497
OS 11.3992857 2.1810905
OS 11.3992251 2.1801781
OS 11.3992115 2.1792124
OS 11.391417 2.1870076
OS 11.3923826 2.1870211
OS 11.3941542 2.1871892
OS 11.3949602 2.1873436
OS 11.3957129 2.1875451
OS 11.3964124 2.1877936
OS 11.3970586 2.188089
OS 11.3976516 2.1884314
OS 11.3981914 2.1888209
OS 11.398678 2.1892573
OS 11.4014617 2.1864733
OE
SE
S P 0
OB 11.9323963 2.2662823 I
OS 11.9328328 2.2667689
OS 11.9332222 2.2673086
OS 11.9335647 2.2679016
OS 11.9338601 2.2685479
OS 11.9341086 2.2692473
OS 11.9343101 2.2700001
OS 11.9344646 2.270806
OS 11.9345722 2.2716652
OS 11.9346327 2.2725776
OS 11.9346463 2.2735433
OS 11.9424412 2.2657484
OS 11.9414755 2.2657348
OS 11.9397039 2.2655667
OS 11.938898 2.2654122
OS 11.9381452 2.2652107
OS 11.9374458 2.2649622
OS 11.9367995 2.2646668
OS 11.9362065 2.2643243
OS 11.9356668 2.2639349
OS 11.9351802 2.2634984
OS 11.9323963 2.2662823
OE
SE
S P 0
OB 10.2113054 2.0959218 I
OS 10.2108689 2.0954353
OS 10.2104795 2.0948955
OS 10.2101371 2.0943025
OS 10.2098416 2.0936562
OS 10.2095931 2.0929568
OS 10.2093916 2.092204
OS 10.2092371 2.0913981
OS 10.2091296 2.0905389
OS 10.2090691 2.0896265
OS 10.2090555 2.0886608
OS 10.2012605 2.0964556
OS 10.2022262 2.0964692
OS 10.2039978 2.0966373
OS 10.2048037 2.0967918
OS 10.2055565 2.0969933
OS 10.2062559 2.0972418
OS 10.2069022 2.0975373
OS 10.2074952 2.0978798
OS 10.2080349 2.0982692
OS 10.2085215 2.0987056
OS 10.2113054 2.0959218
OE
SE
S P 0
OB 10.7958263 2.2627843 I
OS 10.7963237 2.2633314
OS 10.7967157 2.2638729
OS 10.7970025 2.2644086
OS 10.7971841 2.2649386
OS 10.7972603 2.265463
OS 10.7972312 2.2659816
OS 10.7970969 2.2664944
OS 10.7968572 2.2670016
OS 10.7965123 2.2675031
OS 10.7960621 2.2679988
OS 10.8062309 2.2672728
OS 10.8059296 2.2670376
OS 10.8045466 2.2658114
OS 10.7996252 2.2610154
OS 10.7958263 2.2627843
OE
SE
S P 0
OB 10.2113055 2.1333237 I
OS 10.210869 2.1328371
OS 10.2104796 2.1322974
OS 10.2101371 2.1317044
OS 10.2098417 2.1310581
OS 10.2095932 2.1303587
OS 10.2093917 2.1296059
OS 10.2092372 2.1288
OS 10.2091296 2.1279408
OS 10.2090691 2.1270284
OS 10.2090555 2.1260627
OS 10.2012606 2.1338576
OS 10.2022263 2.1338712
OS 10.2039979 2.1340393
OS 10.2048038 2.1341938
OS 10.2055566 2.1343953
OS 10.206256 2.1346438
OS 10.2069023 2.1349392
OS 10.2074953 2.1352817
OS 10.208035 2.1356711
OS 10.2085216 2.1361076
OS 10.2113055 2.1333237
OE
SE
S P 0
OB 10.7799214 2.2750536 I
OS 10.779886 2.2757063
OS 10.7797797 2.2763633
OS 10.7796025 2.2770248
OS 10.7793545 2.2776907
OS 10.7790356 2.278361
OS 10.7786458 2.2790357
OS 10.7781852 2.2797149
OS 10.7776537 2.2803984
OS 10.7770513 2.2810864
OS 10.7763781 2.2817788
OS 10.7874017 2.2817788
OS 10.7867285 2.2810864
OS 10.7855946 2.2797149
OS 10.785134 2.2790357
OS 10.7847442 2.278361
OS 10.7844253 2.2776907
OS 10.7841773 2.2770248
OS 10.7840001 2.2763633
OS 10.7838938 2.2757063
OS 10.7838584 2.2750536
OS 10.7799214 2.2750536
OE
SE
S P 0
OB 10.2113055 2.1628517 I
OS 10.210869 2.1623651
OS 10.2104796 2.1618254
OS 10.2101371 2.1612324
OS 10.2098417 2.1605861
OS 10.2095932 2.1598867
OS 10.2093917 2.1591339
OS 10.2092372 2.158328
OS 10.2091296 2.1574688
OS 10.2090691 2.1565564
OS 10.2090555 2.1555907
OS 10.2012606 2.1633856
OS 10.2022263 2.1633992
OS 10.2039979 2.1635673
OS 10.2048038 2.1637218
OS 10.2055566 2.1639233
OS 10.206256 2.1641718
OS 10.2069023 2.1644672
OS 10.2074953 2.1648097
OS 10.208035 2.1651991
OS 10.2085216 2.1656356
OS 10.2113055 2.1628517
OE
SE
S P 0
OB 10.7540503 2.2662823 I
OS 10.7544868 2.2667689
OS 10.7548762 2.2673086
OS 10.7552187 2.2679016
OS 10.7555141 2.2685479
OS 10.7557626 2.2692473
OS 10.7559641 2.2700001
OS 10.7561186 2.270806
OS 10.7562262 2.2716652
OS 10.7562867 2.2725776
OS 10.7563003 2.2735433
OS 10.7640952 2.2657484
OS 10.7631295 2.2657348
OS 10.7613579 2.2655667
OS 10.760552 2.2654122
OS 10.7597992 2.2652107
OS 10.7590998 2.2649622
OS 10.7584535 2.2646668
OS 10.7578605 2.2643243
OS 10.7573208 2.2639349
OS 10.7568342 2.2634984
OS 10.7540503 2.2662823
OE
SE
S P 0
OB 10.2014617 2.1864733 I
OS 10.2010253 2.1859868
OS 10.2006358 2.185447
OS 10.2002934 2.184854
OS 10.1999979 2.1842078
OS 10.1997494 2.1835083
OS 10.1995478 2.1827556
OS 10.1993933 2.1819497
OS 10.1992857 2.1810905
OS 10.1992251 2.1801781
OS 10.1992115 2.1792124
OS 10.191417 2.1870076
OS 10.1923826 2.1870211
OS 10.1941542 2.1871892
OS 10.1949602 2.1873436
OS 10.1957129 2.1875451
OS 10.1964124 2.1877936
OS 10.1970586 2.188089
OS 10.1976516 2.1884314
OS 10.1981914 2.1888209
OS 10.198678 2.1892573
OS 10.2014617 2.1864733
OE
SE
S P 0
OB 10.7323963 2.2662823 I
OS 10.7328328 2.2667689
OS 10.7332222 2.2673086
OS 10.7335647 2.2679016
OS 10.7338601 2.2685479
OS 10.7341086 2.2692473
OS 10.7343101 2.2700001
OS 10.7344646 2.270806
OS 10.7345722 2.2716652
OS 10.7346327 2.2725776
OS 10.7346463 2.2735433
OS 10.7424412 2.2657484
OS 10.7414755 2.2657348
OS 10.7397039 2.2655667
OS 10.738898 2.2654122
OS 10.7381452 2.2652107
OS 10.7374458 2.2649622
OS 10.7367995 2.2646668
OS 10.7362065 2.2643243
OS 10.7356668 2.2639349
OS 10.7351802 2.2634984
OS 10.7323963 2.2662823
OE
SE
S P 0
OB 9.0113054 2.0959218 I
OS 9.0108689 2.0954353
OS 9.0104795 2.0948955
OS 9.0101371 2.0943025
OS 9.0098416 2.0936562
OS 9.0095931 2.0929568
OS 9.0093916 2.092204
OS 9.0092371 2.0913981
OS 9.0091296 2.0905389
OS 9.0090691 2.0896265
OS 9.0090555 2.0886608
OS 9.0012605 2.0964556
OS 9.0022262 2.0964692
OS 9.0039978 2.0966373
OS 9.0048037 2.0967918
OS 9.0055565 2.0969933
OS 9.0062559 2.0972418
OS 9.0069022 2.0975373
OS 9.0074952 2.0978798
OS 9.0080349 2.0982692
OS 9.0085215 2.0987056
OS 9.0113054 2.0959218
OE
SE
S P 0
OB 9.5958263 2.2627843 I
OS 9.5963237 2.2633314
OS 9.5967157 2.2638729
OS 9.5970025 2.2644086
OS 9.5971841 2.2649386
OS 9.5972603 2.265463
OS 9.5972312 2.2659816
OS 9.5970969 2.2664944
OS 9.5968572 2.2670016
OS 9.5965123 2.2675031
OS 9.5960621 2.2679988
OS 9.6062309 2.2672728
OS 9.6059296 2.2670376
OS 9.6045466 2.2658114
OS 9.5996252 2.2610154
OS 9.5958263 2.2627843
OE
SE
S P 0
OB 9.0113055 2.1333237 I
OS 9.010869 2.1328371
OS 9.0104796 2.1322974
OS 9.0101371 2.1317044
OS 9.0098417 2.1310581
OS 9.0095932 2.1303587
OS 9.0093917 2.1296059
OS 9.0092372 2.1288
OS 9.0091296 2.1279408
OS 9.0090691 2.1270284
OS 9.0090555 2.1260627
OS 9.0012606 2.1338576
OS 9.0022263 2.1338712
OS 9.0039979 2.1340393
OS 9.0048038 2.1341938
OS 9.0055566 2.1343953
OS 9.006256 2.1346438
OS 9.0069023 2.1349392
OS 9.0074953 2.1352817
OS 9.008035 2.1356711
OS 9.0085216 2.1361076
OS 9.0113055 2.1333237
OE
SE
S P 0
OB 9.5799214 2.2750536 I
OS 9.579886 2.2757063
OS 9.5797797 2.2763633
OS 9.5796025 2.2770248
OS 9.5793545 2.2776907
OS 9.5790356 2.278361
OS 9.5786458 2.2790357
OS 9.5781852 2.2797149
OS 9.5776537 2.2803984
OS 9.5770513 2.2810864
OS 9.5763781 2.2817788
OS 9.5874017 2.2817788
OS 9.5867285 2.2810864
OS 9.5855946 2.2797149
OS 9.585134 2.2790357
OS 9.5847442 2.278361
OS 9.5844253 2.2776907
OS 9.5841773 2.2770248
OS 9.5840001 2.2763633
OS 9.5838938 2.2757063
OS 9.5838584 2.2750536
OS 9.5799214 2.2750536
OE
SE
S P 0
OB 9.0113055 2.1628517 I
OS 9.010869 2.1623651
OS 9.0104796 2.1618254
OS 9.0101371 2.1612324
OS 9.0098417 2.1605861
OS 9.0095932 2.1598867
OS 9.0093917 2.1591339
OS 9.0092372 2.158328
OS 9.0091296 2.1574688
OS 9.0090691 2.1565564
OS 9.0090555 2.1555907
OS 9.0012606 2.1633856
OS 9.0022263 2.1633992
OS 9.0039979 2.1635673
OS 9.0048038 2.1637218
OS 9.0055566 2.1639233
OS 9.006256 2.1641718
OS 9.0069023 2.1644672
OS 9.0074953 2.1648097
OS 9.008035 2.1651991
OS 9.0085216 2.1656356
OS 9.0113055 2.1628517
OE
SE
S P 0
OB 9.5540503 2.2662823 I
OS 9.5544868 2.2667689
OS 9.5548762 2.2673086
OS 9.5552187 2.2679016
OS 9.5555141 2.2685479
OS 9.5557626 2.2692473
OS 9.5559641 2.2700001
OS 9.5561186 2.270806
OS 9.5562262 2.2716652
OS 9.5562867 2.2725776
OS 9.5563003 2.2735433
OS 9.5640952 2.2657484
OS 9.5631295 2.2657348
OS 9.5613579 2.2655667
OS 9.560552 2.2654122
OS 9.5597992 2.2652107
OS 9.5590998 2.2649622
OS 9.5584535 2.2646668
OS 9.5578605 2.2643243
OS 9.5573208 2.2639349
OS 9.5568342 2.2634984
OS 9.5540503 2.2662823
OE
SE
S P 0
OB 9.0014617 2.1864733 I
OS 9.0010253 2.1859868
OS 9.0006358 2.185447
OS 9.0002934 2.184854
OS 8.9999979 2.1842078
OS 8.9997494 2.1835083
OS 8.9995478 2.1827556
OS 8.9993933 2.1819497
OS 8.9992857 2.1810905
OS 8.9992251 2.1801781
OS 8.9992115 2.1792124
OS 8.991417 2.1870076
OS 8.9923826 2.1870211
OS 8.9941542 2.1871892
OS 8.9949602 2.1873436
OS 8.9957129 2.1875451
OS 8.9964124 2.1877936
OS 8.9970586 2.188089
OS 8.9976516 2.1884314
OS 8.9981914 2.1888209
OS 8.998678 2.1892573
OS 9.0014617 2.1864733
OE
SE
S P 0
OB 9.5323963 2.2662823 I
OS 9.5328328 2.2667689
OS 9.5332222 2.2673086
OS 9.5335647 2.2679016
OS 9.5338601 2.2685479
OS 9.5341086 2.2692473
OS 9.5343101 2.2700001
OS 9.5344646 2.270806
OS 9.5345722 2.2716652
OS 9.5346327 2.2725776
OS 9.5346463 2.2735433
OS 9.5424412 2.2657484
OS 9.5414755 2.2657348
OS 9.5397039 2.2655667
OS 9.538898 2.2654122
OS 9.5381452 2.2652107
OS 9.5374458 2.2649622
OS 9.5367995 2.2646668
OS 9.5362065 2.2643243
OS 9.5356668 2.2639349
OS 9.5351802 2.2634984
OS 9.5323963 2.2662823
OE
SE
S P 0
OB 8.3958264 2.2627843 I
OS 8.3963238 2.2633314
OS 8.3967158 2.2638729
OS 8.3970026 2.2644086
OS 8.3971842 2.2649386
OS 8.3972604 2.265463
OS 8.3972313 2.2659816
OS 8.397097 2.2664944
OS 8.3968573 2.2670016
OS 8.3965124 2.2675031
OS 8.3960622 2.2679988
OS 8.406231 2.2672728
OS 8.4059297 2.2670376
OS 8.4045467 2.2658114
OS 8.3996253 2.2610154
OS 8.3958264 2.2627843
OE
SE
S P 0
OB 7.8113055 2.0959218 I
OS 7.810869 2.0954353
OS 7.8104796 2.0948955
OS 7.8101372 2.0943025
OS 7.8098417 2.0936562
OS 7.8095932 2.0929568
OS 7.8093917 2.092204
OS 7.8092372 2.0913981
OS 7.8091297 2.0905389
OS 7.8090692 2.0896265
OS 7.8090556 2.0886608
OS 7.8012606 2.0964556
OS 7.8022263 2.0964692
OS 7.8039979 2.0966373
OS 7.8048038 2.0967918
OS 7.8055566 2.0969933
OS 7.806256 2.0972418
OS 7.8069023 2.0975373
OS 7.8074953 2.0978798
OS 7.808035 2.0982692
OS 7.8085216 2.0987056
OS 7.8113055 2.0959218
OE
SE
S P 0
OB 8.3799215 2.2750536 I
OS 8.3798861 2.2757063
OS 8.3797798 2.2763633
OS 8.3796026 2.2770248
OS 8.3793546 2.2776907
OS 8.3790357 2.278361
OS 8.3786459 2.2790357
OS 8.3781853 2.2797149
OS 8.3776538 2.2803984
OS 8.3770514 2.2810864
OS 8.3763782 2.2817788
OS 8.3874018 2.2817788
OS 8.3867286 2.2810864
OS 8.3855947 2.2797149
OS 8.3851341 2.2790357
OS 8.3847443 2.278361
OS 8.3844254 2.2776907
OS 8.3841774 2.2770248
OS 8.3840002 2.2763633
OS 8.3838939 2.2757063
OS 8.3838585 2.2750536
OS 8.3799215 2.2750536
OE
SE
S P 0
OB 7.8113056 2.1333237 I
OS 7.8108691 2.1328371
OS 7.8104797 2.1322974
OS 7.8101372 2.1317044
OS 7.8098418 2.1310581
OS 7.8095933 2.1303587
OS 7.8093918 2.1296059
OS 7.8092373 2.1288
OS 7.8091297 2.1279408
OS 7.8090692 2.1270284
OS 7.8090556 2.1260627
OS 7.8012607 2.1338576
OS 7.8022264 2.1338712
OS 7.803998 2.1340393
OS 7.8048039 2.1341938
OS 7.8055567 2.1343953
OS 7.8062561 2.1346438
OS 7.8069024 2.1349392
OS 7.8074954 2.1352817
OS 7.8080351 2.1356711
OS 7.8085217 2.1361076
OS 7.8113056 2.1333237
OE
SE
S P 0
OB 8.3540504 2.2662823 I
OS 8.3544869 2.2667689
OS 8.3548763 2.2673086
OS 8.3552188 2.2679016
OS 8.3555142 2.2685479
OS 8.3557627 2.2692473
OS 8.3559642 2.2700001
OS 8.3561187 2.270806
OS 8.3562263 2.2716652
OS 8.3562868 2.2725776
OS 8.3563004 2.2735433
OS 8.3640953 2.2657484
OS 8.3631296 2.2657348
OS 8.361358 2.2655667
OS 8.3605521 2.2654122
OS 8.3597993 2.2652107
OS 8.3590999 2.2649622
OS 8.3584536 2.2646668
OS 8.3578606 2.2643243
OS 8.3573209 2.2639349
OS 8.3568343 2.2634984
OS 8.3540504 2.2662823
OE
SE
S P 0
OB 7.8113056 2.1628517 I
OS 7.8108691 2.1623651
OS 7.8104797 2.1618254
OS 7.8101372 2.1612324
OS 7.8098418 2.1605861
OS 7.8095933 2.1598867
OS 7.8093918 2.1591339
OS 7.8092373 2.158328
OS 7.8091297 2.1574688
OS 7.8090692 2.1565564
OS 7.8090556 2.1555907
OS 7.8012607 2.1633856
OS 7.8022264 2.1633992
OS 7.803998 2.1635673
OS 7.8048039 2.1637218
OS 7.8055567 2.1639233
OS 7.8062561 2.1641718
OS 7.8069024 2.1644672
OS 7.8074954 2.1648097
OS 7.8080351 2.1651991
OS 7.8085217 2.1656356
OS 7.8113056 2.1628517
OE
SE
S P 0
OB 8.3323964 2.2662823 I
OS 8.3328329 2.2667689
OS 8.3332223 2.2673086
OS 8.3335648 2.2679016
OS 8.3338602 2.2685479
OS 8.3341087 2.2692473
OS 8.3343102 2.2700001
OS 8.3344647 2.270806
OS 8.3345723 2.2716652
OS 8.3346328 2.2725776
OS 8.3346464 2.2735433
OS 8.3424413 2.2657484
OS 8.3414756 2.2657348
OS 8.339704 2.2655667
OS 8.3388981 2.2654122
OS 8.3381453 2.2652107
OS 8.3374459 2.2649622
OS 8.3367996 2.2646668
OS 8.3362066 2.2643243
OS 8.3356669 2.2639349
OS 8.3351803 2.2634984
OS 8.3323964 2.2662823
OE
SE
S P 0
OB 7.8014618 2.1864733 I
OS 7.8010254 2.1859868
OS 7.8006359 2.185447
OS 7.8002935 2.184854
OS 7.799998 2.1842078
OS 7.7997495 2.1835083
OS 7.7995479 2.1827556
OS 7.7993934 2.1819497
OS 7.7992858 2.1810905
OS 7.7992252 2.1801781
OS 7.7992116 2.1792124
OS 7.7914171 2.1870076
OS 7.7923827 2.1870211
OS 7.7941543 2.1871892
OS 7.7949603 2.1873436
OS 7.795713 2.1875451
OS 7.7964125 2.1877936
OS 7.7970587 2.188089
OS 7.7976517 2.1884314
OS 7.7981915 2.1888209
OS 7.7986781 2.1892573
OS 7.8014618 2.1864733
OE
SE
S P 0
OB 10.8720134 2.8763714 I
OS 10.8724809 2.8768952
OS 10.8728659 2.8774492
OS 10.8731685 2.8780335
OS 10.8733886 2.8786479
OS 10.8735263 2.8792925
OS 10.8735815 2.8799674
OS 10.8735543 2.8806724
OS 10.8734446 2.8814077
OS 10.8732525 2.8821732
OS 10.8729779 2.8829688
OS 10.8830255 2.8784341
OS 10.8819931 2.8780442
OS 10.8785734 2.8765182
OS 10.877896 2.8761451
OS 10.8767541 2.875409
OS 10.8762896 2.875046
OS 10.8758961 2.8746863
OS 10.8720134 2.8763714
OE
SE
S P 0
OB 10.1906638 3.0438414 I
OS 10.1911003 3.044328
OS 10.1914897 3.0448677
OS 10.1918322 3.0454607
OS 10.1921276 3.046107
OS 10.1923761 3.0468064
OS 10.1925776 3.0475592
OS 10.1927321 3.0483651
OS 10.1928397 3.0492243
OS 10.1929002 3.0501367
OS 10.1929138 3.0511024
OS 10.2007087 3.0433075
OS 10.199743 3.0432939
OS 10.1979714 3.0431258
OS 10.1971655 3.0429713
OS 10.1964127 3.0427698
OS 10.1957133 3.0425213
OS 10.195067 3.0422259
OS 10.194474 3.0418834
OS 10.1939343 3.041494
OS 10.1934477 3.0410575
OS 10.1906638 3.0438414
OE
SE
S P 0
OB 8.9898764 2.9414791 I
OS 8.9903129 2.9419657
OS 8.9907023 2.9425054
OS 8.9910448 2.9430984
OS 8.9913402 2.9437447
OS 8.9915887 2.9444441
OS 8.9917902 2.9451969
OS 8.9919447 2.9460028
OS 8.9920523 2.946862
OS 8.9921128 2.9477744
OS 8.9921264 2.9487401
OS 8.9999213 2.9409452
OS 8.9989556 2.9409316
OS 8.997184 2.9407635
OS 8.9963781 2.940609
OS 8.9956253 2.9404075
OS 8.9949259 2.940159
OS 8.9942796 2.9398636
OS 8.9936866 2.9395211
OS 8.9931469 2.9391317
OS 8.9926603 2.9386952
OS 8.9898764 2.9414791
OE
SE
S P 0
OB 9.6074794 2.875984 I
OS 9.6074761 2.876405
OS 9.6073975 2.8776667
OS 9.6073615 2.8778766
OS 9.6073189 2.8780443
OS 9.6072698 2.8781698
OS 9.6072141 2.8782531
OS 9.6071519 2.8782942
OS 9.6117439 2.8782942
OS 9.6116817 2.8782531
OS 9.611626 2.8781698
OS 9.6115769 2.8780443
OS 9.6115343 2.8778766
OS 9.6114983 2.8776667
OS 9.6114688 2.8774146
OS 9.6114295 2.8767837
OS 9.6114164 2.875984
OS 9.6074794 2.875984
OE
SE
S P 0
OB 8.9898764 2.9769132 I
OS 8.9903129 2.9773998
OS 8.9907023 2.9779395
OS 8.9910448 2.9785325
OS 8.9913402 2.9791788
OS 8.9915887 2.9798782
OS 8.9917902 2.980631
OS 8.9919447 2.9814369
OS 8.9920523 2.9822961
OS 8.9921128 2.9832085
OS 8.9921264 2.9841742
OS 8.9999213 2.9763793
OS 8.9989556 2.9763657
OS 8.997184 2.9761976
OS 8.9963781 2.9760431
OS 8.9956253 2.9758416
OS 8.9949259 2.9755931
OS 8.9942796 2.9752977
OS 8.9936866 2.9749552
OS 8.9931469 2.9745658
OS 8.9926603 2.9741293
OS 8.9898764 2.9769132
OE
SE
S P 0
OB 9.6259446 2.8755806 I
OS 9.6264249 2.876116
OS 9.6268094 2.8766659
OS 9.6270981 2.8772302
OS 9.627291 2.877809
OS 9.627388 2.8784022
OS 9.6273892 2.8790098
OS 9.6272946 2.8796319
OS 9.6271042 2.8802684
OS 9.6268179 2.8809193
OS 9.6264358 2.8815847
OS 9.6367801 2.8788809
OS 9.6359579 2.8784325
OS 9.6325243 2.8762777
OS 9.6319731 2.8758642
OS 9.6310061 2.8750546
OS 9.6305904 2.8746586
OS 9.6259446 2.8755806
OE
SE
S P 0
OB 8.9898764 3.0103762 I
OS 8.9903129 3.0108628
OS 8.9907023 3.0114025
OS 8.9910448 3.0119955
OS 8.9913402 3.0126418
OS 8.9915887 3.0133412
OS 8.9917902 3.014094
OS 8.9919447 3.0148999
OS 8.9920523 3.0157591
OS 8.9921128 3.0166715
OS 8.9921264 3.0176372
OS 8.9999213 3.0098423
OS 8.9989556 3.0098287
OS 8.997184 3.0096606
OS 8.9963781 3.0095061
OS 8.9956253 3.0093046
OS 8.9949259 3.0090561
OS 8.9942796 3.0087607
OS 8.9936866 3.0084182
OS 8.9931469 3.0080288
OS 8.9926603 3.0075923
OS 8.9898764 3.0103762
OE
SE
S P 0
OB 9.6473923 2.8773403 I
OS 9.6478464 2.8778489
OS 9.6482343 2.8784003
OS 9.6485561 2.8789947
OS 9.6488118 2.879632
OS 9.6490014 2.8803121
OS 9.6491248 2.8810352
OS 9.6491821 2.8818012
OS 9.6491733 2.88261
OS 9.6490984 2.8834618
OS 9.6489573 2.8843564
OS 9.6580082 2.8780634
OS 9.6569977 2.8778747
OS 9.6551629 2.8774239
OS 9.6543385 2.8771617
OS 9.6528756 2.8765639
OS 9.6522373 2.8762282
OS 9.6516609 2.8758681
OS 9.6511465 2.8754835
OS 9.6506941 2.8750743
OS 9.6473923 2.8773403
OE
SE
S P 0
OB 8.9898764 3.0399053 I
OS 8.9903129 3.0403919
OS 8.9907023 3.0409316
OS 8.9910448 3.0415246
OS 8.9913402 3.0421709
OS 8.9915887 3.0428703
OS 8.9917902 3.0436231
OS 8.9919447 3.044429
OS 8.9920523 3.0452882
OS 8.9921128 3.0462006
OS 8.9921264 3.0471663
OS 8.9999213 3.0393714
OS 8.9989556 3.0393578
OS 8.997184 3.0391897
OS 8.9963781 3.0390352
OS 8.9956253 3.0388337
OS 8.9949259 3.0385852
OS 8.9942796 3.0382898
OS 8.9936866 3.0379473
OS 8.9931469 3.0375579
OS 8.9926603 3.0371214
OS 8.9898764 3.0399053
OE
SE
S P 0
OB 9.6720134 2.8763714 I
OS 9.6724809 2.8768952
OS 9.6728659 2.8774492
OS 9.6731685 2.8780335
OS 9.6733886 2.8786479
OS 9.6735263 2.8792925
OS 9.6735815 2.8799674
OS 9.6735543 2.8806724
OS 9.6734446 2.8814077
OS 9.6732525 2.8821732
OS 9.6729779 2.8829688
OS 9.6830255 2.8784341
OS 9.6819931 2.8780442
OS 9.6785734 2.8765182
OS 9.677896 2.8761451
OS 9.6767541 2.875409
OS 9.6762896 2.875046
OS 9.6758961 2.8746863
OS 9.6720134 2.8763714
OE
SE
S P 0
OB 8.4074795 2.875984 I
OS 8.4074762 2.876405
OS 8.4073976 2.8776667
OS 8.4073616 2.8778766
OS 8.407319 2.8780443
OS 8.4072699 2.8781698
OS 8.4072142 2.8782531
OS 8.407152 2.8782942
OS 8.411744 2.8782942
OS 8.4116818 2.8782531
OS 8.4116261 2.8781698
OS 8.411577 2.8780443
OS 8.4115344 2.8778766
OS 8.4114984 2.8776667
OS 8.4114689 2.8774146
OS 8.4114296 2.8767837
OS 8.4114165 2.875984
OS 8.4074795 2.875984
OE
SE
S P 0
OB 7.789089 2.9414792 I
OS 7.7895255 2.9419658
OS 7.7899149 2.9425055
OS 7.7902574 2.9430985
OS 7.7905528 2.9437448
OS 7.7908013 2.9444442
OS 7.7910028 2.945197
OS 7.7911573 2.9460029
OS 7.7912649 2.9468621
OS 7.7913254 2.9477745
OS 7.791339 2.9487402
OS 7.7991339 2.9409453
OS 7.7981682 2.9409317
OS 7.7963966 2.9407636
OS 7.7955907 2.9406091
OS 7.7948379 2.9404076
OS 7.7941385 2.9401591
OS 7.7934922 2.9398637
OS 7.7928992 2.9395212
OS 7.7923595 2.9391318
OS 7.7918729 2.9386953
OS 7.789089 2.9414792
OE
SE
S P 0
OB 8.4259447 2.8755806 I
OS 8.426425 2.876116
OS 8.4268095 2.8766659
OS 8.4270982 2.8772302
OS 8.4272911 2.877809
OS 8.4273881 2.8784022
OS 8.4273893 2.8790098
OS 8.4272947 2.8796319
OS 8.4271043 2.8802684
OS 8.426818 2.8809193
OS 8.4264359 2.8815847
OS 8.4367802 2.8788809
OS 8.435958 2.8784325
OS 8.4325244 2.8762777
OS 8.4319732 2.8758642
OS 8.4310062 2.8750546
OS 8.4305905 2.8746586
OS 8.4259447 2.8755806
OE
SE
S P 0
OB 7.789089 2.9729753 I
OS 7.7895255 2.9734619
OS 7.7899149 2.9740016
OS 7.7902574 2.9745946
OS 7.7905528 2.9752409
OS 7.7908013 2.9759403
OS 7.7910028 2.9766931
OS 7.7911573 2.977499
OS 7.7912649 2.9783582
OS 7.7913254 2.9792706
OS 7.791339 2.9802363
OS 7.7991339 2.9724414
OS 7.7981682 2.9724278
OS 7.7963966 2.9722597
OS 7.7955907 2.9721052
OS 7.7948379 2.9719037
OS 7.7941385 2.9716552
OS 7.7934922 2.9713598
OS 7.7928992 2.9710173
OS 7.7923595 2.9706279
OS 7.7918729 2.9701914
OS 7.789089 2.9729753
OE
SE
S P 0
OB 8.4473924 2.8773403 I
OS 8.4478465 2.8778489
OS 8.4482344 2.8784003
OS 8.4485562 2.8789947
OS 8.4488119 2.879632
OS 8.4490015 2.8803121
OS 8.4491249 2.8810352
OS 8.4491822 2.8818012
OS 8.4491734 2.88261
OS 8.4490985 2.8834618
OS 8.4489574 2.8843564
OS 8.4580083 2.8780634
OS 8.4569978 2.8778747
OS 8.455163 2.8774239
OS 8.4543386 2.8771617
OS 8.4528757 2.8765639
OS 8.4522374 2.8762282
OS 8.451661 2.8758681
OS 8.4511466 2.8754835
OS 8.4506942 2.8750743
OS 8.4473924 2.8773403
OE
SE
S P 0
OB 7.7890734 3.0084023 I
OS 7.7895099 3.0088889
OS 7.7898993 3.0094286
OS 7.7902418 3.0100216
OS 7.7905372 3.0106679
OS 7.7907857 3.0113673
OS 7.7909872 3.0121201
OS 7.7911417 3.012926
OS 7.7912493 3.0137852
OS 7.7913098 3.0146976
OS 7.7913234 3.0156633
OS 7.7991183 3.0078684
OS 7.7981526 3.0078548
OS 7.796381 3.0076867
OS 7.7955751 3.0075322
OS 7.7948223 3.0073307
OS 7.7941229 3.0070822
OS 7.7934766 3.0067868
OS 7.7928836 3.0064443
OS 7.7923439 3.0060549
OS 7.7918573 3.0056184
OS 7.7890734 3.0084023
OE
SE
S P 0
OB 8.4720135 2.8763714 I
OS 8.472481 2.8768952
OS 8.472866 2.8774492
OS 8.4731686 2.8780335
OS 8.4733887 2.8786479
OS 8.4735264 2.8792925
OS 8.4735816 2.8799674
OS 8.4735544 2.8806724
OS 8.4734447 2.8814077
OS 8.4732526 2.8821732
OS 8.472978 2.8829688
OS 8.4830256 2.8784341
OS 8.4819932 2.8780442
OS 8.4785735 2.8765182
OS 8.4778961 2.8761451
OS 8.4767542 2.875409
OS 8.4762897 2.875046
OS 8.4758962 2.8746863
OS 8.4720135 2.8763714
OE
SE
S P 0
OB 7.789089 3.0438414 I
OS 7.7895255 3.044328
OS 7.7899149 3.0448677
OS 7.7902574 3.0454607
OS 7.7905528 3.046107
OS 7.7908013 3.0468064
OS 7.7910028 3.0475592
OS 7.7911573 3.0483651
OS 7.7912649 3.0492243
OS 7.7913254 3.0501367
OS 7.791339 3.0511024
OS 7.7991339 3.0433075
OS 7.7981682 3.0432939
OS 7.7963966 3.0431258
OS 7.7955907 3.0429713
OS 7.7948379 3.0427698
OS 7.7941385 3.0425213
OS 7.7934922 3.0422259
OS 7.7928992 3.0418834
OS 7.7923595 3.041494
OS 7.7918729 3.0410575
OS 7.789089 3.0438414
OE
SE
S P 0
OB 12.9982813 2.6712604 I
OS 12.9989966 2.6712997
OS 12.9996579 2.6714176
OS 13.0002652 2.6716141
OS 13.0008185 2.6718893
OS 13.0013178 2.672243
OS 13.0017631 2.6726753
OS 13.0021545 2.6731863
OS 13.0024918 2.6737759
OS 13.0027751 2.674444
OS 13.0030045 2.6751908
OS 13.008176 2.665746
OS 13.0072355 2.6660457
OS 13.0031747 2.667071
OS 13.0024909 2.6671814
OS 13.0012517 2.6673076
OS 13.0006962 2.6673234
OS 12.9982813 2.6712604
OE
SE
S P 0
OB 12.5347883 2.7145674 I
OS 12.5341356 2.714532
OS 12.5334786 2.7144257
OS 12.5328171 2.7142485
OS 12.5321512 2.7140005
OS 12.5314809 2.7136816
OS 12.5308062 2.7132918
OS 12.530127 2.7128312
OS 12.5294435 2.7122997
OS 12.5287555 2.7116973
OS 12.5280631 2.7110241
OS 12.5280631 2.7220477
OS 12.5287555 2.7213745
OS 12.530127 2.7202406
OS 12.5308062 2.71978
OS 12.5314809 2.7193902
OS 12.5321512 2.7190713
OS 12.5328171 2.7188233
OS 12.5334786 2.7186461
OS 12.5341356 2.7185398
OS 12.5347883 2.7185044
OS 12.5347883 2.7145674
OE
SE
S P 0
OB 13.0005063 2.6895102 I
OS 13.0009428 2.6899968
OS 13.0013322 2.6905365
OS 13.0016747 2.6911295
OS 13.0019701 2.6917758
OS 13.0022186 2.6924752
OS 13.0024201 2.693228
OS 13.0025746 2.6940339
OS 13.0026822 2.6948931
OS 13.0027427 2.6958055
OS 13.0027563 2.6967712
OS 13.0105512 2.6889763
OS 13.0095855 2.6889627
OS 13.0078139 2.6887946
OS 13.007008 2.6886401
OS 13.0062552 2.6884386
OS 13.0055558 2.6881901
OS 13.0049095 2.6878947
OS 13.0043165 2.6875522
OS 13.0037768 2.6871628
OS 13.0032902 2.6867263
OS 13.0005063 2.6895102
OE
SE
S P 0
OB 12.5297796 2.7300343 I
OS 12.529293 2.7304708
OS 12.5287533 2.7308602
OS 12.5281603 2.7312027
OS 12.527514 2.7314981
OS 12.5268146 2.7317466
OS 12.5260618 2.7319481
OS 12.5252559 2.7321026
OS 12.5243967 2.7322102
OS 12.5234843 2.7322707
OS 12.5225186 2.7322843
OS 12.5303135 2.7400792
OS 12.5303271 2.7391135
OS 12.5304952 2.7373419
OS 12.5306497 2.736536
OS 12.5308512 2.7357832
OS 12.5310997 2.7350838
OS 12.5313951 2.7344375
OS 12.5317376 2.7338445
OS 12.532127 2.7333048
OS 12.5325635 2.7328182
OS 12.5297796 2.7300343
OE
SE
S P 0
OB 12.5297796 2.7536563 I
OS 12.529293 2.7540928
OS 12.5287533 2.7544822
OS 12.5281603 2.7548247
OS 12.527514 2.7551201
OS 12.5268146 2.7553686
OS 12.5260618 2.7555701
OS 12.5252559 2.7557246
OS 12.5243967 2.7558322
OS 12.5234843 2.7558927
OS 12.5225186 2.7559063
OS 12.5303135 2.7637012
OS 12.5303271 2.7627355
OS 12.5304952 2.7609639
OS 12.5306497 2.760158
OS 12.5308512 2.7594052
OS 12.5310997 2.7587058
OS 12.5313951 2.7580595
OS 12.5317376 2.7574665
OS 12.532127 2.7569268
OS 12.5325635 2.7564402
OS 12.5297796 2.7536563
OE
SE
S P 0
OB 13.0086614 2.7258415 I
OS 13.008626 2.7264942
OS 13.0085197 2.7271512
OS 13.0083425 2.7278127
OS 13.0080945 2.7284786
OS 13.0077756 2.7291489
OS 13.0073858 2.7298236
OS 13.0069252 2.7305028
OS 13.0063937 2.7311863
OS 13.0057913 2.7318743
OS 13.0051181 2.7325667
OS 13.0161417 2.7325667
OS 13.0154685 2.7318743
OS 13.0143346 2.7305028
OS 13.013874 2.7298236
OS 13.0134842 2.7291489
OS 13.0131653 2.7284786
OS 13.0129173 2.7278127
OS 13.0127401 2.7271512
OS 13.0126338 2.7264942
OS 13.0125984 2.7258415
OS 13.0086614 2.7258415
OE
SE
S P 0
OB 12.5297799 2.7772786 I
OS 12.5292933 2.777715
OS 12.5287536 2.7781044
OS 12.5281605 2.7784468
OS 12.5275143 2.7787423
OS 12.5268148 2.7789907
OS 12.5260621 2.7791922
OS 12.5252561 2.7793467
OS 12.524397 2.7794542
OS 12.5234845 2.7795148
OS 12.5225189 2.7795283
OS 12.5303135 2.7873234
OS 12.5303271 2.7863577
OS 12.5304952 2.7845861
OS 12.5306498 2.7837802
OS 12.5308513 2.7830275
OS 12.5310998 2.782328
OS 12.5313953 2.7816818
OS 12.5317378 2.7810888
OS 12.5321272 2.780549
OS 12.5325637 2.7800625
OS 12.5297799 2.7772786
OE
SE
S P 0
OB 13.0005063 2.7544722 I
OS 13.0009428 2.7549588
OS 13.0013322 2.7554985
OS 13.0016747 2.7560915
OS 13.0019701 2.7567378
OS 13.0022186 2.7574372
OS 13.0024201 2.75819
OS 13.0025746 2.7589959
OS 13.0026822 2.7598551
OS 13.0027427 2.7607675
OS 13.0027563 2.7617332
OS 13.0105512 2.7539383
OS 13.0095855 2.7539247
OS 13.0078139 2.7537566
OS 13.007008 2.7536021
OS 13.0062552 2.7534006
OS 13.0055558 2.7531521
OS 13.0049095 2.7528567
OS 13.0043165 2.7525142
OS 13.0037768 2.7521248
OS 13.0032902 2.7516883
OS 13.0005063 2.7544722
OE
SE
S P 0
OB 11.7982813 2.6712605 I
OS 11.7989966 2.6712998
OS 11.7996579 2.6714177
OS 11.8002652 2.6716142
OS 11.8008185 2.6718894
OS 11.8013178 2.6722431
OS 11.8017631 2.6726754
OS 11.8021545 2.6731864
OS 11.8024918 2.673776
OS 11.8027751 2.6744441
OS 11.8030045 2.6751909
OS 11.808176 2.6657461
OS 11.8072355 2.6660458
OS 11.8031747 2.6670711
OS 11.8024909 2.6671815
OS 11.8012517 2.6673077
OS 11.8006962 2.6673235
OS 11.7982813 2.6712605
OE
SE
S P 0
OB 11.3347883 2.7145675 I
OS 11.3341356 2.7145321
OS 11.3334786 2.7144258
OS 11.3328171 2.7142486
OS 11.3321512 2.7140006
OS 11.3314809 2.7136817
OS 11.3308062 2.7132919
OS 11.330127 2.7128313
OS 11.3294435 2.7122998
OS 11.3287555 2.7116974
OS 11.3280631 2.7110242
OS 11.3280631 2.7220478
OS 11.3287555 2.7213746
OS 11.330127 2.7202407
OS 11.3308062 2.7197801
OS 11.3314809 2.7193903
OS 11.3321512 2.7190714
OS 11.3328171 2.7188234
OS 11.3334786 2.7186462
OS 11.3341356 2.7185399
OS 11.3347883 2.7185045
OS 11.3347883 2.7145675
OE
SE
S P 0
OB 11.3297796 2.7300344 I
OS 11.329293 2.7304709
OS 11.3287533 2.7308603
OS 11.3281603 2.7312028
OS 11.327514 2.7314982
OS 11.3268146 2.7317467
OS 11.3260618 2.7319482
OS 11.3252559 2.7321027
OS 11.3243967 2.7322103
OS 11.3234843 2.7322708
OS 11.3225186 2.7322844
OS 11.3303135 2.7400793
OS 11.3303271 2.7391136
OS 11.3304952 2.737342
OS 11.3306497 2.7365361
OS 11.3308512 2.7357833
OS 11.3310997 2.7350839
OS 11.3313951 2.7344376
OS 11.3317376 2.7338446
OS 11.332127 2.7333049
OS 11.3325635 2.7328183
OS 11.3297796 2.7300344
OE
SE
S P 0
OB 11.8005063 2.6895103 I
OS 11.8009428 2.6899969
OS 11.8013322 2.6905366
OS 11.8016747 2.6911296
OS 11.8019701 2.6917759
OS 11.8022186 2.6924753
OS 11.8024201 2.6932281
OS 11.8025746 2.694034
OS 11.8026822 2.6948932
OS 11.8027427 2.6958056
OS 11.8027563 2.6967713
OS 11.8105512 2.6889764
OS 11.8095855 2.6889628
OS 11.8078139 2.6887947
OS 11.807008 2.6886402
OS 11.8062552 2.6884387
OS 11.8055558 2.6881902
OS 11.8049095 2.6878948
OS 11.8043165 2.6875523
OS 11.8037768 2.6871629
OS 11.8032902 2.6867264
OS 11.8005063 2.6895103
OE
SE
S P 0
OB 11.3297796 2.7536564 I
OS 11.329293 2.7540929
OS 11.3287533 2.7544823
OS 11.3281603 2.7548248
OS 11.327514 2.7551202
OS 11.3268146 2.7553687
OS 11.3260618 2.7555702
OS 11.3252559 2.7557247
OS 11.3243967 2.7558323
OS 11.3234843 2.7558928
OS 11.3225186 2.7559064
OS 11.3303135 2.7637013
OS 11.3303271 2.7627356
OS 11.3304952 2.760964
OS 11.3306497 2.7601581
OS 11.3308512 2.7594053
OS 11.3310997 2.7587059
OS 11.3313951 2.7580596
OS 11.3317376 2.7574666
OS 11.332127 2.7569269
OS 11.3325635 2.7564403
OS 11.3297796 2.7536564
OE
SE
S P 0
OB 11.8086614 2.7258416 I
OS 11.808626 2.7264943
OS 11.8085197 2.7271513
OS 11.8083425 2.7278128
OS 11.8080945 2.7284787
OS 11.8077756 2.729149
OS 11.8073858 2.7298237
OS 11.8069252 2.7305029
OS 11.8063937 2.7311864
OS 11.8057913 2.7318744
OS 11.8051181 2.7325668
OS 11.8161417 2.7325668
OS 11.8154685 2.7318744
OS 11.8143346 2.7305029
OS 11.813874 2.7298237
OS 11.8134842 2.729149
OS 11.8131653 2.7284787
OS 11.8129173 2.7278128
OS 11.8127401 2.7271513
OS 11.8126338 2.7264943
OS 11.8125984 2.7258416
OS 11.8086614 2.7258416
OE
SE
S P 0
OB 11.3297799 2.7772787 I
OS 11.3292933 2.7777151
OS 11.3287536 2.7781045
OS 11.3281605 2.7784469
OS 11.3275143 2.7787424
OS 11.3268148 2.7789908
OS 11.3260621 2.7791923
OS 11.3252561 2.7793468
OS 11.324397 2.7794543
OS 11.3234845 2.7795149
OS 11.3225189 2.7795284
OS 11.3303135 2.7873235
OS 11.3303271 2.7863578
OS 11.3304952 2.7845862
OS 11.3306498 2.7837803
OS 11.3308513 2.7830276
OS 11.3310998 2.7823281
OS 11.3313953 2.7816819
OS 11.3317378 2.7810889
OS 11.3321272 2.7805491
OS 11.3325637 2.7800626
OS 11.3297799 2.7772787
OE
SE
S P 0
OB 11.8005063 2.7544723 I
OS 11.8009428 2.7549589
OS 11.8013322 2.7554986
OS 11.8016747 2.7560916
OS 11.8019701 2.7567379
OS 11.8022186 2.7574373
OS 11.8024201 2.7581901
OS 11.8025746 2.758996
OS 11.8026822 2.7598552
OS 11.8027427 2.7607676
OS 11.8027563 2.7617333
OS 11.8105512 2.7539384
OS 11.8095855 2.7539248
OS 11.8078139 2.7537567
OS 11.807008 2.7536022
OS 11.8062552 2.7534007
OS 11.8055558 2.7531522
OS 11.8049095 2.7528568
OS 11.8043165 2.7525143
OS 11.8037768 2.7521249
OS 11.8032902 2.7516884
OS 11.8005063 2.7544723
OE
SE
S P 0
OB 10.5982813 2.6712605 I
OS 10.5989966 2.6712998
OS 10.5996579 2.6714177
OS 10.6002652 2.6716142
OS 10.6008185 2.6718894
OS 10.6013178 2.6722431
OS 10.6017631 2.6726754
OS 10.6021545 2.6731864
OS 10.6024918 2.673776
OS 10.6027751 2.6744441
OS 10.6030045 2.6751909
OS 10.608176 2.6657461
OS 10.6072355 2.6660458
OS 10.6031747 2.6670711
OS 10.6024909 2.6671815
OS 10.6012517 2.6673077
OS 10.6006962 2.6673235
OS 10.5982813 2.6712605
OE
SE
S P 0
OB 10.1347883 2.7145675 I
OS 10.1341356 2.7145321
OS 10.1334786 2.7144258
OS 10.1328171 2.7142486
OS 10.1321512 2.7140006
OS 10.1314809 2.7136817
OS 10.1308062 2.7132919
OS 10.130127 2.7128313
OS 10.1294435 2.7122998
OS 10.1287555 2.7116974
OS 10.1280631 2.7110242
OS 10.1280631 2.7220478
OS 10.1287555 2.7213746
OS 10.130127 2.7202407
OS 10.1308062 2.7197801
OS 10.1314809 2.7193903
OS 10.1321512 2.7190714
OS 10.1328171 2.7188234
OS 10.1334786 2.7186462
OS 10.1341356 2.7185399
OS 10.1347883 2.7185045
OS 10.1347883 2.7145675
OE
SE
S P 0
OB 10.6005063 2.6895103 I
OS 10.6009428 2.6899969
OS 10.6013322 2.6905366
OS 10.6016747 2.6911296
OS 10.6019701 2.6917759
OS 10.6022186 2.6924753
OS 10.6024201 2.6932281
OS 10.6025746 2.694034
OS 10.6026822 2.6948932
OS 10.6027427 2.6958056
OS 10.6027563 2.6967713
OS 10.6105512 2.6889764
OS 10.6095855 2.6889628
OS 10.6078139 2.6887947
OS 10.607008 2.6886402
OS 10.6062552 2.6884387
OS 10.6055558 2.6881902
OS 10.6049095 2.6878948
OS 10.6043165 2.6875523
OS 10.6037768 2.6871629
OS 10.6032902 2.6867264
OS 10.6005063 2.6895103
OE
SE
S P 0
OB 10.1297796 2.7300344 I
OS 10.129293 2.7304709
OS 10.1287533 2.7308603
OS 10.1281603 2.7312028
OS 10.127514 2.7314982
OS 10.1268146 2.7317467
OS 10.1260618 2.7319482
OS 10.1252559 2.7321027
OS 10.1243967 2.7322103
OS 10.1234843 2.7322708
OS 10.1225186 2.7322844
OS 10.1303135 2.7400793
OS 10.1303271 2.7391136
OS 10.1304952 2.737342
OS 10.1306497 2.7365361
OS 10.1308512 2.7357833
OS 10.1310997 2.7350839
OS 10.1313951 2.7344376
OS 10.1317376 2.7338446
OS 10.132127 2.7333049
OS 10.1325635 2.7328183
OS 10.1297796 2.7300344
OE
SE
S P 0
OB 10.1297796 2.7536564 I
OS 10.129293 2.7540929
OS 10.1287533 2.7544823
OS 10.1281603 2.7548248
OS 10.127514 2.7551202
OS 10.1268146 2.7553687
OS 10.1260618 2.7555702
OS 10.1252559 2.7557247
OS 10.1243967 2.7558323
OS 10.1234843 2.7558928
OS 10.1225186 2.7559064
OS 10.1303135 2.7637013
OS 10.1303271 2.7627356
OS 10.1304952 2.760964
OS 10.1306497 2.7601581
OS 10.1308512 2.7594053
OS 10.1310997 2.7587059
OS 10.1313951 2.7580596
OS 10.1317376 2.7574666
OS 10.132127 2.7569269
OS 10.1325635 2.7564403
OS 10.1297796 2.7536564
OE
SE
S P 0
OB 10.6086614 2.7258416 I
OS 10.608626 2.7264943
OS 10.6085197 2.7271513
OS 10.6083425 2.7278128
OS 10.6080945 2.7284787
OS 10.6077756 2.729149
OS 10.6073858 2.7298237
OS 10.6069252 2.7305029
OS 10.6063937 2.7311864
OS 10.6057913 2.7318744
OS 10.6051181 2.7325668
OS 10.6161417 2.7325668
OS 10.6154685 2.7318744
OS 10.6143346 2.7305029
OS 10.613874 2.7298237
OS 10.6134842 2.729149
OS 10.6131653 2.7284787
OS 10.6129173 2.7278128
OS 10.6127401 2.7271513
OS 10.6126338 2.7264943
OS 10.6125984 2.7258416
OS 10.6086614 2.7258416
OE
SE
S P 0
OB 10.1297799 2.7772787 I
OS 10.1292933 2.7777151
OS 10.1287536 2.7781045
OS 10.1281605 2.7784469
OS 10.1275143 2.7787424
OS 10.1268148 2.7789908
OS 10.1260621 2.7791923
OS 10.1252561 2.7793468
OS 10.124397 2.7794543
OS 10.1234845 2.7795149
OS 10.1225189 2.7795284
OS 10.1303135 2.7873235
OS 10.1303271 2.7863578
OS 10.1304952 2.7845862
OS 10.1306498 2.7837803
OS 10.1308513 2.7830276
OS 10.1310998 2.7823281
OS 10.1313953 2.7816819
OS 10.1317378 2.7810889
OS 10.1321272 2.7805491
OS 10.1325637 2.7800626
OS 10.1297799 2.7772787
OE
SE
S P 0
OB 10.6005063 2.7544723 I
OS 10.6009428 2.7549589
OS 10.6013322 2.7554986
OS 10.6016747 2.7560916
OS 10.6019701 2.7567379
OS 10.6022186 2.7574373
OS 10.6024201 2.7581901
OS 10.6025746 2.758996
OS 10.6026822 2.7598552
OS 10.6027427 2.7607676
OS 10.6027563 2.7617333
OS 10.6105512 2.7539384
OS 10.6095855 2.7539248
OS 10.6078139 2.7537567
OS 10.607008 2.7536022
OS 10.6062552 2.7534007
OS 10.6055558 2.7531522
OS 10.6049095 2.7528568
OS 10.6043165 2.7525143
OS 10.6037768 2.7521249
OS 10.6032902 2.7516884
OS 10.6005063 2.7544723
OE
SE
S P 0
OB 8.9347883 2.7145675 I
OS 8.9341356 2.7145321
OS 8.9334786 2.7144258
OS 8.9328171 2.7142486
OS 8.9321512 2.7140006
OS 8.9314809 2.7136817
OS 8.9308062 2.7132919
OS 8.930127 2.7128313
OS 8.9294435 2.7122998
OS 8.9287555 2.7116974
OS 8.9280631 2.7110242
OS 8.9280631 2.7220478
OS 8.9287555 2.7213746
OS 8.930127 2.7202407
OS 8.9308062 2.7197801
OS 8.9314809 2.7193903
OS 8.9321512 2.7190714
OS 8.9328171 2.7188234
OS 8.9334786 2.7186462
OS 8.9341356 2.7185399
OS 8.9347883 2.7185045
OS 8.9347883 2.7145675
OE
SE
S P 0
OB 9.3982813 2.6712605 I
OS 9.3989966 2.6712998
OS 9.3996579 2.6714177
OS 9.4002652 2.6716142
OS 9.4008185 2.6718894
OS 9.4013178 2.6722431
OS 9.4017631 2.6726754
OS 9.4021545 2.6731864
OS 9.4024918 2.673776
OS 9.4027751 2.6744441
OS 9.4030045 2.6751909
OS 9.408176 2.6657461
OS 9.4072355 2.6660458
OS 9.4031747 2.6670711
OS 9.4024909 2.6671815
OS 9.4012517 2.6673077
OS 9.4006962 2.6673235
OS 9.3982813 2.6712605
OE
SE
S P 0
OB 8.9297796 2.7300344 I
OS 8.929293 2.7304709
OS 8.9287533 2.7308603
OS 8.9281603 2.7312028
OS 8.927514 2.7314982
OS 8.9268146 2.7317467
OS 8.9260618 2.7319482
OS 8.9252559 2.7321027
OS 8.9243967 2.7322103
OS 8.9234843 2.7322708
OS 8.9225186 2.7322844
OS 8.9303135 2.7400793
OS 8.9303271 2.7391136
OS 8.9304952 2.737342
OS 8.9306497 2.7365361
OS 8.9308512 2.7357833
OS 8.9310997 2.7350839
OS 8.9313951 2.7344376
OS 8.9317376 2.7338446
OS 8.932127 2.7333049
OS 8.9325635 2.7328183
OS 8.9297796 2.7300344
OE
SE
S P 0
OB 9.4005063 2.6895103 I
OS 9.4009428 2.6899969
OS 9.4013322 2.6905366
OS 9.4016747 2.6911296
OS 9.4019701 2.6917759
OS 9.4022186 2.6924753
OS 9.4024201 2.6932281
OS 9.4025746 2.694034
OS 9.4026822 2.6948932
OS 9.4027427 2.6958056
OS 9.4027563 2.6967713
OS 9.4105512 2.6889764
OS 9.4095855 2.6889628
OS 9.4078139 2.6887947
OS 9.407008 2.6886402
OS 9.4062552 2.6884387
OS 9.4055558 2.6881902
OS 9.4049095 2.6878948
OS 9.4043165 2.6875523
OS 9.4037768 2.6871629
OS 9.4032902 2.6867264
OS 9.4005063 2.6895103
OE
SE
S P 0
OB 8.9297796 2.7536564 I
OS 8.929293 2.7540929
OS 8.9287533 2.7544823
OS 8.9281603 2.7548248
OS 8.927514 2.7551202
OS 8.9268146 2.7553687
OS 8.9260618 2.7555702
OS 8.9252559 2.7557247
OS 8.9243967 2.7558323
OS 8.9234843 2.7558928
OS 8.9225186 2.7559064
OS 8.9303135 2.7637013
OS 8.9303271 2.7627356
OS 8.9304952 2.760964
OS 8.9306497 2.7601581
OS 8.9308512 2.7594053
OS 8.9310997 2.7587059
OS 8.9313951 2.7580596
OS 8.9317376 2.7574666
OS 8.932127 2.7569269
OS 8.9325635 2.7564403
OS 8.9297796 2.7536564
OE
SE
S P 0
OB 9.4086614 2.7258416 I
OS 9.408626 2.7264943
OS 9.4085197 2.7271513
OS 9.4083425 2.7278128
OS 9.4080945 2.7284787
OS 9.4077756 2.729149
OS 9.4073858 2.7298237
OS 9.4069252 2.7305029
OS 9.4063937 2.7311864
OS 9.4057913 2.7318744
OS 9.4051181 2.7325668
OS 9.4161417 2.7325668
OS 9.4154685 2.7318744
OS 9.4143346 2.7305029
OS 9.413874 2.7298237
OS 9.4134842 2.729149
OS 9.4131653 2.7284787
OS 9.4129173 2.7278128
OS 9.4127401 2.7271513
OS 9.4126338 2.7264943
OS 9.4125984 2.7258416
OS 9.4086614 2.7258416
OE
SE
S P 0
OB 8.9297799 2.7772787 I
OS 8.9292933 2.7777151
OS 8.9287536 2.7781045
OS 8.9281605 2.7784469
OS 8.9275143 2.7787424
OS 8.9268148 2.7789908
OS 8.9260621 2.7791923
OS 8.9252561 2.7793468
OS 8.924397 2.7794543
OS 8.9234845 2.7795149
OS 8.9225189 2.7795284
OS 8.9303135 2.7873235
OS 8.9303271 2.7863578
OS 8.9304952 2.7845862
OS 8.9306498 2.7837803
OS 8.9308513 2.7830276
OS 8.9310998 2.7823281
OS 8.9313953 2.7816819
OS 8.9317378 2.7810889
OS 8.9321272 2.7805491
OS 8.9325637 2.7800626
OS 8.9297799 2.7772787
OE
SE
S P 0
OB 9.4005063 2.7544723 I
OS 9.4009428 2.7549589
OS 9.4013322 2.7554986
OS 9.4016747 2.7560916
OS 9.4019701 2.7567379
OS 9.4022186 2.7574373
OS 9.4024201 2.7581901
OS 9.4025746 2.758996
OS 9.4026822 2.7598552
OS 9.4027427 2.7607676
OS 9.4027563 2.7617333
OS 9.4105512 2.7539384
OS 9.4095855 2.7539248
OS 9.4078139 2.7537567
OS 9.407008 2.7536022
OS 9.4062552 2.7534007
OS 9.4055558 2.7531522
OS 9.4049095 2.7528568
OS 9.4043165 2.7525143
OS 9.4037768 2.7521249
OS 9.4032902 2.7516884
OS 9.4005063 2.7544723
OE
SE
S P 0
OB 8.1982814 2.6712605 I
OS 8.1989967 2.6712998
OS 8.199658 2.6714177
OS 8.2002653 2.6716142
OS 8.2008186 2.6718894
OS 8.2013179 2.6722431
OS 8.2017632 2.6726754
OS 8.2021546 2.6731864
OS 8.2024919 2.673776
OS 8.2027752 2.6744441
OS 8.2030046 2.6751909
OS 8.2081761 2.6657461
OS 8.2072356 2.6660458
OS 8.2031748 2.6670711
OS 8.202491 2.6671815
OS 8.2012518 2.6673077
OS 8.2006963 2.6673235
OS 8.1982814 2.6712605
OE
SE
S P 0
OB 7.7347884 2.7145675 I
OS 7.7341357 2.7145321
OS 7.7334787 2.7144258
OS 7.7328172 2.7142486
OS 7.7321513 2.7140006
OS 7.731481 2.7136817
OS 7.7308063 2.7132919
OS 7.7301271 2.7128313
OS 7.7294436 2.7122998
OS 7.7287556 2.7116974
OS 7.7280632 2.7110242
OS 7.7280632 2.7220478
OS 7.7287556 2.7213746
OS 7.7301271 2.7202407
OS 7.7308063 2.7197801
OS 7.731481 2.7193903
OS 7.7321513 2.7190714
OS 7.7328172 2.7188234
OS 7.7334787 2.7186462
OS 7.7341357 2.7185399
OS 7.7347884 2.7185045
OS 7.7347884 2.7145675
OE
SE
S P 0
OB 8.2005064 2.6895103 I
OS 8.2009429 2.6899969
OS 8.2013323 2.6905366
OS 8.2016748 2.6911296
OS 8.2019702 2.6917759
OS 8.2022187 2.6924753
OS 8.2024202 2.6932281
OS 8.2025747 2.694034
OS 8.2026823 2.6948932
OS 8.2027428 2.6958056
OS 8.2027564 2.6967713
OS 8.2105513 2.6889764
OS 8.2095856 2.6889628
OS 8.207814 2.6887947
OS 8.2070081 2.6886402
OS 8.2062553 2.6884387
OS 8.2055559 2.6881902
OS 8.2049096 2.6878948
OS 8.2043166 2.6875523
OS 8.2037769 2.6871629
OS 8.2032903 2.6867264
OS 8.2005064 2.6895103
OE
SE
S P 0
OB 7.7297797 2.7300344 I
OS 7.7292931 2.7304709
OS 7.7287534 2.7308603
OS 7.7281604 2.7312028
OS 7.7275141 2.7314982
OS 7.7268147 2.7317467
OS 7.7260619 2.7319482
OS 7.725256 2.7321027
OS 7.7243968 2.7322103
OS 7.7234844 2.7322708
OS 7.7225187 2.7322844
OS 7.7303136 2.7400793
OS 7.7303272 2.7391136
OS 7.7304953 2.737342
OS 7.7306498 2.7365361
OS 7.7308513 2.7357833
OS 7.7310998 2.7350839
OS 7.7313952 2.7344376
OS 7.7317377 2.7338446
OS 7.7321271 2.7333049
OS 7.7325636 2.7328183
OS 7.7297797 2.7300344
OE
SE
S P 0
OB 8.2086615 2.7258416 I
OS 8.2086261 2.7264943
OS 8.2085198 2.7271513
OS 8.2083426 2.7278128
OS 8.2080946 2.7284787
OS 8.2077757 2.729149
OS 8.2073859 2.7298237
OS 8.2069253 2.7305029
OS 8.2063938 2.7311864
OS 8.2057914 2.7318744
OS 8.2051182 2.7325668
OS 8.2161418 2.7325668
OS 8.2154686 2.7318744
OS 8.2143347 2.7305029
OS 8.2138741 2.7298237
OS 8.2134843 2.729149
OS 8.2131654 2.7284787
OS 8.2129174 2.7278128
OS 8.2127402 2.7271513
OS 8.2126339 2.7264943
OS 8.2125985 2.7258416
OS 8.2086615 2.7258416
OE
SE
S P 0
OB 7.7297797 2.7536564 I
OS 7.7292931 2.7540929
OS 7.7287534 2.7544823
OS 7.7281604 2.7548248
OS 7.7275141 2.7551202
OS 7.7268147 2.7553687
OS 7.7260619 2.7555702
OS 7.725256 2.7557247
OS 7.7243968 2.7558323
OS 7.7234844 2.7558928
OS 7.7225187 2.7559064
OS 7.7303136 2.7637013
OS 7.7303272 2.7627356
OS 7.7304953 2.760964
OS 7.7306498 2.7601581
OS 7.7308513 2.7594053
OS 7.7310998 2.7587059
OS 7.7313952 2.7580596
OS 7.7317377 2.7574666
OS 7.7321271 2.7569269
OS 7.7325636 2.7564403
OS 7.7297797 2.7536564
OE
SE
S P 0
OB 8.2005064 2.7544723 I
OS 8.2009429 2.7549589
OS 8.2013323 2.7554986
OS 8.2016748 2.7560916
OS 8.2019702 2.7567379
OS 8.2022187 2.7574373
OS 8.2024202 2.7581901
OS 8.2025747 2.758996
OS 8.2026823 2.7598552
OS 8.2027428 2.7607676
OS 8.2027564 2.7617333
OS 8.2105513 2.7539384
OS 8.2095856 2.7539248
OS 8.207814 2.7537567
OS 8.2070081 2.7536022
OS 8.2062553 2.7534007
OS 8.2055559 2.7531522
OS 8.2049096 2.7528568
OS 8.2043166 2.7525143
OS 8.2037769 2.7521249
OS 8.2032903 2.7516884
OS 8.2005064 2.7544723
OE
SE
S P 0
OB 7.72978 2.7772787 I
OS 7.7292934 2.7777151
OS 7.7287537 2.7781045
OS 7.7281606 2.7784469
OS 7.7275144 2.7787424
OS 7.7268149 2.7789908
OS 7.7260622 2.7791923
OS 7.7252562 2.7793468
OS 7.7243971 2.7794543
OS 7.7234846 2.7795149
OS 7.722519 2.7795284
OS 7.7303136 2.7873235
OS 7.7303272 2.7863578
OS 7.7304953 2.7845862
OS 7.7306499 2.7837803
OS 7.7308514 2.7830276
OS 7.7310999 2.7823281
OS 7.7313954 2.7816819
OS 7.7317379 2.7810889
OS 7.7321273 2.7805491
OS 7.7325638 2.7800626
OS 7.72978 2.7772787
OE
SE
S P 0
OB 12.5288287 2.5321666 I
OS 12.5284352 2.5325263
OS 12.5279707 2.5328893
OS 12.5274352 2.5332557
OS 12.5268287 2.5336255
OS 12.5254028 2.534375
OS 12.523693 2.5351378
OS 12.5216991 2.5359141
OS 12.5317465 2.5404495
OS 12.531472 2.5396538
OS 12.5312799 2.5388883
OS 12.5311702 2.538153
OS 12.531143 2.5374479
OS 12.5311982 2.5367731
OS 12.5313359 2.5361284
OS 12.5315561 2.535514
OS 12.5318587 2.5349297
OS 12.5322437 2.5343757
OS 12.5327112 2.5338519
OS 12.5288287 2.5321666
OE
SE
S P 0
OB 12.9836042 2.2876835 I
OS 12.9840908 2.287247
OS 12.9846305 2.2868576
OS 12.9852235 2.2865151
OS 12.9858698 2.2862197
OS 12.9865692 2.2859712
OS 12.987322 2.2857697
OS 12.9881279 2.2856152
OS 12.9889871 2.2855076
OS 12.9898995 2.2854471
OS 12.9908652 2.2854335
OS 12.9830703 2.2776386
OS 12.9830567 2.2786043
OS 12.9828886 2.2803759
OS 12.9827341 2.2811818
OS 12.9825326 2.2819346
OS 12.9822841 2.282634
OS 12.9819887 2.2832803
OS 12.9816462 2.2838733
OS 12.9812568 2.284413
OS 12.9808203 2.2848996
OS 12.9836042 2.2876835
OE
SE
S P 0
OB 13.0013216 2.3014621 I
OS 13.0018082 2.3010256
OS 13.0023479 2.3006362
OS 13.0029409 2.3002937
OS 13.0035872 2.2999983
OS 13.0042866 2.2997498
OS 13.0050394 2.2995483
OS 13.0058453 2.2993938
OS 13.0067045 2.2992862
OS 13.0076169 2.2992257
OS 13.0085826 2.2992121
OS 13.0007877 2.2914172
OS 13.0007741 2.2923829
OS 13.000606 2.2941545
OS 13.0004515 2.2949604
OS 13.00025 2.2957132
OS 13.0000015 2.2964126
OS 12.9997061 2.2970589
OS 12.9993636 2.2976519
OS 12.9989742 2.2981916
OS 12.9985377 2.2986782
OS 13.0013216 2.3014621
OE
SE
S P 0
OB 12.5618109 2.5309586 I
OS 12.5617755 2.5316113
OS 12.5616692 2.5322683
OS 12.561492 2.5329298
OS 12.561244 2.5335957
OS 12.5609251 2.534266
OS 12.5605353 2.5349407
OS 12.5600747 2.5356199
OS 12.5595432 2.5363034
OS 12.5589408 2.5369914
OS 12.5582676 2.5376838
OS 12.5692912 2.5376838
OS 12.568618 2.5369914
OS 12.5674841 2.5356199
OS 12.5670235 2.5349407
OS 12.5666337 2.534266
OS 12.5663148 2.5335957
OS 12.5660668 2.5329298
OS 12.5658896 2.5322683
OS 12.5657833 2.5316113
OS 12.5657479 2.5309586
OS 12.5618109 2.5309586
OE
SE
S P 0
OB 12.5751626 2.5338519 I
OS 12.5756301 2.5343757
OS 12.5760151 2.5349297
OS 12.5763177 2.535514
OS 12.5765379 2.5361284
OS 12.5766756 2.5367731
OS 12.5767308 2.5374479
OS 12.5767036 2.538153
OS 12.5765939 2.5388883
OS 12.5764018 2.5396538
OS 12.5761273 2.5404495
OS 12.5861747 2.5359141
OS 12.5851423 2.5355243
OS 12.5817225 2.5339985
OS 12.5810451 2.5336255
OS 12.5799031 2.5328893
OS 12.5794386 2.5325263
OS 12.5790451 2.5321666
OS 12.5751626 2.5338519
OE
SE
S P 0
OB 12.9993953 2.3242264 I
OS 12.9998232 2.3246803
OS 13.0001938 2.3251289
OS 13.0005071 2.3255721
OS 13.0007631 2.3260099
OS 13.0009619 2.3264424
OS 13.0011033 2.3268696
OS 13.0011874 2.3272914
OS 13.0012143 2.3277079
OS 13.0011839 2.3281191
OS 13.0010962 2.3285249
OS 13.0064776 2.3231435
OS 13.0060718 2.3232312
OS 13.0056606 2.3232616
OS 13.0052441 2.3232347
OS 13.0048223 2.3231506
OS 13.0043951 2.3230092
OS 13.0039626 2.3228104
OS 13.0035248 2.3225544
OS 13.0030816 2.3222411
OS 13.002633 2.3218705
OS 13.0021791 2.3214426
OS 12.9993953 2.3242264
OE
SE
S P 0
OB 11.3288287 2.5321667 I
OS 11.3284352 2.5325264
OS 11.3279707 2.5328894
OS 11.3274352 2.5332558
OS 11.3268287 2.5336256
OS 11.3254028 2.5343751
OS 11.323693 2.5351379
OS 11.3216991 2.5359142
OS 11.3317465 2.5404496
OS 11.331472 2.5396539
OS 11.3312799 2.5388884
OS 11.3311702 2.5381531
OS 11.331143 2.537448
OS 11.3311982 2.5367732
OS 11.3313359 2.5361285
OS 11.3315561 2.5355141
OS 11.3318587 2.5349298
OS 11.3322437 2.5343758
OS 11.3327112 2.533852
OS 11.3288287 2.5321667
OE
SE
S P 0
OB 11.7836042 2.2876836 I
OS 11.7840908 2.2872471
OS 11.7846305 2.2868577
OS 11.7852235 2.2865152
OS 11.7858698 2.2862198
OS 11.7865692 2.2859713
OS 11.787322 2.2857698
OS 11.7881279 2.2856153
OS 11.7889871 2.2855077
OS 11.7898995 2.2854472
OS 11.7908652 2.2854336
OS 11.7830703 2.2776387
OS 11.7830567 2.2786044
OS 11.7828886 2.280376
OS 11.7827341 2.2811819
OS 11.7825326 2.2819347
OS 11.7822841 2.2826341
OS 11.7819887 2.2832804
OS 11.7816462 2.2838734
OS 11.7812568 2.2844131
OS 11.7808203 2.2848997
OS 11.7836042 2.2876836
OE
SE
S P 0
OB 11.3514341 2.5331835 I
OS 11.3509475 2.53362
OS 11.3504078 2.5340094
OS 11.3498148 2.5343519
OS 11.3491685 2.5346473
OS 11.3484691 2.5348958
OS 11.3477163 2.5350973
OS 11.3469104 2.5352518
OS 11.3460512 2.5353594
OS 11.3451388 2.5354199
OS 11.3441731 2.5354335
OS 11.351968 2.5432284
OS 11.3519816 2.5422627
OS 11.3521497 2.5404911
OS 11.3523042 2.5396852
OS 11.3525057 2.5389324
OS 11.3527542 2.538233
OS 11.3530496 2.5375867
OS 11.3533921 2.5369937
OS 11.3537815 2.536454
OS 11.354218 2.5359674
OS 11.3514341 2.5331835
OE
SE
S P 0
OB 11.8013216 2.3014622 I
OS 11.8018082 2.3010257
OS 11.8023479 2.3006363
OS 11.8029409 2.3002938
OS 11.8035872 2.2999984
OS 11.8042866 2.2997499
OS 11.8050394 2.2995484
OS 11.8058453 2.2993939
OS 11.8067045 2.2992863
OS 11.8076169 2.2992258
OS 11.8085826 2.2992122
OS 11.8007877 2.2914173
OS 11.8007741 2.292383
OS 11.800606 2.2941546
OS 11.8004515 2.2949605
OS 11.80025 2.2957133
OS 11.8000015 2.2964127
OS 11.7997061 2.297059
OS 11.7993636 2.297652
OS 11.7989742 2.2981917
OS 11.7985377 2.2986783
OS 11.8013216 2.3014622
OE
SE
S P 0
OB 13.2074794 2.8759839 I
OS 13.2074761 2.8764049
OS 13.2073975 2.8776666
OS 13.2073615 2.8778765
OS 13.2073189 2.8780442
OS 13.2072698 2.8781697
OS 13.2072141 2.878253
OS 13.2071519 2.8782941
OS 13.2117439 2.8782941
OS 13.2116817 2.878253
OS 13.211626 2.8781697
OS 13.2115769 2.8780442
OS 13.2115343 2.8778765
OS 13.2114983 2.8776666
OS 13.2114688 2.8774145
OS 13.2114295 2.8767836
OS 13.2114164 2.8759839
OS 13.2074794 2.8759839
OE
SE
S P 0
OB 12.5883016 2.9375422 I
OS 12.5887381 2.9380288
OS 12.5891275 2.9385685
OS 12.58947 2.9391615
OS 12.5897654 2.9398078
OS 12.5900139 2.9405072
OS 12.5902154 2.94126
OS 12.5903699 2.9420659
OS 12.5904775 2.9429251
OS 12.590538 2.9438375
OS 12.5905516 2.9448032
OS 12.5983465 2.9370083
OS 12.5973808 2.9369947
OS 12.5956092 2.9368266
OS 12.5948033 2.9366721
OS 12.5940505 2.9364706
OS 12.5933511 2.9362221
OS 12.5927048 2.9359267
OS 12.5921118 2.9355842
OS 12.5915721 2.9351948
OS 12.5910855 2.9347583
OS 12.5883016 2.9375422
OE
SE
S P 0
OB 13.2259446 2.8755805 I
OS 13.2264249 2.8761159
OS 13.2268094 2.8766658
OS 13.2270981 2.8772301
OS 13.227291 2.8778089
OS 13.227388 2.8784021
OS 13.2273892 2.8790097
OS 13.2272946 2.8796318
OS 13.2271042 2.8802683
OS 13.2268179 2.8809192
OS 13.2264358 2.8815846
OS 13.2367801 2.8788808
OS 13.2359579 2.8784324
OS 13.2325243 2.8762776
OS 13.2319731 2.8758641
OS 13.2310061 2.8750545
OS 13.2305904 2.8746585
OS 13.2259446 2.8755805
OE
SE
S P 0
OB 12.5883016 2.9729753 I
OS 12.5887381 2.9734619
OS 12.5891275 2.9740016
OS 12.58947 2.9745946
OS 12.5897654 2.9752409
OS 12.5900139 2.9759403
OS 12.5902154 2.9766931
OS 12.5903699 2.977499
OS 12.5904775 2.9783582
OS 12.590538 2.9792706
OS 12.5905516 2.9802363
OS 12.5983465 2.9724414
OS 12.5973808 2.9724278
OS 12.5956092 2.9722597
OS 12.5948033 2.9721052
OS 12.5940505 2.9719037
OS 12.5933511 2.9716552
OS 12.5927048 2.9713598
OS 12.5921118 2.9710173
OS 12.5915721 2.9706279
OS 12.5910855 2.9701914
OS 12.5883016 2.9729753
OE
SE
S P 0
OB 13.2473923 2.8773402 I
OS 13.2478464 2.8778488
OS 13.2482343 2.8784002
OS 13.2485561 2.8789946
OS 13.2488118 2.8796319
OS 13.2490014 2.880312
OS 13.2491248 2.8810351
OS 13.2491821 2.8818011
OS 13.2491733 2.8826099
OS 13.2490984 2.8834617
OS 13.2489573 2.8843563
OS 13.2580082 2.8780633
OS 13.2569977 2.8778746
OS 13.2551629 2.8774238
OS 13.2543385 2.8771616
OS 13.2528756 2.8765638
OS 13.2522373 2.8762281
OS 13.2516609 2.875868
OS 13.2511465 2.8754834
OS 13.2506941 2.8750742
OS 13.2473923 2.8773402
OE
SE
S P 0
OB 12.5883016 3.0084083 I
OS 12.5887381 3.0088949
OS 12.5891275 3.0094346
OS 12.58947 3.0100276
OS 12.5897654 3.0106739
OS 12.5900139 3.0113733
OS 12.5902154 3.0121261
OS 12.5903699 3.012932
OS 12.5904775 3.0137912
OS 12.590538 3.0147036
OS 12.5905516 3.0156693
OS 12.5983465 3.0078744
OS 12.5973808 3.0078608
OS 12.5956092 3.0076927
OS 12.5948033 3.0075382
OS 12.5940505 3.0073367
OS 12.5933511 3.0070882
OS 12.5927048 3.0067928
OS 12.5921118 3.0064503
OS 12.5915721 3.0060609
OS 12.5910855 3.0056244
OS 12.5883016 3.0084083
OE
SE
S P 0
OB 13.2720134 2.8763713 I
OS 13.2724809 2.8768951
OS 13.2728659 2.8774491
OS 13.2731685 2.8780334
OS 13.2733886 2.8786478
OS 13.2735263 2.8792924
OS 13.2735815 2.8799673
OS 13.2735543 2.8806723
OS 13.2734446 2.8814076
OS 13.2732525 2.8821731
OS 13.2729779 2.8829687
OS 13.2830255 2.878434
OS 13.2819931 2.8780441
OS 13.2785734 2.8765181
OS 13.277896 2.876145
OS 13.2767541 2.8754089
OS 13.2762896 2.8750459
OS 13.2758961 2.8746862
OS 13.2720134 2.8763713
OE
SE
S P 0
OB 12.5883016 3.0438414 I
OS 12.5887381 3.044328
OS 12.5891275 3.0448677
OS 12.58947 3.0454607
OS 12.5897654 3.046107
OS 12.5900139 3.0468064
OS 12.5902154 3.0475592
OS 12.5903699 3.0483651
OS 12.5904775 3.0492243
OS 12.590538 3.0501367
OS 12.5905516 3.0511024
OS 12.5983465 3.0433075
OS 12.5973808 3.0432939
OS 12.5956092 3.0431258
OS 12.5948033 3.0429713
OS 12.5940505 3.0427698
OS 12.5933511 3.0425213
OS 12.5927048 3.0422259
OS 12.5921118 3.0418834
OS 12.5915721 3.041494
OS 12.5910855 3.0410575
OS 12.5883016 3.0438414
OE
SE
S P 0
OB 12.0074794 2.875984 I
OS 12.0074761 2.876405
OS 12.0073975 2.8776667
OS 12.0073615 2.8778766
OS 12.0073189 2.8780443
OS 12.0072698 2.8781698
OS 12.0072141 2.8782531
OS 12.0071519 2.8782942
OS 12.0117439 2.8782942
OS 12.0116817 2.8782531
OS 12.011626 2.8781698
OS 12.0115769 2.8780443
OS 12.0115343 2.8778766
OS 12.0114983 2.8776667
OS 12.0114688 2.8774146
OS 12.0114295 2.8767837
OS 12.0114164 2.875984
OS 12.0074794 2.875984
OE
SE
S P 0
OB 11.3914512 2.9375422 I
OS 11.3918877 2.9380288
OS 11.3922771 2.9385685
OS 11.3926196 2.9391615
OS 11.392915 2.9398078
OS 11.3931635 2.9405072
OS 11.393365 2.94126
OS 11.3935195 2.9420659
OS 11.3936271 2.9429251
OS 11.3936876 2.9438375
OS 11.3937012 2.9448032
OS 11.4014961 2.9370083
OS 11.4005304 2.9369947
OS 11.3987588 2.9368266
OS 11.3979529 2.9366721
OS 11.3972001 2.9364706
OS 11.3965007 2.9362221
OS 11.3958544 2.9359267
OS 11.3952614 2.9355842
OS 11.3947217 2.9351948
OS 11.3942351 2.9347583
OS 11.3914512 2.9375422
OE
SE
S P 0
OB 12.0259446 2.8755806 I
OS 12.0264249 2.876116
OS 12.0268094 2.8766659
OS 12.0270981 2.8772302
OS 12.027291 2.877809
OS 12.027388 2.8784022
OS 12.0273892 2.8790098
OS 12.0272946 2.8796319
OS 12.0271042 2.8802684
OS 12.0268179 2.8809193
OS 12.0264358 2.8815847
OS 12.0367801 2.8788809
OS 12.0359579 2.8784325
OS 12.0325243 2.8762777
OS 12.0319731 2.8758642
OS 12.0310061 2.8750546
OS 12.0305904 2.8746586
OS 12.0259446 2.8755806
OE
SE
S P 0
OB 11.3914512 2.9769123 I
OS 11.3918877 2.9773989
OS 11.3922771 2.9779386
OS 11.3926196 2.9785316
OS 11.392915 2.9791779
OS 11.3931635 2.9798773
OS 11.393365 2.9806301
OS 11.3935195 2.981436
OS 11.3936271 2.9822952
OS 11.3936876 2.9832076
OS 11.3937012 2.9841733
OS 11.4014961 2.9763784
OS 11.4005304 2.9763648
OS 11.3987588 2.9761967
OS 11.3979529 2.9760422
OS 11.3972001 2.9758407
OS 11.3965007 2.9755922
OS 11.3958544 2.9752968
OS 11.3952614 2.9749543
OS 11.3947217 2.9745649
OS 11.3942351 2.9741284
OS 11.3914512 2.9769123
OE
SE
S P 0
OB 12.0473923 2.8773403 I
OS 12.0478464 2.8778489
OS 12.0482343 2.8784003
OS 12.0485561 2.8789947
OS 12.0488118 2.879632
OS 12.0490014 2.8803121
OS 12.0491248 2.8810352
OS 12.0491821 2.8818012
OS 12.0491733 2.88261
OS 12.0490984 2.8834618
OS 12.0489573 2.8843564
OS 12.0580082 2.8780634
OS 12.0569977 2.8778747
OS 12.0551629 2.8774239
OS 12.0543385 2.8771617
OS 12.0528756 2.8765639
OS 12.0522373 2.8762282
OS 12.0516609 2.8758681
OS 12.0511465 2.8754835
OS 12.0506941 2.8750743
OS 12.0473923 2.8773403
OE
SE
S P 0
OB 11.3914512 3.0084083 I
OS 11.3918877 3.0088949
OS 11.3922771 3.0094346
OS 11.3926196 3.0100276
OS 11.392915 3.0106739
OS 11.3931635 3.0113733
OS 11.393365 3.0121261
OS 11.3935195 3.012932
OS 11.3936271 3.0137912
OS 11.3936876 3.0147036
OS 11.3937012 3.0156693
OS 11.4014961 3.0078744
OS 11.4005304 3.0078608
OS 11.3987588 3.0076927
OS 11.3979529 3.0075382
OS 11.3972001 3.0073367
OS 11.3965007 3.0070882
OS 11.3958544 3.0067928
OS 11.3952614 3.0064503
OS 11.3947217 3.0060609
OS 11.3942351 3.0056244
OS 11.3914512 3.0084083
OE
SE
S P 0
OB 12.0720134 2.8763714 I
OS 12.0724809 2.8768952
OS 12.0728659 2.8774492
OS 12.0731685 2.8780335
OS 12.0733886 2.8786479
OS 12.0735263 2.8792925
OS 12.0735815 2.8799674
OS 12.0735543 2.8806724
OS 12.0734446 2.8814077
OS 12.0732525 2.8821732
OS 12.0729779 2.8829688
OS 12.0830255 2.8784341
OS 12.0819931 2.8780442
OS 12.0785734 2.8765182
OS 12.077896 2.8761451
OS 12.0767541 2.875409
OS 12.0762896 2.875046
OS 12.0758961 2.8746863
OS 12.0720134 2.8763714
OE
SE
S P 0
OB 11.3914512 3.0438414 I
OS 11.3918877 3.044328
OS 11.3922771 3.0448677
OS 11.3926196 3.0454607
OS 11.392915 3.046107
OS 11.3931635 3.0468064
OS 11.393365 3.0475592
OS 11.3935195 3.0483651
OS 11.3936271 3.0492243
OS 11.3936876 3.0501367
OS 11.3937012 3.0511024
OS 11.4014961 3.0433075
OS 11.4005304 3.0432939
OS 11.3987588 3.0431258
OS 11.3979529 3.0429713
OS 11.3972001 3.0427698
OS 11.3965007 3.0425213
OS 11.3958544 3.0422259
OS 11.3952614 3.0418834
OS 11.3947217 3.041494
OS 11.3942351 3.0410575
OS 11.3914512 3.0438414
OE
SE
S P 0
OB 10.8074794 2.875984 I
OS 10.8074761 2.876405
OS 10.8073975 2.8776667
OS 10.8073615 2.8778766
OS 10.8073189 2.8780443
OS 10.8072698 2.8781698
OS 10.8072141 2.8782531
OS 10.8071519 2.8782942
OS 10.8117439 2.8782942
OS 10.8116817 2.8782531
OS 10.811626 2.8781698
OS 10.8115769 2.8780443
OS 10.8115343 2.8778766
OS 10.8114983 2.8776667
OS 10.8114688 2.8774146
OS 10.8114295 2.8767837
OS 10.8114164 2.875984
OS 10.8074794 2.875984
OE
SE
S P 0
OB 10.1906638 2.9375422 I
OS 10.1911003 2.9380288
OS 10.1914897 2.9385685
OS 10.1918322 2.9391615
OS 10.1921276 2.9398078
OS 10.1923761 2.9405072
OS 10.1925776 2.94126
OS 10.1927321 2.9420659
OS 10.1928397 2.9429251
OS 10.1929002 2.9438375
OS 10.1929138 2.9448032
OS 10.2007087 2.9370083
OS 10.199743 2.9369947
OS 10.1979714 2.9368266
OS 10.1971655 2.9366721
OS 10.1964127 2.9364706
OS 10.1957133 2.9362221
OS 10.195067 2.9359267
OS 10.194474 2.9355842
OS 10.1939343 2.9351948
OS 10.1934477 2.9347583
OS 10.1906638 2.9375422
OE
SE
S P 0
OB 10.8259446 2.8755806 I
OS 10.8264249 2.876116
OS 10.8268094 2.8766659
OS 10.8270981 2.8772302
OS 10.827291 2.877809
OS 10.827388 2.8784022
OS 10.8273892 2.8790098
OS 10.8272946 2.8796319
OS 10.8271042 2.8802684
OS 10.8268179 2.8809193
OS 10.8264358 2.8815847
OS 10.8367801 2.8788809
OS 10.8359579 2.8784325
OS 10.8325243 2.8762777
OS 10.8319731 2.8758642
OS 10.8310061 2.8750546
OS 10.8305904 2.8746586
OS 10.8259446 2.8755806
OE
SE
S P 0
OB 10.1906638 2.9729753 I
OS 10.1911003 2.9734619
OS 10.1914897 2.9740016
OS 10.1918322 2.9745946
OS 10.1921276 2.9752409
OS 10.1923761 2.9759403
OS 10.1925776 2.9766931
OS 10.1927321 2.977499
OS 10.1928397 2.9783582
OS 10.1929002 2.9792706
OS 10.1929138 2.9802363
OS 10.2007087 2.9724414
OS 10.199743 2.9724278
OS 10.1979714 2.9722597
OS 10.1971655 2.9721052
OS 10.1964127 2.9719037
OS 10.1957133 2.9716552
OS 10.195067 2.9713598
OS 10.194474 2.9710173
OS 10.1939343 2.9706279
OS 10.1934477 2.9701914
OS 10.1906638 2.9729753
OE
SE
S P 0
OB 10.8473923 2.8773403 I
OS 10.8478464 2.8778489
OS 10.8482343 2.8784003
OS 10.8485561 2.8789947
OS 10.8488118 2.879632
OS 10.8490014 2.8803121
OS 10.8491248 2.8810352
OS 10.8491821 2.8818012
OS 10.8491733 2.88261
OS 10.8490984 2.8834618
OS 10.8489573 2.8843564
OS 10.8580082 2.8780634
OS 10.8569977 2.8778747
OS 10.8551629 2.8774239
OS 10.8543385 2.8771617
OS 10.8528756 2.8765639
OS 10.8522373 2.8762282
OS 10.8516609 2.8758681
OS 10.8511465 2.8754835
OS 10.8506941 2.8750743
OS 10.8473923 2.8773403
OE
SE
S P 0
OB 10.1906638 3.0084083 I
OS 10.1911003 3.0088949
OS 10.1914897 3.0094346
OS 10.1918322 3.0100276
OS 10.1921276 3.0106739
OS 10.1923761 3.0113733
OS 10.1925776 3.0121261
OS 10.1927321 3.012932
OS 10.1928397 3.0137912
OS 10.1929002 3.0147036
OS 10.1929138 3.0156693
OS 10.2007087 3.0078744
OS 10.199743 3.0078608
OS 10.1979714 3.0076927
OS 10.1971655 3.0075382
OS 10.1964127 3.0073367
OS 10.1957133 3.0070882
OS 10.195067 3.0067928
OS 10.194474 3.0064503
OS 10.1939343 3.0060609
OS 10.1934477 3.0056244
OS 10.1906638 3.0084083
OE
SE
S P 0
OB 2.9389764 3.1816397 I
OS 2.9390118 3.180987
OS 2.9391181 3.18033
OS 2.9392953 3.1796685
OS 2.9395433 3.1790026
OS 2.9398622 3.1783323
OS 2.940252 3.1776576
OS 2.9407126 3.1769784
OS 2.9412441 3.1762949
OS 2.9418465 3.1756069
OS 2.9425197 3.1749145
OS 2.9314961 3.1749145
OS 2.9321693 3.1756069
OS 2.9333032 3.1769784
OS 2.9337638 3.1776576
OS 2.9341536 3.1783323
OS 2.9344725 3.1790026
OS 2.9347205 3.1796685
OS 2.9348977 3.18033
OS 2.935004 3.180987
OS 2.9350394 3.1816397
OS 2.9389764 3.1816397
OE
SE
S P 0
OB 2.746063 3.3656044 I
OS 2.7460276 3.3662571
OS 2.7459213 3.3669141
OS 2.7457441 3.3675756
OS 2.7454961 3.3682415
OS 2.7451772 3.3689118
OS 2.7447874 3.3695865
OS 2.7443268 3.3702657
OS 2.7437953 3.3709492
OS 2.7431929 3.3716372
OS 2.7425197 3.3723296
OS 2.7535433 3.3723296
OS 2.7528701 3.3716372
OS 2.7517362 3.3702657
OS 2.7512756 3.3695865
OS 2.7508858 3.3689118
OS 2.7505669 3.3682415
OS 2.7503189 3.3675756
OS 2.7501417 3.3669141
OS 2.7500354 3.3662571
OS 2.75 3.3656044
OS 2.746063 3.3656044
OE
SE
S P 0
OB 2.9168452 3.2001119 I
OS 2.9172382 3.1997526
OS 2.9177023 3.1993898
OS 2.9182374 3.1990234
OS 2.9188436 3.1986535
OS 2.9202691 3.1979031
OS 2.9219788 3.1971385
OS 2.9239727 3.1963597
OS 2.9139201 3.191836
OS 2.9141954 3.192631
OS 2.9143882 3.1933959
OS 2.9144984 3.1941307
OS 2.9145261 3.1948353
OS 2.9144712 3.1955098
OS 2.9143338 3.1961542
OS 2.9141139 3.1967685
OS 2.9138114 3.1973526
OS 2.9134264 3.1979066
OS 2.9129588 3.1984305
OS 2.9168452 3.2001119
OE
SE
S P 0
OB 2.726378 3.3656044 I
OS 2.7263426 3.3662571
OS 2.7262363 3.3669141
OS 2.7260591 3.3675756
OS 2.7258111 3.3682415
OS 2.7254922 3.3689118
OS 2.7251024 3.3695865
OS 2.7246418 3.3702657
OS 2.7241103 3.3709492
OS 2.7235079 3.3716372
OS 2.7228347 3.3723296
OS 2.7338583 3.3723296
OS 2.7331851 3.3716372
OS 2.7320512 3.3702657
OS 2.7315906 3.3695865
OS 2.7312008 3.3689118
OS 2.7308819 3.3682415
OS 2.7306339 3.3675756
OS 2.7304567 3.3669141
OS 2.7303504 3.3662571
OS 2.730315 3.3656044
OS 2.726378 3.3656044
OE
SE
S P 0
OB 2.9074803 3.1816397 I
OS 2.9075157 3.180987
OS 2.907622 3.18033
OS 2.9077992 3.1796685
OS 2.9080472 3.1790026
OS 2.9083661 3.1783323
OS 2.9087559 3.1776576
OS 2.9092165 3.1769784
OS 2.909748 3.1762949
OS 2.9103504 3.1756069
OS 2.9110236 3.1749145
OS 2.9 3.1749145
OS 2.9006732 3.1756069
OS 2.9018071 3.1769784
OS 2.9022677 3.1776576
OS 2.9026575 3.1783323
OS 2.9029764 3.1790026
OS 2.9032244 3.1796685
OS 2.9034016 3.18033
OS 2.9035079 3.180987
OS 2.9035433 3.1816397
OS 2.9074803 3.1816397
OE
SE
S P 0
OB 2.7066929 3.3661417 I
OS 2.7066667 3.3668313
OS 2.7065879 3.3674881
OS 2.7064567 3.3681119
OS 2.7062729 3.3687029
OS 2.7060367 3.3692609
OS 2.705748 3.369786
OS 2.7054068 3.3702782
OS 2.705013 3.3707375
OS 2.7045668 3.3711639
OS 2.7040681 3.3715574
OS 2.7132547 3.3715574
OS 2.712756 3.3711639
OS 2.7123098 3.3707375
OS 2.711916 3.3702782
OS 2.7115748 3.369786
OS 2.7112861 3.3692609
OS 2.7110499 3.3687029
OS 2.7108661 3.3681119
OS 2.7107349 3.3674881
OS 2.7106561 3.3668313
OS 2.7106299 3.3661417
OS 2.7066929 3.3661417
OE
SE
S P 0
OB 2.8853443 3.2001168 I
OS 2.8857378 3.1997571
OS 2.8862023 3.199394
OS 2.8867378 3.1990277
OS 2.8873443 3.1986579
OS 2.8887702 3.1979084
OS 2.8904801 3.1971456
OS 2.8924739 3.1963693
OS 2.8824266 3.1918338
OS 2.8827011 3.1926295
OS 2.8828932 3.193395
OS 2.8830028 3.1941303
OS 2.88303 3.1948354
OS 2.8829748 3.1955103
OS 2.8828371 3.1961549
OS 2.882617 3.1967694
OS 2.8823144 3.1973536
OS 2.8819294 3.1979076
OS 2.8814619 3.1984314
OS 2.8853443 3.2001168
OE
SE
S P 0
OB 2.6870079 3.3661417 I
OS 2.6869817 3.3668313
OS 2.6869029 3.3674881
OS 2.6867717 3.3681119
OS 2.6865879 3.3687029
OS 2.6863517 3.3692609
OS 2.686063 3.369786
OS 2.6857218 3.3702782
OS 2.685328 3.3707375
OS 2.6848818 3.3711639
OS 2.6843831 3.3715574
OS 2.6935697 3.3715574
OS 2.693071 3.3711639
OS 2.6926248 3.3707375
OS 2.692231 3.3702782
OS 2.6918898 3.369786
OS 2.6916011 3.3692609
OS 2.6913649 3.3687029
OS 2.6911811 3.3681119
OS 2.6910499 3.3674881
OS 2.6909711 3.3668313
OS 2.6909449 3.3661417
OS 2.6870079 3.3661417
OE
SE
S P 0
OB 7.8556516 2.0549685 I
OS 7.8563043 2.0550039
OS 7.8569613 2.0551102
OS 7.8576228 2.0552874
OS 7.8582887 2.0555354
OS 7.858959 2.0558543
OS 7.8596337 2.0562441
OS 7.8603129 2.0567047
OS 7.8609964 2.0572362
OS 7.8616844 2.0578386
OS 7.8623768 2.0585118
OS 7.8623768 2.0474882
OS 7.8616844 2.0481614
OS 7.8603129 2.0492953
OS 7.8596337 2.0497559
OS 7.858959 2.0501457
OS 7.8582887 2.0504646
OS 7.8576228 2.0507126
OS 7.8569613 2.0508898
OS 7.8563043 2.0509961
OS 7.8556516 2.0510315
OS 7.8556516 2.0549685
OE
SE
S P 0
OB 7.8753397 2.0428764 I
OS 7.8748531 2.0433129
OS 7.8743134 2.0437023
OS 7.8737204 2.0440448
OS 7.8730741 2.0443402
OS 7.8723747 2.0445887
OS 7.8716219 2.0447902
OS 7.870816 2.0449447
OS 7.8699568 2.0450523
OS 7.8690444 2.0451128
OS 7.8680787 2.0451264
OS 7.8758736 2.0529213
OS 7.8758872 2.0519556
OS 7.8760553 2.050184
OS 7.8762098 2.0493781
OS 7.8764113 2.0486253
OS 7.8766598 2.0479259
OS 7.8769552 2.0472796
OS 7.8772977 2.0466866
OS 7.8776871 2.0461469
OS 7.8781236 2.0456603
OS 7.8753397 2.0428764
OE
SE
S P 0
OB 7.6072875 2.2341712 I
OS 7.6072521 2.2348239
OS 7.6071458 2.2354809
OS 7.6069686 2.2361424
OS 7.6067206 2.2368083
OS 7.6064017 2.2374786
OS 7.6060119 2.2381533
OS 7.6055513 2.2388325
OS 7.6050198 2.239516
OS 7.6044174 2.240204
OS 7.6037442 2.2408964
OS 7.6147678 2.2408964
OS 7.6140946 2.240204
OS 7.6129607 2.2388325
OS 7.6125001 2.2381533
OS 7.6121103 2.2374786
OS 7.6117914 2.2368083
OS 7.6115434 2.2361424
OS 7.6113662 2.2354809
OS 7.6112599 2.2348239
OS 7.6112245 2.2341712
OS 7.6072875 2.2341712
OE
SE
S P 0
OB 9.0905545 2.0374015 I
OS 9.0900192 2.0373834
OS 9.0894339 2.037329
OS 9.0881135 2.0371115
OS 9.0873783 2.0369484
OS 9.0848734 2.0362415
OS 9.0829538 2.035589
OS 9.0878243 2.0452988
OS 9.0880908 2.0445463
OS 9.0884067 2.0438731
OS 9.0887721 2.043279
OS 9.0891869 2.0427642
OS 9.0896512 2.0423286
OS 9.090165 2.0419721
OS 9.0907282 2.0416949
OS 9.0913408 2.0414969
OS 9.0920029 2.0413781
OS 9.0927144 2.0413385
OS 9.0905545 2.0374015
OE
SE
S P 0
OB 12.6579781 2.0407619 I
OS 12.6584562 2.0412837
OS 12.6588765 2.0418348
OS 12.659239 2.0424154
OS 12.6595436 2.0430253
OS 12.6597904 2.0436646
OS 12.6599794 2.0443334
OS 12.6601105 2.0450315
OS 12.6601838 2.045759
OS 12.6601993 2.0465159
OS 12.660157 2.0473022
OS 12.6673022 2.040157
OS 12.6665159 2.0401993
OS 12.665759 2.0401838
OS 12.6650315 2.0401105
OS 12.6643334 2.0399794
OS 12.6636646 2.0397904
OS 12.6630253 2.0395436
OS 12.6624154 2.039239
OS 12.6618348 2.0388765
OS 12.6612837 2.0384562
OS 12.6607619 2.0379781
OS 12.6579781 2.0407619
OE
SE
S P 0
OB 11.4823484 2.0490315 I
OS 11.4816957 2.0489961
OS 11.4810387 2.0488898
OS 11.4803772 2.0487126
OS 11.4797113 2.0484646
OS 11.479041 2.0481457
OS 11.4783663 2.0477559
OS 11.4776871 2.0472953
OS 11.4770036 2.0467638
OS 11.4763156 2.0461614
OS 11.4756232 2.0454882
OS 11.4756232 2.0565118
OS 11.4763156 2.0558386
OS 11.4776871 2.0547047
OS 11.4783663 2.0542441
OS 11.479041 2.0538543
OS 11.4797113 2.0535354
OS 11.4803772 2.0532874
OS 11.4810387 2.0531102
OS 11.4816957 2.0530039
OS 11.4823484 2.0529685
OS 11.4823484 2.0490315
OE
SE
S P 0
OB 11.4576516 2.0529685 I
OS 11.4583043 2.0530039
OS 11.4589613 2.0531102
OS 11.4596228 2.0532874
OS 11.4602887 2.0535354
OS 11.460959 2.0538543
OS 11.4616337 2.0542441
OS 11.4623129 2.0547047
OS 11.4629964 2.0552362
OS 11.4636844 2.0558386
OS 11.4643768 2.0565118
OS 11.4643768 2.0454882
OS 11.4636844 2.0461614
OS 11.4623129 2.0472953
OS 11.4616337 2.0477559
OS 11.460959 2.0481457
OS 11.4602887 2.0484646
OS 11.4596228 2.0487126
OS 11.4589613 2.0488898
OS 11.4583043 2.0489961
OS 11.4576516 2.0490315
OS 11.4576516 2.0529685
OE
SE
S P 0
OB 10.2586603 2.0641236 I
OS 10.2591469 2.0636871
OS 10.2596866 2.0632977
OS 10.2602796 2.0629552
OS 10.2609259 2.0626598
OS 10.2616253 2.0624113
OS 10.2623781 2.0622098
OS 10.263184 2.0620553
OS 10.2640432 2.0619477
OS 10.2649556 2.0618872
OS 10.2659213 2.0618736
OS 10.2581264 2.0540787
OS 10.2581128 2.0550444
OS 10.2579447 2.056816
OS 10.2577902 2.0576219
OS 10.2575887 2.0583747
OS 10.2573402 2.0590741
OS 10.2570448 2.0597204
OS 10.2567023 2.0603134
OS 10.2563129 2.0608531
OS 10.2558764 2.0613397
OS 10.2586603 2.0641236
OE
SE
S P 0
OB 10.2733397 2.0438764 I
OS 10.2728531 2.0443129
OS 10.2723134 2.0447023
OS 10.2717204 2.0450448
OS 10.2710741 2.0453402
OS 10.2703747 2.0455887
OS 10.2696219 2.0457902
OS 10.268816 2.0459447
OS 10.2679568 2.0460523
OS 10.2670444 2.0461128
OS 10.2660787 2.0461264
OS 10.2738736 2.0539213
OS 10.2738872 2.0529556
OS 10.2740553 2.051184
OS 10.2742098 2.0503781
OS 10.2744113 2.0496253
OS 10.2746598 2.0489259
OS 10.2749552 2.0482796
OS 10.2752977 2.0476866
OS 10.2756871 2.0471469
OS 10.2761236 2.0466603
OS 10.2733397 2.0438764
OE
SE
S P 0
OB 7.6333087 2.2221554 I
OS 7.6328221 2.2225919
OS 7.6322824 2.2229813
OS 7.6316894 2.2233238
OS 7.6310431 2.2236192
OS 7.6303437 2.2238677
OS 7.6295909 2.2240692
OS 7.628785 2.2242237
OS 7.6279258 2.2243313
OS 7.6270134 2.2243918
OS 7.6260477 2.2244054
OS 7.6338426 2.2322003
OS 7.6338562 2.2312346
OS 7.6340243 2.229463
OS 7.6341788 2.2286571
OS 7.6343803 2.2279043
OS 7.6346288 2.2272049
OS 7.6349242 2.2265586
OS 7.6352667 2.2259656
OS 7.6356561 2.2254259
OS 7.6360926 2.2249393
OS 7.6333087 2.2221554
OE
SE
S P 0
OB 9.2092435 2.057275 I
OS 9.208624 2.0572548
OS 9.2080477 2.0571943
OS 9.2075146 2.0570934
OS 9.2070248 2.0569521
OS 9.2065782 2.0567705
OS 9.2061749 2.0565485
OS 9.2058148 2.0562862
OS 9.205498 2.0559835
OS 9.2052244 2.0556404
OS 9.2049941 2.055257
OS 9.2046242 2.0631307
OS 9.2048923 2.0627662
OS 9.2052035 2.06244
OS 9.2055578 2.0621522
OS 9.2059551 2.0619027
OS 9.2063955 2.0616917
OS 9.206879 2.061519
OS 9.2074055 2.0613847
OS 9.2079751 2.0612887
OS 9.2085878 2.0612312
OS 9.2092435 2.061212
OS 9.2092435 2.057275
OE
SE
S P 0
OB 9.1912659 2.0683919 I
OS 9.1917507 2.067939
OS 9.1922393 2.067546
OS 9.1927317 2.0672129
OS 9.1932278 2.0669397
OS 9.1937278 2.0667264
OS 9.1942315 2.0665731
OS 9.1947391 2.0664796
OS 9.1952504 2.0664461
OS 9.1957655 2.0664725
OS 9.1962844 2.0665588
OS 9.1903152 2.0605896
OS 9.1904015 2.0611085
OS 9.1904279 2.0616236
OS 9.1903944 2.0621349
OS 9.1903009 2.0626425
OS 9.1901476 2.0631462
OS 9.1899343 2.0636462
OS 9.1896611 2.0641423
OS 9.189328 2.0646347
OS 9.188935 2.0651233
OS 9.1884821 2.0656081
OS 9.1912659 2.0683919
OE
SE
S P 0
OB 8.0029685 2.0683484 I
OS 8.0030039 2.0676957
OS 8.0031102 2.0670387
OS 8.0032874 2.0663772
OS 8.0035354 2.0657113
OS 8.0038543 2.065041
OS 8.0042441 2.0643663
OS 8.0047047 2.0636871
OS 8.0052362 2.0630036
OS 8.0058386 2.0623156
OS 8.0065118 2.0616232
OS 7.9954882 2.0616232
OS 7.9961614 2.0623156
OS 7.9972953 2.0636871
OS 7.9977559 2.0643663
OS 7.9981457 2.065041
OS 7.9984646 2.0657113
OS 7.9987126 2.0663772
OS 7.9988898 2.0670387
OS 7.9989961 2.0676957
OS 7.9990315 2.0683484
OS 8.0029685 2.0683484
OE
SE
S P 0
OB 12.8006603 2.0631236 I
OS 12.8011469 2.0626871
OS 12.8016866 2.0622977
OS 12.8022796 2.0619552
OS 12.8029259 2.0616598
OS 12.8036253 2.0614113
OS 12.8043781 2.0612098
OS 12.805184 2.0610553
OS 12.8060432 2.0609477
OS 12.8069556 2.0608872
OS 12.8079213 2.0608736
OS 12.8001264 2.0530787
OS 12.8001128 2.0540444
OS 12.7999447 2.055816
OS 12.7997902 2.0566219
OS 12.7995887 2.0573747
OS 12.7993402 2.0580741
OS 12.7990448 2.0587204
OS 12.7987023 2.0593134
OS 12.7983129 2.0598531
OS 12.7978764 2.0603397
OS 12.8006603 2.0631236
OE
SE
S P 0
OB 11.6143484 2.0630315 I
OS 11.6136957 2.0629961
OS 11.6130387 2.0628898
OS 11.6123772 2.0627126
OS 11.6117113 2.0624646
OS 11.611041 2.0621457
OS 11.6103663 2.0617559
OS 11.6096871 2.0612953
OS 11.6090036 2.0607638
OS 11.6083156 2.0601614
OS 11.6076232 2.0594882
OS 11.6076232 2.0705118
OS 11.6083156 2.0698386
OS 11.6096871 2.0687047
OS 11.6103663 2.0682441
OS 11.611041 2.0678543
OS 11.6117113 2.0675354
OS 11.6123772 2.0672874
OS 11.6130387 2.0671102
OS 11.6136957 2.0670039
OS 11.6143484 2.0669685
OS 11.6143484 2.0630315
OE
SE
S P 0
OB 11.5896516 2.0669685 I
OS 11.5903043 2.0670039
OS 11.5909613 2.0671102
OS 11.5916228 2.0672874
OS 11.5922887 2.0675354
OS 11.592959 2.0678543
OS 11.5936337 2.0682441
OS 11.5943129 2.0687047
OS 11.5949964 2.0692362
OS 11.5956844 2.0698386
OS 11.5963768 2.0705118
OS 11.5963768 2.0594882
OS 11.5956844 2.0601614
OS 11.5943129 2.0612953
OS 11.5936337 2.0617559
OS 11.592959 2.0621457
OS 11.5922887 2.0624646
OS 11.5916228 2.0627126
OS 11.5909613 2.0628898
OS 11.5903043 2.0629961
OS 11.5896516 2.0630315
OS 11.5896516 2.0669685
OE
SE
S P 0
OB 10.3936603 2.0711236 I
OS 10.3941469 2.0706871
OS 10.3946866 2.0702977
OS 10.3952796 2.0699552
OS 10.3959259 2.0696598
OS 10.3966253 2.0694113
OS 10.3973781 2.0692098
OS 10.398184 2.0690553
OS 10.3990432 2.0689477
OS 10.3999556 2.0688872
OS 10.4009213 2.0688736
OS 10.3931264 2.0610787
OS 10.3931128 2.0620444
OS 10.3929447 2.063816
OS 10.3927902 2.0646219
OS 10.3925887 2.0653747
OS 10.3923402 2.0660741
OS 10.3920448 2.0667204
OS 10.3917023 2.0673134
OS 10.3913129 2.0678531
OS 10.3908764 2.0683397
OS 10.3936603 2.0711236
OE
SE
S P 0
OB 10.4133484 2.0590315 I
OS 10.4126957 2.0589961
OS 10.4120387 2.0588898
OS 10.4113772 2.0587126
OS 10.4107113 2.0584646
OS 10.410041 2.0581457
OS 10.4093663 2.0577559
OS 10.4086871 2.0572953
OS 10.4080036 2.0567638
OS 10.4073156 2.0561614
OS 10.4066232 2.0554882
OS 10.4066232 2.0665118
OS 10.4073156 2.0658386
OS 10.4086871 2.0647047
OS 10.4093663 2.0642441
OS 10.410041 2.0638543
OS 10.4107113 2.0635354
OS 10.4113772 2.0632874
OS 10.4120387 2.0631102
OS 10.4126957 2.0630039
OS 10.4133484 2.0629685
OS 10.4133484 2.0590315
OE
SE
S P 0
OB 4.7002531 1.773341 I
OS 4.6997665 1.7737775
OS 4.6992268 1.7741669
OS 4.6986338 1.7745094
OS 4.6979875 1.7748048
OS 4.6972881 1.7750533
OS 4.6965353 1.7752548
OS 4.6957294 1.7754093
OS 4.6948702 1.7755169
OS 4.6939578 1.7755774
OS 4.6929921 1.775591
OS 4.700787 1.7833859
OS 4.7008006 1.7824202
OS 4.7009687 1.7806486
OS 4.7011232 1.7798427
OS 4.7013247 1.7790899
OS 4.7015732 1.7783905
OS 4.7018686 1.7777442
OS 4.7022111 1.7771512
OS 4.7026005 1.7766115
OS 4.703037 1.7761249
OS 4.7002531 1.773341
OE
SE
S P 0
OB 7.0936516 1.7999685 I
OS 7.0943043 1.8000039
OS 7.0949613 1.8001102
OS 7.0956228 1.8002874
OS 7.0962887 1.8005354
OS 7.096959 1.8008543
OS 7.0976337 1.8012441
OS 7.0983129 1.8017047
OS 7.0989964 1.8022362
OS 7.0996844 1.8028386
OS 7.1003768 1.8035118
OS 7.1003768 1.7924882
OS 7.0996844 1.7931614
OS 7.0983129 1.7942953
OS 7.0976337 1.7947559
OS 7.096959 1.7951457
OS 7.0962887 1.7954646
OS 7.0956228 1.7957126
OS 7.0949613 1.7958898
OS 7.0943043 1.7959961
OS 7.0936516 1.7960315
OS 7.0936516 1.7999685
OE
SE
S P 0
OB 5.8679205 1.761811 I
OS 5.8685494 1.7618437
OS 5.8691958 1.7619418
OS 5.8698598 1.7621054
OS 5.8705414 1.7623343
OS 5.8712405 1.7626287
OS 5.8719571 1.7629885
OS 5.8726912 1.7634137
OS 5.8734429 1.7639043
OS 5.8749989 1.7650818
OS 5.8738194 1.7541215
OS 5.8732229 1.7548345
OS 5.8726181 1.7554724
OS 5.872005 1.7560353
OS 5.8713838 1.7565231
OS 5.8707542 1.7569359
OS 5.8701164 1.7572736
OS 5.8694703 1.7575363
OS 5.868816 1.7577239
OS 5.8681534 1.7578365
OS 5.8674825 1.757874
OS 5.8679205 1.761811
OE
SE
S P 0
OB 5.8873397 1.7488764 I
OS 5.8868531 1.7493129
OS 5.8863134 1.7497023
OS 5.8857204 1.7500448
OS 5.8850741 1.7503402
OS 5.8843747 1.7505887
OS 5.8836219 1.7507902
OS 5.882816 1.7509447
OS 5.8819568 1.7510523
OS 5.8810444 1.7511128
OS 5.8800787 1.7511264
OS 5.8878736 1.7589213
OS 5.8878872 1.7579556
OS 5.8880553 1.756184
OS 5.8882098 1.7553781
OS 5.8884113 1.7546253
OS 5.8886598 1.7539259
OS 5.8889552 1.7532796
OS 5.8892977 1.7526866
OS 5.8896871 1.7521469
OS 5.8901236 1.7516603
OS 5.8873397 1.7488764
OE
SE
S P 0
OB 1.5788871 3.2509582 I
OS 1.5797128 3.2518301
OS 1.5804507 3.2527066
OS 1.5811006 3.2535876
OS 1.5816627 3.2544731
OS 1.5821369 3.2553632
OS 1.5825232 3.2562579
OS 1.5828216 3.2571571
OS 1.5830321 3.2580608
OS 1.5831548 3.2589691
OS 1.5831896 3.2598819
OS 1.5948819 3.2481896
OS 1.5939691 3.2481548
OS 1.5930608 3.2480321
OS 1.5921571 3.2478216
OS 1.5912579 3.2475232
OS 1.5903632 3.2471369
OS 1.5894731 3.2466627
OS 1.5885876 3.2461006
OS 1.5877066 3.2454507
OS 1.5868301 3.2447128
OS 1.5859582 3.2438871
OS 1.5788871 3.2509582
OE
SE
S P 0
OB 1.3603068 3.212952 I
OS 1.3591064 3.2129193
OS 1.3579649 3.2128213
OS 1.3568823 3.2126579
OS 1.3558587 3.2124292
OS 1.354894 3.2121351
OS 1.3539882 3.2117756
OS 1.3531414 3.2113508
OS 1.3523535 3.2108607
OS 1.3516245 3.2103052
OS 1.3509544 3.2096843
OS 1.3509544 3.2262197
OS 1.3516245 3.2255988
OS 1.3523535 3.2250433
OS 1.3531414 3.2245532
OS 1.3539882 3.2241284
OS 1.354894 3.2237689
OS 1.3558587 3.2234748
OS 1.3568823 3.2232461
OS 1.3579649 3.2230827
OS 1.3591064 3.2229847
OS 1.3603068 3.222952
OS 1.3603068 3.212952
OE
SE
S P 0
OB 7.5198546 2.2154059 I
OS 7.5192019 2.2153705
OS 7.5185449 2.2152642
OS 7.5178834 2.215087
OS 7.5172175 2.214839
OS 7.5165472 2.2145201
OS 7.5158725 2.2141303
OS 7.5151933 2.2136697
OS 7.5145098 2.2131382
OS 7.5138218 2.2125358
OS 7.5131294 2.2118626
OS 7.5131294 2.2228862
OS 7.5138218 2.222213
OS 7.5151933 2.2210791
OS 7.5158725 2.2206185
OS 7.5165472 2.2202287
OS 7.5172175 2.2199098
OS 7.5178834 2.2196618
OS 7.5185449 2.2194846
OS 7.5192019 2.2193783
OS 7.5198546 2.2193429
OS 7.5198546 2.2154059
OE
SE
S P 0
OB 8.1988189 1.9128485 I
OS 8.1987835 1.9135012
OS 8.1986772 1.9141582
OS 8.1985 1.9148197
OS 8.198252 1.9154856
OS 8.1979331 1.9161559
OS 8.1975433 1.9168306
OS 8.1970827 1.9175098
OS 8.1965512 1.9181933
OS 8.1959488 1.9188813
OS 8.1952756 1.9195737
OS 8.2062992 1.9195737
OS 8.205626 1.9188813
OS 8.2044921 1.9175098
OS 8.2040315 1.9168306
OS 8.2036417 1.9161559
OS 8.2033228 1.9154856
OS 8.2030748 1.9148197
OS 8.2028976 1.9141582
OS 8.2027913 1.9135012
OS 8.2027559 1.9128485
OS 8.1988189 1.9128485
OE
SE
S P 0
OB 4.8161285 1.7904622 I
OS 4.8160931 1.7911149
OS 4.8159868 1.7917719
OS 4.8158096 1.7924334
OS 4.8155616 1.7930993
OS 4.8152427 1.7937696
OS 4.8148529 1.7944443
OS 4.8143923 1.7951235
OS 4.8138608 1.795807
OS 4.8132584 1.796495
OS 4.8125852 1.7971874
OS 4.8236088 1.7971874
OS 4.8229356 1.796495
OS 4.8218017 1.7951235
OS 4.8213411 1.7944443
OS 4.8209513 1.7937696
OS 4.8206324 1.7930993
OS 4.8203844 1.7924334
OS 4.8202072 1.7917719
OS 4.8201009 1.7911149
OS 4.8200655 1.7904622
OS 4.8161285 1.7904622
OE
SE
S P 0
OB 5.5885827 1.7671792 I
OS 5.5885473 1.7678319
OS 5.588441 1.7684889
OS 5.5882638 1.7691504
OS 5.5880158 1.7698163
OS 5.5876969 1.7704866
OS 5.5873071 1.7711613
OS 5.5868465 1.7718405
OS 5.586315 1.772524
OS 5.5857126 1.773212
OS 5.5850394 1.7739044
OS 5.596063 1.7739044
OS 5.5953898 1.773212
OS 5.5942559 1.7718405
OS 5.5937953 1.7711613
OS 5.5934055 1.7704866
OS 5.5930866 1.7698163
OS 5.5928386 1.7691504
OS 5.5926614 1.7684889
OS 5.5925551 1.7678319
OS 5.5925197 1.7671792
OS 5.5885827 1.7671792
OE
SE
S P 0
OB 8.5265857 0.4627563 I
OS 8.5260386 0.4632537
OS 8.5254971 0.4636457
OS 8.5249614 0.4639325
OS 8.5244314 0.4641141
OS 8.523907 0.4641903
OS 8.5233884 0.4641612
OS 8.5228756 0.4640269
OS 8.5223684 0.4637872
OS 8.5218669 0.4634423
OS 8.5213712 0.4629921
OS 8.5220972 0.4731609
OS 8.5223324 0.4728596
OS 8.5235586 0.4714766
OS 8.5283546 0.4665552
OS 8.5265857 0.4627563
OE
SE
S P 0
OB 8.6569429 0.4468504 I
OS 8.6575956 0.4468858
OS 8.6582526 0.4469921
OS 8.6589141 0.4471693
OS 8.65958 0.4474173
OS 8.6602503 0.4477362
OS 8.660925 0.448126
OS 8.6616042 0.4485866
OS 8.6622877 0.4491181
OS 8.6629757 0.4497205
OS 8.6636681 0.4503937
OS 8.6636681 0.4393701
OS 8.6629757 0.4400433
OS 8.6616042 0.4411772
OS 8.660925 0.4416378
OS 8.6602503 0.4420276
OS 8.65958 0.4423465
OS 8.6589141 0.4425945
OS 8.6582526 0.4427717
OS 8.6575956 0.442878
OS 8.6569429 0.4429134
OS 8.6569429 0.4468504
OE
SE
S P 0
OB 8.0799998 3.3691141 I
OS 8.076991 3.3671037
OS 8.0730753 3.3612434
OS 8.0717003 3.3543308
OS 8.0730753 3.3474182
OS 8.076991 3.341558
OS 8.076991 3.3356101
OS 8.0769618 3.3355639
OS 8.0730753 3.3297474
OS 8.0717003 3.3228348
OS 8.0730753 3.3159222
OS 8.0769618 3.3101056
OS 8.076991 3.3100595
OS 8.076991 3.304114
OS 8.0769618 3.3040679
OS 8.0730753 3.2982513
OS 8.0717003 3.2913387
OS 8.0730753 3.2844261
OS 8.0769617 3.2786097
OS 8.076991 3.2785634
OS 8.07699 3.2726174
OS 8.0769613 3.2725721
OS 8.0730743 3.2667548
OS 8.0716993 3.2598422
OS 8.0730743 3.2529296
OS 8.07699 3.2470694
OS 8.076991 3.2411194
OS 8.0730753 3.2352592
OS 8.0717003 3.2283466
OS 8.0730753 3.221434
OS 8.076991 3.2155738
OS 8.076991 3.2096236
OS 8.0730753 3.2037634
OS 8.0717003 3.1968508
OS 8.0730753 3.1899382
OS 8.076991 3.184078
OS 8.076991 3.1781272
OS 8.0730753 3.172267
OS 8.0717003 3.1653544
OS 8.0730753 3.1584418
OS 8.0769615 3.1526257
OS 8.076991 3.152579
OS 8.07699 3.1466337
OS 8.0769611 3.146588
OS 8.0730743 3.140771
OS 8.0716993 3.1338584
OS 8.0730743 3.1269458
OS 8.07699 3.1210855
OS 8.0799999 3.1190744
OS 8.0799999 3.0762756
OS 8.0789505 3.071
OS 8.0799999 3.0657244
OS 8.08 3.0148952
OS 8.0770655 3.0129345
OS 8.07402 3.0083765
OS 8.0729505 3.003
OS 8.07402 2.9976235
OS 8.0770655 2.9930655
OS 8.08 2.9911048
OS 8.08 2.8724717
OS 8.064098 2.8724717
OS 8.0605466 2.8774718
OS 8.0610495 2.88
OS 8.05998 2.8853765
OS 8.0569345 2.8899345
OS 8.0523765 2.89298
OS 8.047 2.8940495
OS 8.0416235 2.89298
OS 8.0370655 2.8899345
OS 8.03402 2.8853765
OS 8.0329505 2.88
OS 8.0334534 2.8774718
OS 8.029902 2.8724717
OS 7.9615801 2.8724717
OS 7.9599345 2.8749345
OS 7.9553765 2.87798
OS 7.95 2.8790495
OS 7.9446235 2.87798
OS 7.9400655 2.8749345
OS 7.9384199 2.8724717
OS 7.9 2.8724717
OS 7.8999998 3.4799999
OS 8.0799998 3.4799999
OS 8.0799998 3.3691141
OE
SE
S P 0
OB 12.8799997 3.369114 I
OS 12.8769909 3.3671036
OS 12.8730752 3.3612433
OS 12.8717002 3.3543307
OS 12.8730752 3.3474181
OS 12.8769617 3.3416016
OS 12.8769909 3.3415554
OS 12.8769909 3.3356075
OS 12.8730752 3.3297473
OS 12.8717002 3.3228347
OS 12.8730752 3.3159221
OS 12.8769617 3.3101055
OS 12.8769909 3.3100594
OS 12.8769909 3.3041139
OS 12.8769617 3.3040678
OS 12.8730752 3.2982512
OS 12.8717002 3.2913386
OS 12.8730752 3.284426
OS 12.8769616 3.2786096
OS 12.8769909 3.2785633
OS 12.8769899 3.2726173
OS 12.8769612 3.272572
OS 12.8730742 3.2667547
OS 12.8716992 3.2598421
OS 12.8730742 3.2529295
OS 12.8769899 3.2470693
OS 12.8769909 3.2411193
OS 12.8730752 3.2352591
OS 12.8717002 3.2283465
OS 12.8730752 3.2214339
OS 12.8769909 3.2155737
OS 12.8769909 3.2096235
OS 12.8730752 3.2037633
OS 12.8717002 3.1968507
OS 12.8730752 3.1899381
OS 12.8769909 3.1840779
OS 12.8769909 3.1781271
OS 12.8730752 3.1722669
OS 12.8717002 3.1653543
OS 12.8730752 3.1584417
OS 12.8769909 3.1525815
OS 12.8769899 3.1466311
OS 12.8730742 3.1407709
OS 12.8716992 3.1338583
OS 12.8730742 3.1269457
OS 12.8769899 3.1210854
OS 12.8799998 3.1190743
OS 12.8799998 3.0798362
OS 12.87702 3.0753765
OS 12.8759505 3.07
OS 12.87702 3.0646235
OS 12.8799998 3.0601638
OS 12.8799999 2.8724716
OS 12.8640979 2.8724716
OS 12.8605465 2.8774717
OS 12.8610494 2.8799999
OS 12.8599799 2.8853764
OS 12.8569344 2.8899344
OS 12.8523764 2.8929799
OS 12.8469999 2.8940494
OS 12.8416234 2.8929799
OS 12.8370654 2.8899344
OS 12.8340199 2.8853764
OS 12.8329504 2.8799999
OS 12.8334533 2.8774717
OS 12.8299019 2.8724716
OS 12.76158 2.8724716
OS 12.7599344 2.8749344
OS 12.7553764 2.8779799
OS 12.7499999 2.8790494
OS 12.7446234 2.8779799
OS 12.7400654 2.8749344
OS 12.7384198 2.8724716
OS 12.6999999 2.8724716
OS 12.6999998 3.0983987
OS 12.7028479 3.1003017
OS 12.7058934 3.1048597
OS 12.7060991 3.1058937
OS 12.7111971 3.1058937
OS 12.711404 3.1048535
OS 12.7144495 3.1002955
OS 12.7190075 3.09725
OS 12.724384 3.0961805
OS 12.7297605 3.09725
OS 12.7343185 3.1002955
OS 12.737364 3.1048535
OS 12.737583 3.1059545
OS 12.742681 3.1059545
OS 12.7429 3.1048535
OS 12.7459455 3.1002955
OS 12.7505035 3.09725
OS 12.75588 3.0961805
OS 12.7612565 3.09725
OS 12.7658145 3.1002955
OS 12.76886 3.1048535
OS 12.769079 3.1059545
OS 12.774177 3.1059545
OS 12.774396 3.1048535
OS 12.7774415 3.1002955
OS 12.7819995 3.09725
OS 12.787376 3.0961805
OS 12.7927525 3.09725
OS 12.7973105 3.1002955
OS 12.800356 3.1048535
OS 12.800575 3.1059545
OS 12.805673 3.1059545
OS 12.805892 3.1048535
OS 12.8089375 3.1002955
OS 12.8134955 3.09725
OS 12.818872 3.0961805
OS 12.8242485 3.09725
OS 12.8288065 3.1002955
OS 12.831852 3.1048535
OS 12.8320845 3.1060222
OS 12.8371825 3.1060222
OS 12.8374137 3.1048597
OS 12.8404592 3.1003017
OS 12.8450172 3.0972562
OS 12.8503937 3.0961867
OS 12.8557702 3.0972562
OS 12.8603282 3.1003017
OS 12.8633737 3.1048597
OS 12.8644432 3.1102362
OS 12.8633737 3.1156127
OS 12.8603282 3.1201707
OS 12.8557702 3.1232162
OS 12.8533153 3.1237045
OS 12.8498349 3.1254078
OS 12.8480834 3.1289242
OS 12.8476 3.1313545
OS 12.8445545 3.1359125
OS 12.8399965 3.138958
OS 12.83462 3.1400275
OS 12.8292435 3.138958
OS 12.8246855 3.1359125
OS 12.82164 3.1313545
OS 12.821421 3.1302535
OS 12.816323 3.1302535
OS 12.816104 3.1313545
OS 12.8130585 3.1359125
OS 12.8085005 3.138958
OS 12.803124 3.1400275
OS 12.7977475 3.138958
OS 12.7931895 3.1359125
OS 12.790144 3.1313545
OS 12.7899384 3.1303208
OS 12.7848404 3.1303208
OS 12.7846335 3.1313608
OS 12.781588 3.1359188
OS 12.77703 3.1389643
OS 12.7716535 3.1400338
OS 12.766277 3.1389643
OS 12.761719 3.1359188
OS 12.7586735 3.1313608
OS 12.7584411 3.1301926
OS 12.7533431 3.1301926
OS 12.753112 3.1313545
OS 12.7500665 3.1359125
OS 12.7455085 3.138958
OS 12.740132 3.1400275
OS 12.7347555 3.138958
OS 12.7301975 3.1359125
OS 12.727152 3.1313545
OS 12.7269463 3.1303205
OS 12.7218483 3.1303205
OS 12.7216414 3.1313608
OS 12.7185959 3.1359188
OS 12.7140379 3.1389643
OS 12.7086614 3.1400338
OS 12.7049999 3.1393054
OS 12.6999998 3.142325
OS 12.6999997 3.4799998
OS 12.8799997 3.4799998
OS 12.8799997 3.369114
OE
SE
S P 0
OB 9.2799997 3.3691141 I
OS 9.2769909 3.3671037
OS 9.2730752 3.3612434
OS 9.2717002 3.3543308
OS 9.2730752 3.3474182
OS 9.2769909 3.341558
OS 9.2769909 3.3356101
OS 9.2769617 3.3355639
OS 9.2730752 3.3297474
OS 9.2717002 3.3228348
OS 9.2730752 3.3159222
OS 9.2769617 3.3101056
OS 9.2769909 3.3100595
OS 9.2769909 3.304114
OS 9.2769617 3.3040679
OS 9.2730752 3.2982513
OS 9.2717002 3.2913387
OS 9.2730752 3.2844261
OS 9.2769616 3.2786097
OS 9.2769909 3.2785634
OS 9.2769899 3.2726174
OS 9.2769612 3.2725721
OS 9.2730742 3.2667548
OS 9.2716992 3.2598422
OS 9.2730742 3.2529296
OS 9.2769899 3.2470694
OS 9.2769909 3.2411194
OS 9.2730752 3.2352592
OS 9.2717002 3.2283466
OS 9.2730752 3.221434
OS 9.2769909 3.2155738
OS 9.2769909 3.2096236
OS 9.2730752 3.2037634
OS 9.2717002 3.1968508
OS 9.2730752 3.1899382
OS 9.2769909 3.184078
OS 9.2769909 3.1781272
OS 9.2730752 3.172267
OS 9.2717002 3.1653544
OS 9.2730752 3.1584418
OS 9.2769614 3.1526257
OS 9.2769909 3.152579
OS 9.2769899 3.1466337
OS 9.276961 3.146588
OS 9.2730742 3.140771
OS 9.2716992 3.1338584
OS 9.2730742 3.1269458
OS 9.2769899 3.1210855
OS 9.2799998 3.1190744
OS 9.2799998 3.0768429
OS 9.27902 3.0753765
OS 9.2779505 3.07
OS 9.27902 3.0646235
OS 9.2799998 3.063157
OS 9.2799998 3.0153396
OS 9.27802 3.0123765
OS 9.2769505 3.007
OS 9.27802 3.0016235
OS 9.2799999 2.9986604
OS 9.2799999 2.9864155
OS 9.2786332 2.9855023
OS 9.2755877 2.9809443
OS 9.2745182 2.9755678
OS 9.2755877 2.9701913
OS 9.2786332 2.9656333
OS 9.2799999 2.9647201
OS 9.2799999 2.8724717
OS 9.2640979 2.8724717
OS 9.2605465 2.8774718
OS 9.2610494 2.88
OS 9.2599799 2.8853765
OS 9.2569344 2.8899345
OS 9.2523764 2.89298
OS 9.2469999 2.8940495
OS 9.2416234 2.89298
OS 9.2370654 2.8899345
OS 9.2340199 2.8853765
OS 9.2329504 2.88
OS 9.2334533 2.8774718
OS 9.2299019 2.8724717
OS 9.16158 2.8724717
OS 9.1599344 2.8749345
OS 9.1553764 2.87798
OS 9.1499999 2.8790495
OS 9.1446234 2.87798
OS 9.1400654 2.8749345
OS 9.1384198 2.8724717
OS 9.0999999 2.8724717
OS 9.0999997 3.4799999
OS 9.2799997 3.4799999
OS 9.2799997 3.3691141
OE
SE
S P 0
OB 10.4799997 3.3691141 I
OS 10.4769909 3.3671037
OS 10.4730752 3.3612434
OS 10.4717002 3.3543308
OS 10.4730752 3.3474182
OS 10.4769909 3.341558
OS 10.4769909 3.3356101
OS 10.4769617 3.3355639
OS 10.4730752 3.3297474
OS 10.4717002 3.3228348
OS 10.4730752 3.3159222
OS 10.4769617 3.3101056
OS 10.4769909 3.3100595
OS 10.4769909 3.304114
OS 10.4769617 3.3040679
OS 10.4730752 3.2982513
OS 10.4717002 3.2913387
OS 10.4730752 3.2844261
OS 10.4769616 3.2786097
OS 10.4769909 3.2785634
OS 10.4769899 3.2726174
OS 10.4769612 3.2725721
OS 10.4730742 3.2667548
OS 10.4716992 3.2598422
OS 10.4730742 3.2529296
OS 10.4769899 3.2470694
OS 10.4769909 3.2411194
OS 10.4730752 3.2352592
OS 10.4717002 3.2283466
OS 10.4730752 3.221434
OS 10.4769909 3.2155738
OS 10.4769909 3.2096236
OS 10.4730752 3.2037634
OS 10.4717002 3.1968508
OS 10.4730752 3.1899382
OS 10.4769909 3.184078
OS 10.4769909 3.1781272
OS 10.4730752 3.172267
OS 10.4717002 3.1653544
OS 10.4730752 3.1584418
OS 10.4769614 3.1526257
OS 10.4769909 3.152579
OS 10.4769899 3.1466337
OS 10.476961 3.146588
OS 10.4730742 3.140771
OS 10.4716992 3.1338584
OS 10.4730742 3.1269458
OS 10.4769899 3.1210855
OS 10.4799998 3.1190744
OS 10.4799998 3.0778429
OS 10.47902 3.0763765
OS 10.4779505 3.071
OS 10.47902 3.0656235
OS 10.4799998 3.064157
OS 10.4799999 3.013843
OS 10.47902 3.0123765
OS 10.4779505 3.007
OS 10.47902 3.0016235
OS 10.4799999 3.000157
OS 10.4799999 2.8724717
OS 10.4640979 2.8724717
OS 10.4605465 2.8774718
OS 10.4610494 2.88
OS 10.4599799 2.8853765
OS 10.4569344 2.8899345
OS 10.4523764 2.89298
OS 10.4469999 2.8940495
OS 10.4416234 2.89298
OS 10.4370654 2.8899345
OS 10.4340199 2.8853765
OS 10.4329504 2.88
OS 10.4334533 2.8774718
OS 10.4299019 2.8724717
OS 10.36158 2.8724717
OS 10.3599344 2.8749345
OS 10.3553764 2.87798
OS 10.3499999 2.8790495
OS 10.3446234 2.87798
OS 10.3400654 2.8749345
OS 10.3384198 2.8724717
OS 10.2999999 2.8724717
OS 10.2999997 3.4799999
OS 10.4799997 3.4799999
OS 10.4799997 3.3691141
OE
SE
S P 0
OB 11.6799997 3.3691141 I
OS 11.6769909 3.3671037
OS 11.6730752 3.3612434
OS 11.6717002 3.3543308
OS 11.6730752 3.3474182
OS 11.6769909 3.341558
OS 11.6769909 3.3356101
OS 11.6769617 3.3355639
OS 11.6730752 3.3297474
OS 11.6717002 3.3228348
OS 11.6730752 3.3159222
OS 11.6769617 3.3101056
OS 11.6769909 3.3100595
OS 11.6769909 3.304114
OS 11.6769617 3.3040679
OS 11.6730752 3.2982513
OS 11.6717002 3.2913387
OS 11.6730752 3.2844261
OS 11.6769616 3.2786097
OS 11.6769909 3.2785634
OS 11.6769899 3.2726174
OS 11.6769612 3.2725721
OS 11.6730742 3.2667548
OS 11.6716992 3.2598422
OS 11.6730742 3.2529296
OS 11.6769899 3.2470694
OS 11.6769909 3.2411194
OS 11.6730752 3.2352592
OS 11.6717002 3.2283466
OS 11.6730752 3.221434
OS 11.6769909 3.2155738
OS 11.6769909 3.2096236
OS 11.6730752 3.2037634
OS 11.6717002 3.1968508
OS 11.6730752 3.1899382
OS 11.6769909 3.184078
OS 11.6769909 3.1781272
OS 11.6730752 3.172267
OS 11.6717002 3.1653544
OS 11.6730752 3.1584418
OS 11.6769614 3.1526257
OS 11.6769909 3.152579
OS 11.6769899 3.1466337
OS 11.676961 3.146588
OS 11.6730742 3.140771
OS 11.6716992 3.1338584
OS 11.6730742 3.1269458
OS 11.6769899 3.1210855
OS 11.6799998 3.1190744
OS 11.6799998 3.0752751
OS 11.6789505 3.07
OS 11.6799998 3.0647249
OS 11.6799999 3.0132752
OS 11.6789505 3.008
OS 11.6799999 3.0027248
OS 11.6799999 2.8724717
OS 11.6640979 2.8724717
OS 11.6605465 2.8774718
OS 11.6610494 2.88
OS 11.6599799 2.8853765
OS 11.6569344 2.8899345
OS 11.6523764 2.89298
OS 11.6469999 2.8940495
OS 11.6416234 2.89298
OS 11.6370654 2.8899345
OS 11.6340199 2.8853765
OS 11.6329504 2.88
OS 11.6334533 2.8774718
OS 11.6299019 2.8724717
OS 11.56158 2.8724717
OS 11.5599344 2.8749345
OS 11.5553764 2.87798
OS 11.5499999 2.8790495
OS 11.5446234 2.87798
OS 11.5400654 2.8749345
OS 11.5384198 2.8724717
OS 11.4999999 2.8724717
OS 11.4999997 3.4799999
OS 11.6799997 3.4799999
OS 11.6799997 3.3691141
OE
SE
S P 0
OB 13.7634709 5.023314 I
OS 13.7634709 3.2755906
OS 13.1111233 3.2755906
OS 13.1086141 3.2805906
OS 13.1111768 3.284426
OS 13.1125518 3.2913386
OS 13.1111768 3.2982512
OS 13.1072908 3.304067
OS 13.1065509 3.3052388
OS 13.1065509 3.3089343
OS 13.1072915 3.3101047
OS 13.1111785 3.3159221
OS 13.1125535 3.3228347
OS 13.1111785 3.3297473
OS 13.1072628 3.3356076
OS 13.1065518 3.3360827
OS 13.1065518 3.3410827
OS 13.1072628 3.3415578
OS 13.1111785 3.3474181
OS 13.1125535 3.3543307
OS 13.1111785 3.3612433
OS 13.1072628 3.3671036
OS 13.1014025 3.3710193
OS 13.0944899 3.3723943
OS 13.0875773 3.3710193
OS 13.081717 3.3671036
OS 13.0778013 3.3612433
OS 13.0764263 3.3543307
OS 13.0778013 3.3474181
OS 13.081717 3.3415578
OS 13.082428 3.3410827
OS 13.082428 3.3360827
OS 13.081717 3.3356076
OS 13.0778013 3.3297473
OS 13.0764263 3.3228347
OS 13.0778013 3.3159221
OS 13.0816873 3.3101063
OS 13.0824272 3.3089345
OS 13.0824272 3.305239
OS 13.0816866 3.3040686
OS 13.0777996 3.2982512
OS 13.0764246 3.2913386
OS 13.0777996 3.284426
OS 13.0803623 3.2805906
OS 13.0778531 3.2755906
OS 13.0402571 3.2755906
OS 13.0377479 3.2805906
OS 13.0403106 3.284426
OS 13.0416856 3.2913386
OS 13.0403106 3.2982512
OS 13.0364246 3.304067
OS 13.0356847 3.3052388
OS 13.0356847 3.3089343
OS 13.0364253 3.3101047
OS 13.0403124 3.3159221
OS 13.0416874 3.3228347
OS 13.0403124 3.3297473
OS 13.0363967 3.3356076
OS 13.0356857 3.3360827
OS 13.0356857 3.3410827
OS 13.0363967 3.3415578
OS 13.0403124 3.3474181
OS 13.0416874 3.3543307
OS 13.0403124 3.3612433
OS 13.0363967 3.3671036
OS 13.0305364 3.3710193
OS 13.0236238 3.3723943
OS 13.0167112 3.3710193
OS 13.0108509 3.3671036
OS 13.0069352 3.3612433
OS 13.0055602 3.3543307
OS 13.0069352 3.3474181
OS 13.0108509 3.3415578
OS 13.0115619 3.3410827
OS 13.0115619 3.3360827
OS 13.0108509 3.3356076
OS 13.0069352 3.3297473
OS 13.0055602 3.3228347
OS 13.0069352 3.3159221
OS 13.0108212 3.3101063
OS 13.0115611 3.3089345
OS 13.0115611 3.305239
OS 13.0108205 3.3040686
OS 13.0069334 3.2982512
OS 13.0055584 3.2913386
OS 13.0069334 3.284426
OS 13.0094961 3.2805906
OS 13.0069869 3.2755906
OS 12.977265 3.2755906
OS 12.9747558 3.2805906
OS 12.9773185 3.284426
OS 12.9786935 3.2913386
OS 12.9773185 3.2982512
OS 12.973432 3.3040678
OS 12.9726917 3.3052389
OS 12.9726917 3.3089344
OS 12.973432 3.3101055
OS 12.9773185 3.3159221
OS 12.9786935 3.3228347
OS 12.9773185 3.3297473
OS 12.973432 3.3355638
OS 12.9726918 3.336735
OS 12.9726918 3.3404304
OS 12.973432 3.3416016
OS 12.9773185 3.3474181
OS 12.9786935 3.3543307
OS 12.9773185 3.3612433
OS 12.9734028 3.3671036
OS 12.9675425 3.3710193
OS 12.9606299 3.3723943
OS 12.9537173 3.3710193
OS 12.947857 3.3671036
OS 12.9439413 3.3612433
OS 12.9425663 3.3543307
OS 12.9439413 3.3474181
OS 12.9478278 3.3416016
OS 12.948568 3.3404304
OS 12.948568 3.336735
OS 12.9478278 3.3355638
OS 12.9439413 3.3297473
OS 12.9425663 3.3228347
OS 12.9439413 3.3159221
OS 12.9478278 3.3101055
OS 12.9485681 3.3089344
OS 12.9485681 3.3052389
OS 12.9478278 3.3040678
OS 12.9439413 3.2982512
OS 12.9425663 3.2913386
OS 12.9439413 3.284426
OS 12.946504 3.2805906
OS 12.9439948 3.2755906
OS 12.9063989 3.2755906
OS 12.9038897 3.2805906
OS 12.9064524 3.284426
OS 12.9078274 3.2913386
OS 12.9064524 3.2982512
OS 12.9025659 3.3040678
OS 12.9018256 3.3052389
OS 12.9018256 3.3089344
OS 12.9025659 3.3101055
OS 12.9064524 3.3159221
OS 12.9078274 3.3228347
OS 12.9064524 3.3297473
OS 12.9025659 3.3355638
OS 12.9018257 3.336735
OS 12.9018257 3.3404304
OS 12.9025659 3.3416016
OS 12.9064524 3.3474181
OS 12.9078274 3.3543307
OS 12.9064524 3.3612433
OS 12.9025367 3.3671036
OS 12.8966764 3.3710193
OS 12.8897638 3.3723943
OS 12.8828512 3.3710193
OS 12.8769909 3.3671036
OS 12.8730752 3.3612433
OS 12.8717002 3.3543307
OS 12.8730752 3.3474181
OS 12.8769617 3.3416016
OS 12.8777019 3.3404304
OS 12.8777019 3.336735
OS 12.8769617 3.3355638
OS 12.8730752 3.3297473
OS 12.8717002 3.3228347
OS 12.8730752 3.3159221
OS 12.8769617 3.3101055
OS 12.877702 3.3089344
OS 12.877702 3.3052389
OS 12.8769617 3.3040678
OS 12.8730752 3.2982512
OS 12.8717002 3.2913386
OS 12.8730752 3.284426
OS 12.8756379 3.2805906
OS 12.8731287 3.2755906
OS 11.9111231 3.2755906
OS 11.9086141 3.2805906
OS 11.9111768 3.2844261
OS 11.9125518 3.2913387
OS 11.9111768 3.2982513
OS 11.9072908 3.3040671
OS 11.9065509 3.3052389
OS 11.9065509 3.3089344
OS 11.9072915 3.3101048
OS 11.9111785 3.3159222
OS 11.9125535 3.3228348
OS 11.9111785 3.3297474
OS 11.907292 3.3355639
OS 11.9065518 3.3367351
OS 11.9065518 3.3404305
OS 11.907292 3.3416017
OS 11.9111785 3.3474182
OS 11.9125535 3.3543308
OS 11.9111785 3.3612434
OS 11.9072628 3.3671037
OS 11.9014025 3.3710194
OS 11.8944899 3.3723944
OS 11.8875773 3.3710194
OS 11.881717 3.3671037
OS 11.8778013 3.3612434
OS 11.8764263 3.3543308
OS 11.8778013 3.3474182
OS 11.8816878 3.3416017
OS 11.882428 3.3404305
OS 11.882428 3.3367351
OS 11.8816878 3.3355639
OS 11.8778013 3.3297474
OS 11.8764263 3.3228348
OS 11.8778013 3.3159222
OS 11.8816873 3.3101064
OS 11.8824272 3.3089346
OS 11.8824272 3.3052391
OS 11.8816866 3.3040687
OS 11.8777996 3.2982513
OS 11.8764246 3.2913387
OS 11.8777996 3.2844261
OS 11.8803623 3.2805906
OS 11.8778533 3.2755906
OS 11.8402569 3.2755906
OS 11.8377479 3.2805906
OS 11.8403106 3.2844261
OS 11.8416856 3.2913387
OS 11.8403106 3.2982513
OS 11.8364246 3.3040671
OS 11.8356847 3.3052389
OS 11.8356847 3.3089344
OS 11.8364253 3.3101048
OS 11.8403124 3.3159222
OS 11.8416874 3.3228348
OS 11.8403124 3.3297474
OS 11.8363967 3.3356077
OS 11.8356857 3.3360828
OS 11.8356857 3.3410828
OS 11.8363967 3.3415579
OS 11.8403124 3.3474182
OS 11.8416874 3.3543308
OS 11.8403124 3.3612434
OS 11.8363967 3.3671037
OS 11.8305364 3.3710194
OS 11.8236238 3.3723944
OS 11.8167112 3.3710194
OS 11.8108509 3.3671037
OS 11.8069352 3.3612434
OS 11.8055602 3.3543308
OS 11.8069352 3.3474182
OS 11.8108509 3.3415579
OS 11.8115619 3.3410828
OS 11.8115619 3.3360828
OS 11.8108509 3.3356077
OS 11.8069352 3.3297474
OS 11.8055602 3.3228348
OS 11.8069352 3.3159222
OS 11.8108212 3.3101064
OS 11.8115611 3.3089346
OS 11.8115611 3.3052391
OS 11.8108205 3.3040687
OS 11.8069334 3.2982513
OS 11.8055584 3.2913387
OS 11.8069334 3.2844261
OS 11.8094961 3.2805906
OS 11.8069871 3.2755906
OS 11.7772648 3.2755906
OS 11.7747558 3.2805906
OS 11.7773185 3.2844261
OS 11.7786935 3.2913387
OS 11.7773185 3.2982513
OS 11.773432 3.3040679
OS 11.7726917 3.305239
OS 11.7726917 3.3089345
OS 11.773432 3.3101056
OS 11.7773185 3.3159222
OS 11.7786935 3.3228348
OS 11.7773185 3.3297474
OS 11.773432 3.3355639
OS 11.7726918 3.3367351
OS 11.7726918 3.3404305
OS 11.773432 3.3416017
OS 11.7773185 3.3474182
OS 11.7786935 3.3543308
OS 11.7773185 3.3612434
OS 11.7734028 3.3671037
OS 11.7675425 3.3710194
OS 11.7606299 3.3723944
OS 11.7537173 3.3710194
OS 11.747857 3.3671037
OS 11.7439413 3.3612434
OS 11.7425663 3.3543308
OS 11.7439413 3.3474182
OS 11.7478278 3.3416017
OS 11.748568 3.3404305
OS 11.748568 3.3367351
OS 11.7478278 3.3355639
OS 11.7439413 3.3297474
OS 11.7425663 3.3228348
OS 11.7439413 3.3159222
OS 11.7478278 3.3101056
OS 11.7485681 3.3089345
OS 11.7485681 3.305239
OS 11.7478278 3.3040679
OS 11.7439413 3.2982513
OS 11.7425663 3.2913387
OS 11.7439413 3.2844261
OS 11.746504 3.2805906
OS 11.743995 3.2755906
OS 11.7063987 3.2755906
OS 11.7038897 3.2805906
OS 11.7064524 3.2844261
OS 11.7078274 3.2913387
OS 11.7064524 3.2982513
OS 11.7025659 3.3040679
OS 11.7018256 3.305239
OS 11.7018256 3.3089345
OS 11.7025659 3.3101056
OS 11.7064524 3.3159222
OS 11.7078274 3.3228348
OS 11.7064524 3.3297474
OS 11.7025659 3.3355639
OS 11.7018257 3.3367351
OS 11.7018257 3.3404305
OS 11.7025659 3.3416017
OS 11.7064524 3.3474182
OS 11.7078274 3.3543308
OS 11.7064524 3.3612434
OS 11.7025367 3.3671037
OS 11.6966764 3.3710194
OS 11.6897638 3.3723944
OS 11.6828512 3.3710194
OS 11.6769909 3.3671037
OS 11.6730752 3.3612434
OS 11.6717002 3.3543308
OS 11.6730752 3.3474182
OS 11.6769617 3.3416017
OS 11.6777019 3.3404305
OS 11.6777019 3.3367351
OS 11.6769617 3.3355639
OS 11.6730752 3.3297474
OS 11.6717002 3.3228348
OS 11.6730752 3.3159222
OS 11.6769617 3.3101056
OS 11.677702 3.3089345
OS 11.677702 3.305239
OS 11.6769617 3.3040679
OS 11.6730752 3.2982513
OS 11.6717002 3.2913387
OS 11.6730752 3.2844261
OS 11.6756379 3.2805906
OS 11.6731289 3.2755906
OS 10.7111231 3.2755906
OS 10.7086141 3.2805906
OS 10.7111768 3.2844261
OS 10.7125518 3.2913387
OS 10.7111768 3.2982513
OS 10.7072908 3.3040671
OS 10.7065509 3.3052389
OS 10.7065509 3.3089344
OS 10.7072915 3.3101048
OS 10.7111785 3.3159222
OS 10.7125535 3.3228348
OS 10.7111785 3.3297474
OS 10.707292 3.3355639
OS 10.7065518 3.3367351
OS 10.7065518 3.3404305
OS 10.707292 3.3416017
OS 10.7111785 3.3474182
OS 10.7125535 3.3543308
OS 10.7111785 3.3612434
OS 10.7072628 3.3671037
OS 10.7014025 3.3710194
OS 10.6944899 3.3723944
OS 10.6875773 3.3710194
OS 10.681717 3.3671037
OS 10.6778013 3.3612434
OS 10.6764263 3.3543308
OS 10.6778013 3.3474182
OS 10.6816878 3.3416017
OS 10.682428 3.3404305
OS 10.682428 3.3367351
OS 10.6816878 3.3355639
OS 10.6778013 3.3297474
OS 10.6764263 3.3228348
OS 10.6778013 3.3159222
OS 10.6816873 3.3101064
OS 10.6824272 3.3089346
OS 10.6824272 3.3052391
OS 10.6816866 3.3040687
OS 10.6777996 3.2982513
OS 10.6764246 3.2913387
OS 10.6777996 3.2844261
OS 10.6803623 3.2805906
OS 10.6778533 3.2755906
OS 10.6402569 3.2755906
OS 10.6377479 3.2805906
OS 10.6403106 3.2844261
OS 10.6416856 3.2913387
OS 10.6403106 3.2982513
OS 10.6364246 3.3040671
OS 10.6356847 3.3052389
OS 10.6356847 3.3089344
OS 10.6364253 3.3101048
OS 10.6403124 3.3159222
OS 10.6416874 3.3228348
OS 10.6403124 3.3297474
OS 10.6364259 3.3355639
OS 10.6356857 3.3367351
OS 10.6356857 3.3404305
OS 10.6364259 3.3416017
OS 10.6403124 3.3474182
OS 10.6416874 3.3543308
OS 10.6403124 3.3612434
OS 10.6363967 3.3671037
OS 10.6305364 3.3710194
OS 10.6236238 3.3723944
OS 10.6167112 3.3710194
OS 10.6108509 3.3671037
OS 10.6069352 3.3612434
OS 10.6055602 3.3543308
OS 10.6069352 3.3474182
OS 10.6108217 3.3416017
OS 10.6115619 3.3404305
OS 10.6115619 3.3367351
OS 10.6108217 3.3355639
OS 10.6069352 3.3297474
OS 10.6055602 3.3228348
OS 10.6069352 3.3159222
OS 10.6108212 3.3101064
OS 10.6115611 3.3089346
OS 10.6115611 3.3052391
OS 10.6108205 3.3040687
OS 10.6069334 3.2982513
OS 10.6055584 3.2913387
OS 10.6069334 3.2844261
OS 10.6094961 3.2805906
OS 10.6069871 3.2755906
OS 10.5772648 3.2755906
OS 10.5747558 3.2805906
OS 10.5773185 3.2844261
OS 10.5786935 3.2913387
OS 10.5773185 3.2982513
OS 10.573432 3.3040679
OS 10.5726917 3.305239
OS 10.5726917 3.3089345
OS 10.573432 3.3101056
OS 10.5773185 3.3159222
OS 10.5786935 3.3228348
OS 10.5773185 3.3297474
OS 10.5734028 3.3356077
OS 10.5726918 3.3360828
OS 10.5726918 3.3410828
OS 10.5734028 3.3415579
OS 10.5773185 3.3474182
OS 10.5786935 3.3543308
OS 10.5773185 3.3612434
OS 10.5734028 3.3671037
OS 10.5675425 3.3710194
OS 10.5606299 3.3723944
OS 10.5537173 3.3710194
OS 10.547857 3.3671037
OS 10.5439413 3.3612434
OS 10.5425663 3.3543308
OS 10.5439413 3.3474182
OS 10.547857 3.3415579
OS 10.548568 3.3410828
OS 10.548568 3.3360828
OS 10.547857 3.3356077
OS 10.5439413 3.3297474
OS 10.5425663 3.3228348
OS 10.5439413 3.3159222
OS 10.5478278 3.3101056
OS 10.5485681 3.3089345
OS 10.5485681 3.305239
OS 10.5478278 3.3040679
OS 10.5439413 3.2982513
OS 10.5425663 3.2913387
OS 10.5439413 3.2844261
OS 10.546504 3.2805906
OS 10.543995 3.2755906
OS 10.5063987 3.2755906
OS 10.5038897 3.2805906
OS 10.5064524 3.2844261
OS 10.5078274 3.2913387
OS 10.5064524 3.2982513
OS 10.5025659 3.3040679
OS 10.5018256 3.305239
OS 10.5018256 3.3089345
OS 10.5025659 3.3101056
OS 10.5064524 3.3159222
OS 10.5078274 3.3228348
OS 10.5064524 3.3297474
OS 10.5025367 3.3356077
OS 10.5018257 3.3360828
OS 10.5018257 3.3410828
OS 10.5025367 3.3415579
OS 10.5064524 3.3474182
OS 10.5078274 3.3543308
OS 10.5064524 3.3612434
OS 10.5025367 3.3671037
OS 10.4966764 3.3710194
OS 10.4897638 3.3723944
OS 10.4828512 3.3710194
OS 10.4769909 3.3671037
OS 10.4730752 3.3612434
OS 10.4717002 3.3543308
OS 10.4730752 3.3474182
OS 10.4769909 3.3415579
OS 10.4777019 3.3410828
OS 10.4777019 3.3360828
OS 10.4769909 3.3356077
OS 10.4730752 3.3297474
OS 10.4717002 3.3228348
OS 10.4730752 3.3159222
OS 10.4769617 3.3101056
OS 10.477702 3.3089345
OS 10.477702 3.305239
OS 10.4769617 3.3040679
OS 10.4730752 3.2982513
OS 10.4717002 3.2913387
OS 10.4730752 3.2844261
OS 10.4756379 3.2805906
OS 10.4731289 3.2755906
OS 9.5111231 3.2755906
OS 9.5086141 3.2805906
OS 9.5111768 3.2844261
OS 9.5125518 3.2913387
OS 9.5111768 3.2982513
OS 9.5072908 3.3040671
OS 9.5065509 3.3052389
OS 9.5065509 3.3089344
OS 9.5072915 3.3101048
OS 9.5111785 3.3159222
OS 9.5125535 3.3228348
OS 9.5111785 3.3297474
OS 9.507292 3.3355639
OS 9.5065518 3.3367351
OS 9.5065518 3.3404305
OS 9.507292 3.3416017
OS 9.5111785 3.3474182
OS 9.5125535 3.3543308
OS 9.5111785 3.3612434
OS 9.5072628 3.3671037
OS 9.5014025 3.3710194
OS 9.4944899 3.3723944
OS 9.4875773 3.3710194
OS 9.481717 3.3671037
OS 9.4778013 3.3612434
OS 9.4764263 3.3543308
OS 9.4778013 3.3474182
OS 9.4816878 3.3416017
OS 9.482428 3.3404305
OS 9.482428 3.3367351
OS 9.4816878 3.3355639
OS 9.4778013 3.3297474
OS 9.4764263 3.3228348
OS 9.4778013 3.3159222
OS 9.4816873 3.3101064
OS 9.4824272 3.3089346
OS 9.4824272 3.3052391
OS 9.4816866 3.3040687
OS 9.4777996 3.2982513
OS 9.4764246 3.2913387
OS 9.4777996 3.2844261
OS 9.4803623 3.2805906
OS 9.4778533 3.2755906
OS 9.4402569 3.2755906
OS 9.4377479 3.2805906
OS 9.4403106 3.2844261
OS 9.4416856 3.2913387
OS 9.4403106 3.2982513
OS 9.4364246 3.3040671
OS 9.4356847 3.3052389
OS 9.4356847 3.3089344
OS 9.4364253 3.3101048
OS 9.4403124 3.3159222
OS 9.4416874 3.3228348
OS 9.4403124 3.3297474
OS 9.4363967 3.3356077
OS 9.4356857 3.3360828
OS 9.4356857 3.3410828
OS 9.4363967 3.3415579
OS 9.4403124 3.3474182
OS 9.4416874 3.3543308
OS 9.4403124 3.3612434
OS 9.4363967 3.3671037
OS 9.4305364 3.3710194
OS 9.4236238 3.3723944
OS 9.4167112 3.3710194
OS 9.4108509 3.3671037
OS 9.4069352 3.3612434
OS 9.4055602 3.3543308
OS 9.4069352 3.3474182
OS 9.4108509 3.3415579
OS 9.4115619 3.3410828
OS 9.4115619 3.3360828
OS 9.4108509 3.3356077
OS 9.4069352 3.3297474
OS 9.4055602 3.3228348
OS 9.4069352 3.3159222
OS 9.4108212 3.3101064
OS 9.4115611 3.3089346
OS 9.4115611 3.3052391
OS 9.4108205 3.3040687
OS 9.4069334 3.2982513
OS 9.4055584 3.2913387
OS 9.4069334 3.2844261
OS 9.4094961 3.2805906
OS 9.4069871 3.2755906
OS 9.3772648 3.2755906
OS 9.3747558 3.2805906
OS 9.3773185 3.2844261
OS 9.3786935 3.2913387
OS 9.3773185 3.2982513
OS 9.3734028 3.3041116
OS 9.3726917 3.3045867
OS 9.3726917 3.3095868
OS 9.3734028 3.3100619
OS 9.3773185 3.3159222
OS 9.3786935 3.3228348
OS 9.3773185 3.3297474
OS 9.3734028 3.3356077
OS 9.3726918 3.3360828
OS 9.3726918 3.3410828
OS 9.3734028 3.3415579
OS 9.3773185 3.3474182
OS 9.3786935 3.3543308
OS 9.3773185 3.3612434
OS 9.3734028 3.3671037
OS 9.3675425 3.3710194
OS 9.3606299 3.3723944
OS 9.3537173 3.3710194
OS 9.347857 3.3671037
OS 9.3439413 3.3612434
OS 9.3425663 3.3543308
OS 9.3439413 3.3474182
OS 9.347857 3.3415579
OS 9.348568 3.3410828
OS 9.348568 3.3360828
OS 9.347857 3.3356077
OS 9.3439413 3.3297474
OS 9.3425663 3.3228348
OS 9.3439413 3.3159222
OS 9.347857 3.3100619
OS 9.3485681 3.3095868
OS 9.3485681 3.3045867
OS 9.347857 3.3041116
OS 9.3439413 3.2982513
OS 9.3425663 3.2913387
OS 9.3439413 3.2844261
OS 9.346504 3.2805906
OS 9.343995 3.2755906
OS 9.3063987 3.2755906
OS 9.3038897 3.2805906
OS 9.3064524 3.2844261
OS 9.3078274 3.2913387
OS 9.3064524 3.2982513
OS 9.3025659 3.3040679
OS 9.3018256 3.305239
OS 9.3018256 3.3089345
OS 9.3025659 3.3101056
OS 9.3064524 3.3159222
OS 9.3078274 3.3228348
OS 9.3064524 3.3297474
OS 9.3025659 3.3355639
OS 9.3018257 3.3367351
OS 9.3018257 3.3404305
OS 9.3025659 3.3416017
OS 9.3064524 3.3474182
OS 9.3078274 3.3543308
OS 9.3064524 3.3612434
OS 9.3025367 3.3671037
OS 9.2966764 3.3710194
OS 9.2897638 3.3723944
OS 9.2828512 3.3710194
OS 9.2769909 3.3671037
OS 9.2730752 3.3612434
OS 9.2717002 3.3543308
OS 9.2730752 3.3474182
OS 9.2769617 3.3416017
OS 9.2777019 3.3404305
OS 9.2777019 3.3367351
OS 9.2769617 3.3355639
OS 9.2730752 3.3297474
OS 9.2717002 3.3228348
OS 9.2730752 3.3159222
OS 9.2769617 3.3101056
OS 9.277702 3.3089345
OS 9.277702 3.305239
OS 9.2769617 3.3040679
OS 9.2730752 3.2982513
OS 9.2717002 3.2913387
OS 9.2730752 3.2844261
OS 9.2756379 3.2805906
OS 9.2731289 3.2755906
OS 8.5876067 3.2755906
OS 8.5870674 3.2763891
OS 8.5883872 3.2831805
OS 8.5886747 3.2833726
OS 8.5917202 3.2879306
OS 8.5927897 3.2933071
OS 8.5917202 3.2986836
OS 8.5886747 3.3032416
OS 8.5841167 3.3062871
OS 8.5787402 3.3073566
OS 8.5733637 3.3062871
OS 8.5688057 3.3032416
OS 8.5657602 3.2986836
OS 8.5646907 3.2933071
OS 8.5657602 3.2879306
OS 8.5688057 3.2833726
OS 8.5690932 3.2831805
OS 8.570413 3.2763891
OS 8.5698737 3.2755906
OS 8.3111232 3.2755906
OS 8.3086142 3.2805906
OS 8.3111769 3.2844261
OS 8.3125519 3.2913387
OS 8.3111769 3.2982513
OS 8.3072909 3.3040671
OS 8.306551 3.3052389
OS 8.306551 3.3089344
OS 8.3072916 3.3101048
OS 8.3111786 3.3159222
OS 8.3125536 3.3228348
OS 8.3111786 3.3297474
OS 8.3072629 3.3356077
OS 8.3065519 3.3360828
OS 8.3065519 3.3410828
OS 8.3072629 3.3415579
OS 8.3111786 3.3474182
OS 8.3125536 3.3543308
OS 8.3111786 3.3612434
OS 8.3072629 3.3671037
OS 8.3014026 3.3710194
OS 8.29449 3.3723944
OS 8.2875774 3.3710194
OS 8.2817171 3.3671037
OS 8.2778014 3.3612434
OS 8.2764264 3.3543308
OS 8.2778014 3.3474182
OS 8.2817171 3.3415579
OS 8.2824281 3.3410828
OS 8.2824281 3.3360828
OS 8.2817171 3.3356077
OS 8.2778014 3.3297474
OS 8.2764264 3.3228348
OS 8.2778014 3.3159222
OS 8.2816874 3.3101064
OS 8.2824273 3.3089346
OS 8.2824273 3.3052391
OS 8.2816867 3.3040687
OS 8.2777997 3.2982513
OS 8.2764247 3.2913387
OS 8.2777997 3.2844261
OS 8.2803624 3.2805906
OS 8.2778534 3.2755906
OS 8.240257 3.2755906
OS 8.237748 3.2805906
OS 8.2403107 3.2844261
OS 8.2416857 3.2913387
OS 8.2403107 3.2982513
OS 8.2364247 3.3040671
OS 8.2356848 3.3052389
OS 8.2356848 3.3089344
OS 8.2364254 3.3101048
OS 8.2403125 3.3159222
OS 8.2416875 3.3228348
OS 8.2403125 3.3297474
OS 8.236426 3.3355639
OS 8.2356858 3.3367351
OS 8.2356858 3.3404305
OS 8.236426 3.3416017
OS 8.2403125 3.3474182
OS 8.2416875 3.3543308
OS 8.2403125 3.3612434
OS 8.2363968 3.3671037
OS 8.2305365 3.3710194
OS 8.2236239 3.3723944
OS 8.2167113 3.3710194
OS 8.210851 3.3671037
OS 8.2069353 3.3612434
OS 8.2055603 3.3543308
OS 8.2069353 3.3474182
OS 8.2108218 3.3416017
OS 8.211562 3.3404305
OS 8.211562 3.3367351
OS 8.2108218 3.3355639
OS 8.2069353 3.3297474
OS 8.2055603 3.3228348
OS 8.2069353 3.3159222
OS 8.2108213 3.3101064
OS 8.2115612 3.3089346
OS 8.2115612 3.3052391
OS 8.2108206 3.3040687
OS 8.2069335 3.2982513
OS 8.2055585 3.2913387
OS 8.2069335 3.2844261
OS 8.2094962 3.2805906
OS 8.2069872 3.2755906
OS 8.1772649 3.2755906
OS 8.1747559 3.2805906
OS 8.1773186 3.2844261
OS 8.1786936 3.2913387
OS 8.1773186 3.2982513
OS 8.1734321 3.3040679
OS 8.1726918 3.305239
OS 8.1726918 3.3089345
OS 8.1734321 3.3101056
OS 8.1773186 3.3159222
OS 8.1786936 3.3228348
OS 8.1773186 3.3297474
OS 8.1734029 3.3356077
OS 8.1726919 3.3360828
OS 8.1726919 3.3410828
OS 8.1734029 3.3415579
OS 8.1773186 3.3474182
OS 8.1786936 3.3543308
OS 8.1773186 3.3612434
OS 8.1734029 3.3671037
OS 8.1675426 3.3710194
OS 8.16063 3.3723944
OS 8.1537174 3.3710194
OS 8.1478571 3.3671037
OS 8.1439414 3.3612434
OS 8.1425664 3.3543308
OS 8.1439414 3.3474182
OS 8.1478571 3.3415579
OS 8.1485681 3.3410828
OS 8.1485681 3.3360828
OS 8.1478571 3.3356077
OS 8.1439414 3.3297474
OS 8.1425664 3.3228348
OS 8.1439414 3.3159222
OS 8.1478279 3.3101056
OS 8.1485682 3.3089345
OS 8.1485682 3.305239
OS 8.1478279 3.3040679
OS 8.1439414 3.2982513
OS 8.1425664 3.2913387
OS 8.1439414 3.2844261
OS 8.1465041 3.2805906
OS 8.1439951 3.2755906
OS 8.1063988 3.2755906
OS 8.1038898 3.2805906
OS 8.1064525 3.2844261
OS 8.1078275 3.2913387
OS 8.1064525 3.2982513
OS 8.102566 3.3040679
OS 8.1018257 3.305239
OS 8.1018257 3.3089345
OS 8.102566 3.3101056
OS 8.1064525 3.3159222
OS 8.1078275 3.3228348
OS 8.1064525 3.3297474
OS 8.102566 3.3355639
OS 8.1018258 3.3367351
OS 8.1018258 3.3404305
OS 8.102566 3.3416017
OS 8.1064525 3.3474182
OS 8.1078275 3.3543308
OS 8.1064525 3.3612434
OS 8.1025368 3.3671037
OS 8.0966765 3.3710194
OS 8.0897639 3.3723944
OS 8.0828513 3.3710194
OS 8.076991 3.3671037
OS 8.0730753 3.3612434
OS 8.0717003 3.3543308
OS 8.0730753 3.3474182
OS 8.0769618 3.3416017
OS 8.077702 3.3404305
OS 8.077702 3.3367351
OS 8.0769618 3.3355639
OS 8.0730753 3.3297474
OS 8.0717003 3.3228348
OS 8.0730753 3.3159222
OS 8.0769618 3.3101056
OS 8.0777021 3.3089345
OS 8.0777021 3.305239
OS 8.0769618 3.3040679
OS 8.0730753 3.2982513
OS 8.0717003 3.2913387
OS 8.0730753 3.2844261
OS 8.075638 3.2805906
OS 8.073129 3.2755906
OS 7.4960635 3.2755906
OS 7.4960633 3.6220474
OS 3 3.6220472
OS 3 3.3926614
OS 2.9954253 3.3899963
OS 2.9928677 3.3916518
OS 2.9923765 3.39198
OS 2.987 3.3930495
OS 2.9816235 3.39198
OS 2.9770655 3.3889345
OS 2.97402 3.3843765
OS 2.9729505 3.379
OS 2.97402 3.3736235
OS 2.9770655 3.3690655
OS 2.9816235 3.36602
OS 2.987 3.3649505
OS 2.9923765 3.36602
OS 2.9928677 3.3663482
OS 2.9954253 3.3680037
OS 3 3.3653386
OS 3 3.2636614
OS 2.9954253 3.2609963
OS 2.9928677 3.2626518
OS 2.9923765 3.26298
OS 2.987 3.2640495
OS 2.9816235 3.26298
OS 2.9811323 3.2626518
OS 2.977 3.259977
OS 2.9728677 3.2626518
OS 2.9723765 3.26298
OS 2.967 3.2640495
OS 2.9616235 3.26298
OS 2.9611323 3.2626518
OS 2.957 3.259977
OS 2.9528677 3.2626518
OS 2.9523765 3.26298
OS 2.947 3.2640495
OS 2.9416235 3.26298
OS 2.9411323 3.2626518
OS 2.937 3.259977
OS 2.9328677 3.2626518
OS 2.9323765 3.26298
OS 2.927 3.2640495
OS 2.9216235 3.26298
OS 2.9175 3.2602248
OS 2.9133765 3.26298
OS 2.908 3.2640495
OS 2.9026235 3.26298
OS 2.8999501 3.2611938
OS 2.8030129 3.358131
OS 2.7958504 3.3629168
OS 2.7874016 3.3645974
OS 2.7832473 3.3645974
OS 2.7818998 3.3672007
OS 2.7812899 3.3695974
OS 2.78398 3.3736235
OS 2.7850495 3.379
OS 2.78398 3.3843765
OS 2.7809345 3.3889345
OS 2.7763765 3.39198
OS 2.771 3.3930495
OS 2.7656235 3.39198
OS 2.7649859 3.391554
OS 2.7636428 3.3935641
OS 2.7564803 3.3983499
OS 2.7480315 3.4000305
OS 2.7395827 3.3983499
OS 2.738189 3.3974187
OS 2.7367953 3.3983499
OS 2.7283465 3.4000305
OS 2.7198977 3.3983499
OS 2.718504 3.3974186
OS 2.7171102 3.3983499
OS 2.7086614 3.4000305
OS 2.7002126 3.3983499
OS 2.6988189 3.3974187
OS 2.6974252 3.3983499
OS 2.6889764 3.4000305
OS 2.6805276 3.3983499
OS 2.6733651 3.3935641
OS 2.6685793 3.3864016
OS 2.6668987 3.3779528
OS 2.6668987 3.3661417
OS 2.6685793 3.3576929
OS 2.6733651 3.3505304
OS 2.6734455 3.35045
OS 2.6729582 3.348
OS 2.6740277 3.3426235
OS 2.6770732 3.3380655
OS 2.6816312 3.33502
OS 2.6870077 3.3339505
OS 2.6894577 3.3344378
OS 2.7324202 3.2914753
OS 2.7395827 3.2866895
OS 2.7480315 3.2850089
OS 2.7664457 3.2850089
OS 2.8460731 3.2053815
OS 2.8450937 3.1992897
OS 2.8430655 3.1979345
OS 2.84002 3.1933765
OS 2.8389505 3.188
OS 2.84002 3.1826235
OS 2.8430655 3.1780655
OS 2.8476235 3.17502
OS 2.853 3.1739505
OS 2.8583765 3.17502
OS 2.8629345 3.1780655
OS 2.8642897 3.1800938
OS 2.864454 3.1801772
OS 2.8662796 3.1803074
OS 2.8699799 3.1796099
OS 2.8741525 3.1733651
OS 2.881315 3.1685793
OS 2.8836689 3.1681111
OS 2.8851147 3.1608425
OS 2.8899005 3.15368
OS 2.897063 3.1488942
OS 2.9055118 3.1472136
OS 2.9139606 3.1488942
OS 2.921123 3.15368
OS 2.9213967 3.15368
OS 2.9285591 3.1488942
OS 2.9370079 3.1472136
OS 2.9454567 3.1488942
OS 2.9526192 3.15368
OS 2.957405 3.1608425
OS 2.9590856 3.1692913
OS 2.9590856 3.1929134
OS 2.9574051 3.2013621
OS 2.9526192 3.2085247
OS 2.9297453 3.2313986
OS 2.9313911 3.236824
OS 2.9323765 3.23702
OS 2.9328677 3.2373482
OS 2.937 3.240023
OS 2.9411323 3.2373482
OS 2.9416235 3.23702
OS 2.947 3.2359505
OS 2.9523765 3.23702
OS 2.9528677 3.2373482
OS 2.957 3.240023
OS 2.9611323 3.2373482
OS 2.9616235 3.23702
OS 2.967 3.2359505
OS 2.9723765 3.23702
OS 2.9728677 3.2373482
OS 2.977 3.240023
OS 2.9811323 3.2373482
OS 2.9816235 3.23702
OS 2.987 3.2359505
OS 2.9923765 3.23702
OS 2.9928677 3.2373482
OS 2.9954253 3.2390037
OS 3 3.2363386
OS 3 3.1997473
OS 2.9961067 3.1939205
OS 2.9947317 3.1870079
OS 2.9961067 3.1800953
OS 3 3.1742685
OS 3 2.9094159
OS 2.9970696 2.9074579
OS 2.9931539 2.9015976
OS 2.9917789 2.894685
OS 2.9931539 2.8877724
OS 2.9970696 2.8819121
OS 3 2.8799541
OS 3 2.8126326
OS 2.9960854 2.810017
OS 2.9921697 2.8041567
OS 2.9907947 2.7972441
OS 2.9921697 2.7903315
OS 2.9960854 2.7844712
OS 3 2.7818556
OS 3 2.3980636
OS 2.9930874 2.3966886
OS 2.9872271 2.3927729
OS 2.9833114 2.3869126
OS 2.9819364 2.38
OS 2.9833114 2.3730874
OS 2.9872271 2.3672271
OS 2.9930874 2.3633114
OS 2.9969203 2.362549
OS 2.9969203 2.357451
OS 2.9930874 2.3566886
OS 2.9872271 2.3527729
OS 2.9833114 2.3469126
OS 2.9819364 2.34
OS 2.9833114 2.3330874
OS 2.9872271 2.3272271
OS 2.9930874 2.3233114
OS 3 2.3219364
OS 3 2.2007874
OS 3.2125984 1.988189
OS 4.22 1.9881889
OS 4.2199998 1.4188606
OS 6.6938264 1.422775
OS 6.6973648 1.4192422
OS 6.6973645 1.2401575
OS 4.6771653 1.2401575
OS 4.6771652 1.0380002
OS 4.6158405 1.0380002
OS 4.615348 1.0430002
OS 4.6169126 1.0433114
OS 4.6227729 1.0472271
OS 4.6266886 1.0530874
OS 4.6280636 1.06
OS 4.6266886 1.0669126
OS 4.6227729 1.0727729
OS 4.6169126 1.0766886
OS 4.61 1.0780636
OS 4.6030874 1.0766886
OS 4.5972271 1.0727729
OS 4.5933114 1.0669126
OS 4.5919364 1.06
OS 4.5933114 1.0530874
OS 4.5972271 1.0472271
OS 4.6030874 1.0433114
OS 4.604652 1.0430002
OS 4.6041596 1.0380002
OS 4.1496063 1.0379999
OS 3.6220472 1.038
OS 3.6220472 0.016056
OS 1.3582678 0.016056
OS 1.3582677 0.4461941
OS 1.3582677 1.3582677
OS 1.1026903 1.613845
OS 1.1117319 1.6356736
OS 1.1175186 1.6597767
OS 1.1194634 1.6844882
OS 1.1175186 1.7091997
OS 1.1117319 1.7333028
OS 1.102246 1.7562039
OS 1.0892943 1.777339
OS 1.0731958 1.7961879
OS 1.0543469 1.8122864
OS 1.0332118 1.8252381
OS 1.0103107 1.834724
OS 0.9862076 1.8405107
OS 0.9614961 1.8424555
OS 0.9367846 1.8405107
OS 0.9126815 1.834724
OS 0.8897804 1.8252381
OS 0.8686453 1.8122864
OS 0.8497964 1.7961879
OS 0.8336979 1.777339
OS 0.8207462 1.7562039
OS 0.8112603 1.7333028
OS 0.8054736 1.7091997
OS 0.8035288 1.6844882
OS 0.8054736 1.6597767
OS 0.8112603 1.6356736
OS 0.818444 1.6183305
OS 0.8156661 1.6141731
OS 0.016056 1.6141731
OS 0.016056 5.0233145
OS 13.7634709 5.023314
OE
OB 1.165 2.7590495 H
OS 1.1596235 2.75798
OS 1.1550655 2.7549345
OS 1.15202 2.7503765
OS 1.1509505 2.745
OS 1.15202 2.7396235
OS 1.1550655 2.7350655
OS 1.1596235 2.73202
OS 1.165 2.7309505
OS 1.1703765 2.73202
OS 1.1749345 2.7350655
OS 1.17798 2.7396235
OS 1.1790495 2.745
OS 1.17798 2.7503765
OS 1.1749345 2.7549345
OS 1.1703765 2.75798
OS 1.165 2.7590495
OE
OB 1.5219045 2.7716727 H
OS 1.516528 2.7706032
OS 1.51197 2.7675577
OS 1.5089245 2.7629997
OS 1.507855 2.7576232
OS 1.5089245 2.7522467
OS 1.51197 2.7476887
OS 1.516528 2.7446432
OS 1.5219045 2.7435737
OS 1.527281 2.7446432
OS 1.531839 2.7476887
OS 1.5348845 2.7522467
OS 1.535954 2.7576232
OS 1.5348845 2.7629997
OS 1.531839 2.7675577
OS 1.527281 2.7706032
OS 1.5219045 2.7716727
OE
OB 1.474 2.7400495 H
OS 1.4686235 2.73898
OS 1.4640655 2.7359345
OS 1.46102 2.7313765
OS 1.4599505 2.726
OS 1.46102 2.7206235
OS 1.4640655 2.7160655
OS 1.4686235 2.71302
OS 1.474 2.7119505
OS 1.4793765 2.71302
OS 1.4839345 2.7160655
OS 1.48698 2.7206235
OS 1.4880495 2.726
OS 1.48698 2.7313765
OS 1.4839345 2.7359345
OS 1.4793765 2.73898
OS 1.474 2.7400495
OE
OB 1.433068 2.7581385 H
OS 1.4276915 2.757069
OS 1.4231335 2.7540235
OS 1.420088 2.7494655
OS 1.4190185 2.744089
OS 1.420088 2.7387125
OS 1.4231335 2.7341545
OS 1.4276915 2.731109
OS 1.433068 2.7300395
OS 1.4384445 2.731109
OS 1.4430025 2.7341545
OS 1.446048 2.7387125
OS 1.4471175 2.744089
OS 1.446048 2.7494655
OS 1.4430025 2.7540235
OS 1.4384445 2.757069
OS 1.433068 2.7581385
OE
OB 0.2440945 2.8014511 H
OS 0.238718 2.8003816
OS 0.23416 2.7973361
OS 0.2311145 2.7927781
OS 0.230045 2.7874016
OS 0.2311145 2.7820251
OS 0.23416 2.7774671
OS 0.2347746 2.7770564
OS 0.2380969 2.773714
OS 0.2350515 2.769156
OS 0.233982 2.7637795
OS 0.2350515 2.758403
OS 0.238097 2.753845
OS 0.242655 2.7507995
OS 0.2480315 2.74973
OS 0.253408 2.7507995
OS 0.257966 2.753845
OS 0.2610115 2.758403
OS 0.262081 2.7637795
OS 0.2610115 2.769156
OS 0.257966 2.773714
OS 0.2573514 2.7741247
OS 0.2540291 2.7774671
OS 0.2570745 2.7820251
OS 0.258144 2.7874016
OS 0.2570745 2.7927781
OS 0.254029 2.7973361
OS 0.249471 2.8003816
OS 0.2440945 2.8014511
OE
OB 1.3464567 2.8959393 H
OS 1.3410802 2.8948698
OS 1.3365222 2.8918243
OS 1.3334767 2.8872663
OS 1.3324072 2.8818898
OS 1.3334767 2.8765133
OS 1.3364608 2.8720472
OS 1.3334767 2.8675812
OS 1.3324072 2.8622047
OS 1.3334767 2.8568282
OS 1.3364607 2.8523622
OS 1.3334767 2.8478962
OS 1.3324072 2.8425197
OS 1.3334767 2.8371432
OS 1.3364608 2.8326772
OS 1.3334767 2.8282111
OS 1.3324072 2.8228346
OS 1.3334767 2.8174581
OS 1.3364607 2.8129921
OS 1.3334767 2.8085261
OS 1.3324072 2.8031496
OS 1.3334767 2.7977731
OS 1.3365222 2.7932151
OS 1.3410802 2.7901696
OS 1.3464567 2.7891001
OS 1.3518332 2.7901696
OS 1.3563912 2.7932151
OS 1.3594367 2.7977731
OS 1.3605062 2.8031496
OS 1.3594367 2.8085261
OS 1.3564527 2.8129921
OS 1.3594367 2.8174581
OS 1.3605062 2.8228346
OS 1.3594367 2.8282111
OS 1.3564526 2.8326772
OS 1.3594367 2.8371432
OS 1.3605062 2.8425197
OS 1.3594367 2.8478962
OS 1.3564527 2.8523622
OS 1.3594367 2.8568282
OS 1.3605062 2.8622047
OS 1.3594367 2.8675812
OS 1.3564526 2.8720472
OS 1.3594367 2.8765133
OS 1.3605062 2.8818898
OS 1.3594367 2.8872663
OS 1.3563912 2.8918243
OS 1.3518332 2.8948698
OS 1.3464567 2.8959393
OE
OB 0.3832677 2.8647171 H
OS 0.3763551 2.8633421
OS 0.3704948 2.8594264
OS 0.3665791 2.8535661
OS 0.3652041 2.8466535
OS 0.3665791 2.8397409
OS 0.3704948 2.8338806
OS 0.3763551 2.8299649
OS 0.3832677 2.8285899
OS 0.3901803 2.8299649
OS 0.3960406 2.8338806
OS 0.3999563 2.8397409
OS 0.4013313 2.8466535
OS 0.3999563 2.8535661
OS 0.3960406 2.8594264
OS 0.3901803 2.8633421
OS 0.3832677 2.8647171
OE
OB 1.2362205 2.8122778 H
OS 1.230844 2.8112083
OS 1.226286 2.8081628
OS 1.2232405 2.8036048
OS 1.222171 2.7982283
OS 1.2232405 2.7928518
OS 1.226286 2.7882938
OS 1.2293109 2.7862727
OS 1.228478 2.781009
OS 1.226907 2.7806965
OS 1.222349 2.777651
OS 1.2193035 2.773093
OS 1.218234 2.7677165
OS 1.2193035 2.76234
OS 1.222349 2.757782
OS 1.226907 2.7547365
OS 1.2322835 2.753667
OS 1.23766 2.7547365
OS 1.242218 2.757782
OS 1.2452635 2.76234
OS 1.246333 2.7677165
OS 1.2452635 2.773093
OS 1.242218 2.777651
OS 1.2391931 2.7796721
OS 1.240026 2.7849358
OS 1.241597 2.7852483
OS 1.246155 2.7882938
OS 1.2492005 2.7928518
OS 1.25027 2.7982283
OS 1.2492005 2.8036048
OS 1.246155 2.8081628
OS 1.241597 2.8112083
OS 1.2362205 2.8122778
OE
OB 1.4685039 2.8019433 H
OS 1.4631274 2.8008738
OS 1.4585694 2.7978283
OS 1.4555239 2.7932703
OS 1.4544544 2.7878938
OS 1.4555239 2.7825173
OS 1.4585694 2.7779593
OS 1.4631274 2.7749138
OS 1.4685039 2.7738443
OS 1.4738804 2.7749138
OS 1.4784384 2.7779593
OS 1.4814839 2.7825173
OS 1.4825534 2.7878938
OS 1.4814839 2.7932703
OS 1.4784384 2.7978283
OS 1.4738804 2.8008738
OS 1.4685039 2.8019433
OE
OB 1.2204724 2.742396 H
OS 1.2150959 2.7413265
OS 1.2105379 2.738281
OS 1.2074924 2.733723
OS 1.2064229 2.7283465
OS 1.2074924 2.72297
OS 1.2105379 2.7184121
OS 1.2105379 2.7146588
OS 1.2074924 2.7101009
OS 1.2064229 2.7047244
OS 1.2074924 2.6993479
OS 1.2105379 2.6947899
OS 1.2150959 2.6917444
OS 1.2204724 2.6906749
OS 1.2258489 2.6917444
OS 1.2304069 2.6947899
OS 1.2334524 2.6993479
OS 1.2345219 2.7047244
OS 1.2334524 2.7101009
OS 1.2304069 2.7146588
OS 1.2304069 2.7184121
OS 1.2334524 2.72297
OS 1.2345219 2.7283465
OS 1.2334524 2.733723
OS 1.2304069 2.738281
OS 1.2258489 2.7413265
OS 1.2204724 2.742396
OE
OB 1.1614173 2.6597188 H
OS 1.1560408 2.6586493
OS 1.1514828 2.6556038
OS 1.1484373 2.6510458
OS 1.1473678 2.6456693
OS 1.1484373 2.6402928
OS 1.1514828 2.6357348
OS 1.1560408 2.6326893
OS 1.1614173 2.6316198
OS 1.1667938 2.6326893
OS 1.1713518 2.6357348
OS 1.1743973 2.6402928
OS 1.1754668 2.6456693
OS 1.1743973 2.6510458
OS 1.1713518 2.6556038
OS 1.1667938 2.6586493
OS 1.1614173 2.6597188
OE
OB 0.507874 2.6755439 H
OS 0.5009614 2.6741689
OS 0.4951011 2.6702532
OS 0.4911854 2.6643929
OS 0.4898104 2.6574803
OS 0.4911854 2.6505677
OS 0.4951011 2.6447074
OS 0.5009614 2.6407917
OS 0.507874 2.6394167
OS 0.5147866 2.6407917
OS 0.5206469 2.6447074
OS 0.5245626 2.6505677
OS 0.5259376 2.6574803
OS 0.5245626 2.6643929
OS 0.5206469 2.6702532
OS 0.5147866 2.6741689
OS 0.507874 2.6755439
OE
OB 1.2244094 2.6754668 H
OS 1.2190329 2.6743973
OS 1.2144749 2.6713518
OS 1.2114294 2.6667938
OS 1.2103599 2.6614173
OS 1.2114294 2.6560408
OS 1.2144749 2.6514828
OS 1.2190329 2.6484373
OS 1.2201339 2.6482183
OS 1.2201339 2.6431203
OS 1.2190329 2.6429013
OS 1.2144749 2.6398558
OS 1.2114294 2.6352978
OS 1.2103599 2.6299213
OS 1.2114294 2.6245448
OS 1.2144749 2.6199868
OS 1.2190329 2.6169413
OS 1.2244094 2.6158718
OS 1.2297859 2.6169413
OS 1.2343439 2.6199868
OS 1.2373894 2.6245448
OS 1.2384589 2.6299213
OS 1.2373894 2.6352978
OS 1.2343439 2.6398558
OS 1.2297859 2.6429013
OS 1.2286849 2.6431203
OS 1.2286849 2.6482183
OS 1.2297859 2.6484373
OS 1.2343439 2.6514828
OS 1.2373894 2.6560408
OS 1.2384589 2.6614173
OS 1.2373894 2.6667938
OS 1.2343439 2.6713518
OS 1.2297859 2.6743973
OS 1.2244094 2.6754668
OE
OB 1.4055118 2.6990889 H
OS 1.4001353 2.6980194
OS 1.3955773 2.6949739
OS 1.3925318 2.6904159
OS 1.3914623 2.6850394
OS 1.3925318 2.6796629
OS 1.3955162 2.6751963
OS 1.392529 2.6707255
OS 1.3914595 2.665349
OS 1.392529 2.6599725
OS 1.395513 2.6555065
OS 1.392529 2.6510405
OS 1.3914595 2.645664
OS 1.392529 2.6402875
OS 1.3955745 2.6357295
OS 1.4001325 2.632684
OS 1.405509 2.6316145
OS 1.4108855 2.632684
OS 1.4154435 2.6357295
OS 1.418489 2.6402875
OS 1.4195585 2.645664
OS 1.418489 2.6510405
OS 1.415505 2.6555065
OS 1.418489 2.6599725
OS 1.4195585 2.665349
OS 1.418489 2.6707255
OS 1.4155046 2.6751921
OS 1.4184918 2.6796629
OS 1.4195613 2.6850394
OS 1.4184918 2.6904159
OS 1.4154463 2.6949739
OS 1.4108883 2.6980194
OS 1.4055118 2.6990889
OE
OB 0.6771654 2.6873549 H
OS 0.6702528 2.6859799
OS 0.6643925 2.6820642
OS 0.6604768 2.6762039
OS 0.6591018 2.6692913
OS 0.6604768 2.6623787
OS 0.6643925 2.6565184
OS 0.6702528 2.6526027
OS 0.6771654 2.6512277
OS 0.684078 2.6526027
OS 0.6899383 2.6565184
OS 0.693854 2.6623787
OS 0.695229 2.6692913
OS 0.693854 2.6762039
OS 0.6899383 2.6820642
OS 0.684078 2.6859799
OS 0.6771654 2.6873549
OE
OB 0.377952 2.7227826 H
OS 0.3710394 2.7214076
OS 0.3651791 2.7174919
OS 0.3612634 2.7116316
OS 0.3598884 2.704719
OS 0.3612634 2.6978064
OS 0.3651791 2.6919461
OS 0.3710394 2.6880304
OS 0.377952 2.6866554
OS 0.3848646 2.6880304
OS 0.3907249 2.6919461
OS 0.3946406 2.6978064
OS 0.3960156 2.704719
OS 0.3946406 2.7116316
OS 0.3907249 2.7174919
OS 0.3848646 2.7214076
OS 0.377952 2.7227826
OE
OB 0.523622 2.722788 H
OS 0.5167094 2.721413
OS 0.5108491 2.7174973
OS 0.5069334 2.711637
OS 0.5055584 2.7047244
OS 0.5069334 2.6978118
OS 0.5108491 2.6919515
OS 0.5167094 2.6880358
OS 0.523622 2.6866608
OS 0.5305346 2.6880358
OS 0.5363949 2.6919515
OS 0.5403106 2.6978118
OS 0.5416856 2.7047244
OS 0.5403106 2.711637
OS 0.5363949 2.7174973
OS 0.5305346 2.721413
OS 0.523622 2.722788
OE
OB 1.4714566 2.7040102 H
OS 1.4660801 2.7029407
OS 1.4615221 2.6998952
OS 1.4584766 2.6953372
OS 1.4574071 2.6899607
OS 1.4584766 2.6845842
OS 1.4615221 2.6800262
OS 1.4660801 2.6769807
OS 1.4714566 2.6759112
OS 1.4742744 2.6764717
OS 1.475206 2.6717887
OS 1.4782515 2.6672307
OS 1.4828095 2.6641852
OS 1.4864924 2.6634526
OS 1.4870932 2.6620021
OS 1.4860237 2.6566257
OS 1.4870932 2.6512492
OS 1.4901387 2.6466912
OS 1.4946967 2.6436457
OS 1.5000732 2.6425762
OS 1.5054497 2.6436457
OS 1.5100077 2.6466912
OS 1.5130532 2.6512491
OS 1.5177678 2.6519418
OS 1.5191889 2.6516591
OS 1.5245654 2.6527286
OS 1.5291234 2.6557741
OS 1.5321689 2.6603321
OS 1.5332384 2.6657086
OS 1.5321689 2.6710851
OS 1.5291234 2.6756431
OS 1.5245654 2.6786886
OS 1.5191889 2.6797581
OS 1.5138124 2.6786886
OS 1.5092544 2.6756431
OS 1.5063863 2.6713505
OS 1.506174 2.6713361
OS 1.5031442 2.673856
OS 1.5019801 2.6758812
OS 1.5022355 2.6771652
OS 1.501166 2.6825417
OS 1.4981205 2.6870997
OS 1.4935625 2.6901452
OS 1.488186 2.6912147
OS 1.4853682 2.6906542
OS 1.4844366 2.6953372
OS 1.4813911 2.6998952
OS 1.4768331 2.7029407
OS 1.4714566 2.7040102
OE
OB 1.1614173 2.6990889 H
OS 1.1560408 2.6980194
OS 1.1514828 2.6949739
OS 1.1484373 2.6904159
OS 1.1473678 2.6850394
OS 1.1484373 2.6796629
OS 1.1514828 2.6751049
OS 1.1560408 2.6720594
OS 1.1614173 2.6709899
OS 1.1667938 2.6720594
OS 1.1713518 2.6751049
OS 1.1743973 2.6796629
OS 1.1754668 2.6850394
OS 1.1743973 2.6904159
OS 1.1713518 2.6949739
OS 1.1667938 2.6980194
OS 1.1614173 2.6990889
OE
OB 0.4305118 2.8647171 H
OS 0.4235992 2.8633421
OS 0.4177389 2.8594264
OS 0.4138232 2.8535661
OS 0.4124482 2.8466535
OS 0.4138232 2.8397409
OS 0.4177389 2.8338806
OS 0.4235992 2.8299649
OS 0.4305118 2.8285899
OS 0.4374244 2.8299649
OS 0.4432847 2.8338806
OS 0.4472004 2.8397409
OS 0.4485754 2.8466535
OS 0.4472004 2.8535661
OS 0.4432847 2.8594264
OS 0.4374244 2.8633421
OS 0.4305118 2.8647171
OE
OB 0.3832677 2.9592053 H
OS 0.3763551 2.9578303
OS 0.3704948 2.9539146
OS 0.3665791 2.9480543
OS 0.3652041 2.9411417
OS 0.3665791 2.9342291
OS 0.3704948 2.9283688
OS 0.3763551 2.9244531
OS 0.3832677 2.9230781
OS 0.3901803 2.9244531
OS 0.3960406 2.9283688
OS 0.3999563 2.9342291
OS 0.4013313 2.9411417
OS 0.3999563 2.9480543
OS 0.3960406 2.9539146
OS 0.3901803 2.9578303
OS 0.3832677 2.9592053
OE
OB 0.4305118 2.9592053 H
OS 0.4235992 2.9578303
OS 0.4177389 2.9539146
OS 0.4138232 2.9480543
OS 0.4124482 2.9411417
OS 0.4138232 2.9342291
OS 0.4177389 2.9283688
OS 0.4235992 2.9244531
OS 0.4305118 2.9230781
OS 0.4374244 2.9244531
OS 0.4432847 2.9283688
OS 0.4472004 2.9342291
OS 0.4485754 2.9411417
OS 0.4472004 2.9480543
OS 0.4432847 2.9539146
OS 0.4374244 2.9578303
OS 0.4305118 2.9592053
OE
OB 1.404 2.9170495 H
OS 1.3986235 2.91598
OS 1.3940655 2.9129345
OS 1.39102 2.9083765
OS 1.3899505 2.903
OS 1.39102 2.8976235
OS 1.3940655 2.8930655
OS 1.3986235 2.89002
OS 1.404 2.8889505
OS 1.4093765 2.89002
OS 1.4139345 2.8930655
OS 1.41698 2.8976235
OS 1.4180495 2.903
OS 1.41698 2.9083765
OS 1.4139345 2.9129345
OS 1.4093765 2.91598
OS 1.404 2.9170495
OE
OB 1.3464567 3.0337345 H
OS 1.3410802 3.032665
OS 1.3365222 3.0296195
OS 1.3334767 3.0250615
OS 1.3324072 3.019685
OS 1.3334767 3.0143085
OS 1.3364607 3.0098425
OS 1.3334767 3.0053765
OS 1.3324072 3
OS 1.3334767 2.9946235
OS 1.3364607 2.9901575
OS 1.3334767 2.9856915
OS 1.3324072 2.980315
OS 1.3334767 2.9749385
OS 1.3364608 2.9704724
OS 1.3334767 2.9660064
OS 1.3324072 2.9606299
OS 1.3334767 2.9552534
OS 1.3364607 2.9507874
OS 1.3334767 2.9463214
OS 1.3324072 2.9409449
OS 1.3334767 2.9355684
OS 1.3364608 2.9311024
OS 1.3334767 2.9266363
OS 1.3324072 2.9212598
OS 1.3334767 2.9158833
OS 1.3365222 2.9113253
OS 1.3410802 2.9082798
OS 1.3464567 2.9072103
OS 1.3518332 2.9082798
OS 1.3563912 2.9113253
OS 1.3594367 2.9158833
OS 1.3605062 2.9212598
OS 1.3594367 2.9266363
OS 1.3564526 2.9311024
OS 1.3594367 2.9355684
OS 1.3605062 2.9409449
OS 1.3594367 2.9463214
OS 1.3564527 2.9507874
OS 1.3594367 2.9552534
OS 1.3605062 2.9606299
OS 1.3594367 2.9660064
OS 1.3564526 2.9704724
OS 1.3594367 2.9749385
OS 1.3605062 2.980315
OS 1.3594367 2.9856915
OS 1.3564527 2.9901575
OS 1.3594367 2.9946235
OS 1.3605062 3
OS 1.3594367 3.0053765
OS 1.3564527 3.0098425
OS 1.3594367 3.0143085
OS 1.3605062 3.019685
OS 1.3594367 3.0250615
OS 1.3563912 3.0296195
OS 1.3518332 3.032665
OS 1.3464567 3.0337345
OE
OB 0.4777559 2.9592053 H
OS 0.4708433 2.9578303
OS 0.464983 2.9539146
OS 0.4610673 2.9480543
OS 0.4596923 2.9411417
OS 0.4610673 2.9342291
OS 0.464983 2.9283688
OS 0.4708433 2.9244531
OS 0.4777559 2.9230781
OS 0.4846685 2.9244531
OS 0.4905288 2.9283688
OS 0.4944445 2.9342291
OS 0.4958195 2.9411417
OS 0.4944445 2.9480543
OS 0.4905288 2.9539146
OS 0.4846685 2.9578303
OS 0.4777559 2.9592053
OE
OB 1.8117308 2.9980635 H
OS 1.8048182 2.9966885
OS 1.7989579 2.9927728
OS 1.7966387 2.9893018
OS 1.7908075 2.9893018
OS 1.7884883 2.9927728
OS 1.782628 2.9966885
OS 1.7757154 2.9980635
OS 1.7688028 2.9966885
OS 1.7629425 2.9927728
OS 1.7590268 2.9869125
OS 1.7576518 2.9799999
OS 1.7590268 2.9730873
OS 1.7629425 2.967227
OS 1.7688028 2.9633113
OS 1.7757154 2.9619363
OS 1.782628 2.9633113
OS 1.7884883 2.967227
OS 1.7908075 2.970698
OS 1.7966387 2.970698
OS 1.7989579 2.967227
OS 1.8048182 2.9633113
OS 1.8117308 2.9619363
OS 1.8186434 2.9633113
OS 1.8245037 2.967227
OS 1.8284194 2.9730873
OS 1.8297944 2.9799999
OS 1.8284194 2.9869125
OS 1.8245037 2.9927728
OS 1.8186434 2.9966885
OS 1.8117308 2.9980635
OE
OB 1.613 2.9980636 H
OS 1.6060874 2.9966886
OS 1.6002271 2.9927729
OS 1.5993904 2.9915207
OS 1.5943904 2.9915207
OS 1.5935537 2.9927729
OS 1.5876934 2.9966886
OS 1.5807808 2.9980636
OS 1.5738682 2.9966886
OS 1.5680079 2.9927729
OS 1.5640922 2.9869126
OS 1.5627172 2.98
OS 1.5640922 2.9730874
OS 1.5680079 2.9672271
OS 1.5738682 2.9633114
OS 1.5807808 2.9619364
OS 1.5876934 2.9633114
OS 1.5935537 2.9672271
OS 1.5943904 2.9684793
OS 1.5993904 2.9684793
OS 1.6002271 2.9672271
OS 1.6060874 2.9633114
OS 1.613 2.9619364
OS 1.6199126 2.9633114
OS 1.6257729 2.9672271
OS 1.6296886 2.9730874
OS 1.6310636 2.98
OS 1.6296886 2.9869126
OS 1.6257729 2.9927729
OS 1.6199126 2.9966886
OS 1.613 2.9980636
OE
OB 0.2165354 3.0023156 H
OS 0.2096228 3.0009406
OS 0.2037625 2.9970249
OS 0.1998468 2.9911646
OS 0.1984718 2.984252
OS 0.1998468 2.9773394
OS 0.2037625 2.9714791
OS 0.2044736 2.9710039
OS 0.2044736 2.9660039
OS 0.2037626 2.9655288
OS 0.1998469 2.9596685
OS 0.1996192 2.958524
OS 0.1940635 2.9562227
OS 0.191952 2.9576335
OS 0.1850394 2.9590085
OS 0.1781268 2.9576335
OS 0.1722665 2.9537178
OS 0.1683508 2.9478575
OS 0.1669758 2.9409449
OS 0.1683508 2.9340323
OS 0.1722665 2.928172
OS 0.1781268 2.9242563
OS 0.1850394 2.9228813
OS 0.191952 2.9242563
OS 0.1978123 2.928172
OS 0.201728 2.9340323
OS 0.2019557 2.9351768
OS 0.2075114 2.9374781
OS 0.2096229 2.9360673
OS 0.2165355 2.9346923
OS 0.2234481 2.9360673
OS 0.2293084 2.939983
OS 0.2332241 2.9458433
OS 0.2345991 2.9527559
OS 0.2332241 2.9596685
OS 0.2293084 2.9655288
OS 0.2285973 2.966004
OS 0.2285973 2.971004
OS 0.2293083 2.9714791
OS 0.233224 2.9773394
OS 0.234599 2.984252
OS 0.233224 2.9911646
OS 0.2293083 2.9970249
OS 0.223448 3.0009406
OS 0.2165354 3.0023156
OE
OB 0.625983 2.9944356 H
OS 0.6190704 2.9930606
OS 0.6132101 2.9891449
OS 0.6092944 2.9832846
OS 0.6079194 2.976372
OS 0.6092944 2.9694594
OS 0.6132101 2.9635991
OS 0.6190704 2.9596834
OS 0.625983 2.9583084
OS 0.6328956 2.9596834
OS 0.6387559 2.9635991
OS 0.6426716 2.9694594
OS 0.6440466 2.976372
OS 0.6426716 2.9832846
OS 0.6387559 2.9891449
OS 0.6328956 2.9930606
OS 0.625983 2.9944356
OE
OB 1.164 2.9170495 H
OS 1.1586235 2.91598
OS 1.1540655 2.9129345
OS 1.15102 2.9083765
OS 1.1499505 2.903
OS 1.15102 2.8976235
OS 1.1540655 2.8930655
OS 1.1586235 2.89002
OS 1.164 2.8889505
OS 1.1693765 2.89002
OS 1.1739345 2.8930655
OS 1.17698 2.8976235
OS 1.1780495 2.903
OS 1.17698 2.9083765
OS 1.1739345 2.9129345
OS 1.1693765 2.91598
OS 1.164 2.9170495
OE
OB 2.8700787 2.8683802 H
OS 2.8647022 2.8673107
OS 2.8601442 2.8642652
OS 2.8570987 2.8597073
OS 2.8516977 2.8581843
OS 2.8480232 2.8589152
OS 2.8426467 2.8578457
OS 2.8380887 2.8548002
OS 2.8350432 2.8502422
OS 2.8339737 2.8448657
OS 2.8350432 2.8394892
OS 2.8380887 2.8349312
OS 2.8426467 2.8318857
OS 2.8480232 2.8308162
OS 2.8533997 2.8318857
OS 2.8579577 2.8349312
OS 2.8610032 2.8394891
OS 2.8664042 2.8410121
OS 2.8700787 2.8402812
OS 2.8754552 2.8413507
OS 2.8800132 2.8443962
OS 2.8830587 2.8489542
OS 2.8841282 2.8543307
OS 2.8830587 2.8597072
OS 2.8800132 2.8642652
OS 2.8754552 2.8673107
OS 2.8700787 2.8683802
OE
OB 1.2244094 2.8959393 H
OS 1.2190329 2.8948698
OS 1.2144749 2.8918243
OS 1.2114294 2.8872663
OS 1.2103599 2.8818898
OS 1.2114294 2.8765133
OS 1.2144749 2.8719553
OS 1.2190329 2.8689098
OS 1.2244094 2.8678403
OS 1.2297859 2.8689098
OS 1.2343439 2.8719553
OS 1.2373894 2.8765133
OS 1.2384589 2.8818898
OS 1.2373894 2.8872663
OS 1.2343439 2.8918243
OS 1.2297859 2.8948698
OS 1.2244094 2.8959393
OE
OB 0.4777559 2.8647171 H
OS 0.4708433 2.8633421
OS 0.464983 2.8594264
OS 0.4610673 2.8535661
OS 0.4596923 2.8466535
OS 0.4610673 2.8397409
OS 0.464983 2.8338806
OS 0.4708433 2.8299649
OS 0.4777559 2.8285899
OS 0.4846685 2.8299649
OS 0.4905288 2.8338806
OS 0.4944445 2.8397409
OS 0.4958195 2.8466535
OS 0.4944445 2.8535661
OS 0.4905288 2.8594264
OS 0.4846685 2.8633421
OS 0.4777559 2.8647171
OE
OB 1.556 2.8540495 H
OS 1.5506235 2.85298
OS 1.5460655 2.8499345
OS 1.54302 2.8453765
OS 1.5419505 2.84
OS 1.5424938 2.8372688
OS 1.5423203 2.8369175
OS 1.5382843 2.8333962
OS 1.535 2.8340495
OS 1.5296235 2.83298
OS 1.5250655 2.8299345
OS 1.52202 2.8253765
OS 1.5209505 2.82
OS 1.52202 2.8146235
OS 1.5250655 2.8100655
OS 1.5296235 2.80702
OS 1.535 2.8059505
OS 1.5403765 2.80702
OS 1.5449345 2.8100655
OS 1.54798 2.8146235
OS 1.5490495 2.82
OS 1.5485062 2.8227312
OS 1.5486797 2.8230825
OS 1.5527157 2.8266038
OS 1.556 2.8259505
OS 1.5613765 2.82702
OS 1.5659345 2.8300655
OS 1.56898 2.8346235
OS 1.5700495 2.84
OS 1.56898 2.8453765
OS 1.5659345 2.8499345
OS 1.5613765 2.85298
OS 1.556 2.8540495
OE
OB 0.6181102 2.9471204 H
OS 0.6127337 2.9460509
OS 0.6081757 2.9430054
OS 0.6051302 2.9384474
OS 0.6040607 2.9330709
OS 0.6051302 2.9276944
OS 0.6081757 2.9231364
OS 0.6106441 2.9214871
OS 0.6132327 2.9163613
OS 0.6118577 2.9094488
OS 0.6132327 2.9025362
OS 0.6171484 2.8966759
OS 0.6230087 2.8927602
OS 0.6299213 2.8913852
OS 0.6332051 2.8920384
OS 0.6354797 2.8897637
OS 0.6368547 2.8828512
OS 0.6407704 2.8769909
OS 0.6466307 2.8730752
OS 0.6535433 2.8717002
OS 0.6604559 2.8730752
OS 0.6663162 2.8769909
OS 0.6702319 2.8828512
OS 0.6716069 2.8897638
OS 0.6702319 2.8966764
OS 0.6663162 2.9025367
OS 0.6604559 2.9064524
OS 0.6535433 2.9078274
OS 0.6502595 2.9071742
OS 0.6479849 2.9094489
OS 0.6466099 2.9163614
OS 0.6426942 2.9222217
OS 0.6368339 2.9261374
OS 0.6357497 2.9263531
OS 0.6319864 2.9321996
OS 0.6321597 2.9330709
OS 0.6310902 2.9384474
OS 0.6280447 2.9430054
OS 0.6234867 2.9460509
OS 0.6181102 2.9471204
OE
OB 0.4305118 2.9119612 H
OS 0.4235992 2.9105862
OS 0.4177389 2.9066705
OS 0.4138232 2.9008102
OS 0.4124482 2.8938976
OS 0.4138232 2.886985
OS 0.4177389 2.8811247
OS 0.4235992 2.877209
OS 0.4305118 2.875834
OS 0.4374244 2.877209
OS 0.4432847 2.8811247
OS 0.4472004 2.886985
OS 0.4485754 2.8938976
OS 0.4472004 2.9008102
OS 0.4432847 2.9066705
OS 0.4374244 2.9105862
OS 0.4305118 2.9119612
OE
OB 0.4777559 2.9119612 H
OS 0.4708433 2.9105862
OS 0.464983 2.9066705
OS 0.4610673 2.9008102
OS 0.4596923 2.8938976
OS 0.4610673 2.886985
OS 0.464983 2.8811247
OS 0.4708433 2.877209
OS 0.4777559 2.875834
OS 0.4846685 2.877209
OS 0.4905288 2.8811247
OS 0.4944445 2.886985
OS 0.4958195 2.8938976
OS 0.4944445 2.9008102
OS 0.4905288 2.9066705
OS 0.4846685 2.9105862
OS 0.4777559 2.9119612
OE
OB 0.7401575 2.9078274 H
OS 0.7332449 2.9064524
OS 0.7273846 2.9025367
OS 0.7234689 2.8966764
OS 0.7220939 2.8897638
OS 0.7234689 2.8828512
OS 0.7273846 2.8769909
OS 0.7332449 2.8730752
OS 0.7401575 2.8717002
OS 0.7470701 2.8730752
OS 0.7529304 2.8769909
OS 0.7568461 2.8828512
OS 0.7582211 2.8897638
OS 0.7568461 2.8966764
OS 0.7529304 2.9025367
OS 0.7470701 2.9064524
OS 0.7401575 2.9078274
OE
OB 0.3832677 2.9119612 H
OS 0.3763551 2.9105862
OS 0.3704948 2.9066705
OS 0.3665791 2.9008102
OS 0.3652041 2.8938976
OS 0.3665791 2.886985
OS 0.3704948 2.8811247
OS 0.3763551 2.877209
OS 0.3832677 2.875834
OS 0.3901803 2.877209
OS 0.3960406 2.8811247
OS 0.3999563 2.886985
OS 0.4013313 2.8938976
OS 0.3999563 2.9008102
OS 0.3960406 2.9066705
OS 0.3901803 2.9105862
OS 0.3832677 2.9119612
OE
OB 2.535 2.6220495 H
OS 2.5296235 2.62098
OS 2.5250655 2.6179345
OS 2.5227154 2.6144172
OS 2.5203765 2.61598
OS 2.515 2.6170495
OS 2.5096235 2.61598
OS 2.5050655 2.6129345
OS 2.50202 2.6083765
OS 2.5009505 2.603
OS 2.50202 2.5976235
OS 2.5050655 2.5930655
OS 2.5096235 2.59002
OS 2.515 2.5889505
OS 2.5203765 2.59002
OS 2.5249345 2.5930655
OS 2.5272846 2.5965828
OS 2.5296235 2.59502
OS 2.535 2.5939505
OS 2.5403765 2.59502
OS 2.5449345 2.5980655
OS 2.54798 2.6026235
OS 2.5490495 2.608
OS 2.54798 2.6133765
OS 2.5449345 2.6179345
OS 2.5403765 2.62098
OS 2.535 2.6220495
OE
OB 1.222 2.3470495 H
OS 1.2166235 2.34598
OS 1.2120655 2.3429345
OS 1.20902 2.3383765
OS 1.2079505 2.333
OS 1.20902 2.3276235
OS 1.2120655 2.3230655
OS 1.2146307 2.3213516
OS 1.217336 2.3164004
OS 1.2162665 2.311024
OS 1.217336 2.3056475
OS 1.2203815 2.3010895
OS 1.2249395 2.298044
OS 1.230316 2.2969745
OS 1.2356925 2.298044
OS 1.2369262 2.2988683
OS 1.2420335 2.2991214
OS 1.2438267 2.2979233
OS 1.2465915 2.296076
OS 1.2475068 2.2958939
OS 1.2516985 2.2913379
OS 1.252768 2.2859615
OS 1.2558135 2.2814035
OS 1.2603715 2.278358
OS 1.265748 2.2772885
OS 1.2711245 2.278358
OS 1.2718501 2.2788428
OS 1.2774674 2.2794354
OS 1.2792597 2.278238
OS 1.2820255 2.27639
OS 1.2874019 2.2753205
OS 1.2873679 2.2728372
OS 1.2871325 2.271654
OS 1.288202 2.2662775
OS 1.2912475 2.2617195
OS 1.2958055 2.258674
OS 1.301182 2.2576045
OS 1.3065585 2.258674
OS 1.3095537 2.2606753
OS 1.312993 2.2613509
OS 1.3164323 2.2606753
OS 1.3194275 2.258674
OS 1.323752 2.2578138
OS 1.3284705 2.2559059
OS 1.32954 2.2505295
OS 1.3325855 2.2459715
OS 1.3371435 2.242926
OS 1.34252 2.2418565
OS 1.3478965 2.242926
OS 1.3524545 2.2459715
OS 1.3555 2.2505295
OS 1.3565695 2.255906
OS 1.3555 2.2612825
OS 1.3524545 2.2658405
OS 1.3478965 2.268886
OS 1.343572 2.2697462
OS 1.3388535 2.2716541
OS 1.337784 2.2770305
OS 1.3347385 2.2815885
OS 1.3301805 2.284634
OS 1.324804 2.2857035
OS 1.3194275 2.284634
OS 1.3148696 2.2815885
OS 1.3111164 2.2815885
OS 1.3065585 2.284634
OS 1.3011821 2.2857035
OS 1.3012161 2.2881868
OS 1.3014515 2.28937
OS 1.300382 2.2947465
OS 1.2973365 2.2993045
OS 1.2927785 2.30235
OS 1.287402 2.3034195
OS 1.2820255 2.30235
OS 1.2812999 2.3018652
OS 1.2756826 2.3012726
OS 1.2738903 2.30247
OS 1.2711245 2.304318
OS 1.2702092 2.3045001
OS 1.2660175 2.3090561
OS 1.264948 2.3144325
OS 1.2619025 2.3189905
OS 1.2573445 2.322036
OS 1.251968 2.3231055
OS 1.2465915 2.322036
OS 1.2453578 2.3212117
OS 1.2402505 2.3209586
OS 1.2376853 2.3226724
OS 1.23498 2.3276236
OS 1.2360495 2.333
OS 1.23498 2.3383765
OS 1.2319345 2.3429345
OS 1.2273765 2.34598
OS 1.222 2.3470495
OE
OB 2.8852439 2.2840495 H
OS 2.8798674 2.28298
OS 2.8792076 2.2825392
OS 2.8751219 2.2800488
OS 2.8710363 2.2825392
OS 2.8703765 2.28298
OS 2.865 2.2840495
OS 2.8596235 2.28298
OS 2.8550655 2.2799345
OS 2.85202 2.2753765
OS 2.8509505 2.27
OS 2.85202 2.2646235
OS 2.8550655 2.2600655
OS 2.8596235 2.25702
OS 2.865 2.2559505
OS 2.8703765 2.25702
OS 2.8710363 2.2574608
OS 2.875122 2.2599512
OS 2.8792076 2.2574608
OS 2.8798674 2.25702
OS 2.8852439 2.2559505
OS 2.8906204 2.25702
OS 2.8951784 2.2600655
OS 2.8982239 2.2646235
OS 2.8992934 2.27
OS 2.8982239 2.2753765
OS 2.8951784 2.2799345
OS 2.8906204 2.28298
OS 2.8852439 2.2840495
OE
OB 2.868 2.2340495 H
OS 2.8626235 2.23298
OS 2.8580655 2.2299345
OS 2.85502 2.2253765
OS 2.8539505 2.22
OS 2.85502 2.2146235
OS 2.8580655 2.2100655
OS 2.8626235 2.20702
OS 2.868 2.2059505
OS 2.8733765 2.20702
OS 2.8779345 2.2100655
OS 2.88098 2.2146235
OS 2.8820495 2.22
OS 2.88098 2.2253765
OS 2.8779345 2.2299345
OS 2.8733765 2.23298
OS 2.868 2.2340495
OE
OB 1.427166 2.2640495 H
OS 1.4217895 2.26298
OS 1.4172315 2.2599345
OS 1.414186 2.2553765
OS 1.4131165 2.25
OS 1.414186 2.2446235
OS 1.4172315 2.2400655
OS 1.4217895 2.23702
OS 1.427166 2.2359505
OS 1.4325425 2.23702
OS 1.4351544 2.2387652
OS 1.4369155 2.2361295
OS 1.4414735 2.233084
OS 1.44685 2.2320145
OS 1.4522265 2.233084
OS 1.4561995 2.2357386
OS 1.4585695 2.2321915
OS 1.4631275 2.229146
OS 1.468504 2.2280765
OS 1.4738805 2.229146
OS 1.4784385 2.2321915
OS 1.481484 2.2367495
OS 1.4825535 2.242126
OS 1.481484 2.2475025
OS 1.4784385 2.2520605
OS 1.4738805 2.255106
OS 1.468504 2.2561755
OS 1.4631275 2.255106
OS 1.4591545 2.2524514
OS 1.4567845 2.2559985
OS 1.4522265 2.259044
OS 1.44685 2.2601135
OS 1.4414735 2.259044
OS 1.4388616 2.2572988
OS 1.4371005 2.2599345
OS 1.4325425 2.26298
OS 1.427166 2.2640495
OE
OB 1.019685 2.3290101 H
OS 1.0143085 2.3279406
OS 1.0097505 2.3248951
OS 1.006705 2.3203371
OS 1.0056355 2.3149606
OS 1.006705 2.3095841
OS 1.0097505 2.3050261
OS 1.0143085 2.3019806
OS 1.019685 2.3009111
OS 1.0250615 2.3019806
OS 1.0296195 2.3050261
OS 1.032665 2.3095841
OS 1.0337345 2.3149606
OS 1.032665 2.3203371
OS 1.0296195 2.3248951
OS 1.0250615 2.3279406
OS 1.019685 2.3290101
OE
OB 2.339 2.3358999 H
OS 2.3336235 2.3348304
OS 2.3290656 2.3317849
OS 2.3289344 2.3317849
OS 2.3243765 2.3348304
OS 2.319 2.3358999
OS 2.3136235 2.3348304
OS 2.3090656 2.3317849
OS 2.3089344 2.3317849
OS 2.3043765 2.3348304
OS 2.299 2.3358999
OS 2.2936235 2.3348304
OS 2.2890656 2.3317849
OS 2.2889344 2.3317849
OS 2.2843765 2.3348304
OS 2.279 2.3358999
OS 2.2736235 2.3348304
OS 2.2690655 2.3317849
OS 2.26602 2.3272269
OS 2.2649505 2.3218504
OS 2.26602 2.3164739
OS 2.2690655 2.3119159
OS 2.2736235 2.3088704
OS 2.279 2.3078009
OS 2.2843765 2.3088704
OS 2.2889344 2.3119159
OS 2.2890656 2.3119159
OS 2.2936235 2.3088704
OS 2.299 2.3078009
OS 2.3043765 2.3088704
OS 2.3089344 2.3119159
OS 2.3090656 2.3119159
OS 2.3136235 2.3088704
OS 2.319 2.3078009
OS 2.3243765 2.3088704
OS 2.3289344 2.3119159
OS 2.3290656 2.3119159
OS 2.3336235 2.3088704
OS 2.339 2.3078009
OS 2.3443765 2.3088704
OS 2.3489345 2.3119159
OS 2.35198 2.3164739
OS 2.3530495 2.3218504
OS 2.35198 2.3272269
OS 2.3489345 2.3317849
OS 2.3443765 2.3348304
OS 2.339 2.3358999
OE
OB 0.6062992 2.5314961 H
OS 0.1968504 2.5314961
OS 0.1833313 2.517977
OS 0.166363 2.517977
OS 0.166363 2.5010087
OS 0.1574803 2.492126
OS 0.1574803 2.4251969
OS 0.2215251 2.3611521
OS 0.2270895 2.3539005
OS 0.2343411 2.3483361
OS 0.2401575 2.3425197
OS 0.5708662 2.3425197
OS 0.6116199 2.3832734
OS 0.6161043 2.381062
OS 0.6160403 2.3805755
OS 0.6173257 2.3708118
OS 0.6210944 2.3617134
OS 0.6270895 2.3539005
OS 0.6349024 2.3479054
OS 0.6440008 2.3441367
OS 0.6537645 2.3428513
OS 0.6635282 2.3441367
OS 0.6726266 2.3479054
OS 0.6804395 2.3539005
OS 0.6864346 2.3617134
OS 0.6902033 2.3708118
OS 0.6914887 2.3805755
OS 0.6902033 2.3903392
OS 0.6864346 2.3994376
OS 0.6804395 2.4072505
OS 0.6726266 2.4132456
OS 0.6635282 2.4170143
OS 0.6537645 2.4182997
OS 0.6506694 2.4178922
OS 0.6456693 2.4222772
OS 0.6456693 2.492126
OS 0.6062992 2.5314961
OE
OB 1.2822834 2.4110036 H
OS 1.2769069 2.4099341
OS 1.2723489 2.4068886
OS 1.2693034 2.4023306
OS 1.2682339 2.3969541
OS 1.2693034 2.3915776
OS 1.2722036 2.387237
OS 1.2692725 2.3852785
OS 1.2649217 2.3787671
OS 1.2633939 2.3710864
OS 1.2637796 2.3691474
OS 1.2637796 2.3533404
OS 1.2633939 2.3514014
OS 1.2649217 2.3437207
OS 1.2692725 2.3372093
OS 1.2721776 2.3352682
OS 1.2693034 2.3309666
OS 1.2682339 2.3255901
OS 1.2693034 2.3202136
OS 1.2723489 2.3156556
OS 1.2769069 2.3126101
OS 1.2822834 2.3115406
OS 1.2876599 2.3126101
OS 1.2922179 2.3156556
OS 1.2952634 2.3202136
OS 1.2963329 2.3255901
OS 1.2952634 2.3309666
OS 1.2931184 2.3341769
OS 1.2976567 2.3372093
OS 1.3020075 2.3437207
OS 1.3035353 2.3514014
OS 1.3031496 2.3533404
OS 1.3031496 2.3691474
OS 1.3035353 2.3710864
OS 1.3020075 2.3787671
OS 1.2976567 2.3852785
OS 1.2930923 2.3883283
OS 1.2952634 2.3915776
OS 1.2963329 2.3969541
OS 1.2952634 2.4023306
OS 1.2922179 2.4068886
OS 1.2876599 2.4099341
OS 1.2822834 2.4110036
OE
OB 1.405 2.3460495 H
OS 1.3996235 2.34498
OS 1.3950655 2.3419345
OS 1.39202 2.3373765
OS 1.3909505 2.332
OS 1.39202 2.3266235
OS 1.3950655 2.3220655
OS 1.3996235 2.31902
OS 1.405 2.3179505
OS 1.4103765 2.31902
OS 1.4149345 2.3220655
OS 1.41798 2.3266235
OS 1.4190495 2.332
OS 1.41798 2.3373765
OS 1.4149345 2.3419345
OS 1.4103765 2.34498
OS 1.405 2.3460495
OE
OB 1.5190554 2.20704 H
OS 1.5121428 2.205665
OS 1.5062825 2.2017493
OS 1.5056301 2.2007729
OS 1.50063 2.2007729
OS 1.4999776 2.2017493
OS 1.4941173 2.205665
OS 1.4872047 2.20704
OS 1.4802921 2.205665
OS 1.4744318 2.2017493
OS 1.4705161 2.195889
OS 1.4691411 2.1889764
OS 1.4705161 2.1820638
OS 1.4744318 2.1762035
OS 1.4802921 2.1722878
OS 1.4872047 2.1709128
OS 1.4941173 2.1722878
OS 1.4999776 2.1762035
OS 1.50063 2.1771799
OS 1.5056301 2.1771799
OS 1.5062825 2.1762035
OS 1.5121428 2.1722878
OS 1.5190554 2.1709128
OS 1.525968 2.1722878
OS 1.5318283 2.1762035
OS 1.535744 2.1820638
OS 1.537119 2.1889764
OS 1.535744 2.195889
OS 1.5318283 2.2017493
OS 1.525968 2.205665
OS 1.5190554 2.20704
OE
OB 2.769686 2.0947575 H
OS 2.7643095 2.093688
OS 2.7597515 2.0906425
OS 2.756706 2.0860845
OS 2.7556365 2.080708
OS 2.7565879 2.0759251
OS 2.7548901 2.0738483
OS 2.7528157 2.0721539
OS 2.748032 2.0731055
OS 2.7426555 2.072036
OS 2.7380975 2.0689905
OS 2.735052 2.0644325
OS 2.7339825 2.059056
OS 2.7343263 2.0573279
OS 2.7300741 2.0530757
OS 2.728346 2.0534195
OS 2.7229695 2.05235
OS 2.7184115 2.0493045
OS 2.715366 2.0447465
OS 2.7142965 2.03937
OS 2.7146398 2.0376444
OS 2.7103876 2.0333922
OS 2.708662 2.0337355
OS 2.7032855 2.032666
OS 2.6987275 2.0296205
OS 2.695682 2.0250625
OS 2.6946125 2.019686
OS 2.695682 2.0143095
OS 2.6986664 2.009843
OS 2.695682 2.0053765
OS 2.6946125 2
OS 2.6953394 1.9963456
OS 2.6921748 1.993658
OS 2.6912011 1.9930149
OS 2.686 1.9940495
OS 2.6806235 1.99298
OS 2.6760655 1.9899345
OS 2.67302 1.9853765
OS 2.6719505 1.98
OS 2.6724938 1.9772688
OS 2.6723203 1.9769175
OS 2.6682843 1.9733962
OS 2.665 1.9740495
OS 2.6596235 1.97298
OS 2.6550655 1.9699345
OS 2.65202 1.9653765
OS 2.6509505 1.96
OS 2.65202 1.9546235
OS 2.6550655 1.9500655
OS 2.6596235 1.94702
OS 2.665 1.9459505
OS 2.6703765 1.94702
OS 2.6749345 1.9500655
OS 2.67798 1.9546235
OS 2.6790495 1.96
OS 2.6785062 1.9627312
OS 2.6786797 1.9630825
OS 2.6827157 1.9666038
OS 2.686 1.9659505
OS 2.6913765 1.96702
OS 2.6959345 1.9700655
OS 2.69898 1.9746235
OS 2.7000495 1.98
OS 2.6993226 1.9836544
OS 2.7024872 1.986342
OS 2.7034609 1.9869851
OS 2.708662 1.9859505
OS 2.7140385 1.98702
OS 2.7185965 1.9900655
OS 2.721642 1.9946235
OS 2.7227115 2
OS 2.7223678 2.0017277
OS 2.72662 2.0059798
OS 2.728346 2.0056365
OS 2.7337225 2.006706
OS 2.7382805 2.0097515
OS 2.741326 2.0143095
OS 2.7423955 2.019686
OS 2.7420522 2.021412
OS 2.7463043 2.0256642
OS 2.748032 2.0253205
OS 2.7534085 2.02639
OS 2.7579665 2.0294355
OS 2.761012 2.0339935
OS 2.7620815 2.03937
OS 2.7615763 2.0419097
OS 2.7623336 2.043064
OS 2.7658894 2.0457617
OS 2.769686 2.0450065
OS 2.7750625 2.046076
OS 2.7796205 2.0491215
OS 2.782666 2.0536795
OS 2.7837355 2.059056
OS 2.782666 2.0644325
OS 2.7796205 2.0689904
OS 2.7796205 2.0707736
OS 2.782666 2.0753315
OS 2.7837355 2.080708
OS 2.782666 2.0860845
OS 2.7796205 2.0906425
OS 2.7750625 2.093688
OS 2.769686 2.0947575
OE
OB 2.4788591 2.1272045 H
OS 2.4719465 2.1258295
OS 2.4660862 2.1219138
OS 2.4621705 2.1160535
OS 2.4607955 2.1091409
OS 2.4621705 2.1022283
OS 2.4660862 2.096368
OS 2.4719465 2.0924523
OS 2.4788591 2.0910773
OS 2.4857717 2.0924523
OS 2.491632 2.096368
OS 2.4955477 2.1022283
OS 2.4969227 2.1091409
OS 2.4955477 2.1160535
OS 2.491632 2.1219138
OS 2.4857717 2.1258295
OS 2.4788591 2.1272045
OE
OB 1.2637795 2.0731817 H
OS 1.2568669 2.0718067
OS 1.2510066 2.067891
OS 1.2470909 2.0620307
OS 1.2457159 2.0551181
OS 1.2470909 2.0482055
OS 1.2510066 2.0423452
OS 1.2568669 2.0384295
OS 1.2637795 2.0370545
OS 1.2706921 2.0384295
OS 1.2765524 2.0423452
OS 1.2804681 2.0482055
OS 1.2818431 2.0551181
OS 1.2804681 2.0620307
OS 1.2765524 2.067891
OS 1.2706921 2.0718067
OS 1.2637795 2.0731817
OE
OB 2.5111308 2.0949329 H
OS 2.5042182 2.0935579
OS 2.4983579 2.0896422
OS 2.4944422 2.0837819
OS 2.4930672 2.0768693
OS 2.4944422 2.0699567
OS 2.4983579 2.0640964
OS 2.5042182 2.0601807
OS 2.5111308 2.0588057
OS 2.5180434 2.0601807
OS 2.5239037 2.0640964
OS 2.5278194 2.0699567
OS 2.5291944 2.0768693
OS 2.5278194 2.0837819
OS 2.5239037 2.0896422
OS 2.5180434 2.0935579
OS 2.5111308 2.0949329
OE
OB 2.9566928 2.1479082 H
OS 2.9513163 2.1468387
OS 2.9468501 2.1438545
OS 2.9423844 2.1468383
OS 2.9370079 2.1479078
OS 2.9316314 2.1468383
OS 2.9270734 2.1437928
OS 2.9240279 2.1392348
OS 2.9229584 2.1338583
OS 2.9233019 2.1321313
OS 2.9190498 2.1278792
OS 2.9173228 2.1282227
OS 2.9119463 2.1271532
OS 2.9073883 2.1241077
OS 2.9043428 2.1195497
OS 2.9032733 2.1141732
OS 2.9036167 2.1124469
OS 2.8993645 2.1081947
OS 2.8976378 2.1085382
OS 2.8922613 2.1074687
OS 2.8877033 2.1044232
OS 2.8846578 2.0998652
OS 2.8835883 2.0944887
OS 2.8839319 2.0927612
OS 2.8796798 2.0885091
OS 2.8779528 2.0888526
OS 2.8725763 2.0877831
OS 2.8680183 2.0847376
OS 2.8649728 2.0801796
OS 2.8639033 2.0748031
OS 2.8642468 2.0730762
OS 2.8599946 2.0688241
OS 2.8582677 2.0691676
OS 2.8528912 2.0680981
OS 2.8483332 2.0650526
OS 2.8452877 2.0604946
OS 2.8442182 2.0551181
OS 2.8445617 2.0533913
OS 2.8403095 2.0491391
OS 2.8385827 2.0494826
OS 2.8332062 2.0484131
OS 2.8286482 2.0453676
OS 2.8256027 2.0408096
OS 2.8245332 2.0354331
OS 2.8248767 2.0337061
OS 2.8206246 2.029454
OS 2.8188976 2.0297975
OS 2.8135211 2.028728
OS 2.8089631 2.0256825
OS 2.8059176 2.0211245
OS 2.8048481 2.015748
OS 2.8051916 2.0140212
OS 2.8009394 2.009769
OS 2.7992126 2.0101125
OS 2.7938361 2.009043
OS 2.7892781 2.0059975
OS 2.7862326 2.0014395
OS 2.7851631 1.996063
OS 2.7862326 1.9906865
OS 2.7885294 1.987249
OS 2.7850655 1.9849345
OS 2.78202 1.9803765
OS 2.7809505 1.975
OS 2.78202 1.9696235
OS 2.7850655 1.9650655
OS 2.7896235 1.96202
OS 2.795 1.9609505
OS 2.8003765 1.96202
OS 2.8049345 1.9650655
OS 2.80798 1.9696235
OS 2.8090495 1.975
OS 2.8080273 1.9801387
OS 2.8085698 1.9808711
OS 2.8118337 1.9836089
OS 2.8153341 1.98127
OS 2.8207106 1.9802005
OS 2.8260871 1.98127
OS 2.8306451 1.9843155
OS 2.8336906 1.9888735
OS 2.8347601 1.99425
OS 2.8341158 1.997489
OS 2.8375318 2.0015996
OS 2.8379639 2.0018216
OS 2.8385827 2.0016985
OS 2.8439592 2.002768
OS 2.8485172 2.0058135
OS 2.8515627 2.0103715
OS 2.8526322 2.015748
OS 2.8522887 2.0174749
OS 2.8565408 2.0217271
OS 2.8582677 2.0213836
OS 2.8636442 2.0224531
OS 2.8682022 2.0254986
OS 2.8712477 2.0300566
OS 2.8723172 2.0354331
OS 2.8719737 2.03716
OS 2.8762259 2.0414121
OS 2.8779528 2.0410686
OS 2.8833293 2.0421381
OS 2.8878873 2.0451836
OS 2.8909328 2.0497416
OS 2.8920023 2.0551181
OS 2.8916588 2.0568449
OS 2.895911 2.0610971
OS 2.8976378 2.0607536
OS 2.9030143 2.0618231
OS 2.9075723 2.0648686
OS 2.9106178 2.0694266
OS 2.9116873 2.0748031
OS 2.9113438 2.07653
OS 2.9155959 2.0807822
OS 2.9173228 2.0804387
OS 2.9226993 2.0815082
OS 2.9272573 2.0845537
OS 2.9303028 2.0891117
OS 2.9313723 2.0944882
OS 2.9310288 2.0962151
OS 2.935281 2.1004672
OS 2.9370079 2.1001237
OS 2.9423844 2.1011932
OS 2.9469424 2.1042387
OS 2.9499879 2.1087967
OS 2.9510574 2.1141732
OS 2.9507138 2.1159005
OS 2.954966 2.1201527
OS 2.9566928 2.1198092
OS 2.9620693 2.1208787
OS 2.9666272 2.1239242
OS 2.9725663 2.1238127
OS 2.9730655 2.1230655
OS 2.9776235 2.12002
OS 2.983 2.1189505
OS 2.9883765 2.12002
OS 2.9884931 2.1200979
OS 2.9920979 2.1164931
OS 2.99202 2.1163765
OS 2.9909505 2.111
OS 2.99202 2.1056235
OS 2.9950655 2.1010655
OS 2.9996235 2.09802
OS 3.005 2.0969505
OS 3.0103765 2.09802
OS 3.0149345 2.1010655
OS 3.01798 2.1056235
OS 3.0190495 2.111
OS 3.01798 2.1163765
OS 3.0149345 2.1209345
OS 3.0103765 2.12398
OS 3.005 2.1250495
OS 2.9996235 2.12398
OS 2.9995069 2.1239021
OS 2.9959021 2.1275069
OS 2.99598 2.1276235
OS 2.9970495 2.133
OS 2.99598 2.1383765
OS 2.9929345 2.1429345
OS 2.9883765 2.14598
OS 2.983 2.1470495
OS 2.9776235 2.14598
OS 2.9730656 2.1429345
OS 2.9671265 2.143046
OS 2.9666273 2.1437932
OS 2.9620693 2.1468387
OS 2.9566928 2.1479082
OE
OB 1.255906 2.2089315 H
OS 1.2505295 2.207862
OS 1.2459715 2.2048165
OS 1.242926 2.2002585
OS 1.2418565 2.194882
OS 1.2426117 2.1910854
OS 1.239914 2.1875296
OS 1.2387597 2.1867723
OS 1.23622 2.1872775
OS 1.2308435 2.186208
OS 1.2262855 2.1831625
OS 1.22324 2.1786045
OS 1.2221705 2.173228
OS 1.2223584 2.1722834
OS 1.2190334 2.1665239
OS 1.2144755 2.1634785
OS 1.21143 2.1589205
OS 1.2103605 2.153544
OS 1.21143 2.1481675
OS 1.2144755 2.1436095
OS 1.2190335 2.140564
OS 1.2192134 2.1405282
OS 1.221272 2.1392344
OS 1.2202025 2.133858
OS 1.2204653 2.1325368
OS 1.2190334 2.127154
OS 1.2144755 2.1241085
OS 1.21143 2.1195505
OS 1.2103605 2.114174
OS 1.21143 2.1087975
OS 1.2144755 2.1042395
OS 1.2190335 2.101194
OS 1.2192134 2.1011582
OS 1.221272 2.0998644
OS 1.2202025 2.094488
OS 1.2203903 2.0935438
OS 1.2170634 2.0877839
OS 1.2125055 2.0847385
OS 1.20946 2.0801805
OS 1.2083905 2.074804
OS 1.20946 2.0694275
OS 1.2125055 2.0648696
OS 1.2125055 2.0638966
OS 1.2110655 2.0629345
OS 1.20802 2.0583765
OS 1.2069505 2.053
OS 1.20802 2.0476235
OS 1.2110655 2.0430655
OS 1.2156235 2.04002
OS 1.221 2.0389505
OS 1.2263765 2.04002
OS 1.2309345 2.0430655
OS 1.23398 2.0476235
OS 1.2350495 2.053
OS 1.23398 2.0583765
OS 1.2309345 2.0629344
OS 1.2309345 2.0639074
OS 1.2323745 2.0648695
OS 1.23542 2.0694275
OS 1.2364895 2.074804
OS 1.2363017 2.0757482
OS 1.2396286 2.0815081
OS 1.2441865 2.0845535
OS 1.247232 2.0891115
OS 1.2483015 2.094488
OS 1.247232 2.0998645
OS 1.2441865 2.1044225
OS 1.2396285 2.107468
OS 1.2394486 2.1075038
OS 1.23739 2.1087976
OS 1.2384595 2.114174
OS 1.2381967 2.1154952
OS 1.2396286 2.120878
OS 1.2441865 2.1239235
OS 1.247232 2.1284815
OS 1.2483015 2.133858
OS 1.247232 2.1392345
OS 1.2441865 2.1437925
OS 1.2396285 2.146838
OS 1.2394486 2.1468738
OS 1.23739 2.1481676
OS 1.2384595 2.153544
OS 1.2382716 2.1544886
OS 1.2415966 2.1602481
OS 1.2461545 2.1632935
OS 1.2492 2.1678515
OS 1.2502695 2.173228
OS 1.2495143 2.1770246
OS 1.252212 2.1805804
OS 1.2533663 2.1813377
OS 1.255906 2.1808325
OS 1.2612825 2.181902
OS 1.2658405 2.1849475
OS 1.268886 2.1895055
OS 1.2699555 2.194882
OS 1.268886 2.2002585
OS 1.2658405 2.2048165
OS 1.2612825 2.207862
OS 1.255906 2.2089315
OE
OB 1.23819 2.2483015 H
OS 1.2328135 2.247232
OS 1.2282555 2.2441865
OS 1.22521 2.2396285
OS 1.2241405 2.234252
OS 1.2247795 2.2310395
OS 1.2252099 2.2288755
OS 1.2213531 2.2256479
OS 1.2210015 2.225578
OS 1.2164435 2.2225325
OS 1.213398 2.2179745
OS 1.2123285 2.212598
OS 1.213398 2.2072215
OS 1.2164435 2.2026635
OS 1.2210015 2.199618
OS 1.226378 2.1985485
OS 1.2317545 2.199618
OS 1.2363125 2.2026635
OS 1.239358 2.2072215
OS 1.2404275 2.212598
OS 1.2397885 2.2158105
OS 1.2393581 2.2179745
OS 1.2432149 2.2212021
OS 1.2435665 2.221272
OS 1.2481245 2.2243175
OS 1.25117 2.2288755
OS 1.2522395 2.234252
OS 1.25117 2.2396285
OS 1.2481245 2.2441865
OS 1.2435665 2.247232
OS 1.23819 2.2483015
OE
OB 0.7795276 2.199166 H
OS 0.772615 2.197791
OS 0.7667547 2.1938753
OS 0.762839 2.188015
OS 0.761464 2.1811024
OS 0.762839 2.1741898
OS 0.7667547 2.1683295
OS 0.772615 2.1644138
OS 0.7795276 2.1630388
OS 0.7864402 2.1644138
OS 0.7923005 2.1683295
OS 0.7962162 2.1741898
OS 0.7975912 2.1811024
OS 0.7962162 2.188015
OS 0.7923005 2.1938753
OS 0.7864402 2.197791
OS 0.7795276 2.199166
OE
OB 2.848 2.2030495 H
OS 2.8426235 2.20198
OS 2.8380655 2.1989345
OS 2.83502 2.1943765
OS 2.8339505 2.189
OS 2.83502 2.1836235
OS 2.8380655 2.1790655
OS 2.8426235 2.17602
OS 2.848 2.1749505
OS 2.8533765 2.17602
OS 2.8579345 2.1790655
OS 2.86098 2.1836235
OS 2.8620495 2.189
OS 2.86098 2.1943765
OS 2.8579345 2.1989345
OS 2.8533765 2.20198
OS 2.848 2.2030495
OE
OB 0.984252 2.4078274 H
OS 0.9773394 2.4064524
OS 0.9714791 2.4025367
OS 0.9675634 2.3966764
OS 0.9661884 2.3897638
OS 0.9675634 2.3828512
OS 0.9714791 2.3769909
OS 0.9773394 2.3730752
OS 0.984252 2.3717002
OS 0.9911646 2.3730752
OS 0.9970249 2.3769909
OS 1.0009406 2.3828512
OS 1.0023156 2.3897638
OS 1.0009406 2.3966764
OS 0.9970249 2.4025367
OS 0.9911646 2.4064524
OS 0.984252 2.4078274
OE
OB 1.2322835 2.6006637 H
OS 1.226907 2.5995942
OS 1.222349 2.5965487
OS 1.2193035 2.5919907
OS 1.218234 2.5866142
OS 1.2193035 2.5812377
OS 1.222349 2.5766797
OS 1.226907 2.5736342
OS 1.2322835 2.5725647
OS 1.23766 2.5736342
OS 1.242218 2.5766797
OS 1.2452635 2.5812377
OS 1.246333 2.5866142
OS 1.2452635 2.5919907
OS 1.242218 2.5965487
OS 1.23766 2.5995942
OS 1.2322835 2.6006637
OE
OB 0.984252 2.6164888 H
OS 0.9773394 2.6151138
OS 0.9714791 2.6111981
OS 0.9675634 2.6053378
OS 0.9661884 2.5984252
OS 0.9675634 2.5915126
OS 0.9714791 2.5856523
OS 0.9773394 2.5817366
OS 0.984252 2.5803616
OS 0.9911646 2.5817366
OS 0.9970249 2.5856523
OS 1.0009406 2.5915126
OS 1.0023156 2.5984252
OS 1.0009406 2.6053378
OS 0.9970249 2.6111981
OS 0.9911646 2.6151138
OS 0.984252 2.6164888
OE
OB 1.41 2.5840495 H
OS 1.4046235 2.58298
OS 1.4000655 2.5799345
OS 1.39702 2.5753765
OS 1.3959505 2.57
OS 1.39702 2.5646235
OS 1.4000655 2.5600655
OS 1.4046235 2.55702
OS 1.41 2.5559505
OS 1.4153765 2.55702
OS 1.4199345 2.5600655
OS 1.42298 2.5646235
OS 1.4240495 2.57
OS 1.42298 2.5753765
OS 1.4199345 2.5799345
OS 1.4153765 2.58298
OS 1.41 2.5840495
OE
OB 0.4015748 2.6046778 H
OS 0.3946622 2.6033028
OS 0.3888019 2.5993871
OS 0.3848862 2.5935268
OS 0.3835112 2.5866142
OS 0.3848862 2.5797016
OS 0.3888019 2.5738413
OS 0.3946622 2.5699256
OS 0.4015748 2.5685506
OS 0.4084874 2.5699256
OS 0.4143477 2.5738413
OS 0.4182634 2.5797016
OS 0.4196384 2.5866142
OS 0.4182634 2.5935268
OS 0.4143477 2.5993871
OS 0.4084874 2.6033028
OS 0.4015748 2.6046778
OE
OB 2.848 2.6140495 H
OS 2.8426235 2.61298
OS 2.8380655 2.6099345
OS 2.83502 2.6053765
OS 2.8339505 2.6
OS 2.83502 2.5946235
OS 2.8380655 2.5900655
OS 2.8426235 2.58702
OS 2.848 2.5859505
OS 2.8533765 2.58702
OS 2.8579345 2.5900655
OS 2.86098 2.5946235
OS 2.8620495 2.6
OS 2.86098 2.6053765
OS 2.8579345 2.6099345
OS 2.8533765 2.61298
OS 2.848 2.6140495
OE
OB 0.3228346 2.6361738 H
OS 0.315922 2.6347988
OS 0.3100617 2.6308831
OS 0.306146 2.6250228
OS 0.304771 2.6181102
OS 0.306146 2.6111976
OS 0.3100617 2.6053373
OS 0.315922 2.6014216
OS 0.3228346 2.6000466
OS 0.3297472 2.6014216
OS 0.3356075 2.6053373
OS 0.3395232 2.6111976
OS 0.3408982 2.6181102
OS 0.3395232 2.6250228
OS 0.3356075 2.6308831
OS 0.3297472 2.6347988
OS 0.3228346 2.6361738
OE
OB 0.6259843 2.6440479 H
OS 0.6190717 2.6426729
OS 0.6132114 2.6387572
OS 0.6092957 2.6328969
OS 0.6079207 2.6259843
OS 0.6092957 2.6190717
OS 0.6132114 2.6132114
OS 0.6190717 2.6092957
OS 0.6259843 2.6079207
OS 0.6328969 2.6092957
OS 0.6387572 2.6132114
OS 0.6426729 2.6190717
OS 0.6440479 2.6259843
OS 0.6426729 2.6328969
OS 0.6387572 2.6387572
OS 0.6328969 2.6426729
OS 0.6259843 2.6440479
OE
OB 1.164 2.6220495 H
OS 1.1586235 2.62098
OS 1.1540655 2.6179345
OS 1.15102 2.6133765
OS 1.1499505 2.608
OS 1.15102 2.6026235
OS 1.1540655 2.5980655
OS 1.1586235 2.59502
OS 1.164 2.5939505
OS 1.1693765 2.59502
OS 1.1739345 2.5980655
OS 1.17698 2.6026235
OS 1.1780495 2.608
OS 1.17698 2.6133765
OS 1.1739345 2.6179345
OS 1.1693765 2.62098
OS 1.164 2.6220495
OE
OB 1.437005 2.6242805 H
OS 1.4316285 2.623211
OS 1.4270705 2.6201655
OS 1.424025 2.6156075
OS 1.4229555 2.610231
OS 1.424025 2.6048545
OS 1.4270705 2.6002965
OS 1.4316285 2.597251
OS 1.437005 2.5961815
OS 1.4423815 2.597251
OS 1.4469395 2.6002965
OS 1.449985 2.6048545
OS 1.4510545 2.610231
OS 1.449985 2.6156075
OS 1.4469395 2.6201655
OS 1.4423815 2.623211
OS 1.437005 2.6242805
OE
OB 2.848 2.5660495 H
OS 2.8426235 2.56498
OS 2.8380655 2.5619345
OS 2.83502 2.5573765
OS 2.8339505 2.552
OS 2.83502 2.5466235
OS 2.8380655 2.5420655
OS 2.8426235 2.53902
OS 2.848 2.5379505
OS 2.8533765 2.53902
OS 2.8579345 2.5420655
OS 2.86098 2.5466235
OS 2.8620495 2.552
OS 2.86098 2.5573765
OS 2.8579345 2.5619345
OS 2.8533765 2.56498
OS 2.848 2.5660495
OE
OB 2.339 2.4200495 H
OS 2.3336235 2.41898
OS 2.3290656 2.4159345
OS 2.3289344 2.4159345
OS 2.3243765 2.41898
OS 2.319 2.4200495
OS 2.3136235 2.41898
OS 2.3131323 2.4186518
OS 2.309 2.415977
OS 2.3048677 2.4186518
OS 2.3043765 2.41898
OS 2.299 2.4200495
OS 2.2936235 2.41898
OS 2.2931323 2.4186518
OS 2.289 2.415977
OS 2.2848677 2.4186518
OS 2.2843765 2.41898
OS 2.279 2.4200495
OS 2.2736235 2.41898
OS 2.2690655 2.4159345
OS 2.26602 2.4113765
OS 2.2649505 2.406
OS 2.26602 2.4006235
OS 2.2690655 2.3960655
OS 2.2736235 2.39302
OS 2.279 2.3919505
OS 2.2843765 2.39302
OS 2.2848677 2.3933482
OS 2.289 2.396023
OS 2.2931323 2.3933482
OS 2.2936235 2.39302
OS 2.299 2.3919505
OS 2.3043765 2.39302
OS 2.3048677 2.3933482
OS 2.309 2.396023
OS 2.3131323 2.3933482
OS 2.3136235 2.39302
OS 2.319 2.3919505
OS 2.3243765 2.39302
OS 2.3289344 2.3960655
OS 2.3290656 2.3960655
OS 2.3336235 2.39302
OS 2.339 2.3919505
OS 2.3443765 2.39302
OS 2.3489345 2.3960655
OS 2.35198 2.4006235
OS 2.3530495 2.406
OS 2.35198 2.4113765
OS 2.3489345 2.4159345
OS 2.3443765 2.41898
OS 2.339 2.4200495
OE
OB 1.404 2.4640495 H
OS 1.3986235 2.46298
OS 1.3940655 2.4599345
OS 1.39102 2.4553765
OS 1.3899505 2.45
OS 1.39102 2.4446235
OS 1.3940655 2.4400655
OS 1.3986235 2.43702
OS 1.404 2.4359505
OS 1.4093765 2.43702
OS 1.4139345 2.4400655
OS 1.41698 2.4446235
OS 1.4180495 2.45
OS 1.41698 2.4553765
OS 1.4139345 2.4599345
OS 1.4093765 2.46298
OS 1.404 2.4640495
OE
OB 1.22 2.4050495 H
OS 1.2146235 2.40398
OS 1.2100655 2.4009345
OS 1.20702 2.3963765
OS 1.2059505 2.391
OS 1.20702 2.3856235
OS 1.2100655 2.3810655
OS 1.2146235 2.37802
OS 1.22 2.3769505
OS 1.2253765 2.37802
OS 1.2299345 2.3810655
OS 1.23298 2.3856235
OS 1.2340495 2.391
OS 1.23298 2.3963765
OS 1.2299345 2.4009345
OS 1.2253765 2.40398
OS 1.22 2.4050495
OE
OB 1.404 2.4050495 H
OS 1.3986235 2.40398
OS 1.3940655 2.4009345
OS 1.39102 2.3963765
OS 1.3899505 2.391
OS 1.39102 2.3856235
OS 1.3940655 2.3810655
OS 1.3986235 2.37802
OS 1.404 2.3769505
OS 1.4093765 2.37802
OS 1.4139345 2.3810655
OS 1.41698 2.3856235
OS 1.4180495 2.391
OS 1.41698 2.3963765
OS 1.4139345 2.4009345
OS 1.4093765 2.40398
OS 1.404 2.4050495
OE
OB 1.221 2.4650495 H
OS 1.2156235 2.46398
OS 1.2110655 2.4609345
OS 1.20802 2.4563765
OS 1.2069505 2.451
OS 1.20802 2.4456235
OS 1.2110655 2.4410655
OS 1.2156235 2.43802
OS 1.221 2.4369505
OS 1.2263765 2.43802
OS 1.2309345 2.4410655
OS 1.23398 2.4456235
OS 1.2350495 2.451
OS 1.23398 2.4563765
OS 1.2309345 2.4609345
OS 1.2263765 2.46398
OS 1.221 2.4650495
OE
OB 1.019685 2.5337345 H
OS 1.0143085 2.532665
OS 1.0097505 2.5296195
OS 1.006705 2.5250615
OS 1.0056355 2.519685
OS 1.006705 2.5143085
OS 1.0097505 2.5097505
OS 1.0143085 2.506705
OS 1.019685 2.5056355
OS 1.0250615 2.506705
OS 1.0296195 2.5097505
OS 1.032665 2.5143085
OS 1.0337345 2.519685
OS 1.032665 2.5250615
OS 1.0296195 2.5296195
OS 1.0250615 2.532665
OS 1.019685 2.5337345
OE
OB 1.2283465 2.5416086 H
OS 1.22297 2.5405391
OS 1.218412 2.5374936
OS 1.2153665 2.5329356
OS 1.214297 2.5275591
OS 1.2153665 2.5221826
OS 1.218412 2.5176246
OS 1.22297 2.5145791
OS 1.2283465 2.5135096
OS 1.233723 2.5145791
OS 1.238281 2.5176246
OS 1.2413265 2.5221826
OS 1.242396 2.5275591
OS 1.2413265 2.5329356
OS 1.238281 2.5374936
OS 1.233723 2.5405391
OS 1.2283465 2.5416086
OE
OB 1.3464567 2.6006637 H
OS 1.3410802 2.5995942
OS 1.3365222 2.5965487
OS 1.3334767 2.5919907
OS 1.3324072 2.5866142
OS 1.3334767 2.5812377
OS 1.3364608 2.5767716
OS 1.3334767 2.5723056
OS 1.3324072 2.5669291
OS 1.3334767 2.5615526
OS 1.3364607 2.5570866
OS 1.3334767 2.5526206
OS 1.3324072 2.5472441
OS 1.3334767 2.5418676
OS 1.3364607 2.5374016
OS 1.3334767 2.5329356
OS 1.3324072 2.5275591
OS 1.3334767 2.5221826
OS 1.3364608 2.5177166
OS 1.3334767 2.5132505
OS 1.3324072 2.507874
OS 1.3334767 2.5024975
OS 1.336461 2.498031
OS 1.333474 2.4935605
OS 1.3324045 2.488184
OS 1.333474 2.4828075
OS 1.336458 2.4783415
OS 1.333474 2.4738755
OS 1.3324045 2.468499
OS 1.333474 2.4631225
OS 1.3365195 2.4585645
OS 1.3410775 2.455519
OS 1.346454 2.4544495
OS 1.3518305 2.455519
OS 1.3563885 2.4585645
OS 1.359434 2.4631225
OS 1.3605035 2.468499
OS 1.359434 2.4738755
OS 1.35645 2.4783415
OS 1.359434 2.4828075
OS 1.3605035 2.488184
OS 1.359434 2.4935605
OS 1.3564497 2.498027
OS 1.3594367 2.5024975
OS 1.3605062 2.507874
OS 1.3594367 2.5132505
OS 1.3564526 2.5177166
OS 1.3594367 2.5221826
OS 1.3605062 2.5275591
OS 1.3594367 2.5329356
OS 1.3564527 2.5374016
OS 1.3594367 2.5418676
OS 1.3605062 2.5472441
OS 1.3594367 2.5526206
OS 1.3564527 2.5570866
OS 1.3594367 2.5615526
OS 1.3605062 2.5669291
OS 1.3594367 2.5723056
OS 1.3564526 2.5767716
OS 1.3594367 2.5812377
OS 1.3605062 2.5866142
OS 1.3594367 2.5919907
OS 1.3563912 2.5965487
OS 1.3518332 2.5995942
OS 1.3464567 2.6006637
OE
OB 1.244092 2.5036558 H
OS 1.2387155 2.5025863
OS 1.2370986 2.5015059
OS 1.2332778 2.4999086
OS 1.229457 2.5015059
OS 1.2278401 2.5025863
OS 1.2224636 2.5036558
OS 1.2170871 2.5025863
OS 1.2125291 2.4995408
OS 1.2094836 2.4949828
OS 1.2084141 2.4896063
OS 1.2094836 2.4842298
OS 1.2125291 2.4796718
OS 1.2170871 2.4766263
OS 1.2224636 2.4755568
OS 1.2278401 2.4766263
OS 1.229457 2.4777067
OS 1.2332778 2.479304
OS 1.2370986 2.4777067
OS 1.2387155 2.4766263
OS 1.244092 2.4755568
OS 1.2494685 2.4766263
OS 1.2540265 2.4796718
OS 1.257072 2.4842298
OS 1.2581415 2.4896063
OS 1.257072 2.4949828
OS 1.2540265 2.4995408
OS 1.2494685 2.5025863
OS 1.244092 2.5036558
OE
OB 0.6181102 3.0297975 H
OS 0.6127337 3.028728
OS 0.6081757 3.0256825
OS 0.6051302 3.0211245
OS 0.6040607 3.015748
OS 0.6051302 3.0103715
OS 0.6081757 3.0058135
OS 0.6127337 3.002768
OS 0.6181102 3.0016985
OS 0.6234867 3.002768
OS 0.6280447 3.0058135
OS 0.6310902 3.0103715
OS 0.6321597 3.015748
OS 0.6310902 3.0211245
OS 0.6280447 3.0256825
OS 0.6234867 3.028728
OS 0.6181102 3.0297975
OE
OB 2.9084646 3.3910951 H
OS 2.901552 3.3897201
OS 2.8956917 3.3858044
OS 2.891776 3.3799441
OS 2.8912306 3.3772024
OS 2.8861327 3.3772024
OS 2.8857831 3.3789598
OS 2.8818674 3.3848201
OS 2.8760071 3.3887358
OS 2.8690945 3.3901108
OS 2.8621819 3.3887358
OS 2.8563216 3.3848201
OS 2.8524059 3.3789598
OS 2.8510309 3.3720472
OS 2.8524059 3.3651346
OS 2.8563216 3.3592743
OS 2.8621819 3.3553586
OS 2.8666255 3.3544747
OS 2.8707547 3.3496039
OS 2.870716 3.3494094
OS 2.872091 3.3424968
OS 2.8760067 3.3366365
OS 2.881867 3.3327208
OS 2.8887796 3.3313458
OS 2.8956922 3.3327208
OS 2.9015525 3.3366365
OS 2.9054682 3.3424968
OS 2.9059156 3.3447461
OS 2.9110136 3.3447461
OS 2.911461 3.3424968
OS 2.9153767 3.3366365
OS 2.921237 3.3327208
OS 2.9281496 3.3313458
OS 2.9350622 3.3327208
OS 2.9409225 3.3366365
OS 2.9448382 3.3424968
OS 2.9462132 3.3494094
OS 2.9448382 3.356322
OS 2.9409225 3.3621823
OS 2.9350622 3.366098
OS 2.9297043 3.3671638
OS 2.9262857 3.3718122
OS 2.9265282 3.3730315
OS 2.9251532 3.3799441
OS 2.9212375 3.3858044
OS 2.9153772 3.3897201
OS 2.9084646 3.3910951
OE
OB 12.9330707 3.4485288 H
OS 12.923975 3.4473313
OS 12.9154991 3.4438205
OS 12.9082207 3.4382356
OS 12.9026358 3.4309572
OS 12.899125 3.4224813
OS 12.8979275 3.4133856
OS 12.899125 3.4042899
OS 12.9026358 3.395814
OS 12.9082207 3.3885356
OS 12.9154991 3.3829507
OS 12.923975 3.3794399
OS 12.9330707 3.3782424
OS 12.9421664 3.3794399
OS 12.9506423 3.3829507
OS 12.9579207 3.3885356
OS 12.9635056 3.395814
OS 12.9670164 3.4042899
OS 12.9682139 3.4133856
OS 12.9670164 3.4224813
OS 12.9635056 3.4309572
OS 12.9579207 3.4382356
OS 12.9506423 3.4438205
OS 12.9421664 3.4473313
OS 12.9330707 3.4485288
OE
OB 2.238 3.3920495 H
OS 2.2326235 3.39098
OS 2.2280655 3.3879345
OS 2.22502 3.3833765
OS 2.2239505 3.378
OS 2.22502 3.3726235
OS 2.2280655 3.3680655
OS 2.2326235 3.36502
OS 2.238 3.3639505
OS 2.2433765 3.36502
OS 2.2479345 3.3680655
OS 2.25098 3.3726235
OS 2.2520495 3.378
OS 2.25098 3.3833765
OS 2.2479345 3.3879345
OS 2.2433765 3.39098
OS 2.238 3.3920495
OE
OB 8.894685 3.4205456 H
OS 8.8893085 3.4194761
OS 8.8847505 3.4164306
OS 8.881705 3.4118726
OS 8.8806355 3.4064961
OS 8.881705 3.4011196
OS 8.8823526 3.4001504
OS 8.8814344 3.3948698
OS 8.8768765 3.3918243
OS 8.873831 3.3872663
OS 8.8727615 3.3818898
OS 8.873831 3.3765133
OS 8.8768765 3.3719553
OS 8.8814345 3.3689098
OS 8.886811 3.3678403
OS 8.8921875 3.3689098
OS 8.8967455 3.3719553
OS 8.899791 3.3765133
OS 8.9008605 3.3818898
OS 8.899791 3.3872663
OS 8.8991434 3.3882355
OS 8.9000616 3.3935161
OS 8.9046195 3.3965616
OS 8.907665 3.4011196
OS 8.9087345 3.4064961
OS 8.907665 3.4118726
OS 8.9046195 3.4164306
OS 8.9000615 3.4194761
OS 8.894685 3.4205456
OE
OB 8.1330709 3.4485291 H
OS 8.1239752 3.4473316
OS 8.1154993 3.4438208
OS 8.1082209 3.4382359
OS 8.102636 3.4309575
OS 8.0991252 3.4224816
OS 8.0979277 3.4133859
OS 8.0991252 3.4042902
OS 8.102636 3.3958143
OS 8.1082209 3.3885359
OS 8.1154993 3.382951
OS 8.1239752 3.3794402
OS 8.1330709 3.3782427
OS 8.1421666 3.3794402
OS 8.1506425 3.382951
OS 8.1579209 3.3885359
OS 8.1635058 3.3958143
OS 8.1670166 3.4042902
OS 8.1682141 3.4133859
OS 8.1670166 3.4224816
OS 8.1635058 3.4309575
OS 8.1579209 3.4382359
OS 8.1506425 3.4438208
OS 8.1421666 3.4473316
OS 8.1330709 3.4485291
OE
OB 11.7330707 3.4485291 H
OS 11.723975 3.4473316
OS 11.7154991 3.4438208
OS 11.7082207 3.4382359
OS 11.7026358 3.4309575
OS 11.699125 3.4224816
OS 11.6979275 3.4133859
OS 11.699125 3.4042902
OS 11.7026358 3.3958143
OS 11.7082207 3.3885359
OS 11.7154991 3.382951
OS 11.723975 3.3794402
OS 11.7330707 3.3782427
OS 11.7421664 3.3794402
OS 11.7506423 3.382951
OS 11.7579207 3.3885359
OS 11.7635056 3.3958143
OS 11.7670164 3.4042902
OS 11.7682139 3.4133859
OS 11.7670164 3.4224816
OS 11.7635056 3.4309575
OS 11.7579207 3.4382359
OS 11.7506423 3.4438208
OS 11.7421664 3.4473316
OS 11.7330707 3.4485291
OE
OB 0.8149606 3.4116873 H
OS 0.8095841 3.4106178
OS 0.8050261 3.4075723
OS 0.8019806 3.4030143
OS 0.8009111 3.3976378
OS 0.8019806 3.3922613
OS 0.8050261 3.3877033
OS 0.8095841 3.3846578
OS 0.8149606 3.3835883
OS 0.8203371 3.3846578
OS 0.8248951 3.3877033
OS 0.8279406 3.3922613
OS 0.8290101 3.3976378
OS 0.8279406 3.4030143
OS 0.8248951 3.4075723
OS 0.8203371 3.4106178
OS 0.8149606 3.4116873
OE
OB 9.3330707 3.4485291 H
OS 9.323975 3.4473316
OS 9.3154991 3.4438208
OS 9.3082207 3.4382359
OS 9.3026358 3.4309575
OS 9.299125 3.4224816
OS 9.2979275 3.4133859
OS 9.299125 3.4042902
OS 9.3026358 3.3958143
OS 9.3082207 3.3885359
OS 9.3154991 3.382951
OS 9.323975 3.3794402
OS 9.3330707 3.3782427
OS 9.3421664 3.3794402
OS 9.3506423 3.382951
OS 9.3579207 3.3885359
OS 9.3635056 3.3958143
OS 9.3670164 3.4042902
OS 9.3682139 3.4133859
OS 9.3670164 3.4224816
OS 9.3635056 3.4309575
OS 9.3579207 3.4382359
OS 9.3506423 3.4438208
OS 9.3421664 3.4473316
OS 9.3330707 3.4485291
OE
OB 10.5330707 3.4485291 H
OS 10.523975 3.4473316
OS 10.5154991 3.4438208
OS 10.5082207 3.4382359
OS 10.5026358 3.4309575
OS 10.499125 3.4224816
OS 10.4979275 3.4133859
OS 10.499125 3.4042902
OS 10.5026358 3.3958143
OS 10.5082207 3.3885359
OS 10.5154991 3.382951
OS 10.523975 3.3794402
OS 10.5330707 3.3782427
OS 10.5421664 3.3794402
OS 10.5506423 3.382951
OS 10.5579207 3.3885359
OS 10.5635056 3.3958143
OS 10.5670164 3.4042902
OS 10.5682139 3.4133859
OS 10.5670164 3.4224816
OS 10.5635056 3.4309575
OS 10.5579207 3.4382359
OS 10.5506423 3.4438208
OS 10.5421664 3.4473316
OS 10.5330707 3.4485291
OE
OB 2.4370079 3.3920023 H
OS 2.4316314 3.3909328
OS 2.4270734 3.3878873
OS 2.4240279 3.3833293
OS 2.4229584 3.3779528
OS 2.4240279 3.3725763
OS 2.4270734 3.3680183
OS 2.4316314 3.3649728
OS 2.4370079 3.3639033
OS 2.4423844 3.3649728
OS 2.4469424 3.3680183
OS 2.4499879 3.3725763
OS 2.4510574 3.3779528
OS 2.4499879 3.3833293
OS 2.4469424 3.3878873
OS 2.4423844 3.3909328
OS 2.4370079 3.3920023
OE
OB 1.1574803 3.3536935 H
OS 1.1505677 3.3523185
OS 1.1447074 3.3484028
OS 1.1407917 3.3425425
OS 1.1394167 3.3356299
OS 1.1407917 3.3287173
OS 1.1447074 3.322857
OS 1.1505677 3.3189413
OS 1.1574803 3.3175663
OS 1.1643929 3.3189413
OS 1.1702532 3.322857
OS 1.1741689 3.3287173
OS 1.1755439 3.3356299
OS 1.1741689 3.3425425
OS 1.1702532 3.3484028
OS 1.1643929 3.3523185
OS 1.1574803 3.3536935
OE
OB 1.4094488 3.3546778 H
OS 1.4025362 3.3533028
OS 1.3966759 3.3493871
OS 1.3927602 3.3435268
OS 1.3913852 3.3366142
OS 1.3927602 3.3297016
OS 1.3966759 3.3238413
OS 1.4025362 3.3199256
OS 1.4094488 3.3185506
OS 1.4163614 3.3199256
OS 1.4222217 3.3238413
OS 1.4261374 3.3297016
OS 1.4275124 3.3366142
OS 1.4261374 3.3435268
OS 1.4222217 3.3493871
OS 1.4163614 3.3533028
OS 1.4094488 3.3546778
OE
OB 1.3415354 3.3340085 H
OS 1.3346228 3.3326335
OS 1.3287625 3.3287178
OS 1.3248468 3.3228575
OS 1.3234718 3.3159449
OS 1.3248468 3.3090323
OS 1.3287625 3.303172
OS 1.3346228 3.2992563
OS 1.3415354 3.2978813
OS 1.348448 3.2992563
OS 1.3543083 3.303172
OS 1.358224 3.3090323
OS 1.359599 3.3159449
OS 1.358224 3.3228575
OS 1.3543083 3.3287178
OS 1.348448 3.3326335
OS 1.3415354 3.3340085
OE
OB 2.5372658 3.3313153 H
OS 2.5318893 3.3302458
OS 2.5273313 3.3272003
OS 2.5242858 3.3226423
OS 2.5232163 3.3172658
OS 2.5242858 3.3118893
OS 2.5273313 3.3073313
OS 2.5318893 3.3042858
OS 2.5372658 3.3032163
OS 2.5426423 3.3042858
OS 2.5472003 3.3073313
OS 2.5502458 3.3118893
OS 2.5513153 3.3172658
OS 2.5502458 3.3226423
OS 2.5472003 3.3272003
OS 2.5426423 3.3302458
OS 2.5372658 3.3313153
OE
OB 8.886811 3.3477109 H
OS 8.8814345 3.3466414
OS 8.8768765 3.3435959
OS 8.873831 3.3390379
OS 8.8727615 3.3336614
OS 8.873831 3.3282849
OS 8.8768765 3.3237269
OS 8.8814345 3.3206814
OS 8.886811 3.3196119
OS 8.8921875 3.3206814
OS 8.8967455 3.3237269
OS 8.899791 3.3282849
OS 8.9008605 3.3336614
OS 8.899791 3.3390379
OS 8.8967455 3.3435959
OS 8.8921875 3.3466414
OS 8.886811 3.3477109
OE
OB 8.5718504 3.3939708 H
OS 8.5664739 3.3929013
OS 8.5619159 3.3898558
OS 8.5588704 3.3852978
OS 8.5578009 3.3799213
OS 8.5588704 3.3745448
OS 8.5619159 3.3699868
OS 8.5664739 3.3669413
OS 8.5693823 3.3663628
OS 8.5718502 3.3658716
OS 8.5725009 3.3610326
OS 8.5694266 3.3604209
OS 8.5648686 3.3573754
OS 8.5618231 3.3528174
OS 8.5607536 3.3474409
OS 8.5618231 3.3420644
OS 8.5648686 3.3375064
OS 8.5694266 3.3344609
OS 8.5748031 3.3333914
OS 8.5801796 3.3344609
OS 8.5847376 3.3375064
OS 8.5877831 3.3420644
OS 8.5888526 3.3474409
OS 8.5877831 3.3528174
OS 8.5847376 3.3573754
OS 8.5801796 3.3604209
OS 8.5772712 3.3609994
OS 8.5748033 3.3614906
OS 8.5741526 3.3663296
OS 8.5772269 3.3669413
OS 8.5817849 3.3699868
OS 8.5848304 3.3745448
OS 8.5858999 3.3799213
OS 8.5848304 3.3852978
OS 8.5817849 3.3898558
OS 8.5772269 3.3929013
OS 8.5718504 3.3939708
OE
OB 0.7864173 3.3841282 H
OS 0.7810408 3.3830587
OS 0.7764828 3.3800132
OS 0.7734373 3.3754552
OS 0.7723678 3.3700787
OS 0.7734373 3.3647022
OS 0.7764828 3.3601442
OS 0.7810408 3.3570987
OS 0.7864173 3.3560292
OS 0.7917938 3.3570987
OS 0.7963518 3.3601442
OS 0.7993973 3.3647022
OS 0.8004668 3.3700787
OS 0.7993973 3.3754552
OS 0.7963518 3.3800132
OS 0.7917938 3.3830587
OS 0.7864173 3.3841282
OE
OB 0.2952756 3.3645203 H
OS 0.288363 3.3631453
OS 0.2825027 3.3592296
OS 0.278587 3.3533693
OS 0.277212 3.3464567
OS 0.278587 3.3395441
OS 0.2825027 3.3336838
OS 0.288363 3.3297681
OS 0.2952756 3.3283931
OS 0.3021882 3.3297681
OS 0.3080485 3.3336838
OS 0.3119642 3.3395441
OS 0.3133392 3.3464567
OS 0.3119642 3.3533693
OS 0.3080485 3.3592296
OS 0.3021882 3.3631453
OS 0.2952756 3.3645203
OE
OB 0.8740157 3.3605062 H
OS 0.8686392 3.3594367
OS 0.8640812 3.3563912
OS 0.8610357 3.3518332
OS 0.8599662 3.3464567
OS 0.8610357 3.3410802
OS 0.8640812 3.3365222
OS 0.8686392 3.3334767
OS 0.8740157 3.3324072
OS 0.8793922 3.3334767
OS 0.8839502 3.3365222
OS 0.8869957 3.3410802
OS 0.8880652 3.3464567
OS 0.8869957 3.3518332
OS 0.8839502 3.3563912
OS 0.8793922 3.3594367
OS 0.8740157 3.3605062
OE
OB 2.6338583 3.3920023 H
OS 2.6284818 3.3909328
OS 2.6240157 3.3879487
OS 2.6195496 3.3909328
OS 2.6141731 3.3920023
OS 2.6087966 3.3909328
OS 2.6043306 3.3879488
OS 2.5998647 3.3909328
OS 2.5944882 3.3920023
OS 2.5891117 3.3909328
OS 2.5846456 3.3879487
OS 2.5801796 3.3909328
OS 2.5748031 3.3920023
OS 2.5694266 3.3909328
OS 2.5649606 3.3879488
OS 2.5604946 3.3909328
OS 2.5551181 3.3920023
OS 2.5497416 3.3909328
OS 2.5452756 3.3879488
OS 2.5408096 3.3909328
OS 2.5354331 3.3920023
OS 2.5300566 3.3909328
OS 2.5255906 3.3879487
OS 2.5211245 3.3909328
OS 2.515748 3.3920023
OS 2.5103715 3.3909328
OS 2.5059055 3.3879488
OS 2.5014395 3.3909328
OS 2.496063 3.3920023
OS 2.4906865 3.3909328
OS 2.4862205 3.3879488
OS 2.4817545 3.3909328
OS 2.476378 3.3920023
OS 2.4710015 3.3909328
OS 2.4664435 3.3878873
OS 2.463398 3.3833293
OS 2.4623285 3.3779528
OS 2.463398 3.3725763
OS 2.4664435 3.3680183
OS 2.4710015 3.3649728
OS 2.476378 3.3639033
OS 2.4817545 3.3649728
OS 2.4862205 3.3679568
OS 2.4906865 3.3649728
OS 2.496063 3.3639033
OS 2.5014395 3.3649728
OS 2.5059055 3.3679568
OS 2.5103715 3.3649728
OS 2.515748 3.3639033
OS 2.5211245 3.3649728
OS 2.5255906 3.3679569
OS 2.5300566 3.3649728
OS 2.5354331 3.3639033
OS 2.5408096 3.3649728
OS 2.5452756 3.3679568
OS 2.5497416 3.3649728
OS 2.5551181 3.3639033
OS 2.5604946 3.3649728
OS 2.5649606 3.3679568
OS 2.5694266 3.3649728
OS 2.5748031 3.3639033
OS 2.5801796 3.3649728
OS 2.5846456 3.3679569
OS 2.5891117 3.3649728
OS 2.5944882 3.3639033
OS 2.5998647 3.3649728
OS 2.6043306 3.3679568
OS 2.6087966 3.3649728
OS 2.6141731 3.3639033
OS 2.6195496 3.3649728
OS 2.6240157 3.3679569
OS 2.6284818 3.3649728
OS 2.6338583 3.3639033
OS 2.6392348 3.3649728
OS 2.6437928 3.3680183
OS 2.6468383 3.3725763
OS 2.6479078 3.3779528
OS 2.6468383 3.3833293
OS 2.6437928 3.3878873
OS 2.6392348 3.3909328
OS 2.6338583 3.3920023
OE
OB 2.382 3.4560495 H
OS 2.3766235 3.45498
OS 2.3720655 3.4519345
OS 2.36902 3.4473765
OS 2.3679505 3.442
OS 2.36902 3.4366235
OS 2.3720655 3.4320655
OS 2.3766235 3.42902
OS 2.382 3.4279505
OS 2.3873765 3.42902
OS 2.3919345 3.4320655
OS 2.39498 3.4366235
OS 2.3960495 3.442
OS 2.39498 3.4473765
OS 2.3919345 3.4519345
OS 2.3873765 3.45498
OS 2.382 3.4560495
OE
OB 1.7253937 3.4608999 H
OS 1.7200172 3.4598304
OS 1.7154592 3.4567849
OS 1.7124137 3.4522269
OS 1.7113442 3.4468504
OS 1.7124137 3.4414739
OS 1.7154592 3.4369159
OS 1.7200172 3.4338704
OS 1.7253937 3.4328009
OS 1.7307702 3.4338704
OS 1.7353282 3.4369159
OS 1.7383737 3.4414739
OS 1.7394432 3.4468504
OS 1.7383737 3.4522269
OS 1.7353282 3.4567849
OS 1.7307702 3.4598304
OS 1.7253937 3.4608999
OE
OB 8.8818898 3.4825534 H
OS 8.8765133 3.4814839
OS 8.8719553 3.4784384
OS 8.8689098 3.4738804
OS 8.8678403 3.4685039
OS 8.8689098 3.4631274
OS 8.8715297 3.4592063
OS 8.8708785 3.4554758
OS 8.8702571 3.4536906
OS 8.8660498 3.4508794
OS 8.8630043 3.4463214
OS 8.8619348 3.4409449
OS 8.8630043 3.4355684
OS 8.8660498 3.4310104
OS 8.8706078 3.4279649
OS 8.8759843 3.4268954
OS 8.8813608 3.4279649
OS 8.8859188 3.4310104
OS 8.8889643 3.4355684
OS 8.8900338 3.4409449
OS 8.8889643 3.4463214
OS 8.8863444 3.4502425
OS 8.8869956 3.453973
OS 8.887617 3.4557582
OS 8.8918243 3.4585694
OS 8.8948698 3.4631274
OS 8.8959393 3.4685039
OS 8.8948698 3.4738804
OS 8.8918243 3.4784384
OS 8.8872663 3.4814839
OS 8.8818898 3.4825534
OE
OB 2.415 3.4550495 H
OS 2.4096235 3.45398
OS 2.4050655 3.4509345
OS 2.40202 3.4463765
OS 2.4009505 3.441
OS 2.40202 3.4356235
OS 2.4050655 3.4310655
OS 2.4096235 3.42802
OS 2.415 3.4269505
OS 2.4203765 3.42802
OS 2.4249345 3.4310655
OS 2.42798 3.4356235
OS 2.4290495 3.441
OS 2.42798 3.4463765
OS 2.4249345 3.4509345
OS 2.4203765 3.45398
OS 2.415 3.4550495
OE
OB 2.485 3.4640495 H
OS 2.4796235 3.46298
OS 2.4750655 3.4599345
OS 2.47202 3.4553765
OS 2.4709505 3.45
OS 2.47202 3.4446235
OS 2.4750655 3.4400655
OS 2.4796235 3.43702
OS 2.485 3.4359505
OS 2.4903765 3.43702
OS 2.4949345 3.4400655
OS 2.49798 3.4446235
OS 2.4990495 3.45
OS 2.49798 3.4553765
OS 2.4949345 3.4599345
OS 2.4903765 3.46298
OS 2.485 3.4640495
OE
OB 0.7401575 3.4825534 H
OS 0.734781 3.4814839
OS 0.730223 3.4784384
OS 0.7271775 3.4738804
OS 0.726108 3.4685039
OS 0.7271775 3.4631274
OS 0.730223 3.4585694
OS 0.734781 3.4555239
OS 0.7401575 3.4544544
OS 0.745534 3.4555239
OS 0.750092 3.4585694
OS 0.7531375 3.4631274
OS 0.754207 3.4685039
OS 0.7531375 3.4738804
OS 0.750092 3.4784384
OS 0.745534 3.4814839
OS 0.7401575 3.4825534
OE
OB 0.94488 3.4904205 H
OS 0.9395035 3.489351
OS 0.9349455 3.4863055
OS 0.9319 3.4817475
OS 0.9308305 3.476371
OS 0.9319 3.4709945
OS 0.9349455 3.4664365
OS 0.9395035 3.463391
OS 0.94488 3.4623215
OS 0.9502565 3.463391
OS 0.9548145 3.4664365
OS 0.95786 3.4709945
OS 0.9589295 3.476371
OS 0.95786 3.4817475
OS 0.9548145 3.4863055
OS 0.9502565 3.489351
OS 0.94488 3.4904205
OE
OB 0.8540778 3.4867433 H
OS 0.8487013 3.4856738
OS 0.8441433 3.4826283
OS 0.8410978 3.4780703
OS 0.8400283 3.4726938
OS 0.8410978 3.4673174
OS 0.8376681 3.4634503
OS 0.8365205 3.4626835
OS 0.833475 3.4581255
OS 0.8324055 3.452749
OS 0.833475 3.4473725
OS 0.8365205 3.4428145
OS 0.8410785 3.439769
OS 0.846455 3.4386995
OS 0.8518315 3.439769
OS 0.8563895 3.4428145
OS 0.859435 3.4473725
OS 0.8605045 3.452749
OS 0.859435 3.4581254
OS 0.8628647 3.4619925
OS 0.8640123 3.4627593
OS 0.8670578 3.4673173
OS 0.8681273 3.4726938
OS 0.8670578 3.4780703
OS 0.8640123 3.4826283
OS 0.8594543 3.4856738
OS 0.8540778 3.4867433
OE
OB 2.968 3.4480495 H
OS 2.9626235 3.44698
OS 2.9621323 3.4466518
OS 2.958 3.443977
OS 2.9538677 3.4466518
OS 2.9533765 3.44698
OS 2.948 3.4480495
OS 2.9426235 3.44698
OS 2.9380655 3.4439345
OS 2.93502 3.4393765
OS 2.9339505 3.434
OS 2.93502 3.4286235
OS 2.9380655 3.4240655
OS 2.9426235 3.42102
OS 2.948 3.4199505
OS 2.9533765 3.42102
OS 2.9538677 3.4213482
OS 2.958 3.424023
OS 2.9621323 3.4213482
OS 2.9626235 3.42102
OS 2.968 3.4199505
OS 2.9733765 3.42102
OS 2.9779345 3.4240655
OS 2.98098 3.4286235
OS 2.9820495 3.434
OS 2.98098 3.4393765
OS 2.9779345 3.4439345
OS 2.9733765 3.44698
OS 2.968 3.4480495
OE
OB 2.18 3.4480495 H
OS 2.1746235 3.44698
OS 2.1700655 3.4439345
OS 2.16702 3.4393765
OS 2.1659505 3.434
OS 2.16702 3.4286235
OS 2.1700655 3.4240655
OS 2.1746235 3.42102
OS 2.18 3.4199505
OS 2.1853765 3.42102
OS 2.1899345 3.4240655
OS 2.19298 3.4286235
OS 2.1940495 3.434
OS 2.19298 3.4393765
OS 2.1899345 3.4439345
OS 2.1853765 3.44698
OS 2.18 3.4480495
OE
OB 8.5748031 3.5091282 H
OS 8.5694266 3.5080587
OS 8.5648686 3.5050132
OS 8.5618231 3.5004552
OS 8.5607536 3.4950787
OS 8.5618231 3.4897022
OS 8.5648686 3.4851442
OS 8.5649893 3.4850635
OS 8.565132 3.4846249
OS 8.5646468 3.4792789
OS 8.5619159 3.4774542
OS 8.5588704 3.4728962
OS 8.5578009 3.4675197
OS 8.5588704 3.4621432
OS 8.5619159 3.4575853
OS 8.5612053 3.4520465
OS 8.5609316 3.4518636
OS 8.5578861 3.4473056
OS 8.5568166 3.4419291
OS 8.5578861 3.4365526
OS 8.5597366 3.4337831
OS 8.5619159 3.4292257
OS 8.5588704 3.4246678
OS 8.5578009 3.4192913
OS 8.5588704 3.4139148
OS 8.5619159 3.4093568
OS 8.5664739 3.4063113
OS 8.5718504 3.4052418
OS 8.5772269 3.4063113
OS 8.5817849 3.4093568
OS 8.5848304 3.4139148
OS 8.5858999 3.4192913
OS 8.5848304 3.4246678
OS 8.5817849 3.4292257
OS 8.5826032 3.4346925
OS 8.5838461 3.4365526
OS 8.5849156 3.4419291
OS 8.5838461 3.4473056
OS 8.5808006 3.4518635
OS 8.5815112 3.4574023
OS 8.5817849 3.4575852
OS 8.5848304 3.4621432
OS 8.5858999 3.4675197
OS 8.5848304 3.4728962
OS 8.5817849 3.4774542
OS 8.5816642 3.4775349
OS 8.5815215 3.4779735
OS 8.5820067 3.4833195
OS 8.5847376 3.4851442
OS 8.5877831 3.4897022
OS 8.5888526 3.4950787
OS 8.5877831 3.5004552
OS 8.5847376 3.5050132
OS 8.5801796 3.5080587
OS 8.5748031 3.5091282
OE
OB 8.830691 3.4392395 H
OS 8.8253145 3.43817
OS 8.8207565 3.4351245
OS 8.817711 3.4305665
OS 8.8166415 3.42519
OS 8.817711 3.4198135
OS 8.8207565 3.4152555
OS 8.8253145 3.41221
OS 8.830691 3.4111405
OS 8.8360675 3.41221
OS 8.8406255 3.4152555
OS 8.843671 3.4198135
OS 8.8447405 3.42519
OS 8.843671 3.4305665
OS 8.8406255 3.4351245
OS 8.8360675 3.43817
OS 8.830691 3.4392395
OE
OB 2.3779528 3.3920023 H
OS 2.3725763 3.3909328
OS 2.3681102 3.3879487
OS 2.3636442 3.3909328
OS 2.3582677 3.3920023
OS 2.3528912 3.3909328
OS 2.3484252 3.3879488
OS 2.3439592 3.3909328
OS 2.3385827 3.3920023
OS 2.3332062 3.3909328
OS 2.3287402 3.3879487
OS 2.3242741 3.3909328
OS 2.3188976 3.3920023
OS 2.3135211 3.3909328
OS 2.3090551 3.3879488
OS 2.3045891 3.3909328
OS 2.2992126 3.3920023
OS 2.2938361 3.3909328
OS 2.2892781 3.3878873
OS 2.2862326 3.3833293
OS 2.2851631 3.3779528
OS 2.2862326 3.3725763
OS 2.2892781 3.3680183
OS 2.2938361 3.3649728
OS 2.2992126 3.3639033
OS 2.3045891 3.3649728
OS 2.3090551 3.3679568
OS 2.3135211 3.3649728
OS 2.3188976 3.3639033
OS 2.3242741 3.3649728
OS 2.3287402 3.3679569
OS 2.3332062 3.3649728
OS 2.3385827 3.3639033
OS 2.3439592 3.3649728
OS 2.3484252 3.3679568
OS 2.3528912 3.3649728
OS 2.3582677 3.3639033
OS 2.3636442 3.3649728
OS 2.3681102 3.3679569
OS 2.3725763 3.3649728
OS 2.3779528 3.3639033
OS 2.3833293 3.3649728
OS 2.3878873 3.3680183
OS 2.3909328 3.3725763
OS 2.3920023 3.3779528
OS 2.3909328 3.3833293
OS 2.3878873 3.3878873
OS 2.3833293 3.3909328
OS 2.3779528 3.3920023
OE
OB 0.6535433 3.4353864 H
OS 0.6466307 3.4340114
OS 0.6407704 3.4300957
OS 0.6368547 3.4242354
OS 0.6354797 3.4173228
OS 0.6368547 3.4104102
OS 0.6407704 3.4045499
OS 0.6409721 3.4044151
OS 0.6390212 3.3997052
OS 0.6378705 3.3999341
OS 0.6309579 3.3985591
OS 0.6250976 3.3946434
OS 0.6211819 3.3887831
OS 0.6198069 3.3818705
OS 0.6211819 3.3749579
OS 0.6250976 3.3690976
OS 0.6309579 3.3651819
OS 0.6378705 3.3638069
OS 0.6447831 3.3651819
OS 0.6506434 3.3690976
OS 0.6545591 3.3749579
OS 0.6559341 3.3818705
OS 0.6545591 3.3887831
OS 0.6506434 3.3946434
OS 0.6504417 3.3947782
OS 0.6523926 3.3994881
OS 0.6535433 3.3992592
OS 0.6604559 3.4006342
OS 0.6663162 3.4045499
OS 0.6702319 3.4104102
OS 0.6716069 3.4173228
OS 0.6702319 3.4242354
OS 0.6663162 3.4300957
OS 0.6604559 3.4340114
OS 0.6535433 3.4353864
OE
OB 1.53 3.4480495 H
OS 1.5246235 3.44698
OS 1.5200655 3.4439345
OS 1.51702 3.4393765
OS 1.5159505 3.434
OS 1.51702 3.4286235
OS 1.5200655 3.4240655
OS 1.5246235 3.42102
OS 1.53 3.4199505
OS 1.5353765 3.42102
OS 1.5399345 3.4240655
OS 1.54298 3.4286235
OS 1.5440495 3.434
OS 1.54298 3.4393765
OS 1.5399345 3.4439345
OS 1.5353765 3.44698
OS 1.53 3.4480495
OE
OB 1.825 3.4480495 H
OS 1.8196235 3.44698
OS 1.8150655 3.4439345
OS 1.81202 3.4393765
OS 1.8109505 3.434
OS 1.81202 3.4286235
OS 1.8150655 3.4240655
OS 1.8196235 3.42102
OS 1.825 3.4199505
OS 1.8303765 3.42102
OS 1.8349345 3.4240655
OS 1.83798 3.4286235
OS 1.8390495 3.434
OS 1.83798 3.4393765
OS 1.8349345 3.4439345
OS 1.8303765 3.44698
OS 1.825 3.4480495
OE
OB 1.976378 3.4549944 H
OS 1.9710015 3.4539249
OS 1.9664435 3.4508794
OS 1.963398 3.4463214
OS 1.9623285 3.4409449
OS 1.963398 3.4355684
OS 1.9664435 3.4310104
OS 1.9710015 3.4279649
OS 1.976378 3.4268954
OS 1.9817545 3.4279649
OS 1.984666 3.4299103
OS 1.9894876 3.4287514
OS 1.9903395 3.4281454
OS 1.9930655 3.4240655
OS 1.9976235 3.42102
OS 2.003 3.4199505
OS 2.0083765 3.42102
OS 2.0129345 3.4240655
OS 2.01598 3.4286235
OS 2.0170495 3.434
OS 2.01598 3.4393765
OS 2.0129345 3.4439345
OS 2.0083765 3.44698
OS 2.003 3.4480495
OS 1.9976235 3.44698
OS 1.994712 3.4450346
OS 1.9898904 3.4461935
OS 1.9890385 3.4467995
OS 1.9863125 3.4508794
OS 1.9817545 3.4539249
OS 1.976378 3.4549944
OE
OB 1.589 3.4480495 H
OS 1.5836235 3.44698
OS 1.5790655 3.4439345
OS 1.57602 3.4393765
OS 1.5749505 3.434
OS 1.57602 3.4286235
OS 1.5790655 3.4240655
OS 1.5836235 3.42102
OS 1.589 3.4199505
OS 1.5943765 3.42102
OS 1.5989345 3.4240655
OS 1.60198 3.4286235
OS 1.6030495 3.434
OS 1.60198 3.4393765
OS 1.5989345 3.4439345
OS 1.5943765 3.44698
OS 1.589 3.4480495
OE
OB 1.766 3.4480495 H
OS 1.7606235 3.44698
OS 1.7560655 3.4439345
OS 1.75302 3.4393765
OS 1.7519505 3.434
OS 1.75302 3.4286235
OS 1.7560655 3.4240655
OS 1.7606235 3.42102
OS 1.766 3.4199505
OS 1.7713765 3.42102
OS 1.7759345 3.4240655
OS 1.77898 3.4286235
OS 1.7800495 3.434
OS 1.77898 3.4393765
OS 1.7759345 3.4439345
OS 1.7713765 3.44698
OS 1.766 3.4480495
OE
OB 1.2273622 3.3340085 H
OS 1.2204496 3.3326335
OS 1.2145893 3.3287178
OS 1.2106736 3.3228575
OS 1.2092986 3.3159449
OS 1.2106736 3.3090323
OS 1.2145893 3.303172
OS 1.2204496 3.2992563
OS 1.2273622 3.2978813
OS 1.2342748 3.2992563
OS 1.2401351 3.303172
OS 1.2440508 3.3090323
OS 1.2454258 3.3159449
OS 1.2440508 3.3228575
OS 1.2401351 3.3287178
OS 1.2342748 3.3326335
OS 1.2273622 3.3340085
OE
OB 2.2992126 3.2069629 H
OS 2.2938361 3.2058934
OS 2.2892781 3.2028479
OS 2.2862326 3.1982899
OS 2.2851631 3.1929134
OS 2.2862326 3.1875369
OS 2.2892781 3.1829789
OS 2.2938361 3.1799334
OS 2.2992126 3.1788639
OS 2.3045891 3.1799334
OS 2.3091471 3.1829789
OS 2.3121926 3.1875369
OS 2.3132621 3.1929134
OS 2.3121926 3.1982899
OS 2.3091471 3.2028479
OS 2.3045891 3.2058934
OS 2.2992126 3.2069629
OE
OB 1.6300393 3.2090495 H
OS 1.6246628 3.20798
OS 1.6201048 3.2049345
OS 1.6170593 3.2003765
OS 1.6159898 3.195
OS 1.6170593 3.1896235
OS 1.6201048 3.1850655
OS 1.6246628 3.18202
OS 1.6300393 3.1809505
OS 1.6354158 3.18202
OS 1.6399738 3.1850655
OS 1.6430193 3.1896235
OS 1.6440888 3.195
OS 1.6430193 3.2003765
OS 1.6399738 3.2049345
OS 1.6354158 3.20798
OS 1.6300393 3.2090495
OE
OB 0.4133858 3.1557818 H
OS 0.4080093 3.1547123
OS 0.4034513 3.1516668
OS 0.4004058 3.1471088
OS 0.3993363 3.1417323
OS 0.4004058 3.1363558
OS 0.4034513 3.1317978
OS 0.4080093 3.1287523
OS 0.4133858 3.1276828
OS 0.4187623 3.1287523
OS 0.4233203 3.1317978
OS 0.4263658 3.1363558
OS 0.4274353 3.1417323
OS 0.4263658 3.1471088
OS 0.4233203 3.1516668
OS 0.4187623 3.1547123
OS 0.4133858 3.1557818
OE
OB 2.0826771 3.1303069 H
OS 2.0807381 3.1299212
OS 2.0649311 3.1299212
OS 2.0629921 3.1303069
OS 2.0553114 3.1287791
OS 2.0488 3.1244283
OS 2.0462959 3.1206806
OS 2.042501 3.1232162
OS 2.0371245 3.1242857
OS 2.031748 3.1232162
OS 2.02719 3.1201707
OS 2.0241445 3.1156127
OS 2.023075 3.1102362
OS 2.0241445 3.1048597
OS 2.02719 3.1003017
OS 2.031748 3.0972562
OS 2.0371245 3.0961867
OS 2.042501 3.0972562
OS 2.0462959 3.0997918
OS 2.0488 3.0960441
OS 2.0553114 3.0916933
OS 2.0629921 3.0901655
OS 2.0649311 3.0905512
OS 2.0807381 3.0905512
OS 2.0826771 3.0901655
OS 2.0903578 3.0916933
OS 2.0968692 3.0960441
OS 2.099356 3.0997658
OS 2.103112 3.0972562
OS 2.1084885 3.0961867
OS 2.113865 3.0972562
OS 2.118423 3.1003017
OS 2.1214685 3.1048597
OS 2.122538 3.1102362
OS 2.1214685 3.1156127
OS 2.118423 3.1201707
OS 2.113865 3.1232162
OS 2.1084885 3.1242857
OS 2.103112 3.1232162
OS 2.099356 3.1207066
OS 2.0968692 3.1244283
OS 2.0903578 3.1287791
OS 2.0826771 3.1303069
OE
OB 1.747 3.2090495 H
OS 1.7416235 3.20798
OS 1.7370655 3.2049345
OS 1.73402 3.2003765
OS 1.7329505 3.195
OS 1.73402 3.1896235
OS 1.7370655 3.1850655
OS 1.7416235 3.18202
OS 1.747 3.1809505
OS 1.7523765 3.18202
OS 1.7569345 3.1850655
OS 1.75998 3.1896235
OS 1.7610495 3.195
OS 1.75998 3.2003765
OS 1.7569345 3.2049345
OS 1.7523765 3.20798
OS 1.747 3.2090495
OE
OB 1.983 3.2090495 H
OS 1.9776235 3.20798
OS 1.9730655 3.2049345
OS 1.97002 3.2003765
OS 1.9689505 3.195
OS 1.97002 3.1896235
OS 1.9730655 3.1850655
OS 1.9776235 3.18202
OS 1.983 3.1809505
OS 1.9883765 3.18202
OS 1.9929345 3.1850655
OS 1.99598 3.1896235
OS 1.9970495 3.195
OS 1.99598 3.2003765
OS 1.9929345 3.2049345
OS 1.9883765 3.20798
OS 1.983 3.2090495
OE
OB 2.16 3.2090495 H
OS 2.1546235 3.20798
OS 2.1500655 3.2049345
OS 2.14702 3.2003765
OS 2.1459505 3.195
OS 2.14702 3.1896235
OS 2.1500655 3.1850655
OS 2.1546235 3.18202
OS 2.16 3.1809505
OS 2.1653765 3.18202
OS 2.1699345 3.1850655
OS 2.17298 3.1896235
OS 2.1740495 3.195
OS 2.17298 3.2003765
OS 2.1699345 3.2049345
OS 2.1653765 3.20798
OS 2.16 3.2090495
OE
OB 1.865 3.2090495 H
OS 1.8596235 3.20798
OS 1.8550655 3.2049345
OS 1.85202 3.2003765
OS 1.8509505 3.195
OS 1.85202 3.1896235
OS 1.8550655 3.1850655
OS 1.8596235 3.18202
OS 1.865 3.1809505
OS 1.8703765 3.18202
OS 1.8749345 3.1850655
OS 1.87798 3.1896235
OS 1.8790495 3.195
OS 1.87798 3.2003765
OS 1.8749345 3.2049345
OS 1.8703765 3.20798
OS 1.865 3.2090495
OE
OB 1.924 3.2090495 H
OS 1.9186235 3.20798
OS 1.9140655 3.2049345
OS 1.91102 3.2003765
OS 1.9099505 3.195
OS 1.91102 3.1896235
OS 1.9140655 3.1850655
OS 1.9186235 3.18202
OS 1.924 3.1809505
OS 1.9293765 3.18202
OS 1.9339345 3.1850655
OS 1.93698 3.1896235
OS 1.9380495 3.195
OS 1.93698 3.2003765
OS 1.9339345 3.2049345
OS 1.9293765 3.20798
OS 1.924 3.2090495
OE
OB 0.448818 3.1557755 H
OS 0.4434415 3.154706
OS 0.4388835 3.1516605
OS 0.435838 3.1471025
OS 0.4347685 3.141726
OS 0.435838 3.1363495
OS 0.4388835 3.1317915
OS 0.4434415 3.128746
OS 0.448818 3.1276765
OS 0.4541945 3.128746
OS 0.4587525 3.1317915
OS 0.461798 3.1363495
OS 0.4628675 3.141726
OS 0.461798 3.1471025
OS 0.4587525 3.1516605
OS 0.4541945 3.154706
OS 0.448818 3.1557755
OE
OB 0.1141732 3.0849156 H
OS 0.1087967 3.0838461
OS 0.1042387 3.0808006
OS 0.1011932 3.0762426
OS 0.1001237 3.0708661
OS 0.1011932 3.0654896
OS 0.1042387 3.0609316
OS 0.1087967 3.0578861
OS 0.1141732 3.0568166
OS 0.1195497 3.0578861
OS 0.1241077 3.0609316
OS 0.1271532 3.0654896
OS 0.1282227 3.0708661
OS 0.1271532 3.0762426
OS 0.1241077 3.0808006
OS 0.1195497 3.0838461
OS 0.1141732 3.0849156
OE
OB 0.7559055 3.1992431 H
OS 0.7474567 3.1975625
OS 0.7402942 3.1927767
OS 0.7355084 3.1856142
OS 0.7338278 3.1771654
OS 0.7338278 3.0878851
OS 0.7145023 3.0685596
OS 0.7087929 3.0699213
OS 0.7067849 3.0729266
OS 0.7022269 3.0759721
OS 0.6968504 3.0770416
OS 0.6914739 3.0759721
OS 0.6869159 3.0729266
OS 0.6838704 3.0683686
OS 0.6828009 3.0629921
OS 0.6838704 3.0576156
OS 0.6869159 3.0530576
OS 0.6914739 3.0500121
OS 0.6918497 3.0499373
OS 0.6961382 3.0478188
OS 0.6954792 3.0445054
OS 0.6944577 3.0393701
OS 0.695956 3.0318377
OS 0.6937042 3.0295329
OS 0.6919083 3.0285083
OS 0.6850394 3.0298746
OS 0.6781268 3.0284996
OS 0.6722665 3.0245839
OS 0.6683508 3.0187236
OS 0.6669758 3.011811
OS 0.6683508 3.0048984
OS 0.6722665 2.9990381
OS 0.6781268 2.9951224
OS 0.6850394 2.9937474
OS 0.691952 2.9951224
OS 0.6978123 2.9990381
OS 0.701728 3.0048984
OS 0.703103 3.011811
OS 0.7020756 3.0169759
OS 0.7063351 3.0201434
OS 0.7080867 3.018973
OS 0.7165354 3.0172924
OS 0.7249841 3.018973
OS 0.7321467 3.0237588
OS 0.7715168 3.0631289
OS 0.7763026 3.0702914
OS 0.7779832 3.0787402
OS 0.7779832 3.1771654
OS 0.7763026 3.1856142
OS 0.7715168 3.1927767
OS 0.7643543 3.1975625
OS 0.7559055 3.1992431
OE
OB 1.2271775 3.0550495 H
OS 1.221801 3.05398
OS 1.217243 3.0509345
OS 1.2141975 3.0463765
OS 1.213128 3.041
OS 1.2141975 3.0356235
OS 1.217243 3.0310655
OS 1.221801 3.02802
OS 1.2271775 3.0269505
OS 1.232554 3.02802
OS 1.237112 3.0310655
OS 1.2401575 3.0356235
OS 1.241227 3.041
OS 1.2401575 3.0463765
OS 1.237112 3.0509345
OS 1.232554 3.05398
OS 1.2271775 3.0550495
OE
OB 1.404 3.0550495 H
OS 1.3986235 3.05398
OS 1.3940655 3.0509345
OS 1.39102 3.0463765
OS 1.3899505 3.041
OS 1.39102 3.0356235
OS 1.3940655 3.0310655
OS 1.3986235 3.02802
OS 1.404 3.0269505
OS 1.4093765 3.02802
OS 1.4139345 3.0310655
OS 1.41698 3.0356235
OS 1.4180495 3.041
OS 1.41698 3.0463765
OS 1.4139345 3.0509345
OS 1.4093765 3.05398
OS 1.404 3.0550495
OE
OB 0.515747 3.0967205 H
OS 0.5103705 3.095651
OS 0.5058125 3.0926055
OS 0.502767 3.0880475
OS 0.5016975 3.082671
OS 0.502767 3.0772945
OS 0.5058125 3.0727365
OS 0.5103705 3.069691
OS 0.515747 3.0686215
OS 0.5211235 3.069691
OS 0.5256815 3.0727365
OS 0.528727 3.0772945
OS 0.5297965 3.082671
OS 0.528727 3.0880475
OS 0.5256815 3.0926055
OS 0.5211235 3.095651
OS 0.515747 3.0967205
OE
OB 2.614 3.1350495 H
OS 2.6086235 3.13398
OS 2.6040655 3.1309345
OS 2.60102 3.1263765
OS 2.5999505 3.121
OS 2.60102 3.1156235
OS 2.6040655 3.1110655
OS 2.6086235 3.10802
OS 2.614 3.1069505
OS 2.6193765 3.10802
OS 2.6239345 3.1110655
OS 2.62698 3.1156235
OS 2.6280495 3.121
OS 2.62698 3.1263765
OS 2.6239345 3.1309345
OS 2.6193765 3.13398
OS 2.614 3.1350495
OE
OB 0.3622047 3.1400338 H
OS 0.3568282 3.1389643
OS 0.3522702 3.1359188
OS 0.3492247 3.1313608
OS 0.3481552 3.1259843
OS 0.3484987 3.1242574
OS 0.3442466 3.1200052
OS 0.3425197 3.1203487
OS 0.3371432 3.1192792
OS 0.3325852 3.1162337
OS 0.3295397 3.1116757
OS 0.3284702 3.1062992
OS 0.3288137 3.1045723
OS 0.3245615 3.1003202
OS 0.3228346 3.1006637
OS 0.3211078 3.1003202
OS 0.3168556 3.1045724
OS 0.3171991 3.1062992
OS 0.3161296 3.1116757
OS 0.3130841 3.1162337
OS 0.3085261 3.1192792
OS 0.3031496 3.1203487
OS 0.2977731 3.1192792
OS 0.2932151 3.1162337
OS 0.2901696 3.1116757
OS 0.2891001 3.1062992
OS 0.2901696 3.1009227
OS 0.2932151 3.0963647
OS 0.2977731 3.0933192
OS 0.3031496 3.0922497
OS 0.3048764 3.0925932
OS 0.3091286 3.088341
OS 0.3087851 3.0866142
OS 0.3098546 3.0812377
OS 0.3129001 3.0766797
OS 0.3174581 3.0736342
OS 0.3228346 3.0725647
OS 0.3282111 3.0736342
OS 0.3327691 3.0766797
OS 0.3358146 3.0812377
OS 0.3368841 3.0866142
OS 0.3365406 3.0883411
OS 0.3407928 3.0925932
OS 0.3425197 3.0922497
OS 0.3478962 3.0933192
OS 0.3524542 3.0963647
OS 0.3554997 3.1009227
OS 0.3565692 3.1062992
OS 0.3562257 3.1080261
OS 0.3604778 3.1122783
OS 0.3622047 3.1119348
OS 0.3675812 3.1130043
OS 0.3721392 3.1160498
OS 0.3751847 3.1206078
OS 0.3762542 3.1259843
OS 0.3751847 3.1313608
OS 0.3721392 3.1359188
OS 0.3675812 3.1389643
OS 0.3622047 3.1400338
OE
OB 2.9409449 3.1006637 H
OS 2.9355684 3.0995942
OS 2.9310104 3.0965487
OS 2.9279649 3.0919907
OS 2.9268954 3.0866142
OS 2.9279649 3.0812377
OS 2.9310104 3.0766797
OS 2.9355684 3.0736342
OS 2.9409449 3.0725647
OS 2.9463214 3.0736342
OS 2.9508794 3.0766797
OS 2.9539249 3.0812377
OS 2.9549944 3.0866142
OS 2.9539249 3.0919907
OS 2.9508794 3.0965487
OS 2.9463214 3.0995942
OS 2.9409449 3.1006637
OE
OB 2.0826772 3.0770416 H
OS 2.0773007 3.0759721
OS 2.0728346 3.072988
OS 2.0683686 3.0759721
OS 2.0629921 3.0770416
OS 2.0576156 3.0759721
OS 2.0530576 3.0729266
OS 2.0500121 3.0683686
OS 2.0489426 3.0629921
OS 2.0500121 3.0576156
OS 2.0530576 3.0530576
OS 2.0576156 3.0500121
OS 2.0629921 3.0489426
OS 2.0683686 3.0500121
OS 2.0728346 3.0529962
OS 2.0773007 3.0500121
OS 2.0826772 3.0489426
OS 2.0880537 3.0500121
OS 2.0926117 3.0530576
OS 2.0956572 3.0576156
OS 2.0967267 3.0629921
OS 2.0956572 3.0683686
OS 2.0926117 3.0729266
OS 2.0880537 3.0759721
OS 2.0826772 3.0770416
OE
OB 2.22 3.2090495 H
OS 2.2146235 3.20798
OS 2.2100655 3.2049345
OS 2.20702 3.2003765
OS 2.2059505 3.195
OS 2.20702 3.1896235
OS 2.2100655 3.1850655
OS 2.2146235 3.18202
OS 2.22 3.1809505
OS 2.2253765 3.18202
OS 2.2299345 3.1850655
OS 2.23298 3.1896235
OS 2.2340495 3.195
OS 2.23298 3.2003765
OS 2.2299345 3.2049345
OS 2.2253765 3.20798
OS 2.22 3.2090495
OE
OB 2.4370079 3.266018 H
OS 2.4316314 3.2649485
OS 2.4271654 3.2619644
OS 2.4226993 3.2649485
OS 2.4173228 3.266018
OS 2.4119463 3.2649485
OS 2.4074803 3.2619645
OS 2.4030143 3.2649485
OS 2.3976378 3.266018
OS 2.3922613 3.2649485
OS 2.3877953 3.2619645
OS 2.3833293 3.2649485
OS 2.3779528 3.266018
OS 2.3725763 3.2649485
OS 2.3681102 3.2619644
OS 2.3636442 3.2649485
OS 2.3582677 3.266018
OS 2.3528912 3.2649485
OS 2.3484252 3.2619645
OS 2.3439592 3.2649485
OS 2.3385827 3.266018
OS 2.3332062 3.2649485
OS 2.3286483 3.261903
OS 2.324895 3.261903
OS 2.3203371 3.2649485
OS 2.3149606 3.266018
OS 2.3095841 3.2649485
OS 2.3050261 3.261903
OS 2.3019806 3.257345
OS 2.3009111 3.2519685
OS 2.3019806 3.246592
OS 2.3050261 3.242034
OS 2.3095841 3.2389885
OS 2.3149606 3.237919
OS 2.3203371 3.2389885
OS 2.324895 3.242034
OS 2.3286483 3.242034
OS 2.3332062 3.2389885
OS 2.3385827 3.237919
OS 2.3439592 3.2389885
OS 2.3484252 3.2419725
OS 2.3528912 3.2389885
OS 2.3582677 3.237919
OS 2.3636442 3.2389885
OS 2.3681102 3.2419726
OS 2.3725763 3.2389885
OS 2.3779528 3.237919
OS 2.3833293 3.2389885
OS 2.3877953 3.2419725
OS 2.3922613 3.2389885
OS 2.3976378 3.237919
OS 2.4030143 3.2389885
OS 2.4074803 3.2419725
OS 2.4119463 3.2389885
OS 2.4173228 3.237919
OS 2.4226993 3.2389885
OS 2.4271654 3.2419726
OS 2.4316314 3.2389885
OS 2.4370079 3.237919
OS 2.4423844 3.2389885
OS 2.4469424 3.242034
OS 2.4499879 3.246592
OS 2.4510574 3.2519685
OS 2.4499879 3.257345
OS 2.4469424 3.261903
OS 2.4423844 3.2649485
OS 2.4370079 3.266018
OE
OB 2.735 3.2670495 H
OS 2.7296235 3.26598
OS 2.7250656 3.2629345
OS 2.7196499 3.2638293
OS 2.7179749 3.2649485
OS 2.7125984 3.266018
OS 2.7072219 3.2649485
OS 2.7027559 3.2619645
OS 2.6982899 3.2649485
OS 2.6929134 3.266018
OS 2.6875369 3.2649485
OS 2.6841254 3.262669
OS 2.6781186 3.2626589
OS 2.6779345 3.2629345
OS 2.6733765 3.26598
OS 2.668 3.2670495
OS 2.6626235 3.26598
OS 2.6580655 3.2629345
OS 2.65502 3.2583765
OS 2.6539505 3.253
OS 2.65502 3.2476235
OS 2.6580655 3.2430655
OS 2.6626235 3.24002
OS 2.668 3.2389505
OS 2.6733765 3.24002
OS 2.676788 3.2422995
OS 2.6827948 3.2423096
OS 2.6829789 3.242034
OS 2.6875369 3.2389885
OS 2.6929134 3.237919
OS 2.6982899 3.2389885
OS 2.7027559 3.2419725
OS 2.7072219 3.2389885
OS 2.7125984 3.237919
OS 2.7179749 3.2389885
OS 2.7206029 3.2407444
OS 2.7250656 3.2430655
OS 2.7296235 3.24002
OS 2.735 3.2389505
OS 2.7403765 3.24002
OS 2.7449345 3.2430655
OS 2.74798 3.2476235
OS 2.7490495 3.253
OS 2.74798 3.2583765
OS 2.7449345 3.2629345
OS 2.7403765 3.26598
OS 2.735 3.2670495
OE
OB 2.1716535 3.285703 H
OS 2.166277 3.2846335
OS 2.161719 3.281588
OS 2.1586735 3.27703
OS 2.157604 3.2716535
OS 2.1586735 3.266277
OS 2.161719 3.261719
OS 2.166277 3.2586735
OS 2.1716535 3.257604
OS 2.17703 3.2586735
OS 2.181588 3.261719
OS 2.1846335 3.266277
OS 2.185703 3.2716535
OS 2.1846335 3.27703
OS 2.181588 3.281588
OS 2.17703 3.2846335
OS 2.1716535 3.285703
OE
OB 2.617 3.2660495 H
OS 2.6116235 3.26498
OS 2.6070655 3.2619345
OS 2.6070445 3.261903
OS 2.6044226 3.261903
OS 2.5998647 3.2649485
OS 2.5944882 3.266018
OS 2.5891117 3.2649485
OS 2.5846456 3.2619644
OS 2.5801796 3.2649485
OS 2.5748031 3.266018
OS 2.5694266 3.2649485
OS 2.5649606 3.2619645
OS 2.5604946 3.2649485
OS 2.5551181 3.266018
OS 2.5497416 3.2649485
OS 2.5452756 3.2619645
OS 2.5408096 3.2649485
OS 2.5354331 3.266018
OS 2.5300566 3.2649485
OS 2.5254987 3.261903
OS 2.5217454 3.261903
OS 2.5171875 3.2649485
OS 2.511811 3.266018
OS 2.5064345 3.2649485
OS 2.5018765 3.261903
OS 2.498831 3.257345
OS 2.4977615 3.2519685
OS 2.498831 3.246592
OS 2.5018765 3.242034
OS 2.5064345 3.2389885
OS 2.511811 3.237919
OS 2.5171875 3.2389885
OS 2.5217454 3.242034
OS 2.5254987 3.242034
OS 2.5300566 3.2389885
OS 2.5354331 3.237919
OS 2.5408096 3.2389885
OS 2.5452756 3.2419725
OS 2.5497416 3.2389885
OS 2.5551181 3.237919
OS 2.5604946 3.2389885
OS 2.5649606 3.2419725
OS 2.5694266 3.2389885
OS 2.5748031 3.237919
OS 2.5801796 3.2389885
OS 2.5846456 3.2419726
OS 2.5891117 3.2389885
OS 2.5944882 3.237919
OS 2.5998647 3.2389885
OS 2.6044226 3.242034
OS 2.6094104 3.2404987
OS 2.6116235 3.23902
OS 2.617 3.2379505
OS 2.6223765 3.23902
OS 2.6269345 3.2420655
OS 2.62998 3.2466235
OS 2.6310495 3.252
OS 2.62998 3.2573765
OS 2.6269345 3.2619345
OS 2.6223765 3.26498
OS 2.617 3.2660495
OE
OB 1.415 3.3110495 H
OS 1.4096235 3.30998
OS 1.4050655 3.3069345
OS 1.40202 3.3023765
OS 1.4009505 3.297
OS 1.40202 3.2916236
OS 1.4016728 3.2907855
OS 1.3976235 3.28998
OS 1.3930655 3.2869345
OS 1.39002 3.2823765
OS 1.3889505 3.277
OS 1.39002 3.2716235
OS 1.3930655 3.2670655
OS 1.3976235 3.26402
OS 1.403 3.2629505
OS 1.4083765 3.26402
OS 1.4129345 3.2670655
OS 1.41598 3.2716235
OS 1.4170495 3.277
OS 1.41598 3.2823764
OS 1.4163272 3.2832145
OS 1.4203765 3.28402
OS 1.4249345 3.2870655
OS 1.42798 3.2916235
OS 1.4290495 3.297
OS 1.42798 3.3023765
OS 1.4249345 3.3069345
OS 1.4203765 3.30998
OS 1.415 3.3110495
OE
OB 2.496063 3.3132621 H
OS 2.4906865 3.3121926
OS 2.4861285 3.3091471
OS 2.483083 3.3045891
OS 2.4820135 3.2992126
OS 2.483083 3.2938361
OS 2.4861285 3.2892781
OS 2.4906865 3.2862326
OS 2.496063 3.2851631
OS 2.5014395 3.2862326
OS 2.5059975 3.2892781
OS 2.509043 3.2938361
OS 2.5101125 3.2992126
OS 2.509043 3.3045891
OS 2.5059975 3.3091471
OS 2.5014395 3.3121926
OS 2.496063 3.3132621
OE
OB 1.2451576 3.2975141 H
OS 1.2397811 3.2964446
OS 1.2352231 3.2933991
OS 1.2339997 3.2915681
OS 1.2276569 3.2897926
OS 1.2273765 3.28998
OS 1.222 3.2910495
OS 1.2166235 3.28998
OS 1.2120655 3.2869345
OS 1.20902 3.2823765
OS 1.2079505 3.277
OS 1.20902 3.2716235
OS 1.2120655 3.2670655
OS 1.2166235 3.26402
OS 1.222 3.2629505
OS 1.2273765 3.26402
OS 1.2319345 3.2670655
OS 1.2331579 3.2688965
OS 1.2395007 3.270672
OS 1.2397811 3.2704846
OS 1.2451576 3.2694151
OS 1.2505341 3.2704846
OS 1.2550921 3.2735301
OS 1.2581376 3.2780881
OS 1.2592071 3.2834646
OS 1.2581376 3.2888411
OS 1.2550921 3.2933991
OS 1.2505341 3.2964446
OS 1.2451576 3.2975141
OE
OB 2.1009203 3.3039083 H
OS 2.0955438 3.3028388
OS 2.0909858 3.2997933
OS 2.0879403 3.2952353
OS 2.0868708 3.2898588
OS 2.0879403 3.2844823
OS 2.0909858 3.2799243
OS 2.0955438 3.2768788
OS 2.1009203 3.2758093
OS 2.1062968 3.2768788
OS 2.1108548 3.2799243
OS 2.1139003 3.2844823
OS 2.1149698 3.2898588
OS 2.1139003 3.2952353
OS 2.1108548 3.2997933
OS 2.1062968 3.3028388
OS 2.1009203 3.3039083
OE
OB 1.5562205 3.302711 H
OS 1.550844 3.3016415
OS 1.546286 3.298596
OS 1.5432405 3.294038
OS 1.542171 3.2886615
OS 1.5432405 3.283285
OS 1.5448194 3.2809219
OS 1.5412146 3.2773171
OS 1.540689 3.2776683
OS 1.5353125 3.2787378
OS 1.529936 3.2776683
OS 1.525378 3.2746228
OS 1.5223325 3.2700648
OS 1.521263 3.2646883
OS 1.5223325 3.2593118
OS 1.525378 3.2547538
OS 1.529936 3.2517083
OS 1.5353125 3.2506388
OS 1.540689 3.2517083
OS 1.545247 3.2547538
OS 1.5482925 3.2593118
OS 1.549362 3.2646883
OS 1.5482925 3.2700648
OS 1.5467136 3.2724279
OS 1.5503184 3.2760327
OS 1.550844 3.2756815
OS 1.5562205 3.274612
OS 1.561597 3.2756815
OS 1.566155 3.278727
OS 1.5692005 3.283285
OS 1.57027 3.2886615
OS 1.5692005 3.294038
OS 1.566155 3.298596
OS 1.561597 3.3016415
OS 1.5562205 3.302711
OE
OB 0.8622047 3.273892 H
OS 0.8568282 3.2728225
OS 0.8522702 3.269777
OS 0.8492247 3.265219
OS 0.8481552 3.2598425
OS 0.8492247 3.254466
OS 0.8522702 3.249908
OS 0.8568282 3.2468625
OS 0.8622047 3.245793
OS 0.8675812 3.2468625
OS 0.8721392 3.249908
OS 0.8751847 3.254466
OS 0.8762542 3.2598425
OS 0.8751847 3.265219
OS 0.8721392 3.269777
OS 0.8675812 3.2728225
OS 0.8622047 3.273892
OE
OB 1.1496063 3.234599 H
OS 1.1426937 3.233224
OS 1.1368334 3.2293083
OS 1.1329177 3.223448
OS 1.1315427 3.2165354
OS 1.1329177 3.2096228
OS 1.1368334 3.2037625
OS 1.1426937 3.1998468
OS 1.1496063 3.1984718
OS 1.1565189 3.1998468
OS 1.1623792 3.2037625
OS 1.1662949 3.2096228
OS 1.1676699 3.2165354
OS 1.1662949 3.223448
OS 1.1623792 3.2293083
OS 1.1565189 3.233224
OS 1.1496063 3.234599
OE
OB 0.1023622 3.2503471 H
OS 0.0954496 3.2489721
OS 0.0895893 3.2450564
OS 0.0856736 3.2391961
OS 0.0842986 3.2322835
OS 0.0856736 3.2253709
OS 0.0895893 3.2195106
OS 0.0954496 3.2155949
OS 0.1023622 3.2142199
OS 0.1092748 3.2155949
OS 0.1151351 3.2195106
OS 0.1190508 3.2253709
OS 0.1204258 3.2322835
OS 0.1190508 3.2391961
OS 0.1151351 3.2450564
OS 0.1092748 3.2489721
OS 0.1023622 3.2503471
OE
OB 1.806 3.2100495 H
OS 1.8006235 3.20898
OS 1.7960655 3.2059345
OS 1.79302 3.2013765
OS 1.7919505 3.196
OS 1.79302 3.1906235
OS 1.7960655 3.1860655
OS 1.8006235 3.18302
OS 1.806 3.1819505
OS 1.8113765 3.18302
OS 1.8159345 3.1860655
OS 1.81898 3.1906235
OS 1.8200495 3.196
OS 1.81898 3.2013765
OS 1.8159345 3.2059345
OS 1.8113765 3.20898
OS 1.806 3.2100495
OE
OB 1.222 3.2130495 H
OS 1.2166235 3.21198
OS 1.2120655 3.2089345
OS 1.20902 3.2043765
OS 1.2079505 3.199
OS 1.20902 3.1936235
OS 1.2120655 3.1890655
OS 1.2166235 3.18602
OS 1.222 3.1849505
OS 1.2273765 3.18602
OS 1.2319345 3.1890655
OS 1.23498 3.1936235
OS 1.2360495 3.199
OS 1.23498 3.2043765
OS 1.2319345 3.2089345
OS 1.2273765 3.21198
OS 1.222 3.2130495
OE
OB 0.2598425 3.25027 H
OS 0.254466 3.2492005
OS 0.249908 3.246155
OS 0.2468625 3.241597
OS 0.245793 3.2362205
OS 0.2468625 3.230844
OS 0.249908 3.226286
OS 0.254466 3.2232405
OS 0.2598425 3.222171
OS 0.265219 3.2232405
OS 0.269777 3.226286
OS 0.2728225 3.230844
OS 0.273892 3.2362205
OS 0.2728225 3.241597
OS 0.269777 3.246155
OS 0.265219 3.2492005
OS 0.2598425 3.25027
OE
OB 1.152 3.2760636 H
OS 1.1450874 3.2746886
OS 1.1392271 3.2707729
OS 1.1353114 3.2649126
OS 1.1339364 3.258
OS 1.1353114 3.2510874
OS 1.1392271 3.2452271
OS 1.1450874 3.2413114
OS 1.152 3.2399364
OS 1.1589126 3.2413114
OS 1.1647729 3.2452271
OS 1.1686886 3.2510874
OS 1.1700636 3.258
OS 1.1686886 3.2649126
OS 1.1647729 3.2707729
OS 1.1589126 3.2746886
OS 1.152 3.2760636
OE
OB 1.6023622 3.3014511 H
OS 1.5969857 3.3003816
OS 1.5924277 3.2973361
OS 1.5893822 3.2927781
OS 1.5883127 3.2874016
OS 1.5889945 3.2839741
OS 1.5853684 3.2832528
OS 1.5772031 3.2777969
OS 1.5425268 3.2431206
OS 1.36044 3.2431206
OS 1.3578275 3.2481206
OS 1.3594367 3.250529
OS 1.3605062 3.2559055
OS 1.3594367 3.261282
OS 1.3563912 3.26584
OS 1.3518332 3.2688855
OS 1.3464567 3.269955
OS 1.3410802 3.2688855
OS 1.3365222 3.26584
OS 1.3334767 3.261282
OS 1.3324072 3.2559055
OS 1.3334767 3.250529
OS 1.3359002 3.2469019
OS 1.3351179 3.2431928
OS 1.3342501 3.2414757
OS 1.3328881 3.2412048
OS 1.3247228 3.2357489
OS 1.3233062 3.2343323
OS 1.3178503 3.226167
OS 1.3159345 3.2165354
OS 1.3178503 3.2069038
OS 1.3233062 3.1987385
OS 1.3301865 3.1941412
OS 1.3308224 3.189833
OS 1.3305469 3.1883685
OS 1.3286482 3.1870999
OS 1.3256027 3.1825419
OS 1.3245332 3.1771654
OS 1.3253351 3.1731343
OS 1.321781 3.1700546
OS 1.3212827 3.1698285
OS 1.3203371 3.1704603
OS 1.3149606 3.1715298
OS 1.3095841 3.1704603
OS 1.3050261 3.1674148
OS 1.3019806 3.1628568
OS 1.3009111 3.1574803
OS 1.3019806 3.1521038
OS 1.3050261 3.1475458
OS 1.3095841 3.1445003
OS 1.3149606 3.1434308
OS 1.3203371 3.1445003
OS 1.3212827 3.1451321
OS 1.3217806 3.1449062
OS 1.3253351 3.1418263
OS 1.3245332 3.1377953
OS 1.3253351 3.1337642
OS 1.321781 3.1306845
OS 1.3212827 3.1304584
OS 1.3203371 3.1310902
OS 1.3149606 3.1321597
OS 1.3095841 3.1310902
OS 1.3050261 3.1280447
OS 1.3019806 3.1234867
OS 1.3009111 3.1181102
OS 1.3019806 3.1127337
OS 1.3050261 3.1081757
OS 1.3095841 3.1051302
OS 1.3149606 3.1040607
OS 1.3203371 3.1051302
OS 1.3212827 3.105762
OS 1.3217806 3.1055361
OS 1.3253351 3.1024562
OS 1.3245332 3.0984252
OS 1.3253351 3.0943942
OS 1.3217806 3.0913143
OS 1.3212827 3.0910884
OS 1.3203371 3.0917202
OS 1.3149606 3.0927897
OS 1.3095841 3.0917202
OS 1.3050261 3.0886747
OS 1.3019806 3.0841167
OS 1.3009111 3.0787402
OS 1.3019806 3.0733637
OS 1.3050261 3.0688057
OS 1.3095841 3.0657602
OS 1.3149606 3.0646907
OS 1.3203371 3.0657602
OS 1.3212827 3.066392
OS 1.321781 3.0661659
OS 1.3253351 3.0630862
OS 1.3245332 3.0590551
OS 1.3256027 3.0536786
OS 1.3286482 3.0491206
OS 1.3332062 3.0460751
OS 1.3385827 3.0450056
OS 1.3439592 3.0460751
OS 1.3485172 3.0491206
OS 1.3515627 3.0536786
OS 1.3526322 3.0590551
OS 1.3515627 3.0644316
OS 1.3485172 3.0689896
OS 1.3439592 3.0720351
OS 1.3385827 3.0731046
OS 1.3332062 3.0720351
OS 1.3322606 3.0714033
OS 1.3317623 3.0716294
OS 1.3282082 3.0747091
OS 1.3290101 3.0787402
OS 1.3282082 3.0827712
OS 1.3317627 3.0858511
OS 1.3322606 3.086077
OS 1.3332062 3.0854452
OS 1.3385827 3.0843757
OS 1.3439592 3.0854452
OS 1.3485172 3.0884907
OS 1.3515627 3.0930487
OS 1.3526322 3.0984252
OS 1.3515627 3.1038017
OS 1.3485172 3.1083597
OS 1.3439592 3.1114052
OS 1.3385827 3.1124747
OS 1.3332062 3.1114052
OS 1.3322606 3.1107734
OS 1.3317627 3.1109993
OS 1.3282082 3.1140792
OS 1.3290101 3.1181102
OS 1.3282082 3.1221413
OS 1.3317623 3.125221
OS 1.3322606 3.1254471
OS 1.3332062 3.1248153
OS 1.3385827 3.1237458
OS 1.3439592 3.1248153
OS 1.3485172 3.1278608
OS 1.3515627 3.1324188
OS 1.3526322 3.1377953
OS 1.3515627 3.1431718
OS 1.3485172 3.1477298
OS 1.3439592 3.1507753
OS 1.3385827 3.1518448
OS 1.3332062 3.1507753
OS 1.3322606 3.1501435
OS 1.3317627 3.1503694
OS 1.3282082 3.1534493
OS 1.3290101 3.1574803
OS 1.3282082 3.1615114
OS 1.3317623 3.1645911
OS 1.3322606 3.1648172
OS 1.3332062 3.1641854
OS 1.3385827 3.1631159
OS 1.3439592 3.1641854
OS 1.3485172 3.1672309
OS 1.3515627 3.1717889
OS 1.3526322 3.1771654
OS 1.3515627 3.1825419
OS 1.3485172 3.1870999
OS 1.3477749 3.1875959
OS 1.3481027 3.1913738
OS 1.349011 3.1927834
OS 1.3909882 3.1927834
OS 1.39102 3.1926235
OS 1.3940655 3.1880655
OS 1.3986235 3.18502
OS 1.404 3.1839505
OS 1.4093765 3.18502
OS 1.4139345 3.1880655
OS 1.41698 3.1926235
OS 1.4170118 3.1927834
OS 1.552952 3.1927834
OS 1.5562605 3.1934415
OS 1.55702 3.1896235
OS 1.5600655 3.1850655
OS 1.5646235 3.18202
OS 1.57 3.1809505
OS 1.5753765 3.18202
OS 1.5799345 3.1850655
OS 1.58298 3.1896235
OS 1.5840495 3.195
OS 1.58298 3.2003765
OS 1.5799346 3.2049344
OS 1.5795395 3.2089457
OS 1.6127969 3.2422031
OS 1.6182528 3.2503684
OS 1.6201687 3.26
OS 1.6182528 3.2696317
OS 1.6127969 3.2777969
OS 1.6126034 3.2779262
OS 1.6153422 3.2820251
OS 1.6164117 3.2874016
OS 1.6153422 3.2927781
OS 1.6122967 3.2973361
OS 1.6077387 3.3003816
OS 1.6023622 3.3014511
OE
OB 2.2795276 3.266018 H
OS 2.2741511 3.2649485
OS 2.2695931 3.261903
OS 2.2665476 3.257345
OS 2.2654781 3.2519685
OS 2.2665476 3.246592
OS 2.2695931 3.242034
OS 2.2741511 3.2389885
OS 2.2795276 3.237919
OS 2.2849041 3.2389885
OS 2.2894621 3.242034
OS 2.2925076 3.246592
OS 2.2935771 3.2519685
OS 2.2925076 3.257345
OS 2.2894621 3.261903
OS 2.2849041 3.2649485
OS 2.2795276 3.266018
OE
OB 2.476378 3.266018 H
OS 2.4710015 3.2649485
OS 2.4664435 3.261903
OS 2.463398 3.257345
OS 2.4623285 3.2519685
OS 2.463398 3.246592
OS 2.4664435 3.242034
OS 2.4710015 3.2389885
OS 2.476378 3.237919
OS 2.4817545 3.2389885
OS 2.4863125 3.242034
OS 2.489358 3.246592
OS 2.4904275 3.2519685
OS 2.489358 3.257345
OS 2.4863125 3.261903
OS 2.4817545 3.2649485
OS 2.476378 3.266018
OE
OB 2.6574803 0.9904275 H
OS 2.6521038 0.989358
OS 2.6475458 0.9863125
OS 2.6445003 0.9817545
OS 2.6434308 0.976378
OS 2.6445003 0.9710015
OS 2.6475458 0.9664435
OS 2.6521038 0.963398
OS 2.6574803 0.9623285
OS 2.6628568 0.963398
OS 2.6674148 0.9664435
OS 2.6704603 0.9710015
OS 2.6715298 0.976378
OS 2.6704603 0.9817545
OS 2.6674148 0.9863125
OS 2.6628568 0.989358
OS 2.6574803 0.9904275
OE
OB 3.4864409 1.0022524 H
OS 3.4795283 1.0008774
OS 3.473668 0.9969617
OS 3.4697523 0.9911014
OS 3.4683773 0.9841888
OS 3.4697523 0.9772762
OS 3.473668 0.9714159
OS 3.4795283 0.9675002
OS 3.4864409 0.9661252
OS 3.4933535 0.9675002
OS 3.4992138 0.9714159
OS 3.5031295 0.9772762
OS 3.5045045 0.9841888
OS 3.5031295 0.9911014
OS 3.4992138 0.9969617
OS 3.4933535 1.0008774
OS 3.4864409 1.0022524
OE
OB 2.1114289 0.9778894 H
OS 2.1060524 0.9768199
OS 2.1014944 0.9737744
OS 2.0984489 0.9692164
OS 2.0973794 0.9638399
OS 2.0984489 0.9584634
OS 2.1014944 0.9539054
OS 2.1060524 0.9508599
OS 2.1114289 0.9497904
OS 2.1168054 0.9508599
OS 2.1213634 0.9539054
OS 2.1244089 0.9584634
OS 2.1254784 0.9638399
OS 2.1244089 0.9692164
OS 2.1213634 0.9737744
OS 2.1168054 0.9768199
OS 2.1114289 0.9778894
OE
OB 2.7795276 0.9944416 H
OS 2.772615 0.9930666
OS 2.7667547 0.9891509
OS 2.762839 0.9832906
OS 2.761464 0.976378
OS 2.762839 0.9694654
OS 2.7667547 0.9636051
OS 2.772615 0.9596894
OS 2.7795276 0.9583144
OS 2.7864402 0.9596894
OS 2.7923005 0.9636051
OS 2.7962162 0.9694654
OS 2.7975912 0.976378
OS 2.7962162 0.9832906
OS 2.7923005 0.9891509
OS 2.7864402 0.9930666
OS 2.7795276 0.9944416
OE
OB 2.2372998 1.0014589 H
OS 2.2319233 1.0003894
OS 2.2273653 0.9973439
OS 2.2243198 0.9927859
OS 2.2232503 0.9874094
OS 2.2243198 0.9820329
OS 2.2273653 0.9774749
OS 2.2319233 0.9744294
OS 2.2372998 0.9733599
OS 2.2426763 0.9744294
OS 2.2472343 0.9774749
OS 2.2502798 0.9820329
OS 2.2513493 0.9874094
OS 2.2502798 0.9927859
OS 2.2472343 0.9973439
OS 2.2426763 1.0003894
OS 2.2372998 1.0014589
OE
OB 3.4159448 1.0213328 H
OS 3.4105683 1.0202633
OS 3.4060103 1.0172178
OS 3.4029648 1.0126598
OS 3.4018953 1.0072833
OS 3.4029648 1.0019068
OS 3.4060103 0.9973488
OS 3.4105683 0.9943033
OS 3.4159448 0.9932338
OS 3.4213213 0.9943033
OS 3.4258793 0.9973488
OS 3.4289248 1.0019068
OS 3.4299943 1.0072833
OS 3.4289248 1.0126598
OS 3.4258793 1.0172178
OS 3.4213213 1.0202633
OS 3.4159448 1.0213328
OE
OB 2.1173979 1.0248919 H
OS 2.1120214 1.0238224
OS 2.1074634 1.0207769
OS 2.1044179 1.0162189
OS 2.1033484 1.0108424
OS 2.1044179 1.0054659
OS 2.1074634 1.0009079
OS 2.1120214 0.9978624
OS 2.1173979 0.9967929
OS 2.1227744 0.9978624
OS 2.1273324 1.0009079
OS 2.1303779 1.0054659
OS 2.1314474 1.0108424
OS 2.1303779 1.0162189
OS 2.1273324 1.0207769
OS 2.1227744 1.0238224
OS 2.1173979 1.0248919
OE
OB 1.7125984 1.0061755 H
OS 1.7072219 1.005106
OS 1.7026639 1.0020605
OS 1.6996184 0.9975025
OS 1.6985489 0.992126
OS 1.6996184 0.9867495
OS 1.7026639 0.9821915
OS 1.7072219 0.979146
OS 1.7125984 0.9780765
OS 1.7179749 0.979146
OS 1.7225329 0.9821915
OS 1.7255784 0.9867495
OS 1.7266479 0.992126
OS 1.7255784 0.9975025
OS 1.7225329 1.0020605
OS 1.7179749 1.005106
OS 1.7125984 1.0061755
OE
OB 3.3464181 1.028247 H
OS 3.3395055 1.026872
OS 3.3336452 1.0229563
OS 3.3297295 1.017096
OS 3.3283545 1.0101834
OS 3.3297295 1.0032708
OS 3.3336452 0.9974105
OS 3.3395055 0.9934948
OS 3.3464181 0.9921198
OS 3.3533307 0.9934948
OS 3.359191 0.9974105
OS 3.3631067 1.0032708
OS 3.3644817 1.0101834
OS 3.3631067 1.017096
OS 3.359191 1.0229563
OS 3.3533307 1.026872
OS 3.3464181 1.028247
OE
OB 1.838579 1.0061735 H
OS 1.8332025 1.005104
OS 1.8286445 1.0020585
OS 1.825599 0.9975005
OS 1.8245295 0.992124
OS 1.825599 0.9867475
OS 1.8256038 0.9867404
OS 1.8233025 0.9811846
OS 1.8213952 0.9808052
OS 1.8168372 0.9777597
OS 1.8137917 0.9732017
OS 1.8132342 0.9703991
OS 1.8110235 0.9662659
OS 1.8056471 0.9651964
OS 1.8010891 0.9621509
OS 1.7980436 0.9575929
OS 1.7969741 0.9522164
OS 1.7980436 0.9468399
OS 1.8010891 0.9422819
OS 1.8056471 0.9392364
OS 1.8110236 0.9381669
OS 1.8164001 0.9392364
OS 1.8209581 0.9422819
OS 1.8240036 0.9468399
OS 1.8245611 0.9496425
OS 1.8267718 0.9537757
OS 1.8321482 0.9548452
OS 1.8367062 0.9578907
OS 1.8397517 0.9624487
OS 1.8408212 0.9678252
OS 1.8397517 0.9732017
OS 1.8397469 0.9732088
OS 1.8420482 0.9787646
OS 1.8439555 0.979144
OS 1.8485135 0.9821895
OS 1.851559 0.9867475
OS 1.8526285 0.992124
OS 1.851559 0.9975005
OS 1.8485135 1.0020585
OS 1.8439555 1.005104
OS 1.838579 1.0061735
OE
OB 1.4866467 0.8905185 H
OS 1.4812702 0.889449
OS 1.4767122 0.8864035
OS 1.4736667 0.8818455
OS 1.4725972 0.876469
OS 1.4736667 0.8710925
OS 1.4767122 0.8665345
OS 1.4812702 0.863489
OS 1.4866467 0.8624195
OS 1.4920232 0.863489
OS 1.4965812 0.8665345
OS 1.4996267 0.8710925
OS 1.5006962 0.876469
OS 1.4996267 0.8818455
OS 1.4965812 0.8864035
OS 1.4920232 0.889449
OS 1.4866467 0.8905185
OE
OB 2.2362998 0.8954589 H
OS 2.2309233 0.8943894
OS 2.2263653 0.8913439
OS 2.2233198 0.8867859
OS 2.2222503 0.8814094
OS 2.2233198 0.8760329
OS 2.2263653 0.8714749
OS 2.2309233 0.8684294
OS 2.2362998 0.8673599
OS 2.2416763 0.8684294
OS 2.2462343 0.8714749
OS 2.2492798 0.8760329
OS 2.2503493 0.8814094
OS 2.2492798 0.8867859
OS 2.2462343 0.8913439
OS 2.2416763 0.8943894
OS 2.2362998 0.8954589
OE
OB 2.775585 0.8920776 H
OS 2.7686724 0.8907026
OS 2.7628121 0.8867869
OS 2.7588964 0.8809266
OS 2.7575214 0.874014
OS 2.7588964 0.8671014
OS 2.7628121 0.8612411
OS 2.7686724 0.8573254
OS 2.775585 0.8559504
OS 2.7824976 0.8573254
OS 2.7883579 0.8612411
OS 2.7922736 0.8671014
OS 2.7936486 0.874014
OS 2.7922736 0.8809266
OS 2.7883579 0.8867869
OS 2.7824976 0.8907026
OS 2.775585 0.8920776
OE
OB 2.6574803 0.8880653 H
OS 2.6521038 0.8869958
OS 2.6475458 0.8839503
OS 2.6445003 0.8793923
OS 2.6434308 0.8740158
OS 2.6445003 0.8686393
OS 2.6475458 0.8640813
OS 2.6521038 0.8610358
OS 2.6574803 0.8599663
OS 2.6628568 0.8610358
OS 2.6674148 0.8640813
OS 2.6704603 0.8686393
OS 2.6715298 0.8740158
OS 2.6704603 0.8793923
OS 2.6674148 0.8839503
OS 2.6628568 0.8869958
OS 2.6574803 0.8880653
OE
OB 2.7795276 0.9471975 H
OS 2.772615 0.9458225
OS 2.7667547 0.9419068
OS 2.762839 0.9360465
OS 2.761464 0.9291339
OS 2.762839 0.9222213
OS 2.7667547 0.916361
OS 2.772615 0.9124453
OS 2.7795276 0.9110703
OS 2.7864402 0.9124453
OS 2.7923005 0.916361
OS 2.7962162 0.9222213
OS 2.7975912 0.9291339
OS 2.7962162 0.9360465
OS 2.7923005 0.9419068
OS 2.7864402 0.9458225
OS 2.7795276 0.9471975
OE
OB 1.5472441 0.9629455 H
OS 1.5403315 0.9615705
OS 1.5344712 0.9576548
OS 1.5305555 0.9517945
OS 1.5291805 0.9448819
OS 1.5305555 0.9379693
OS 1.5344712 0.932109
OS 1.5403315 0.9281933
OS 1.5472441 0.9268183
OS 1.5541567 0.9281933
OS 1.560017 0.932109
OS 1.5639327 0.9379693
OS 1.5653077 0.9448819
OS 1.5639327 0.9517945
OS 1.560017 0.9576548
OS 1.5541567 0.9615705
OS 1.5472441 0.9629455
OE
OB 2.9826483 0.9585391 H
OS 2.9772718 0.9574696
OS 2.9727138 0.9544241
OS 2.9696683 0.9498661
OS 2.9685988 0.9444896
OS 2.9696683 0.9391131
OS 2.9727138 0.9345551
OS 2.9772718 0.9315096
OS 2.9826483 0.9304401
OS 2.9880248 0.9315096
OS 2.9925828 0.9345551
OS 2.9956283 0.9391131
OS 2.9966978 0.9444896
OS 2.9956283 0.9498661
OS 2.9925828 0.9544241
OS 2.9880248 0.9574696
OS 2.9826483 0.9585391
OE
OB 2.6574803 0.9392464 H
OS 2.6521038 0.9381769
OS 2.6475458 0.9351314
OS 2.6445003 0.9305734
OS 2.6434308 0.9251969
OS 2.6445003 0.9198204
OS 2.6475458 0.9152624
OS 2.6521038 0.9122169
OS 2.6574803 0.9111474
OS 2.6628568 0.9122169
OS 2.6674148 0.9152624
OS 2.6704603 0.9198204
OS 2.6715298 0.9251969
OS 2.6704603 0.9305734
OS 2.6674148 0.9351314
OS 2.6628568 0.9381769
OS 2.6574803 0.9392464
OE
OB 2.2362998 0.9494589 H
OS 2.2309233 0.9483894
OS 2.2263653 0.9453439
OS 2.2233198 0.9407859
OS 2.2222503 0.9354094
OS 2.2233198 0.9300329
OS 2.2263653 0.9254749
OS 2.2309233 0.9224294
OS 2.2362998 0.9213599
OS 2.2416763 0.9224294
OS 2.2462343 0.9254749
OS 2.2492798 0.9300329
OS 2.2503493 0.9354094
OS 2.2492798 0.9407859
OS 2.2462343 0.9453439
OS 2.2416763 0.9483894
OS 2.2362998 0.9494589
OE
OB 2.9632856 1.0337345 H
OS 2.9579091 1.032665
OS 2.9533511 1.0296195
OS 2.9503056 1.0250615
OS 2.9492361 1.019685
OS 2.9503056 1.0143085
OS 2.9533511 1.0097505
OS 2.9579091 1.006705
OS 2.9632856 1.0056355
OS 2.9686621 1.006705
OS 2.9732201 1.0097505
OS 2.9762656 1.0143085
OS 2.9773351 1.019685
OS 2.9762656 1.0250615
OS 2.9732201 1.0296195
OS 2.9686621 1.032665
OS 2.9632856 1.0337345
OE
OB 1.543304 1.1322346 H
OS 1.5363914 1.1308596
OS 1.5305311 1.1269439
OS 1.5266154 1.1210836
OS 1.5252404 1.114171
OS 1.5266154 1.1072584
OS 1.5305311 1.1013981
OS 1.5363914 1.0974824
OS 1.543304 1.0961074
OS 1.5502166 1.0974824
OS 1.5560769 1.1013981
OS 1.5599926 1.1072584
OS 1.5613676 1.114171
OS 1.5599926 1.1210836
OS 1.5560769 1.1269439
OS 1.5502166 1.1308596
OS 1.543304 1.1322346
OE
OB 4.349 1.1420175 H
OS 4.3436235 1.140948
OS 4.3390655 1.1379025
OS 4.33602 1.1333445
OS 4.3349505 1.127968
OS 4.33602 1.1225915
OS 4.3390655 1.1180335
OS 4.3436235 1.114988
OS 4.349 1.1139185
OS 4.3543765 1.114988
OS 4.3589345 1.1180335
OS 4.36198 1.1225915
OS 4.3630495 1.127968
OS 4.36198 1.1333445
OS 4.3589345 1.1379025
OS 4.3543765 1.140948
OS 4.349 1.1420175
OE
OB 2.023622 1.1164117 H
OS 2.0182455 1.1153422
OS 2.0136875 1.1122967
OS 2.010642 1.1077387
OS 2.0095725 1.1023622
OS 2.010642 1.0969857
OS 2.0136875 1.0924277
OS 2.0182455 1.0893822
OS 2.023622 1.0883127
OS 2.0289985 1.0893822
OS 2.0335565 1.0924277
OS 2.036602 1.0969857
OS 2.0376715 1.1023622
OS 2.036602 1.1077387
OS 2.0335565 1.1122967
OS 2.0289985 1.1153422
OS 2.023622 1.1164117
OE
OB 4.195 1.1280636 H
OS 4.1880874 1.1266886
OS 4.1822271 1.1227729
OS 4.1783114 1.1169126
OS 4.1769364 1.11
OS 4.1783114 1.1030874
OS 4.1822271 1.0972271
OS 4.1880874 1.0933114
OS 4.195 1.0919364
OS 4.2019126 1.0933114
OS 4.2077729 1.0972271
OS 4.2116886 1.1030874
OS 4.2130636 1.11
OS 4.2116886 1.1169126
OS 4.2077729 1.1227729
OS 4.2019126 1.1266886
OS 4.195 1.1280636
OE
OB 1.4015748 1.144955 H
OS 1.3961983 1.1438855
OS 1.3916403 1.14084
OS 1.3885948 1.136282
OS 1.3875253 1.1309055
OS 1.3885948 1.125529
OS 1.3916403 1.120971
OS 1.3961983 1.1179255
OS 1.4015748 1.116856
OS 1.4069513 1.1179255
OS 1.4115093 1.120971
OS 1.4145548 1.125529
OS 1.4156243 1.1309055
OS 1.4145548 1.136282
OS 1.4115093 1.14084
OS 1.4069513 1.1438855
OS 1.4015748 1.144955
OE
OB 2.8267717 1.1597188 H
OS 2.8213952 1.1586493
OS 2.8168372 1.1556038
OS 2.8137917 1.1510458
OS 2.8127222 1.1456693
OS 2.8137917 1.1402928
OS 2.8168372 1.1357348
OS 2.8213952 1.1326893
OS 2.8267717 1.1316198
OS 2.8321482 1.1326893
OS 2.8367062 1.1357348
OS 2.8397517 1.1402928
OS 2.8408212 1.1456693
OS 2.8397517 1.1510458
OS 2.8367062 1.1556038
OS 2.8321482 1.1586493
OS 2.8267717 1.1597188
OE
OB 4.465 1.1600175 H
OS 4.4596235 1.158948
OS 4.4550655 1.1559025
OS 4.45202 1.1513445
OS 4.4509505 1.145968
OS 4.45202 1.1405915
OS 4.4550655 1.1360335
OS 4.4596235 1.132988
OS 4.465 1.1319185
OS 4.4703765 1.132988
OS 4.4749345 1.1360335
OS 4.47798 1.1405915
OS 4.4790495 1.145968
OS 4.47798 1.1513445
OS 4.4749345 1.1559025
OS 4.4703765 1.158948
OS 4.465 1.1600175
OE
OB 4.25 1.1530636 H
OS 4.2430874 1.1516886
OS 4.2372271 1.1477729
OS 4.2333114 1.1419126
OS 4.2319364 1.135
OS 4.2333114 1.1280874
OS 4.2372271 1.1222271
OS 4.2430874 1.1183114
OS 4.25 1.1169364
OS 4.2569126 1.1183114
OS 4.2627729 1.1222271
OS 4.2666886 1.1280874
OS 4.2680636 1.135
OS 4.2666886 1.1419126
OS 4.2627729 1.1477729
OS 4.2569126 1.1516886
OS 4.25 1.1530636
OE
OB 4.52 1.1570636 H
OS 4.5130874 1.1556886
OS 4.5072271 1.1517729
OS 4.5033114 1.1459126
OS 4.5019364 1.139
OS 4.5033114 1.1320874
OS 4.5072271 1.1262271
OS 4.5130874 1.1223114
OS 4.52 1.1209364
OS 4.5269126 1.1223114
OS 4.5327729 1.1262271
OS 4.5366886 1.1320874
OS 4.5380636 1.139
OS 4.5366886 1.1459126
OS 4.5327729 1.1517729
OS 4.5269126 1.1556886
OS 4.52 1.1570636
OE
OB 4.0551181 1.1125518 H
OS 4.0482055 1.1111768
OS 4.0423452 1.1072611
OS 4.0384295 1.1014008
OS 4.0370545 1.0944882
OS 4.0384295 1.0875756
OS 4.0423452 1.0817153
OS 4.0482055 1.0777996
OS 4.0551181 1.0764246
OS 4.0620307 1.0777996
OS 4.067891 1.0817153
OS 4.0718067 1.0875756
OS 4.0731817 1.0944882
OS 4.0718067 1.1014008
OS 4.067891 1.1072611
OS 4.0620307 1.1111768
OS 4.0551181 1.1125518
OE
OB 2.6574803 1.0416086 H
OS 2.6521038 1.0405391
OS 2.6475458 1.0374936
OS 2.6445003 1.0329356
OS 2.6434308 1.0275591
OS 2.6445003 1.0221826
OS 2.6475458 1.0176246
OS 2.6521038 1.0145791
OS 2.6574803 1.0135096
OS 2.6628568 1.0145791
OS 2.6674148 1.0176246
OS 2.6704603 1.0221826
OS 2.6715298 1.0275591
OS 2.6704603 1.0329356
OS 2.6674148 1.0374936
OS 2.6628568 1.0405391
OS 2.6574803 1.0416086
OE
OB 1.6846505 1.0609047 H
OS 1.679274 1.0598352
OS 1.674716 1.0567897
OS 1.6716705 1.0522317
OS 1.670601 1.0468552
OS 1.6716705 1.0414787
OS 1.6722138 1.0406655
OS 1.6715316 1.0387389
OS 1.6695168 1.035702
OS 1.6651509 1.0348335
OS 1.6605929 1.031788
OS 1.6575474 1.02723
OS 1.6564779 1.0218535
OS 1.6575474 1.016477
OS 1.6605929 1.011919
OS 1.6651509 1.0088735
OS 1.6705274 1.007804
OS 1.6759039 1.0088735
OS 1.6804619 1.011919
OS 1.6835074 1.016477
OS 1.6845769 1.0218535
OS 1.6841218 1.0241413
OS 1.6857083 1.0261209
OS 1.6891386 1.0252188
OS 1.6892262 1.0251473
OS 1.6892893 1.0248302
OS 1.6923348 1.0202722
OS 1.6968928 1.0172267
OS 1.7022693 1.0161572
OS 1.7076458 1.0172267
OS 1.7122038 1.0202722
OS 1.7152493 1.0248302
OS 1.7163188 1.0302067
OS 1.7152493 1.0355832
OS 1.7122038 1.0401412
OS 1.7076458 1.0431867
OS 1.7022694 1.0442562
OS 1.6983577 1.0485761
OS 1.6976305 1.0522317
OS 1.694585 1.0567897
OS 1.690027 1.0598352
OS 1.6846505 1.0609047
OE
OB 2.7795276 1.0456227 H
OS 2.772615 1.0442477
OS 2.7667547 1.040332
OS 2.762839 1.0344717
OS 2.761464 1.0275591
OS 2.762839 1.0206465
OS 2.7667547 1.0147862
OS 2.772615 1.0108705
OS 2.7795276 1.0094955
OS 2.7864402 1.0108705
OS 2.7923005 1.0147862
OS 2.7962162 1.0206465
OS 2.7975912 1.0275591
OS 2.7962162 1.0344717
OS 2.7923005 1.040332
OS 2.7864402 1.0442477
OS 2.7795276 1.0456227
OE
OB 2.0393701 1.0416086 H
OS 2.0339936 1.0405391
OS 2.0294356 1.0374936
OS 2.0263901 1.0329356
OS 2.0253206 1.0275591
OS 2.0263901 1.0221826
OS 2.0294356 1.0176246
OS 2.0339936 1.0145791
OS 2.0393701 1.0135096
OS 2.0447466 1.0145791
OS 2.0493046 1.0176246
OS 2.0523501 1.0221826
OS 2.0534196 1.0275591
OS 2.0523501 1.0329356
OS 2.0493046 1.0374936
OS 2.0447466 1.0405391
OS 2.0393701 1.0416086
OE
OB 1.7480315 1.0731046 H
OS 1.742655 1.0720351
OS 1.738097 1.0689896
OS 1.7350515 1.0644316
OS 1.733982 1.0590551
OS 1.7343199 1.0573564
OS 1.7346912 1.053324
OS 1.7314243 1.0501073
OS 1.730223 1.0493046
OS 1.7271775 1.0447466
OS 1.726108 1.0393701
OS 1.7271775 1.0339936
OS 1.730223 1.0294356
OS 1.734781 1.0263901
OS 1.7401575 1.0253206
OS 1.745534 1.0263901
OS 1.750092 1.0294356
OS 1.7531375 1.0339936
OS 1.754207 1.0393701
OS 1.7538691 1.0410688
OS 1.7534978 1.0451012
OS 1.7567647 1.0483179
OS 1.757966 1.0491206
OS 1.7610115 1.0536786
OS 1.762081 1.0590551
OS 1.7610115 1.0644316
OS 1.757966 1.0689896
OS 1.753408 1.0720351
OS 1.7480315 1.0731046
OE
OB 2.6574803 1.0927897 H
OS 2.6521038 1.0917202
OS 2.6475458 1.0886747
OS 2.6445003 1.0841167
OS 2.6434308 1.0787402
OS 2.6445003 1.0733637
OS 2.6475458 1.0688057
OS 2.6521038 1.0657602
OS 2.6574803 1.0646907
OS 2.6628568 1.0657602
OS 2.6674148 1.0688057
OS 2.6704603 1.0733637
OS 2.6715298 1.0787402
OS 2.6704603 1.0841167
OS 2.6674148 1.0886747
OS 2.6628568 1.0917202
OS 2.6574803 1.0927897
OE
OB 2.2372998 1.1044589 H
OS 2.2319233 1.1033894
OS 2.2273653 1.1003439
OS 2.2243198 1.0957859
OS 2.2232503 1.0904094
OS 2.2243198 1.0850329
OS 2.2273653 1.0804749
OS 2.2319233 1.0774294
OS 2.2372998 1.0763599
OS 2.2426763 1.0774294
OS 2.2472343 1.0804749
OS 2.2502798 1.0850329
OS 2.2513493 1.0904094
OS 2.2502798 1.0957859
OS 2.2472343 1.1003439
OS 2.2426763 1.1033894
OS 2.2372998 1.1044589
OE
OB 2.2372998 1.0534589 H
OS 2.2319233 1.0523894
OS 2.2273653 1.0493439
OS 2.2243198 1.0447859
OS 2.2232503 1.0394094
OS 2.2243198 1.0340329
OS 2.2273653 1.0294749
OS 2.2319233 1.0264294
OS 2.2372998 1.0253599
OS 2.2426763 1.0264294
OS 2.2472343 1.0294749
OS 2.2502798 1.0340329
OS 2.2513493 1.0394094
OS 2.2502798 1.0447859
OS 2.2472343 1.0493439
OS 2.2426763 1.0523894
OS 2.2372998 1.0534589
OE
OB 2.7795276 1.0968038 H
OS 2.772615 1.0954288
OS 2.7667547 1.0915131
OS 2.762839 1.0856528
OS 2.761464 1.0787402
OS 2.762839 1.0718276
OS 2.7667547 1.0659673
OS 2.772615 1.0620516
OS 2.7795276 1.0606766
OS 2.7864402 1.0620516
OS 2.7923005 1.0659673
OS 2.7962162 1.0718276
OS 2.7975912 1.0787402
OS 2.7962162 1.0856528
OS 2.7923005 1.0915131
OS 2.7864402 1.0954288
OS 2.7795276 1.0968038
OE
OB 1.4507874 0.8447582 H
OS 1.4454109 0.8436887
OS 1.4408529 0.8406432
OS 1.4378074 0.8360852
OS 1.4367379 0.8307087
OS 1.4378074 0.8253322
OS 1.4408529 0.8207742
OS 1.4454109 0.8177287
OS 1.4507874 0.8166592
OS 1.4561639 0.8177287
OS 1.4607219 0.8207742
OS 1.4637674 0.8253322
OS 1.4648369 0.8307087
OS 1.4637674 0.8360852
OS 1.4607219 0.8406432
OS 1.4561639 0.8436887
OS 1.4507874 0.8447582
OE
OB 2.6943196 0.5604467 H
OS 2.684042 0.5590936
OS 2.6744648 0.5551266
OS 2.6662406 0.548816
OS 2.65993 0.5405918
OS 2.655963 0.5310146
OS 2.6546099 0.520737
OS 2.655963 0.5104594
OS 2.65993 0.5008822
OS 2.6662406 0.492658
OS 2.6744648 0.4863474
OS 2.684042 0.4823804
OS 2.6943196 0.4810273
OS 2.7045972 0.4823804
OS 2.7141744 0.4863474
OS 2.7223986 0.492658
OS 2.7287092 0.5008822
OS 2.7326762 0.5104594
OS 2.7340293 0.520737
OS 2.7326762 0.5310146
OS 2.7287092 0.5405918
OS 2.7223986 0.548816
OS 2.7141744 0.5551266
OS 2.7045972 0.5590936
OS 2.6943196 0.5604467
OE
OB 3.4127941 0.509523 H
OS 3.4074176 0.5084535
OS 3.4028596 0.505408
OS 3.3998141 0.50085
OS 3.3987446 0.4954735
OS 3.3998141 0.490097
OS 3.4028596 0.485539
OS 3.4074176 0.4824935
OS 3.4127941 0.481424
OS 3.4181706 0.4824935
OS 3.4227286 0.485539
OS 3.4257741 0.490097
OS 3.4268436 0.4954735
OS 3.4257741 0.50085
OS 3.4227286 0.505408
OS 3.4181706 0.5084535
OS 3.4127941 0.509523
OE
OB 2.4943196 0.5604467 H
OS 2.484042 0.5590936
OS 2.4744648 0.5551266
OS 2.4662406 0.548816
OS 2.45993 0.5405918
OS 2.455963 0.5310146
OS 2.4546099 0.520737
OS 2.455963 0.5104594
OS 2.45993 0.5008822
OS 2.4662406 0.492658
OS 2.4744648 0.4863474
OS 2.484042 0.4823804
OS 2.4943196 0.4810273
OS 2.5045972 0.4823804
OS 2.5141744 0.4863474
OS 2.5223986 0.492658
OS 2.5287092 0.5008822
OS 2.5326762 0.5104594
OS 2.5340293 0.520737
OS 2.5326762 0.5310146
OS 2.5287092 0.5405918
OS 2.5223986 0.548816
OS 2.5141744 0.5551266
OS 2.5045972 0.5590936
OS 2.4943196 0.5604467
OE
OB 2.5943196 0.5604467 H
OS 2.584042 0.5590936
OS 2.5744648 0.5551266
OS 2.5662406 0.548816
OS 2.55993 0.5405918
OS 2.555963 0.5310146
OS 2.5546099 0.520737
OS 2.555963 0.5104594
OS 2.55993 0.5008822
OS 2.5662406 0.492658
OS 2.5744648 0.4863474
OS 2.584042 0.4823804
OS 2.5943196 0.4810273
OS 2.6045972 0.4823804
OS 2.6141744 0.4863474
OS 2.6223986 0.492658
OS 2.6287092 0.5008822
OS 2.6326762 0.5104594
OS 2.6340293 0.520737
OS 2.6326762 0.5310146
OS 2.6287092 0.5405918
OS 2.6223986 0.548816
OS 2.6141744 0.5551266
OS 2.6045972 0.5590936
OS 2.5943196 0.5604467
OE
OB 1.7508468 0.5387932 H
OS 1.7454703 0.5377237
OS 1.7409123 0.5346782
OS 1.7378668 0.5301202
OS 1.7367973 0.5247437
OS 1.7378668 0.5193672
OS 1.7409123 0.5148092
OS 1.7454703 0.5117637
OS 1.7508468 0.5106942
OS 1.7562233 0.5117637
OS 1.7607813 0.5148092
OS 1.7638268 0.5193672
OS 1.7648963 0.5247437
OS 1.7638268 0.5301202
OS 1.7607813 0.5346782
OS 1.7562233 0.5377237
OS 1.7508468 0.5387932
OE
OB 3.044 0.5800636 H
OS 3.0370874 0.5786886
OS 3.0312271 0.5747729
OS 3.0273114 0.5689126
OS 3.0259364 0.562
OS 3.0273114 0.5550874
OS 3.0312271 0.5492271
OS 3.0370874 0.5453114
OS 3.044 0.5439364
OS 3.0509126 0.5453114
OS 3.0567729 0.5492271
OS 3.0606886 0.5550874
OS 3.0620636 0.562
OS 3.0606886 0.5689126
OS 3.0567729 0.5747729
OS 3.0509126 0.5786886
OS 3.044 0.5800636
OE
OB 1.507871 0.5965712 H
OS 1.5009584 0.5951962
OS 1.4950981 0.5912805
OS 1.4911824 0.5854202
OS 1.4898074 0.5785076
OS 1.4911824 0.571595
OS 1.4950981 0.5657347
OS 1.5009584 0.561819
OS 1.507871 0.560444
OS 1.5147836 0.561819
OS 1.5206439 0.5657347
OS 1.5245596 0.571595
OS 1.5259346 0.5785076
OS 1.5245596 0.5854202
OS 1.5206439 0.5912805
OS 1.5147836 0.5951962
OS 1.507871 0.5965712
OE
OB 1.7165354 0.5337345 H
OS 1.7111589 0.532665
OS 1.7066009 0.5296195
OS 1.7035554 0.5250615
OS 1.7024859 0.519685
OS 1.7027557 0.5183287
OS 1.6982558 0.5153219
OS 1.6958685 0.516917
OS 1.690492 0.5179865
OS 1.6851155 0.516917
OS 1.6805575 0.5138715
OS 1.677512 0.5093135
OS 1.6767465 0.5054655
OS 1.6758786 0.5036717
OS 1.6717809 0.5017433
OS 1.6692913 0.5022385
OS 1.6639148 0.501169
OS 1.6593568 0.4981235
OS 1.6563113 0.4935655
OS 1.6552418 0.488189
OS 1.6563113 0.4828125
OS 1.6593568 0.4782545
OS 1.6639148 0.475209
OS 1.6692913 0.4741395
OS 1.6746678 0.475209
OS 1.6792258 0.4782545
OS 1.6822713 0.4828125
OS 1.6830368 0.4866605
OS 1.6839047 0.4884543
OS 1.6880024 0.4903827
OS 1.690492 0.4898875
OS 1.6958685 0.490957
OS 1.7004265 0.4940025
OS 1.703472 0.4985605
OS 1.7045415 0.503937
OS 1.7042717 0.5052933
OS 1.7087716 0.5083001
OS 1.7111589 0.506705
OS 1.7165354 0.5056355
OS 1.7219119 0.506705
OS 1.7264699 0.5097505
OS 1.7295154 0.5143085
OS 1.7305849 0.519685
OS 1.7295154 0.5250615
OS 1.7264699 0.5296195
OS 1.7219119 0.532665
OS 1.7165354 0.5337345
OE
OB 2.989811 0.5790836 H
OS 2.9828984 0.5777086
OS 2.9770381 0.5737929
OS 2.9731224 0.5679326
OS 2.9717474 0.56102
OS 2.9731224 0.5541074
OS 2.9770381 0.5482471
OS 2.9828984 0.5443314
OS 2.989811 0.5429564
OS 2.9967236 0.5443314
OS 3.0025839 0.5482471
OS 3.0064996 0.5541074
OS 3.0078746 0.56102
OS 3.0064996 0.5679326
OS 3.0025839 0.5737929
OS 2.9967236 0.5777086
OS 2.989811 0.5790836
OE
OB 2.2943196 0.5604467 H
OS 2.284042 0.5590936
OS 2.2744648 0.5551266
OS 2.2662406 0.548816
OS 2.25993 0.5405918
OS 2.255963 0.5310146
OS 2.2546099 0.520737
OS 2.255963 0.5104594
OS 2.25993 0.5008822
OS 2.2662406 0.492658
OS 2.2744648 0.4863474
OS 2.284042 0.4823804
OS 2.2943196 0.4810273
OS 2.3045972 0.4823804
OS 2.3141744 0.4863474
OS 2.3223986 0.492658
OS 2.3287092 0.5008822
OS 2.3326762 0.5104594
OS 2.3340293 0.520737
OS 2.3326762 0.5310146
OS 2.3287092 0.5405918
OS 2.3223986 0.548816
OS 2.3141744 0.5551266
OS 2.3045972 0.5590936
OS 2.2943196 0.5604467
OE
OB 1.4507874 0.3368841 H
OS 1.4454109 0.3358146
OS 1.4408529 0.3327691
OS 1.4378074 0.3282111
OS 1.4367379 0.3228346
OS 1.4378074 0.3174581
OS 1.4408529 0.3129001
OS 1.4454109 0.3098546
OS 1.4507874 0.3087851
OS 1.4561639 0.3098546
OS 1.4607219 0.3129001
OS 1.4637674 0.3174581
OS 1.4648369 0.3228346
OS 1.4637674 0.3282111
OS 1.4607219 0.3327691
OS 1.4561639 0.3358146
OS 1.4507874 0.3368841
OE
OB 1.484252 0.4030259 H
OS 1.4788755 0.4019564
OS 1.4743175 0.3989109
OS 1.471272 0.3943529
OS 1.4702025 0.3889764
OS 1.471272 0.3835999
OS 1.4743175 0.3790419
OS 1.4788755 0.3759964
OS 1.484252 0.3749269
OS 1.4896285 0.3759964
OS 1.4941865 0.3790419
OS 1.497232 0.3835999
OS 1.4983015 0.3889764
OS 1.497232 0.3943529
OS 1.4941865 0.3989109
OS 1.4896285 0.4019564
OS 1.484252 0.4030259
OE
OB 1.592126 0.1676562 H
OS 1.5786197 0.1663259
OS 1.5656324 0.1623863
OS 1.5536633 0.1559887
OS 1.5431723 0.1473789
OS 1.5345625 0.1368879
OS 1.5281649 0.1249188
OS 1.5242253 0.1119315
OS 1.522895 0.0984252
OS 1.5242253 0.0849189
OS 1.5281649 0.0719316
OS 1.5345625 0.0599625
OS 1.5431723 0.0494715
OS 1.5536633 0.0408617
OS 1.5656324 0.0344641
OS 1.5786197 0.0305245
OS 1.592126 0.0291942
OS 1.6056323 0.0305245
OS 1.6186196 0.0344641
OS 1.6305887 0.0408617
OS 1.6410797 0.0494715
OS 1.6496895 0.0599625
OS 1.6560871 0.0719316
OS 1.6600267 0.0849189
OS 1.661357 0.0984252
OS 1.6600267 0.1119315
OS 1.6560871 0.1249188
OS 1.6496895 0.1368879
OS 1.6410797 0.1473789
OS 1.6305887 0.1559887
OS 1.6186196 0.1623863
OS 1.6056323 0.1663259
OS 1.592126 0.1676562
OE
OB 3.392126 0.167657 H
OS 3.3786197 0.1663267
OS 3.3656324 0.1623871
OS 3.3536633 0.1559895
OS 3.3431723 0.1473797
OS 3.3345625 0.1368887
OS 3.3281649 0.1249196
OS 3.3242253 0.1119323
OS 3.322895 0.098426
OS 3.3242253 0.0849197
OS 3.3281649 0.0719324
OS 3.3345625 0.0599633
OS 3.3431723 0.0494723
OS 3.3536633 0.0408625
OS 3.3656324 0.0344649
OS 3.3786197 0.0305253
OS 3.392126 0.029195
OS 3.4056323 0.0305253
OS 3.4186196 0.0344649
OS 3.4305887 0.0408625
OS 3.4410797 0.0494723
OS 3.4496895 0.0599633
OS 3.4560871 0.0719324
OS 3.4600267 0.0849197
OS 3.461357 0.098426
OS 3.4600267 0.1119323
OS 3.4560871 0.1249196
OS 3.4496895 0.1368887
OS 3.4410797 0.1473797
OS 3.4305887 0.1559895
OS 3.4186196 0.1623871
OS 3.4056323 0.1663267
OS 3.392126 0.167657
OE
OB 1.5590551 0.4590085 H
OS 1.5521425 0.4576335
OS 1.5462822 0.4537178
OS 1.5423665 0.4478575
OS 1.5409915 0.4409449
OS 1.5423665 0.4340323
OS 1.5462822 0.428172
OS 1.5521425 0.4242563
OS 1.5590551 0.4228813
OS 1.5659677 0.4242563
OS 1.571828 0.428172
OS 1.5757437 0.4340323
OS 1.5771187 0.4409449
OS 1.5757437 0.4478575
OS 1.571828 0.4537178
OS 1.5659677 0.4576335
OS 1.5590551 0.4590085
OE
OB 3.3432674 0.5164372 H
OS 3.3363548 0.5150622
OS 3.3304945 0.5111465
OS 3.3265788 0.5052862
OS 3.3252038 0.4983736
OS 3.3265788 0.491461
OS 3.3304945 0.4856007
OS 3.3363548 0.481685
OS 3.3432674 0.48031
OS 3.35018 0.481685
OS 3.3560403 0.4856007
OS 3.359956 0.491461
OS 3.361331 0.4983736
OS 3.359956 0.5052862
OS 3.3560403 0.5111465
OS 3.35018 0.5150622
OS 3.3432674 0.5164372
OE
OB 2.1943196 0.5604467 H
OS 2.184042 0.5590936
OS 2.1744648 0.5551266
OS 2.1662406 0.548816
OS 2.15993 0.5405918
OS 2.155963 0.5310146
OS 2.1546099 0.520737
OS 2.155963 0.5104594
OS 2.15993 0.5008822
OS 2.1662406 0.492658
OS 2.1744648 0.4863474
OS 2.184042 0.4823804
OS 2.1943196 0.4810273
OS 2.2045972 0.4823804
OS 2.2141744 0.4863474
OS 2.2223986 0.492658
OS 2.2287092 0.5008822
OS 2.2326762 0.5104594
OS 2.2340293 0.520737
OS 2.2326762 0.5310146
OS 2.2287092 0.5405918
OS 2.2223986 0.548816
OS 2.2141744 0.5551266
OS 2.2045972 0.5590936
OS 2.1943196 0.5604467
OE
OB 1.9443228 0.6990886 H
OS 1.9242447 0.6975084
OS 1.904661 0.6928068
OS 1.8860538 0.6850995
OS 1.8688815 0.6745762
OS 1.8535668 0.6614962
OS 1.8404868 0.6461815
OS 1.8299635 0.6290092
OS 1.8222562 0.610402
OS 1.8175546 0.5908183
OS 1.8159744 0.5707402
OS 1.8175546 0.5506621
OS 1.8222562 0.5310784
OS 1.8299635 0.5124712
OS 1.8404868 0.4952989
OS 1.8535668 0.4799842
OS 1.8688815 0.4669042
OS 1.8860538 0.4563809
OS 1.904661 0.4486736
OS 1.9242447 0.443972
OS 1.9443228 0.4423918
OS 1.9644009 0.443972
OS 1.9839846 0.4486736
OS 2.0025918 0.4563809
OS 2.0197641 0.4669042
OS 2.0350788 0.4799842
OS 2.0481588 0.4952989
OS 2.0586821 0.5124712
OS 2.0663894 0.5310784
OS 2.071091 0.5506621
OS 2.0726712 0.5707402
OS 2.071091 0.5908183
OS 2.0663894 0.610402
OS 2.0586821 0.6290092
OS 2.0481588 0.6461815
OS 2.0350788 0.6614962
OS 2.0197641 0.6745762
OS 2.0025918 0.6850995
OS 1.9839846 0.6928068
OS 1.9644009 0.6975084
OS 1.9443228 0.6990886
OE
OB 3.4832902 0.4904426 H
OS 3.4763776 0.4890676
OS 3.4705173 0.4851519
OS 3.4666016 0.4792916
OS 3.4652266 0.472379
OS 3.4666016 0.4654664
OS 3.4705173 0.4596061
OS 3.4763776 0.4556904
OS 3.4832902 0.4543154
OS 3.4902028 0.4556904
OS 3.4960631 0.4596061
OS 3.4999788 0.4654664
OS 3.5013538 0.472379
OS 3.4999788 0.4792916
OS 3.4960631 0.4851519
OS 3.4902028 0.4890676
OS 3.4832902 0.4904426
OE
OB 2.2943196 0.6604467 H
OS 2.284042 0.6590936
OS 2.2744648 0.6551266
OS 2.2662406 0.648816
OS 2.25993 0.6405918
OS 2.255963 0.6310146
OS 2.2546099 0.620737
OS 2.255963 0.6104594
OS 2.25993 0.6008822
OS 2.2662406 0.592658
OS 2.2744648 0.5863474
OS 2.284042 0.5823804
OS 2.2943196 0.5810273
OS 2.3045972 0.5823804
OS 2.3141744 0.5863474
OS 2.3223986 0.592658
OS 2.3287092 0.6008822
OS 2.3326762 0.6104594
OS 2.3340293 0.620737
OS 2.3326762 0.6310146
OS 2.3287092 0.6405918
OS 2.3223986 0.648816
OS 2.3141744 0.6551266
OS 2.3045972 0.6590936
OS 2.2943196 0.6604467
OE
OB 3.488866 0.739213 H
OS 3.4819534 0.737838
OS 3.4760931 0.7339223
OS 3.4721774 0.728062
OS 3.4708024 0.7211494
OS 3.4721774 0.7142368
OS 3.4760931 0.7083765
OS 3.4819534 0.7044608
OS 3.488866 0.7030858
OS 3.4957786 0.7044608
OS 3.5016389 0.7083765
OS 3.5055546 0.7142368
OS 3.5069296 0.7211494
OS 3.5055546 0.728062
OS 3.5016389 0.7339223
OS 3.4957786 0.737838
OS 3.488866 0.739213
OE
OB 3.3437078 0.7582211 H
OS 3.3367952 0.7568461
OS 3.3309349 0.7529304
OS 3.3270192 0.7470701
OS 3.3256442 0.7401575
OS 3.3270192 0.7332449
OS 3.3309349 0.7273846
OS 3.3367952 0.7234689
OS 3.3437078 0.7220939
OS 3.3506204 0.7234689
OS 3.3564807 0.7273846
OS 3.3603964 0.7332449
OS 3.3617714 0.7401575
OS 3.3603964 0.7470701
OS 3.3564807 0.7529304
OS 3.3506204 0.7568461
OS 3.3437078 0.7582211
OE
OB 1.4153543 0.6931834 H
OS 1.4099778 0.6921139
OS 1.4054198 0.6890684
OS 1.4023743 0.6845104
OS 1.4013048 0.6791339
OS 1.4023743 0.6737574
OS 1.4054198 0.6691994
OS 1.4099778 0.6661539
OS 1.4153543 0.6650844
OS 1.4207308 0.6661539
OS 1.4252888 0.6691994
OS 1.4283343 0.6737574
OS 1.4294038 0.6791339
OS 1.4283343 0.6845104
OS 1.4252888 0.6890684
OS 1.4207308 0.6921139
OS 1.4153543 0.6931834
OE
OB 2.2952756 0.734599 H
OS 2.288363 0.733224
OS 2.2825027 0.7293083
OS 2.278587 0.723448
OS 2.277212 0.7165354
OS 2.278587 0.7096228
OS 2.2825027 0.7037625
OS 2.288363 0.6998468
OS 2.2952756 0.6984718
OS 2.3021882 0.6998468
OS 2.3080485 0.7037625
OS 2.3119642 0.7096228
OS 2.3133392 0.7165354
OS 2.3119642 0.723448
OS 2.3080485 0.7293083
OS 2.3021882 0.733224
OS 2.2952756 0.734599
OE
OB 3.3976378 0.758144 H
OS 3.3922613 0.7570745
OS 3.3877033 0.754029
OS 3.3846578 0.749471
OS 3.3835883 0.7440945
OS 3.3846578 0.738718
OS 3.3877033 0.73416
OS 3.3922613 0.7311145
OS 3.3976378 0.730045
OS 3.4030143 0.7311145
OS 3.4075723 0.73416
OS 3.4106178 0.738718
OS 3.4116873 0.7440945
OS 3.4106178 0.749471
OS 3.4075723 0.754029
OS 3.4030143 0.7570745
OS 3.3976378 0.758144
OE
OB 2.6574803 0.8368842 H
OS 2.6521038 0.8358147
OS 2.6475458 0.8327692
OS 2.6445003 0.8282112
OS 2.6434308 0.8228347
OS 2.6445003 0.8174582
OS 2.6475458 0.8129002
OS 2.6521038 0.8098547
OS 2.6574803 0.8087852
OS 2.6628568 0.8098547
OS 2.6674148 0.8129002
OS 2.6704603 0.8174582
OS 2.6715298 0.8228347
OS 2.6704603 0.8282112
OS 2.6674148 0.8327692
OS 2.6628568 0.8358147
OS 2.6574803 0.8368842
OE
OB 2.2372998 0.8434589 H
OS 2.2319233 0.8423894
OS 2.2273653 0.8393439
OS 2.2243198 0.8347859
OS 2.2232503 0.8294094
OS 2.2243198 0.8240329
OS 2.2273653 0.8194749
OS 2.2319233 0.8164294
OS 2.2372998 0.8153599
OS 2.2426763 0.8164294
OS 2.2472343 0.8194749
OS 2.2502798 0.8240329
OS 2.2513493 0.8294094
OS 2.2502798 0.8347859
OS 2.2472343 0.8393439
OS 2.2426763 0.8423894
OS 2.2372998 0.8434589
OE
OB 1.5635993 0.7935911 H
OS 1.5582228 0.7925216
OS 1.5536648 0.7894761
OS 1.5506193 0.7849181
OS 1.5495498 0.7795416
OS 1.5506193 0.7741651
OS 1.5536648 0.7696071
OS 1.5582228 0.7665616
OS 1.5635993 0.7654921
OS 1.5689758 0.7665616
OS 1.5735338 0.7696071
OS 1.5765793 0.7741651
OS 1.5776488 0.7795416
OS 1.5765793 0.7849181
OS 1.5735338 0.7894761
OS 1.5689758 0.7925216
OS 1.5635993 0.7935911
OE
OB 2.775585 0.8448336 H
OS 2.7686724 0.8434586
OS 2.7628121 0.8395429
OS 2.7588964 0.8336826
OS 2.7575214 0.82677
OS 2.7588964 0.8198574
OS 2.7628121 0.8139971
OS 2.7686724 0.8100814
OS 2.775585 0.8087064
OS 2.7824976 0.8100814
OS 2.7883579 0.8139971
OS 2.7922736 0.8198574
OS 2.7936486 0.82677
OS 2.7922736 0.8336826
OS 2.7883579 0.8395429
OS 2.7824976 0.8434586
OS 2.775585 0.8448336
OE
OB 1.3799886 0.6922322 H
OS 1.3746121 0.6911627
OS 1.3700541 0.6881172
OS 1.3670086 0.6835592
OS 1.3659391 0.6781827
OS 1.3670086 0.6728062
OS 1.3700541 0.6682482
OS 1.3746121 0.6652027
OS 1.3799886 0.6641332
OS 1.3853651 0.6652027
OS 1.3899231 0.6682482
OS 1.3929686 0.6728062
OS 1.3940381 0.6781827
OS 1.3929686 0.6835592
OS 1.3899231 0.6881172
OS 1.3853651 0.6911627
OS 1.3799886 0.6922322
OE
OB 2.5943196 0.6604467 H
OS 2.584042 0.6590936
OS 2.5744648 0.6551266
OS 2.5662406 0.648816
OS 2.55993 0.6405918
OS 2.555963 0.6310146
OS 2.5546099 0.620737
OS 2.555963 0.6104594
OS 2.55993 0.6008822
OS 2.5662406 0.592658
OS 2.5744648 0.5863474
OS 2.584042 0.5823804
OS 2.5943196 0.5810273
OS 2.6045972 0.5823804
OS 2.6141744 0.5863474
OS 2.6223986 0.592658
OS 2.6287092 0.6008822
OS 2.6326762 0.6104594
OS 2.6340293 0.620737
OS 2.6326762 0.6310146
OS 2.6287092 0.6405918
OS 2.6223986 0.648816
OS 2.6141744 0.6551266
OS 2.6045972 0.6590936
OS 2.5943196 0.6604467
OE
OB 2.6943196 0.6604467 H
OS 2.684042 0.6590936
OS 2.6744648 0.6551266
OS 2.6662406 0.648816
OS 2.65993 0.6405918
OS 2.655963 0.6310146
OS 2.6546099 0.620737
OS 2.655963 0.6104594
OS 2.65993 0.6008822
OS 2.6662406 0.592658
OS 2.6744648 0.5863474
OS 2.684042 0.5823804
OS 2.6943196 0.5810273
OS 2.7045972 0.5823804
OS 2.7141744 0.5863474
OS 2.7223986 0.592658
OS 2.7287092 0.6008822
OS 2.7326762 0.6104594
OS 2.7340293 0.620737
OS 2.7326762 0.6310146
OS 2.7287092 0.6405918
OS 2.7223986 0.648816
OS 2.7141744 0.6551266
OS 2.7045972 0.6590936
OS 2.6943196 0.6604467
OE
OB 2.3943196 0.6604467 H
OS 2.384042 0.6590936
OS 2.3744648 0.6551266
OS 2.3662406 0.648816
OS 2.35993 0.6405918
OS 2.355963 0.6310146
OS 2.3546099 0.620737
OS 2.355963 0.6104594
OS 2.35993 0.6008822
OS 2.3662406 0.592658
OS 2.3744648 0.5863474
OS 2.384042 0.5823804
OS 2.3943196 0.5810273
OS 2.4045972 0.5823804
OS 2.4141744 0.5863474
OS 2.4223986 0.592658
OS 2.4287092 0.6008822
OS 2.4326762 0.6104594
OS 2.4340293 0.620737
OS 2.4326762 0.6310146
OS 2.4287092 0.6405918
OS 2.4223986 0.648816
OS 2.4141744 0.6551266
OS 2.4045972 0.6590936
OS 2.3943196 0.6604467
OE
OB 2.4943196 0.6604467 H
OS 2.484042 0.6590936
OS 2.4744648 0.6551266
OS 2.4662406 0.648816
OS 2.45993 0.6405918
OS 2.455963 0.6310146
OS 2.4546099 0.620737
OS 2.455963 0.6104594
OS 2.45993 0.6008822
OS 2.4662406 0.592658
OS 2.4744648 0.5863474
OS 2.484042 0.5823804
OS 2.4943196 0.5810273
OS 2.5045972 0.5823804
OS 2.5141744 0.5863474
OS 2.5223986 0.592658
OS 2.5287092 0.6008822
OS 2.5326762 0.6104594
OS 2.5340293 0.620737
OS 2.5326762 0.6310146
OS 2.5287092 0.6405918
OS 2.5223986 0.648816
OS 2.5141744 0.6551266
OS 2.5045972 0.6590936
OS 2.4943196 0.6604467
OE
OB 2.2336896 0.660107 H
OS 2.1549496 0.660107
OS 2.1549496 0.581367
OS 2.2336896 0.581367
OS 2.2336896 0.660107
OE
OB 2.989811 0.6790836 H
OS 2.9828984 0.6777086
OS 2.9770381 0.6737929
OS 2.9731224 0.6679326
OS 2.9717474 0.66102
OS 2.9731224 0.6541074
OS 2.9770381 0.6482471
OS 2.9828984 0.6443314
OS 2.989811 0.6429564
OS 2.9967236 0.6443314
OS 3.0025839 0.6482471
OS 3.0064996 0.6541074
OS 3.0078746 0.66102
OS 3.0064996 0.6679326
OS 3.0025839 0.6737929
OS 2.9967236 0.6777086
OS 2.989811 0.6790836
OE
OB 1.507871 0.6833395 H
OS 1.5024945 0.68227
OS 1.4979365 0.6792245
OS 1.494891 0.6746665
OS 1.4938215 0.66929
OS 1.494891 0.6639135
OS 1.4979365 0.6593555
OS 1.5024945 0.65631
OS 1.507871 0.6552405
OS 1.5132475 0.65631
OS 1.5178055 0.6593555
OS 1.520851 0.6639135
OS 1.5219205 0.66929
OS 1.520851 0.6746665
OS 1.5178055 0.6792245
OS 1.5132475 0.68227
OS 1.507871 0.6833395
OE
OB 1.3976378 0.6439708 H
OS 1.3922613 0.6429013
OS 1.3877033 0.6398558
OS 1.3846578 0.6352978
OS 1.3835883 0.6299213
OS 1.3846578 0.6245448
OS 1.3877033 0.6199868
OS 1.3922613 0.6169413
OS 1.3976378 0.6158718
OS 1.4030143 0.6169413
OS 1.4075723 0.6199868
OS 1.4106178 0.6245448
OS 1.4116873 0.6299213
OS 1.4106178 0.6352978
OS 1.4075723 0.6398558
OS 1.4030143 0.6429013
OS 1.3976378 0.6439708
OE
OB 3.043 0.6790636 H
OS 3.0360874 0.6776886
OS 3.0302271 0.6737729
OS 3.0263114 0.6679126
OS 3.0249364 0.661
OS 3.0263114 0.6540874
OS 3.0302271 0.6482271
OS 3.0360874 0.6443114
OS 3.043 0.6429364
OS 3.0499126 0.6443114
OS 3.0557729 0.6482271
OS 3.0596886 0.6540874
OS 3.0610636 0.661
OS 3.0596886 0.6679126
OS 3.0557729 0.6737729
OS 3.0499126 0.6776886
OS 3.043 0.6790636
OE
OB 2.55905 1.1716046 H
OS 2.5521374 1.1702296
OS 2.5462771 1.1663139
OS 2.5423614 1.1604536
OS 2.5409864 1.153541
OS 2.5423614 1.1466284
OS 2.5462771 1.1407681
OS 2.5521374 1.1368524
OS 2.55905 1.1354774
OS 2.5659626 1.1368524
OS 2.5718229 1.1407681
OS 2.5757386 1.1466284
OS 2.5771136 1.153541
OS 2.5757386 1.1604536
OS 2.5718229 1.1663139
OS 2.5659626 1.1702296
OS 2.55905 1.1716046
OE
OB 2.2834646 1.8368841 H
OS 2.2780881 1.8358146
OS 2.2735301 1.8327691
OS 2.2704846 1.8282111
OS 2.2694151 1.8228346
OS 2.2697655 1.8210733
OS 2.2652656 1.8180666
OS 2.2652185 1.818098
OS 2.259842 1.8191675
OS 2.2544655 1.818098
OS 2.2499075 1.8150525
OS 2.246862 1.8104945
OS 2.2457925 1.805118
OS 2.246862 1.7997415
OS 2.2499075 1.7951835
OS 2.2544655 1.792138
OS 2.259842 1.7910685
OS 2.2652185 1.792138
OS 2.2697765 1.7951835
OS 2.272822 1.7997415
OS 2.2738915 1.805118
OS 2.2735411 1.8068793
OS 2.278041 1.809886
OS 2.2780881 1.8098546
OS 2.2834646 1.8087851
OS 2.2888411 1.8098546
OS 2.2933991 1.8129001
OS 2.2964446 1.8174581
OS 2.2975141 1.8228346
OS 2.2964446 1.8282111
OS 2.2933991 1.8327691
OS 2.2888411 1.8358146
OS 2.2834646 1.8368841
OE
OB 3.3705084 1.8650104 H
OS 3.3651319 1.8639409
OS 3.3605739 1.8608954
OS 3.3575284 1.8563374
OS 3.3564589 1.8509609
OS 3.3575284 1.8455844
OS 3.3605739 1.8410264
OS 3.3651319 1.8379809
OS 3.3705084 1.8369114
OS 3.3758849 1.8379809
OS 3.3804429 1.8410264
OS 3.3834884 1.8455844
OS 3.3845579 1.8509609
OS 3.3834884 1.8563374
OS 3.3804429 1.8608954
OS 3.3758849 1.8639409
OS 3.3705084 1.8650104
OE
OB 0.2037645 1.9537625 H
OS 0.1894864 1.9523562
OS 0.175757 1.9481915
OS 0.163104 1.9414283
OS 0.1520135 1.9323265
OS 0.1429117 1.921236
OS 0.1361485 1.908583
OS 0.1319838 1.8948536
OS 0.1305775 1.8805755
OS 0.1319838 1.8662974
OS 0.1361485 1.852568
OS 0.1429117 1.839915
OS 0.1520135 1.8288245
OS 0.163104 1.8197227
OS 0.175757 1.8129595
OS 0.1894864 1.8087948
OS 0.2037645 1.8073885
OS 0.2180426 1.8087948
OS 0.231772 1.8129595
OS 0.244425 1.8197227
OS 0.2555155 1.8288245
OS 0.2646173 1.839915
OS 0.2713805 1.852568
OS 0.2755452 1.8662974
OS 0.2769515 1.8805755
OS 0.2755452 1.8948536
OS 0.2713805 1.908583
OS 0.2646173 1.921236
OS 0.2555155 1.9323265
OS 0.244425 1.9414283
OS 0.231772 1.9481915
OS 0.2180426 1.9523562
OS 0.2037645 1.9537625
OE
OB 0.6537645 1.9537625 H
OS 0.6394864 1.9523562
OS 0.625757 1.9481915
OS 0.613104 1.9414283
OS 0.6020135 1.9323265
OS 0.5929117 1.921236
OS 0.5861485 1.908583
OS 0.5819838 1.8948536
OS 0.5805775 1.8805755
OS 0.5819838 1.8662974
OS 0.5861485 1.852568
OS 0.5929117 1.839915
OS 0.6020135 1.8288245
OS 0.613104 1.8197227
OS 0.625757 1.8129595
OS 0.6394864 1.8087948
OS 0.6537645 1.8073885
OS 0.6680426 1.8087948
OS 0.681772 1.8129595
OS 0.694425 1.8197227
OS 0.7055155 1.8288245
OS 0.7146173 1.839915
OS 0.7213805 1.852568
OS 0.7255452 1.8662974
OS 0.7269515 1.8805755
OS 0.7255452 1.8948536
OS 0.7213805 1.908583
OS 0.7146173 1.921236
OS 0.7055155 1.9323265
OS 0.694425 1.9414283
OS 0.681772 1.9481915
OS 0.6680426 1.9523562
OS 0.6537645 1.9537625
OE
OB 3.492126 1.8723172 H
OS 3.4867495 1.8712477
OS 3.4821915 1.8682022
OS 3.479146 1.8636442
OS 3.4780765 1.8582677
OS 3.479146 1.8528912
OS 3.4821915 1.8483332
OS 3.4867495 1.8452877
OS 3.492126 1.8442182
OS 3.4975025 1.8452877
OS 3.5020605 1.8483332
OS 3.505106 1.8528912
OS 3.5061755 1.8582677
OS 3.505106 1.8636442
OS 3.5020605 1.8682022
OS 3.4975025 1.8712477
OS 3.492126 1.8723172
OE
OB 2.731571 1.8784591 H
OS 2.7261945 1.8773896
OS 2.7216365 1.8743441
OS 2.718591 1.8697861
OS 2.7175215 1.8644096
OS 2.717666 1.8636832
OS 2.7146234 1.8579799
OS 2.7100656 1.8549345
OS 2.7099344 1.8549345
OS 2.7053765 1.85798
OS 2.7 1.8590495
OS 2.6946235 1.85798
OS 2.6901182 1.8549697
OS 2.685613 1.85798
OS 2.6802365 1.8590495
OS 2.67486 1.85798
OS 2.670394 1.854996
OS 2.6659281 1.85798
OS 2.6605516 1.8590495
OS 2.6551751 1.85798
OS 2.6507092 1.854996
OS 2.6462432 1.85798
OS 2.6408667 1.8590495
OS 2.6354902 1.85798
OS 2.6324946 1.8559784
OS 2.6290554 1.8553031
OS 2.6256162 1.8559784
OS 2.6226206 1.85798
OS 2.6172441 1.8590495
OS 2.6118676 1.85798
OS 2.6073097 1.8549345
OS 2.6035564 1.8549345
OS 2.5989985 1.85798
OS 2.593622 1.8590495
OS 2.5882455 1.85798
OS 2.5836876 1.8549345
OS 2.5799344 1.8549345
OS 2.5753765 1.85798
OS 2.57 1.8590495
OS 2.5646235 1.85798
OS 2.562058 1.8562658
OS 2.5569344 1.8549338
OS 2.5523765 1.8579793
OS 2.547 1.8590488
OS 2.5416235 1.8579793
OS 2.5406272 1.8573136
OS 2.5360636 1.8600001
OS 2.5346886 1.8669126
OS 2.5307729 1.8727729
OS 2.5249126 1.8766886
OS 2.518 1.8780636
OS 2.5110874 1.8766886
OS 2.5052271 1.8727729
OS 2.5013114 1.8669126
OS 2.4999364 1.86
OS 2.5013114 1.8530874
OS 2.5052271 1.8472271
OS 2.5110874 1.8433114
OS 2.518 1.8419364
OS 2.5249126 1.8433114
OS 2.5281465 1.8454722
OS 2.5287441 1.8454134
OS 2.5333597 1.8429421
OS 2.53402 1.8396228
OS 2.5370655 1.8350648
OS 2.5416235 1.8320193
OS 2.547 1.8309498
OS 2.5523765 1.8320193
OS 2.554942 1.8337335
OS 2.5600656 1.8350655
OS 2.5646235 1.83202
OS 2.57 1.8309505
OS 2.5753765 1.83202
OS 2.5799344 1.8350655
OS 2.5836876 1.8350655
OS 2.5882455 1.83202
OS 2.593622 1.8309505
OS 2.5989985 1.83202
OS 2.6035564 1.8350655
OS 2.6073097 1.8350655
OS 2.6118676 1.83202
OS 2.6172441 1.8309505
OS 2.6226206 1.83202
OS 2.6256162 1.8340216
OS 2.6290554 1.8346969
OS 2.6324946 1.8340216
OS 2.6354902 1.83202
OS 2.6408667 1.8309505
OS 2.6462432 1.83202
OS 2.6507092 1.835004
OS 2.6551751 1.83202
OS 2.6605516 1.8309505
OS 2.6659281 1.83202
OS 2.670394 1.835004
OS 2.67486 1.83202
OS 2.6802365 1.8309505
OS 2.685613 1.83202
OS 2.6901182 1.8350303
OS 2.6946235 1.83202
OS 2.7 1.8309505
OS 2.7053765 1.83202
OS 2.7099344 1.8350655
OS 2.7100656 1.8350655
OS 2.7146235 1.83202
OS 2.72 1.8309505
OS 2.7253765 1.83202
OS 2.7299344 1.8350655
OS 2.7300656 1.8350655
OS 2.7346235 1.83202
OS 2.74 1.8309505
OS 2.7453765 1.83202
OS 2.7499344 1.8350655
OS 2.7500656 1.8350655
OS 2.7546235 1.83202
OS 2.76 1.8309505
OS 2.7653765 1.83202
OS 2.7699345 1.8350655
OS 2.77 1.8351635
OS 2.775 1.8351635
OS 2.7750655 1.8350655
OS 2.7796235 1.83202
OS 2.785 1.8309505
OS 2.7903765 1.83202
OS 2.7949344 1.8350655
OS 2.7950656 1.8350655
OS 2.7996235 1.83202
OS 2.805 1.8309505
OS 2.8103765 1.83202
OS 2.8149345 1.8350655
OS 2.815 1.8351635
OS 2.82 1.8351635
OS 2.8200655 1.8350655
OS 2.8246235 1.83202
OS 2.83 1.8309505
OS 2.8353765 1.83202
OS 2.8399345 1.8350655
OS 2.84 1.8351635
OS 2.845 1.8351635
OS 2.8450655 1.8350655
OS 2.8496235 1.83202
OS 2.855 1.8309505
OS 2.8603765 1.83202
OS 2.8649345 1.8350655
OS 2.865 1.8351635
OS 2.87 1.8351635
OS 2.8700655 1.8350655
OS 2.8746235 1.83202
OS 2.88 1.8309505
OS 2.8853765 1.83202
OS 2.8899345 1.8350655
OS 2.89 1.8351635
OS 2.895 1.8351635
OS 2.8950655 1.8350655
OS 2.8996235 1.83202
OS 2.905 1.8309505
OS 2.9103765 1.83202
OS 2.9149345 1.8350655
OS 2.91798 1.8396235
OS 2.9185048 1.8422618
OS 2.9188606 1.842566
OS 2.9239185 1.8442003
OS 2.9267101 1.842335
OS 2.9320866 1.8412655
OS 2.9374631 1.842335
OS 2.9420211 1.8453805
OS 2.9450666 1.8499385
OS 2.9461361 1.855315
OS 2.9450666 1.8606915
OS 2.9420211 1.8652495
OS 2.9374631 1.868295
OS 2.9320866 1.8693645
OS 2.9267101 1.868295
OS 2.9221521 1.8652495
OS 2.9191066 1.8606915
OS 2.9185818 1.8580532
OS 2.918226 1.857749
OS 2.9131681 1.8561147
OS 2.9103765 1.85798
OS 2.905 1.8590495
OS 2.8996235 1.85798
OS 2.8950655 1.8549345
OS 2.895 1.8548365
OS 2.89 1.8548365
OS 2.8899345 1.8549345
OS 2.8853765 1.85798
OS 2.88 1.8590495
OS 2.8746235 1.85798
OS 2.8700655 1.8549345
OS 2.87 1.8548365
OS 2.865 1.8548365
OS 2.8649345 1.8549345
OS 2.8603765 1.85798
OS 2.855 1.8590495
OS 2.8496235 1.85798
OS 2.8450655 1.8549345
OS 2.845 1.8548365
OS 2.84 1.8548365
OS 2.8399345 1.8549345
OS 2.8353765 1.85798
OS 2.83 1.8590495
OS 2.8246235 1.85798
OS 2.8200655 1.8549345
OS 2.82 1.8548365
OS 2.815 1.8548365
OS 2.8149345 1.8549345
OS 2.8103765 1.85798
OS 2.805 1.8590495
OS 2.7996235 1.85798
OS 2.7950656 1.8549345
OS 2.7949344 1.8549345
OS 2.7903765 1.85798
OS 2.785 1.8590495
OS 2.7796235 1.85798
OS 2.7750655 1.8549345
OS 2.775 1.8548365
OS 2.77 1.8548365
OS 2.7699345 1.8549345
OS 2.7653765 1.85798
OS 2.76 1.8590495
OS 2.7546235 1.85798
OS 2.7500656 1.8549345
OS 2.7499344 1.8549345
OS 2.7453766 1.85798
OS 2.7453564 1.863082
OS 2.7456205 1.8644096
OS 2.744551 1.8697861
OS 2.7415055 1.8743441
OS 2.7369475 1.8773896
OS 2.731571 1.8784591
OE
OB 2.476378 1.8605055 H
OS 2.4710015 1.859436
OS 2.4664435 1.8563905
OS 2.4656047 1.8551352
OS 2.4595913 1.8551352
OS 2.4587525 1.8563905
OS 2.4541945 1.859436
OS 2.448818 1.8605055
OS 2.4434415 1.859436
OS 2.4388835 1.8563905
OS 2.4368329 1.8533215
OS 2.4363132 1.8531518
OS 2.4317968 1.8531518
OS 2.4312771 1.8533215
OS 2.4292265 1.8563905
OS 2.4246685 1.859436
OS 2.419292 1.8605055
OS 2.4139155 1.859436
OS 2.4093575 1.8563905
OS 2.406312 1.8518325
OS 2.4052425 1.846456
OS 2.406312 1.8410795
OS 2.4093575 1.8365215
OS 2.4139155 1.833476
OS 2.419292 1.8324065
OS 2.4246685 1.833476
OS 2.4292265 1.8365215
OS 2.4312771 1.8395905
OS 2.4317968 1.8397602
OS 2.4363132 1.8397602
OS 2.4368329 1.8395905
OS 2.4388835 1.8365215
OS 2.4434415 1.833476
OS 2.448818 1.8324065
OS 2.4541945 1.833476
OS 2.4587525 1.8365215
OS 2.4595913 1.8377768
OS 2.4656047 1.8377768
OS 2.4664435 1.8365215
OS 2.4710015 1.833476
OS 2.476378 1.8324065
OS 2.4817545 1.833476
OS 2.4863125 1.8365215
OS 2.489358 1.8410795
OS 2.4904275 1.846456
OS 2.489358 1.8518325
OS 2.4863125 1.8563905
OS 2.4817545 1.859436
OS 2.476378 1.8605055
OE
OB 3.2712124 1.8740495 H
OS 3.2658359 1.87298
OS 3.2612779 1.8699345
OS 3.2582324 1.8653765
OS 3.2571629 1.86
OS 3.2582324 1.8546235
OS 3.2612779 1.8500655
OS 3.2658359 1.84702
OS 3.2712124 1.8459505
OS 3.2765889 1.84702
OS 3.2811469 1.8500655
OS 3.2841924 1.8546235
OS 3.2852619 1.86
OS 3.2841924 1.8653765
OS 3.2811469 1.8699345
OS 3.2765889 1.87298
OS 3.2712124 1.8740495
OE
OB 0.7874016 1.8881423 H
OS 0.780489 1.8867673
OS 0.7746287 1.8828516
OS 0.770713 1.8769913
OS 0.769338 1.8700787
OS 0.770713 1.8631661
OS 0.7746287 1.8573058
OS 0.780489 1.8533901
OS 0.7874016 1.8520151
OS 0.7943142 1.8533901
OS 0.8001745 1.8573058
OS 0.8040902 1.8631661
OS 0.8054652 1.8700787
OS 0.8040902 1.8769913
OS 0.8001745 1.8828516
OS 0.7943142 1.8867673
OS 0.7874016 1.8881423
OE
OB 1.283462 1.9353826 H
OS 1.2765494 1.9340076
OS 1.2706891 1.9300919
OS 1.2667734 1.9242316
OS 1.2653984 1.917319
OS 1.2667734 1.9104064
OS 1.2706891 1.9045461
OS 1.2765494 1.9006304
OS 1.2812572 1.899694
OS 1.2849698 1.8954354
OS 1.2853278 1.8945285
OS 1.2851631 1.8937008
OS 1.2862326 1.8883243
OS 1.2892167 1.8838582
OS 1.2862326 1.8793922
OS 1.2851631 1.8740157
OS 1.2862326 1.8686392
OS 1.2892166 1.8641732
OS 1.2862326 1.8597072
OS 1.2851631 1.8543307
OS 1.2862326 1.8489542
OS 1.2892166 1.8444882
OS 1.2862326 1.8400222
OS 1.2851631 1.8346457
OS 1.2862326 1.8292692
OS 1.2892167 1.8248032
OS 1.2862326 1.8203371
OS 1.2851631 1.8149606
OS 1.2862326 1.8095841
OS 1.2892781 1.8050261
OS 1.2938361 1.8019806
OS 1.2992126 1.8009111
OS 1.3045891 1.8019806
OS 1.3091471 1.8050261
OS 1.3121926 1.8095841
OS 1.3132621 1.8149606
OS 1.3121926 1.8203371
OS 1.3092085 1.8248032
OS 1.3121926 1.8292692
OS 1.3132621 1.8346457
OS 1.3121926 1.8400222
OS 1.3092086 1.8444882
OS 1.3121926 1.8489542
OS 1.3132621 1.8543307
OS 1.3121926 1.8597072
OS 1.3092086 1.8641732
OS 1.3121926 1.8686392
OS 1.3132621 1.8740157
OS 1.3121926 1.8793922
OS 1.3092085 1.8838582
OS 1.3121926 1.8883243
OS 1.3132621 1.8937008
OS 1.3121926 1.8990773
OS 1.3091471 1.9036353
OS 1.3045891 1.9066808
OS 1.303782 1.9068413
OS 1.3001506 1.9104065
OS 1.3015256 1.917319
OS 1.3001506 1.9242316
OS 1.2962349 1.9300919
OS 1.2903746 1.9340076
OS 1.283462 1.9353826
OE
OB 0.267544 1.7588713 H
OS 0.2571636 1.7575047
OS 0.2474906 1.753498
OS 0.2391842 1.7471243
OS 0.2328105 1.7388179
OS 0.2288038 1.7291449
OS 0.2274372 1.7187645
OS 0.2288038 1.7083841
OS 0.2328105 1.6987111
OS 0.2391842 1.6904047
OS 0.2474906 1.684031
OS 0.2571636 1.6800243
OS 0.267544 1.6786577
OS 0.2779244 1.6800243
OS 0.2875974 1.684031
OS 0.2959038 1.6904047
OS 0.3022775 1.6987111
OS 0.3062842 1.7083841
OS 0.3076508 1.7187645
OS 0.3062842 1.7291449
OS 0.3022775 1.7388179
OS 0.2959038 1.7471243
OS 0.2875974 1.753498
OS 0.2779244 1.7575047
OS 0.267544 1.7588713
OE
OB 0.589985 1.7588713 H
OS 0.5796046 1.7575047
OS 0.5699316 1.753498
OS 0.5616252 1.7471243
OS 0.5552515 1.7388179
OS 0.5512448 1.7291449
OS 0.5498782 1.7187645
OS 0.5512448 1.7083841
OS 0.5552515 1.6987111
OS 0.5616252 1.6904047
OS 0.5699316 1.684031
OS 0.5796046 1.6800243
OS 0.589985 1.6786577
OS 0.6003654 1.6800243
OS 0.6100384 1.684031
OS 0.6183448 1.6904047
OS 0.6247185 1.6987111
OS 0.6287252 1.7083841
OS 0.6300918 1.7187645
OS 0.6287252 1.7291449
OS 0.6247185 1.7388179
OS 0.6183448 1.7471243
OS 0.6100384 1.753498
OS 0.6003654 1.7575047
OS 0.589985 1.7588713
OE
OB 1.648 1.6970495 H
OS 1.6426235 1.69598
OS 1.6380655 1.6929345
OS 1.63502 1.6883765
OS 1.6339505 1.683
OS 1.63502 1.6776235
OS 1.6380655 1.6730655
OS 1.6426235 1.67002
OS 1.648 1.6689505
OS 1.6533765 1.67002
OS 1.6579345 1.6730655
OS 1.66098 1.6776235
OS 1.6620495 1.683
OS 1.66098 1.6883765
OS 1.6579345 1.6929345
OS 1.6533765 1.69598
OS 1.648 1.6970495
OE
OB 0.167544 1.7588713 H
OS 0.1571636 1.7575047
OS 0.1474906 1.753498
OS 0.1391842 1.7471243
OS 0.1328105 1.7388179
OS 0.1288038 1.7291449
OS 0.1274372 1.7187645
OS 0.1288038 1.7083841
OS 0.1328105 1.6987111
OS 0.1391842 1.6904047
OS 0.1474906 1.684031
OS 0.1571636 1.6800243
OS 0.167544 1.6786577
OS 0.1779244 1.6800243
OS 0.1875974 1.684031
OS 0.1959038 1.6904047
OS 0.2022775 1.6987111
OS 0.2062842 1.7083841
OS 0.2076508 1.7187645
OS 0.2062842 1.7291449
OS 0.2022775 1.7388179
OS 0.1959038 1.7471243
OS 0.1875974 1.753498
OS 0.1779244 1.7575047
OS 0.167544 1.7588713
OE
OB 0.689985 1.7588713 H
OS 0.6796046 1.7575047
OS 0.6699316 1.753498
OS 0.6616252 1.7471243
OS 0.6552515 1.7388179
OS 0.6512448 1.7291449
OS 0.6498782 1.7187645
OS 0.6512448 1.7083841
OS 0.6552515 1.6987111
OS 0.6616252 1.6904047
OS 0.6699316 1.684031
OS 0.6796046 1.6800243
OS 0.689985 1.6786577
OS 0.7003654 1.6800243
OS 0.7100384 1.684031
OS 0.7183448 1.6904047
OS 0.7247185 1.6987111
OS 0.7287252 1.7083841
OS 0.7300918 1.7187645
OS 0.7287252 1.7291449
OS 0.7247185 1.7388179
OS 0.7183448 1.7471243
OS 0.7100384 1.753498
OS 0.7003654 1.7575047
OS 0.689985 1.7588713
OE
OB 1.234 1.8000495 H
OS 1.2286235 1.79898
OS 1.2240655 1.7959345
OS 1.22102 1.7913765
OS 1.2199505 1.786
OS 1.22102 1.7806235
OS 1.2240655 1.7760655
OS 1.2286235 1.77302
OS 1.234 1.7719505
OS 1.2393765 1.77302
OS 1.2439345 1.7760655
OS 1.24698 1.7806235
OS 1.2480495 1.786
OS 1.24698 1.7913765
OS 1.2439345 1.7959345
OS 1.2393765 1.79898
OS 1.234 1.8000495
OE
OB 1.341 1.8090495 H
OS 1.3356235 1.80798
OS 1.3310655 1.8049345
OS 1.32802 1.8003765
OS 1.3269505 1.795
OS 1.32802 1.7896235
OS 1.3310655 1.7850655
OS 1.3356235 1.78202
OS 1.341 1.7809505
OS 1.3463765 1.78202
OS 1.3509345 1.7850655
OS 1.35398 1.7896235
OS 1.3550495 1.795
OS 1.35398 1.8003765
OS 1.3509345 1.8049345
OS 1.3463765 1.80798
OS 1.341 1.8090495
OE
OB 1.950788 1.8782235 H
OS 1.9454115 1.877154
OS 1.9408535 1.8741085
OS 1.937808 1.8695505
OS 1.9367385 1.864174
OS 1.937808 1.8587975
OS 1.9408535 1.8542395
OS 1.9454115 1.851194
OS 1.950788 1.8501245
OS 1.9561645 1.851194
OS 1.9573368 1.8519773
OS 1.9575019 1.8520228
OS 1.9625054 1.8522701
OS 1.9642972 1.851073
OS 1.9642977 1.8510726
OS 1.9670635 1.8492247
OS 1.97244 1.8481552
OS 1.9778165 1.8492247
OS 1.9817899 1.8518796
OS 1.9841595 1.8483332
OS 1.9887175 1.8452877
OS 1.994094 1.8442182
OS 1.9994705 1.8452877
OS 2.0034439 1.8479426
OS 2.0058135 1.8443962
OS 2.0103715 1.8413507
OS 2.015748 1.8402812
OS 2.0211245 1.8413507
OS 2.0250979 1.8440056
OS 2.0274675 1.8404592
OS 2.0320255 1.8374137
OS 2.037402 1.8363442
OS 2.0427785 1.8374137
OS 2.0467518 1.8400685
OS 2.0491215 1.836522
OS 2.0536795 1.8334765
OS 2.059056 1.832407
OS 2.0644325 1.8334765
OS 2.068405 1.8361308
OS 2.0707735 1.832586
OS 2.0753315 1.8295405
OS 2.080708 1.828471
OS 2.0860845 1.8295405
OS 2.0900575 1.8321951
OS 2.0924275 1.828648
OS 2.0969855 1.8256025
OS 2.102362 1.824533
OS 2.1077385 1.8256025
OS 2.1117124 1.8282577
OS 2.1140815 1.824712
OS 2.1186395 1.8216665
OS 2.124016 1.820597
OS 2.1293925 1.8216665
OS 2.1333655 1.8243211
OS 2.1357355 1.820774
OS 2.1402935 1.8177285
OS 2.14567 1.816659
OS 2.1510465 1.8177285
OS 2.155019 1.8203828
OS 2.1573875 1.816838
OS 2.1619455 1.8137925
OS 2.167322 1.812723
OS 2.1726985 1.8137925
OS 2.1766715 1.8164471
OS 2.1790415 1.8129
OS 2.1835995 1.8098545
OS 2.188976 1.808785
OS 2.1907262 1.8091332
OS 2.195682 1.8098482
OS 2.1987275 1.8052903
OS 2.2032855 1.8022448
OS 2.2057669 1.8017512
OS 2.2093309 1.7997813
OS 2.2108952 1.7965215
OS 2.2114294 1.7938361
OS 2.2144749 1.7892781
OS 2.2178113 1.7870488
OS 2.2190328 1.7862325
OS 2.2193705 1.7810674
OS 2.2193035 1.7809671
OS 2.218234 1.7755906
OS 2.2193035 1.7702141
OS 2.222349 1.7656561
OS 2.226907 1.7626106
OS 2.2311445 1.7617677
OS 2.2317961 1.7609461
OS 2.232879 1.7585949
OS 2.2332741 1.7566402
OS 2.2311145 1.753408
OS 2.230045 1.7480315
OS 2.2311145 1.742655
OS 2.23416 1.738097
OS 2.238718 1.7350515
OS 2.2440945 1.733982
OS 2.249471 1.7350515
OS 2.254029 1.738097
OS 2.2570745 1.742655
OS 2.258144 1.7480315
OS 2.2570745 1.753408
OS 2.254029 1.757966
OS 2.249471 1.7610115
OS 2.2452335 1.7618544
OS 2.2445819 1.762676
OS 2.243499 1.7650272
OS 2.2431039 1.7669819
OS 2.2452635 1.7702141
OS 2.246333 1.7755906
OS 2.2452635 1.7809671
OS 2.242218 1.7855251
OS 2.2388816 1.7877544
OS 2.2376601 1.7885707
OS 2.2373224 1.7937358
OS 2.2373894 1.7938361
OS 2.2384589 1.7992126
OS 2.2373894 1.8045891
OS 2.2343439 1.8091471
OS 2.2297859 1.8121926
OS 2.2273045 1.8126862
OS 2.2237405 1.8146561
OS 2.2221762 1.8179159
OS 2.221642 1.8206013
OS 2.2185965 1.8251593
OS 2.2140385 1.8282048
OS 2.208662 1.8292743
OS 2.2032856 1.8282048
OS 2.1995914 1.83175
OS 2.1989105 1.832769
OS 2.1943525 1.8358145
OS 2.188976 1.836884
OS 2.1835995 1.8358145
OS 2.1796265 1.8331599
OS 2.1772565 1.836707
OS 2.1726985 1.8397525
OS 2.167322 1.840822
OS 2.1619455 1.8397525
OS 2.157973 1.8370982
OS 2.1556045 1.840643
OS 2.1510465 1.8436885
OS 2.14567 1.844758
OS 2.1402935 1.8436885
OS 2.1363205 1.8410339
OS 2.1339505 1.844581
OS 2.1293925 1.8476265
OS 2.124016 1.848696
OS 2.1186395 1.8476265
OS 2.1146656 1.8449713
OS 2.1122965 1.848517
OS 2.1077385 1.8515625
OS 2.102362 1.852632
OS 2.0969855 1.8515625
OS 2.0930125 1.8489079
OS 2.0906425 1.852455
OS 2.0860845 1.8555005
OS 2.080708 1.85657
OS 2.0753315 1.8555005
OS 2.071359 1.8528462
OS 2.0689905 1.856391
OS 2.0644325 1.8594365
OS 2.059056 1.860506
OS 2.0536795 1.8594365
OS 2.0497062 1.8567817
OS 2.0473365 1.8603282
OS 2.0427785 1.8633737
OS 2.037402 1.8644432
OS 2.0320255 1.8633737
OS 2.0280521 1.8607188
OS 2.0256825 1.8642652
OS 2.0211245 1.8673107
OS 2.015748 1.8683802
OS 2.0103715 1.8673107
OS 2.0063981 1.8646558
OS 2.0040285 1.8682022
OS 1.9994705 1.8712477
OS 1.994094 1.8723172
OS 1.9887175 1.8712477
OS 1.9847441 1.8685928
OS 1.9823745 1.8721392
OS 1.9778165 1.8751847
OS 1.97244 1.8762542
OS 1.9670635 1.8751847
OS 1.9658308 1.8743611
OS 1.9607225 1.8741086
OS 1.9589302 1.875306
OS 1.9561645 1.877154
OS 1.950788 1.8782235
OE
OB 2.417323 1.7994824 H
OS 2.4119465 1.7984129
OS 2.4073885 1.7953674
OS 2.404343 1.7908094
OS 2.4032735 1.7854329
OS 2.404343 1.7800564
OS 2.4073885 1.7754984
OS 2.4119465 1.7724529
OS 2.417323 1.7713834
OS 2.4226995 1.7724529
OS 2.4272575 1.7754984
OS 2.430303 1.7800564
OS 2.4313725 1.7854329
OS 2.430303 1.7908094
OS 2.4272575 1.7953674
OS 2.4226995 1.7984129
OS 2.417323 1.7994824
OE
OB 3.0376022 1.8680636 H
OS 3.0306896 1.8666886
OS 3.0248293 1.8627729
OS 3.0233409 1.8605454
OS 3.0177355 1.8599345
OS 3.0131776 1.86298
OS 3.0078011 1.8640495
OS 3.0024246 1.86298
OS 2.9978667 1.8599345
OS 2.9922613 1.8605454
OS 2.9907729 1.8627729
OS 2.9849126 1.8666886
OS 2.978 1.8680636
OS 2.9710874 1.8666886
OS 2.9652271 1.8627729
OS 2.9613114 1.8569126
OS 2.9599364 1.85
OS 2.9613114 1.8430874
OS 2.9652271 1.8372271
OS 2.9710874 1.8333114
OS 2.978 1.8319364
OS 2.9849126 1.8333114
OS 2.9907729 1.8372271
OS 2.9922613 1.8394546
OS 2.9978667 1.8400655
OS 3.0024246 1.83702
OS 3.0078011 1.8359505
OS 3.0131776 1.83702
OS 3.0177355 1.8400655
OS 3.0233409 1.8394546
OS 3.0248293 1.8372271
OS 3.0306896 1.8333114
OS 3.0376022 1.8319364
OS 3.0445148 1.8333114
OS 3.0503751 1.8372271
OS 3.0517579 1.8392966
OS 3.0569947 1.8404592
OS 3.0615526 1.8374137
OS 3.0669291 1.8363442
OS 3.0723056 1.8374137
OS 3.0768636 1.8404592
OS 3.0799091 1.8450172
OS 3.0809786 1.8503937
OS 3.0799091 1.8557702
OS 3.0768636 1.8603282
OS 3.0723056 1.8633737
OS 3.0669291 1.8644432
OS 3.0615526 1.8633737
OS 3.0569947 1.8603282
OS 3.0514949 1.8610971
OS 3.0503751 1.8627729
OS 3.0445148 1.8666886
OS 3.0376022 1.8680636
OE
OB 1.482284 2.0711355 H
OS 1.4769075 2.070066
OS 1.4723495 2.0670205
OS 1.469304 2.0624625
OS 1.4682345 2.057086
OS 1.469304 2.0517095
OS 1.4723495 2.0471515
OS 1.4769075 2.044106
OS 1.4822839 2.0430365
OS 1.4822499 2.0405532
OS 1.4820145 2.03937
OS 1.483084 2.0339935
OS 1.4861295 2.0294355
OS 1.4906875 2.02639
OS 1.4912239 2.0262833
OS 1.4957924 2.023622
OS 1.496862 2.0182455
OS 1.4999075 2.0136875
OS 1.5044655 2.010642
OS 1.5098419 2.0095725
OS 1.5143979 2.0053808
OS 1.51458 2.0044655
OS 1.5176255 1.9999075
OS 1.5221835 1.996862
OS 1.52756 1.9957925
OS 1.5329365 1.996862
OS 1.536909 1.9995163
OS 1.5392775 1.9959715
OS 1.5438355 1.992926
OS 1.549212 1.9918565
OS 1.5545885 1.992926
OS 1.5585615 1.9955806
OS 1.5609315 1.9920335
OS 1.5654895 1.988988
OS 1.570866 1.9879185
OS 1.5762425 1.988988
OS 1.5802164 1.9916432
OS 1.5825855 1.9880975
OS 1.5871435 1.985052
OS 1.59252 1.9839825
OS 1.5978965 1.985052
OS 1.6018695 1.9877066
OS 1.6042395 1.9841595
OS 1.6087975 1.981114
OS 1.614174 1.9800445
OS 1.6195505 1.981114
OS 1.623523 1.9837683
OS 1.6258915 1.9802235
OS 1.6304495 1.977178
OS 1.635826 1.9761085
OS 1.6412025 1.977178
OS 1.6451755 1.9798326
OS 1.6475455 1.9762855
OS 1.6521035 1.97324
OS 1.65748 1.9721705
OS 1.6628565 1.97324
OS 1.6668304 1.9758952
OS 1.6691995 1.9723495
OS 1.6737575 1.969304
OS 1.679134 1.9682345
OS 1.6845105 1.969304
OS 1.6884835 1.9719586
OS 1.6908535 1.9684115
OS 1.6954115 1.965366
OS 1.700788 1.9642965
OS 1.7061645 1.965366
OS 1.710137 1.9680203
OS 1.7125055 1.9644755
OS 1.7170635 1.96143
OS 1.72244 1.9603605
OS 1.7278165 1.96143
OS 1.7317895 1.9640846
OS 1.7341595 1.9605375
OS 1.7387175 1.957492
OS 1.744094 1.9564225
OS 1.7494705 1.957492
OS 1.7534444 1.9601472
OS 1.7558135 1.9566015
OS 1.7603715 1.953556
OS 1.765748 1.9524865
OS 1.7711245 1.953556
OS 1.7727545 1.9546451
OS 1.7774636 1.9565975
OS 1.7820215 1.953552
OS 1.787398 1.9524825
OS 1.7909954 1.9531981
OS 1.7933446 1.9532385
OS 1.7977117 1.9508374
OS 1.7991215 1.9487275
OS 1.8036795 1.945682
OS 1.809056 1.9446125
OS 1.8144325 1.945682
OS 1.8189904 1.9487275
OS 1.8194572 1.9487275
OS 1.8207735 1.9467575
OS 1.8253315 1.943712
OS 1.830708 1.9426425
OS 1.8360845 1.943712
OS 1.8400584 1.9463672
OS 1.8424275 1.9428215
OS 1.8469855 1.939776
OS 1.852362 1.9387065
OS 1.8577385 1.939776
OS 1.8617115 1.9424306
OS 1.8640815 1.9388835
OS 1.8686395 1.935838
OS 1.874016 1.9347685
OS 1.8793925 1.935838
OS 1.8810953 1.9369758
OS 1.8837655 1.9329795
OS 1.8883235 1.929934
OS 1.8937 1.9288645
OS 1.8990765 1.929934
OS 1.9007065 1.9310231
OS 1.9054156 1.9329755
OS 1.9099735 1.92993
OS 1.9143011 1.9290692
OS 1.9156974 1.928506
OS 1.919532 1.9245944
OS 1.92009 1.9217895
OS 1.9231355 1.9172315
OS 1.9276935 1.914186
OS 1.93307 1.9131165
OS 1.9384465 1.914186
OS 1.9430045 1.9172315
OS 1.94605 1.9217895
OS 1.9471195 1.927166
OS 1.94605 1.9325425
OS 1.9430045 1.9371005
OS 1.9384465 1.940146
OS 1.9341189 1.9410068
OS 1.9327226 1.94157
OS 1.928888 1.9454816
OS 1.92833 1.9482865
OS 1.9252845 1.9528445
OS 1.9207265 1.95589
OS 1.91535 1.9569595
OS 1.9099735 1.95589
OS 1.9083435 1.9548009
OS 1.9036344 1.9528485
OS 1.8990765 1.955894
OS 1.8937 1.9569635
OS 1.8883235 1.955894
OS 1.8866207 1.9547562
OS 1.8839505 1.9587525
OS 1.8793925 1.961798
OS 1.874016 1.9628675
OS 1.8686395 1.961798
OS 1.8646665 1.9591434
OS 1.8622965 1.9626905
OS 1.8577385 1.965736
OS 1.852362 1.9668055
OS 1.8469855 1.965736
OS 1.8430116 1.9630808
OS 1.8406425 1.9666265
OS 1.8360845 1.969672
OS 1.830708 1.9707415
OS 1.8253315 1.969672
OS 1.8207736 1.9666265
OS 1.8203068 1.9666265
OS 1.8189905 1.9685965
OS 1.8144325 1.971642
OS 1.809056 1.9727115
OS 1.8054586 1.9719959
OS 1.8031094 1.9719555
OS 1.7987423 1.9743566
OS 1.7973325 1.9764665
OS 1.7927745 1.979512
OS 1.787398 1.9805815
OS 1.7820215 1.979512
OS 1.7803915 1.9784229
OS 1.7756824 1.9764705
OS 1.7711245 1.979516
OS 1.765748 1.9805855
OS 1.7603715 1.979516
OS 1.7563976 1.9768608
OS 1.7540285 1.9804065
OS 1.7494705 1.983452
OS 1.744094 1.9845215
OS 1.7387175 1.983452
OS 1.7347445 1.9807974
OS 1.7323745 1.9843445
OS 1.7278165 1.98739
OS 1.72244 1.9884595
OS 1.7170635 1.98739
OS 1.713091 1.9847357
OS 1.7107225 1.9882805
OS 1.7061645 1.991326
OS 1.700788 1.9923955
OS 1.6954115 1.991326
OS 1.6914385 1.9886714
OS 1.6890685 1.9922185
OS 1.6845105 1.995264
OS 1.679134 1.9963335
OS 1.6737575 1.995264
OS 1.6697836 1.9926088
OS 1.6674145 1.9961545
OS 1.6628565 1.9992
OS 1.65748 2.0002695
OS 1.6521035 1.9992
OS 1.6481305 1.9965454
OS 1.6457605 2.0000925
OS 1.6412025 2.003138
OS 1.635826 2.0042075
OS 1.6304495 2.003138
OS 1.626477 2.0004837
OS 1.6241085 2.0040285
OS 1.6195505 2.007074
OS 1.614174 2.0081435
OS 1.6087975 2.007074
OS 1.6048245 2.0044194
OS 1.6024545 2.0079665
OS 1.5978965 2.011012
OS 1.59252 2.0120815
OS 1.5871435 2.011012
OS 1.5831696 2.0083568
OS 1.5808005 2.0119025
OS 1.5762425 2.014948
OS 1.570866 2.0160175
OS 1.5654895 2.014948
OS 1.5615165 2.0122934
OS 1.5591465 2.0158405
OS 1.5545885 2.018886
OS 1.549212 2.0199555
OS 1.5438355 2.018886
OS 1.539863 2.0162317
OS 1.5374945 2.0197765
OS 1.5329365 2.022822
OS 1.5275601 2.0238915
OS 1.5230041 2.0280832
OS 1.522822 2.0289985
OS 1.5197765 2.0335565
OS 1.5152185 2.036602
OS 1.5146821 2.0367087
OS 1.5101136 2.03937
OS 1.509044 2.0447465
OS 1.5059985 2.0493045
OS 1.5014405 2.05235
OS 1.4960641 2.0534195
OS 1.4960981 2.0559028
OS 1.4963335 2.057086
OS 1.495264 2.0624625
OS 1.4922185 2.0670205
OS 1.4876605 2.070066
OS 1.482284 2.0711355
OE
OB 1.307 2.0700495 H
OS 1.3016235 2.06898
OS 1.2970655 2.0659345
OS 1.29402 2.0613765
OS 1.2929505 2.056
OS 1.29402 2.0506235
OS 1.2970655 2.0460655
OS 1.3016235 2.04302
OS 1.307 2.0419505
OS 1.3123765 2.04302
OS 1.3126703 2.0432163
OS 1.3162752 2.0396115
OS 1.31576 2.0388405
OS 1.3146905 2.033464
OS 1.3154808 2.0294909
OS 1.3135214 2.024792
OS 1.3089635 2.0217465
OS 1.305918 2.0171885
OS 1.3048485 2.011812
OS 1.305918 2.0064355
OS 1.3089635 2.0018775
OS 1.3135215 1.998832
OS 1.3174457 1.9980514
OS 1.3166585 1.994094
OS 1.3174453 1.9901385
OS 1.3135215 1.989358
OS 1.3089635 1.9863125
OS 1.305918 1.9817545
OS 1.3048485 1.976378
OS 1.305918 1.9710015
OS 1.3089635 1.9664435
OS 1.3135215 1.963398
OS 1.3174453 1.9626175
OS 1.3166585 1.958662
OS 1.317728 1.9532855
OS 1.3207735 1.9487275
OS 1.3253314 1.945682
OS 1.3267656 1.9402987
OS 1.3265025 1.938976
OS 1.327572 1.9335995
OS 1.3306175 1.9290415
OS 1.3351755 1.925996
OS 1.340552 1.9249265
OS 1.3459285 1.925996
OS 1.3504865 1.9290415
OS 1.353532 1.9335995
OS 1.3546015 1.938976
OS 1.353532 1.9443525
OS 1.3504865 1.9489105
OS 1.3459286 1.951956
OS 1.3444944 1.9573393
OS 1.3447575 1.958662
OS 1.343688 1.9640385
OS 1.3406425 1.9685965
OS 1.3360845 1.971642
OS 1.3321607 1.9724225
OS 1.3329475 1.976378
OS 1.3321607 1.9803335
OS 1.3360845 1.981114
OS 1.3406425 1.9841595
OS 1.343688 1.9887175
OS 1.3447575 1.994094
OS 1.343688 1.9994705
OS 1.3406425 2.0040285
OS 1.3360845 2.007074
OS 1.3321603 2.0078546
OS 1.3329475 2.011812
OS 1.3321572 2.0157851
OS 1.3341166 2.020484
OS 1.3386745 2.0235295
OS 1.34172 2.0280875
OS 1.3427895 2.033464
OS 1.34172 2.0388405
OS 1.3386745 2.0433985
OS 1.3341165 2.046444
OS 1.32874 2.0475135
OS 1.3233635 2.046444
OS 1.3230697 2.0462477
OS 1.3194648 2.0498525
OS 1.31998 2.0506235
OS 1.3210495 2.056
OS 1.31998 2.0613765
OS 1.3169345 2.0659345
OS 1.3123765 2.06898
OS 1.307 2.0700495
OE
OB 2.476378 1.9628684 H
OS 2.4710015 1.9617989
OS 2.4664435 1.9587534
OS 2.463398 1.9541954
OS 2.4623285 1.9488189
OS 2.463398 1.9434424
OS 2.4663088 1.939086
OS 2.4669837 1.9377657
OS 2.4669837 1.9342812
OS 2.4663088 1.9329609
OS 2.463398 1.9286045
OS 2.4623285 1.923228
OS 2.463398 1.9178515
OS 2.4664435 1.9132935
OS 2.4710015 1.910248
OS 2.476378 1.9091785
OS 2.4817545 1.910248
OS 2.486221 1.9132324
OS 2.4906875 1.910248
OS 2.496064 1.9091785
OS 2.5014405 1.910248
OS 2.5059985 1.9132935
OS 2.509044 1.9178515
OS 2.5101135 1.923228
OS 2.509044 1.9286045
OS 2.5059985 1.9331625
OS 2.5014405 1.936208
OS 2.496064 1.9372775
OS 2.4906875 1.936208
OS 2.4895899 1.9354746
OS 2.4863332 1.938863
OS 2.4864472 1.939086
OS 2.489358 1.9434424
OS 2.4904275 1.9488189
OS 2.489358 1.9541954
OS 2.4863125 1.9587534
OS 2.4817545 1.9617989
OS 2.476378 1.9628684
OE
OB 2.337 1.9400495 H
OS 2.3316235 1.93898
OS 2.3270655 1.9359345
OS 2.32402 1.9313765
OS 2.3229505 1.926
OS 2.32402 1.9206235
OS 2.3270655 1.9160655
OS 2.3316235 1.91302
OS 2.337 1.9119505
OS 2.3423765 1.91302
OS 2.3469345 1.9160655
OS 2.34998 1.9206235
OS 2.3510495 1.926
OS 2.34998 1.9313765
OS 2.3469345 1.9359345
OS 2.3423765 1.93898
OS 2.337 1.9400495
OE
OB 2.43504 1.9372775 H
OS 2.4296635 1.936208
OS 2.4280289 1.9351158
OS 2.424213 1.9335328
OS 2.4203971 1.9351158
OS 2.4187625 1.936208
OS 2.413386 1.9372775
OS 2.4080095 1.936208
OS 2.4034515 1.9331625
OS 2.400406 1.9286045
OS 2.3993365 1.923228
OS 2.400406 1.9178515
OS 2.4034515 1.9132935
OS 2.4080095 1.910248
OS 2.413386 1.9091785
OS 2.4187625 1.910248
OS 2.4203971 1.9113402
OS 2.424213 1.9129232
OS 2.4280289 1.9113402
OS 2.4296635 1.910248
OS 2.43504 1.9091785
OS 2.4404165 1.910248
OS 2.4449745 1.9132935
OS 2.44802 1.9178515
OS 2.4490895 1.923228
OS 2.44802 1.9286045
OS 2.4449745 1.9331625
OS 2.4404165 1.936208
OS 2.43504 1.9372775
OE
OB 0.7388039 2.0913043 H
OS 0.7239013 2.0893423
OS 0.7100143 2.0835901
OS 0.6980893 2.0744397
OS 0.6889389 2.0625147
OS 0.6831867 2.0486277
OS 0.6812247 2.0337251
OS 0.6831867 2.0188225
OS 0.6889389 2.0049355
OS 0.6980893 1.9930105
OS 0.7100143 1.9838601
OS 0.7239013 1.9781079
OS 0.7388039 1.9761459
OS 0.7537065 1.9781079
OS 0.7675935 1.9838601
OS 0.7795185 1.9930105
OS 0.7886689 2.0049355
OS 0.7944211 2.0188225
OS 0.7963831 2.0337251
OS 0.7944211 2.0486277
OS 0.7886689 2.0625147
OS 0.7795185 2.0744397
OS 0.7675935 2.0835901
OS 0.7537065 2.0893423
OS 0.7388039 2.0913043
OE
OB 2.616 2.0440495 H
OS 2.6106235 2.04298
OS 2.6060655 2.0399345
OS 2.60302 2.0353765
OS 2.6019505 2.03
OS 2.60302 2.0246235
OS 2.6060655 2.0200655
OS 2.6063536 2.019873
OS 2.606309 2.0138893
OS 2.60402 2.0104635
OS 2.6029505 2.005087
OS 2.60402 1.9997105
OS 2.6070655 1.9951525
OS 2.6116235 1.992107
OS 2.617 1.9910375
OS 2.6223765 1.992107
OS 2.6269345 1.9951525
OS 2.62998 1.9997105
OS 2.6310495 2.005087
OS 2.62998 2.0104635
OS 2.6269345 2.0150215
OS 2.6266464 2.015214
OS 2.626691 2.0211977
OS 2.62898 2.0246235
OS 2.6300495 2.03
OS 2.62898 2.0353765
OS 2.6259345 2.0399345
OS 2.6213765 2.04298
OS 2.616 2.0440495
OE
OB 1.085395 1.9643672 H
OS 1.0800185 1.9632977
OS 1.0754605 1.9602522
OS 1.072415 1.9556942
OS 1.0720723 1.9539713
OS 1.0669291 1.9549944
OS 1.0615526 1.9539249
OS 1.0589372 1.9521774
OS 1.0571765 1.9548125
OS 1.0526185 1.957858
OS 1.047242 1.9589275
OS 1.0418655 1.957858
OS 1.0373075 1.9548125
OS 1.034262 1.9502545
OS 1.0331925 1.944878
OS 1.034262 1.9395015
OS 1.0373075 1.9349435
OS 1.0418655 1.931898
OS 1.047242 1.9308285
OS 1.0526185 1.931898
OS 1.0552339 1.9336455
OS 1.0569946 1.9310104
OS 1.0615526 1.9279649
OS 1.0669291 1.9268954
OS 1.069825 1.9274715
OS 1.0728318 1.9229716
OS 1.0726499 1.9226993
OS 1.0715804 1.9173228
OS 1.0726499 1.9119463
OS 1.0756954 1.9073883
OS 1.0802534 1.9043428
OS 1.0856299 1.9032733
OS 1.0910064 1.9043428
OS 1.0955644 1.9073883
OS 1.0986099 1.9119463
OS 1.0996794 1.9173228
OS 1.0986099 1.9226993
OS 1.0955644 1.9272573
OS 1.0910064 1.9303028
OS 1.0874926 1.9310018
OS 1.0850858 1.9353204
OS 1.0849625 1.936215
OS 1.0850446 1.9363379
OS 1.085395 1.9362682
OS 1.0907715 1.9373377
OS 1.0953295 1.9403832
OS 1.098375 1.9449412
OS 1.0994445 1.9503177
OS 1.098375 1.9556942
OS 1.0953295 1.9602522
OS 1.0907715 1.9632977
OS 1.085395 1.9643672
OE
OB 0.1187251 2.0913043 H
OS 0.1038225 2.0893423
OS 0.0899355 2.0835901
OS 0.0780105 2.0744397
OS 0.0688601 2.0625147
OS 0.0631079 2.0486277
OS 0.0611459 2.0337251
OS 0.0631079 2.0188225
OS 0.0688601 2.0049355
OS 0.0780105 1.9930105
OS 0.0899355 1.9838601
OS 0.1038225 1.9781079
OS 0.1187251 1.9761459
OS 0.1336277 1.9781079
OS 0.1475147 1.9838601
OS 0.1594397 1.9930105
OS 0.1685901 2.0049355
OS 0.1743423 2.0188225
OS 0.1763043 2.0337251
OS 0.1743423 2.0486277
OS 0.1685901 2.0625147
OS 0.1594397 2.0744397
OS 0.1475147 2.0835901
OS 0.1336277 2.0893423
OS 0.1187251 2.0913043
OE
OB 2.16 1.9370495 H
OS 2.1546235 1.93598
OS 2.1500655 1.9329345
OS 2.14702 1.9283765
OS 2.1459505 1.923
OS 2.14702 1.9176235
OS 2.1500655 1.9130655
OS 2.1546235 1.91002
OS 2.16 1.9089505
OS 2.1653765 1.91002
OS 2.1699345 1.9130655
OS 2.17298 1.9176235
OS 2.1740495 1.923
OS 2.17298 1.9283765
OS 2.1699345 1.9329345
OS 2.1653765 1.93598
OS 2.16 1.9370495
OE
OB 2.379922 1.8782235 H
OS 2.3745455 1.877154
OS 2.3699875 1.8741085
OS 2.3689096 1.8724953
OS 2.3628961 1.8724953
OS 2.3619345 1.8739345
OS 2.3573765 1.87698
OS 2.352 1.8780495
OS 2.3466235 1.87698
OS 2.3420655 1.8739345
OS 2.3408386 1.8720982
OS 2.3349344 1.8719345
OS 2.3303765 1.87498
OS 2.325 1.8760495
OS 2.3196235 1.87498
OS 2.3150655 1.8719345
OS 2.3141969 1.8706345
OS 2.3081834 1.8706345
OS 2.3071785 1.8721385
OS 2.3026205 1.875184
OS 2.297244 1.8762535
OS 2.2918675 1.875184
OS 2.2873095 1.8721385
OS 2.284264 1.8675805
OS 2.2831945 1.862204
OS 2.284264 1.8568275
OS 2.2873095 1.8522695
OS 2.2918675 1.849224
OS 2.297244 1.8481545
OS 2.3026205 1.849224
OS 2.3071785 1.8522695
OS 2.3080471 1.8535695
OS 2.3140606 1.8535695
OS 2.3150655 1.8520655
OS 2.3196235 1.84902
OS 2.3225778 1.8484323
OS 2.3253305 1.84436
OS 2.3254417 1.8431527
OS 2.3245325 1.838582
OS 2.3246296 1.8380939
OS 2.3243073 1.8375046
OS 2.3202971 1.8342457
OS 2.31693 1.8349155
OS 2.3115535 1.833846
OS 2.3069955 1.8308005
OS 2.30395 1.8262425
OS 2.3028805 1.820866
OS 2.30395 1.8154895
OS 2.3069955 1.8109315
OS 2.3115535 1.807886
OS 2.31693 1.8068165
OS 2.3223065 1.807886
OS 2.3268645 1.8109315
OS 2.32991 1.8154895
OS 2.3309795 1.820866
OS 2.3308824 1.8213541
OS 2.3312047 1.8219434
OS 2.3352149 1.8252023
OS 2.338582 1.8245325
OS 2.3439585 1.825602
OS 2.3485165 1.8286475
OS 2.3493553 1.8299028
OS 2.3553687 1.8299028
OS 2.3562075 1.8286475
OS 2.3607655 1.825602
OS 2.366142 1.8245325
OS 2.3715185 1.825602
OS 2.3760765 1.8286475
OS 2.379122 1.8332055
OS 2.3801915 1.838582
OS 2.379122 1.8439585
OS 2.3781764 1.8453737
OS 2.3789045 1.8473553
OS 2.3808873 1.8503165
OS 2.3852985 1.851194
OS 2.3898565 1.8542395
OS 2.392902 1.8587975
OS 2.3939715 1.864174
OS 2.392902 1.8695505
OS 2.3898565 1.8741085
OS 2.3852985 1.877154
OS 2.379922 1.8782235
OE
OB 2.259842 1.8782235 H
OS 2.2544655 1.877154
OS 2.2499076 1.8741085
OS 2.2481244 1.8741085
OS 2.2435665 1.877154
OS 2.23819 1.8782235
OS 2.2328135 1.877154
OS 2.2282555 1.8741085
OS 2.22521 1.8695505
OS 2.2241405 1.864174
OS 2.22521 1.8587975
OS 2.2282555 1.8542395
OS 2.2328135 1.851194
OS 2.23819 1.8501245
OS 2.2435665 1.851194
OS 2.2481244 1.8542395
OS 2.2499076 1.8542395
OS 2.2544655 1.851194
OS 2.259842 1.8501245
OS 2.2652185 1.851194
OS 2.2697765 1.8542395
OS 2.272822 1.8587975
OS 2.2738915 1.864174
OS 2.272822 1.8695505
OS 2.2697765 1.8741085
OS 2.2652185 1.877154
OS 2.259842 1.8782235
OE
OB 1.480315 1.8880652 H
OS 1.4749385 1.8869957
OS 1.4703805 1.8839502
OS 1.467335 1.8793922
OS 1.4662655 1.8740157
OS 1.467335 1.8686392
OS 1.4703805 1.8640812
OS 1.4749385 1.8610357
OS 1.480315 1.8599662
OS 1.4856915 1.8610357
OS 1.4902495 1.8640812
OS 1.493295 1.8686392
OS 1.4943645 1.8740157
OS 1.493295 1.8793922
OS 1.4902495 1.8839502
OS 1.4856915 1.8869957
OS 1.480315 1.8880652
OE
OB 3.1899606 1.8742857 H
OS 3.1845841 1.8732162
OS 3.1800261 1.8701707
OS 3.1769806 1.8656127
OS 3.1767616 1.8645117
OS 3.1716636 1.8645117
OS 3.1714446 1.8656127
OS 3.1683991 1.8701707
OS 3.1638411 1.8732162
OS 3.1584646 1.8742857
OS 3.1530881 1.8732162
OS 3.1485301 1.8701707
OS 3.1454846 1.8656127
OS 3.1450844 1.8636011
OS 3.1395365 1.8613393
OS 3.1375793 1.8626789
OS 3.1369957 1.8656127
OS 3.1339502 1.8701707
OS 3.1293922 1.8732162
OS 3.1240157 1.8742857
OS 3.1186392 1.8732162
OS 3.1140812 1.8701707
OS 3.1110357 1.8656127
OS 3.1099662 1.8602362
OS 3.1110357 1.8548597
OS 3.1140812 1.8503017
OS 3.1186392 1.8472562
OS 3.1240157 1.8461867
OS 3.1257143 1.8444881
OS 3.1267838 1.8391117
OS 3.1298293 1.8345537
OS 3.1343873 1.8315082
OS 3.1397638 1.8304387
OS 3.1451403 1.8315082
OS 3.1496983 1.8345537
OS 3.1527438 1.8391117
OS 3.1534392 1.8426078
OS 3.1578845 1.8446346
OS 3.1612874 1.8427948
OS 3.16202 1.8391117
OS 3.1650655 1.8345537
OS 3.1696235 1.8315082
OS 3.175 1.8304387
OS 3.1803765 1.8315082
OS 3.1849345 1.8345537
OS 3.18798 1.8391117
OS 3.1885032 1.8417417
OS 3.1936516 1.8424172
OS 3.1941386 1.8419198
OS 3.1946972 1.8391117
OS 3.1977427 1.8345537
OS 3.2023007 1.8315082
OS 3.2076772 1.8304387
OS 3.2130537 1.8315082
OS 3.2176117 1.8345537
OS 3.2206572 1.8391117
OS 3.2217267 1.8444882
OS 3.2206572 1.8498647
OS 3.2176117 1.8544227
OS 3.2130537 1.8574682
OS 3.2076773 1.8585377
OS 3.2034992 1.8628046
OS 3.2029406 1.8656127
OS 3.1998951 1.8701707
OS 3.1953371 1.8732162
OS 3.1899606 1.8742857
OE
OB 2.6338583 1.9353093 H
OS 2.6284818 1.9342398
OS 2.6239238 1.9311943
OS 2.6208783 1.9266363
OS 2.6198088 1.9212598
OS 2.6208783 1.9158833
OS 2.6239238 1.9113253
OS 2.6284818 1.9082798
OS 2.6338583 1.9072103
OS 2.6392348 1.9082798
OS 2.6437928 1.9113253
OS 2.6468383 1.9158833
OS 2.6479078 1.9212598
OS 2.6468383 1.9266363
OS 2.6437928 1.9311943
OS 2.6392348 1.9342398
OS 2.6338583 1.9353093
OE
OB 2.101 1.9360495 H
OS 2.0956235 1.93498
OS 2.0910655 1.9319345
OS 2.08802 1.9273765
OS 2.0869505 1.922
OS 2.08802 1.9166235
OS 2.0910655 1.9120655
OS 2.0956235 1.90902
OS 2.101 1.9079505
OS 2.1063765 1.90902
OS 2.1109345 1.9120655
OS 2.11398 1.9166235
OS 2.1150495 1.922
OS 2.11398 1.9273765
OS 2.1109345 1.9319345
OS 2.1063765 1.93498
OS 2.101 1.9360495
OE
OB 2.219 1.9360495 H
OS 2.2136235 1.93498
OS 2.2090655 1.9319345
OS 2.20602 1.9273765
OS 2.2049505 1.922
OS 2.20602 1.9166235
OS 2.2090655 1.9120655
OS 2.2136235 1.90902
OS 2.219 1.9079505
OS 2.2243765 1.90902
OS 2.2289345 1.9120655
OS 2.23198 1.9166235
OS 2.2330495 1.922
OS 2.23198 1.9273765
OS 2.2289345 1.9319345
OS 2.2243765 1.93498
OS 2.219 1.9360495
OE
OB 1.983 1.9360495 H
OS 1.9776235 1.93498
OS 1.9730655 1.9319345
OS 1.97002 1.9273765
OS 1.9689505 1.922
OS 1.97002 1.9166235
OS 1.9730655 1.9120655
OS 1.9776235 1.90902
OS 1.983 1.9079505
OS 1.9883765 1.90902
OS 1.9929345 1.9120655
OS 1.99598 1.9166235
OS 1.9970495 1.922
OS 1.99598 1.9273765
OS 1.9929345 1.9319345
OS 1.9883765 1.93498
OS 1.983 1.9360495
OE
OB 2.042 1.9360495 H
OS 2.0366235 1.93498
OS 2.0320655 1.9319345
OS 2.02902 1.9273765
OS 2.0279505 1.922
OS 2.02902 1.9166235
OS 2.0320655 1.9120655
OS 2.0366235 1.90902
OS 2.042 1.9079505
OS 2.0473765 1.90902
OS 2.0519345 1.9120655
OS 2.05498 1.9166235
OS 2.0560495 1.922
OS 2.05498 1.9273765
OS 2.0519345 1.9319345
OS 2.0473765 1.93498
OS 2.042 1.9360495
OE
OB 1.589 1.6970495 H
OS 1.5836235 1.69598
OS 1.5790655 1.6929345
OS 1.57602 1.6883765
OS 1.5749505 1.683
OS 1.57602 1.6776235
OS 1.5790655 1.6730655
OS 1.5836235 1.67002
OS 1.589 1.6689505
OS 1.5943765 1.67002
OS 1.5989345 1.6730655
OS 1.60198 1.6776235
OS 1.6030495 1.683
OS 1.60198 1.6883765
OS 1.5989345 1.6929345
OS 1.5943765 1.69598
OS 1.589 1.6970495
OE
OB 3.772 1.2440495 H
OS 3.7666235 1.24298
OS 3.7620655 1.2399345
OS 3.75902 1.2353765
OS 3.7579505 1.23
OS 3.75902 1.2246235
OS 3.7620655 1.2200655
OS 3.7666235 1.21702
OS 3.772 1.2159505
OS 3.7773765 1.21702
OS 3.7819345 1.2200655
OS 3.78498 1.2246235
OS 3.7860495 1.23
OS 3.78498 1.2353765
OS 3.7819345 1.2399345
OS 3.7773765 1.24298
OS 3.772 1.2440495
OE
OB 3.805 1.2540495 H
OS 3.7996235 1.25298
OS 3.7950655 1.2499345
OS 3.79202 1.2453765
OS 3.7909505 1.24
OS 3.79202 1.2346235
OS 3.7950655 1.2300655
OS 3.7996235 1.22702
OS 3.805 1.2259505
OS 3.8103765 1.22702
OS 3.8149345 1.2300655
OS 3.81798 1.2346235
OS 3.8190495 1.24
OS 3.81798 1.2453765
OS 3.8149345 1.2499345
OS 3.8103765 1.25298
OS 3.805 1.2540495
OE
OB 1.4212598 1.2508732 H
OS 1.4143472 1.2494982
OS 1.4084869 1.2455825
OS 1.4045712 1.2397222
OS 1.4031962 1.2328096
OS 1.4045712 1.225897
OS 1.4084869 1.2200367
OS 1.4143472 1.216121
OS 1.4212598 1.214746
OS 1.4281724 1.216121
OS 1.4340327 1.2200367
OS 1.4379484 1.225897
OS 1.4393234 1.2328096
OS 1.4379484 1.2397222
OS 1.4340327 1.2455825
OS 1.4281724 1.2494982
OS 1.4212598 1.2508732
OE
OB 3.4870926 1.2515512 H
OS 3.48018 1.2501762
OS 3.4743197 1.2462605
OS 3.470404 1.2404002
OS 3.469029 1.2334876
OS 3.470404 1.226575
OS 3.4743197 1.2207147
OS 3.48018 1.216799
OS 3.4870926 1.215424
OS 3.4940052 1.216799
OS 3.4998655 1.2207147
OS 3.5037812 1.226575
OS 3.5051562 1.2334876
OS 3.5037812 1.2404002
OS 3.4998655 1.2462605
OS 3.4940052 1.2501762
OS 3.4870926 1.2515512
OE
OB 2.9133858 1.2779061 H
OS 2.9064732 1.2765311
OS 2.9006129 1.2726154
OS 2.8966972 1.2667551
OS 2.8953222 1.2598425
OS 2.8966972 1.2529299
OS 2.9006129 1.2470696
OS 2.9064732 1.2431539
OS 2.9133858 1.2417789
OS 2.9202984 1.2431539
OS 2.9261587 1.2470696
OS 2.9300744 1.2529299
OS 2.9314494 1.2598425
OS 2.9300744 1.2667551
OS 2.9261587 1.2726154
OS 2.9202984 1.2765311
OS 2.9133858 1.2779061
OE
OB 3.346713 1.2806252 H
OS 3.3398004 1.2792502
OS 3.3339401 1.2753345
OS 3.3300244 1.2694742
OS 3.3286494 1.2625616
OS 3.3300244 1.255649
OS 3.3339401 1.2497887
OS 3.3398004 1.245873
OS 3.346713 1.244498
OS 3.3536256 1.245873
OS 3.3594859 1.2497887
OS 3.3634016 1.255649
OS 3.3647766 1.2625616
OS 3.3634016 1.2694742
OS 3.3594859 1.2753345
OS 3.3536256 1.2792502
OS 3.346713 1.2806252
OE
OB 5.015748 1.2818431 H
OS 5.0088354 1.2804681
OS 5.0029751 1.2765524
OS 4.9990594 1.2706921
OS 4.9976844 1.2637795
OS 4.9990594 1.2568669
OS 5.0029751 1.2510066
OS 5.0088354 1.2470909
OS 5.015748 1.2457159
OS 5.0226606 1.2470909
OS 5.0285209 1.2510066
OS 5.0324366 1.2568669
OS 5.0338116 1.2637795
OS 5.0324366 1.2706921
OS 5.0285209 1.2765524
OS 5.0226606 1.2804681
OS 5.015748 1.2818431
OE
OB 2.5866142 1.277829 H
OS 2.5812377 1.2767595
OS 2.5766797 1.273714
OS 2.5736342 1.269156
OS 2.5725647 1.2637795
OS 2.5736342 1.258403
OS 2.5766797 1.253845
OS 2.5812377 1.2507995
OS 2.5866142 1.24973
OS 2.5919907 1.2507995
OS 2.592091 1.2508665
OS 2.5972561 1.2505289
OS 2.5980725 1.2493074
OS 2.6003017 1.245971
OS 2.6048597 1.2429255
OS 2.6102362 1.241856
OS 2.6156126 1.2429255
OS 2.6168363 1.2392458
OS 2.6169413 1.238718
OS 2.6199868 1.23416
OS 2.6245448 1.2311145
OS 2.6299213 1.230045
OS 2.6352978 1.2311145
OS 2.6398558 1.23416
OS 2.6429012 1.2387179
OS 2.6486609 1.2420441
OS 2.6496063 1.241856
OS 2.6549828 1.2429255
OS 2.6595408 1.245971
OS 2.6625863 1.250529
OS 2.6636558 1.2559055
OS 2.6625863 1.261282
OS 2.6595408 1.26584
OS 2.6549828 1.2688855
OS 2.6496063 1.269955
OS 2.6442298 1.2688855
OS 2.6396718 1.26584
OS 2.6366264 1.2612821
OS 2.6308667 1.2579559
OS 2.6299213 1.258144
OS 2.6245449 1.2570745
OS 2.6233212 1.2607542
OS 2.6232162 1.261282
OS 2.6201707 1.26584
OS 2.6156127 1.2688855
OS 2.6102362 1.269955
OS 2.6048597 1.2688855
OS 2.6047594 1.2688185
OS 2.5995943 1.2691561
OS 2.5987779 1.2703776
OS 2.5965487 1.273714
OS 2.5919907 1.2767595
OS 2.5866142 1.277829
OE
OB 4.486 1.2710495 H
OS 4.4806235 1.26998
OS 4.4760655 1.2669345
OS 4.47302 1.2623765
OS 4.4719505 1.257
OS 4.47302 1.2516235
OS 4.4760655 1.2470655
OS 4.4806235 1.24402
OS 4.486 1.2429505
OS 4.4913765 1.24402
OS 4.4959345 1.2470655
OS 4.49898 1.2516235
OS 4.5000495 1.257
OS 4.49898 1.2623765
OS 4.4959345 1.2669345
OS 4.4913765 1.26998
OS 4.486 1.2710495
OE
OB 3.421253 1.2305825 H
OS 3.4158765 1.229513
OS 3.4113185 1.2264675
OS 3.408273 1.2219095
OS 3.4072035 1.216533
OS 3.4074454 1.215316
OS 3.4027439 1.2140381
OS 3.4022931 1.2147125
OS 3.3996983 1.2185959
OS 3.3951403 1.2216414
OS 3.3897638 1.2227109
OS 3.3843873 1.2216414
OS 3.3798293 1.2185959
OS 3.3767838 1.2140379
OS 3.3757143 1.2086614
OS 3.3763273 1.2055798
OS 3.3733317 1.2036258
OS 3.3717165 1.2031303
OS 3.3675812 1.2058934
OS 3.3622047 1.2069629
OS 3.3568282 1.2058934
OS 3.3522702 1.2028479
OS 3.3492247 1.1982899
OS 3.3481552 1.1929134
OS 3.3492247 1.1875369
OS 3.3522702 1.1829789
OS 3.3568282 1.1799334
OS 3.3622047 1.1788639
OS 3.3675812 1.1799334
OS 3.3721392 1.1829789
OS 3.3751847 1.1875369
OS 3.3762542 1.1929134
OS 3.3761121 1.1936277
OS 3.3806024 1.1966826
OS 3.3822818 1.1956007
OS 3.3832516 1.1902667
OS 3.3807208 1.1864789
OS 3.3796513 1.1811024
OS 3.3807208 1.1757259
OS 3.3837663 1.1711679
OS 3.3883243 1.1681224
OS 3.3937008 1.1670529
OS 3.3990773 1.1681224
OS 3.4036353 1.1711679
OS 3.4066808 1.1757259
OS 3.4077503 1.1811024
OS 3.4066808 1.1864789
OS 3.4036353 1.1910369
OS 3.4004122 1.1931904
OS 3.3996628 1.1984609
OS 3.3996984 1.198727
OS 3.4027438 1.2032849
OS 3.4038133 1.2086614
OS 3.4035714 1.2098784
OS 3.4082729 1.2111563
OS 3.4087237 1.2104819
OS 3.4113185 1.2065985
OS 3.4158765 1.203553
OS 3.421253 1.2024835
OS 3.4266295 1.203553
OS 3.4311875 1.2065985
OS 3.434233 1.2111565
OS 3.4353025 1.216533
OS 3.434233 1.2219095
OS 3.4311875 1.2264675
OS 3.4266295 1.229513
OS 3.421253 1.2305825
OE
OB 4.423 1.1960495 H
OS 4.4176235 1.19498
OS 4.4130655 1.1919345
OS 4.41002 1.1873765
OS 4.4089505 1.182
OS 4.41002 1.1766235
OS 4.4130655 1.1720655
OS 4.4176235 1.16902
OS 4.423 1.1679505
OS 4.4283765 1.16902
OS 4.4329345 1.1720655
OS 4.43598 1.1766235
OS 4.4370495 1.182
OS 4.43598 1.1873765
OS 4.4329345 1.1919345
OS 4.4283765 1.19498
OS 4.423 1.1960495
OE
OB 1.9645904 1.1990888 H
OS 1.9592139 1.1980193
OS 1.9546559 1.1949738
OS 1.9516104 1.1904158
OS 1.9505409 1.1850393
OS 1.9516104 1.1796628
OS 1.9546559 1.1751048
OS 1.9592139 1.1720593
OS 1.9645904 1.1709898
OS 1.9699669 1.1720593
OS 1.9745249 1.1751048
OS 1.9775704 1.1796628
OS 1.9786399 1.1850393
OS 1.9775704 1.1904158
OS 1.9745249 1.1949738
OS 1.9699669 1.1980193
OS 1.9645904 1.1990888
OE
OB 1.8543307 1.1715298 H
OS 1.8489542 1.1704603
OS 1.8443962 1.1674148
OS 1.8413507 1.1628568
OS 1.8402812 1.1574803
OS 1.8413507 1.1521038
OS 1.8443962 1.1475458
OS 1.8489542 1.1445003
OS 1.8543307 1.1434308
OS 1.8597072 1.1445003
OS 1.8642652 1.1475458
OS 1.8673107 1.1521038
OS 1.8683802 1.1574803
OS 1.8673107 1.1628568
OS 1.8642652 1.1674148
OS 1.8597072 1.1704603
OS 1.8543307 1.1715298
OE
OB 4.1929134 1.2030259 H
OS 4.1875369 1.2019564
OS 4.1829789 1.1989109
OS 4.1799334 1.1943529
OS 4.1788639 1.1889764
OS 4.1799334 1.1835999
OS 4.1829789 1.1790419
OS 4.1875369 1.1759964
OS 4.1929134 1.1749269
OS 4.1963225 1.175605
OS 4.2016995 1.1730183
OS 4.2020737 1.1725111
OS 4.2050655 1.1680335
OS 4.2096235 1.164988
OS 4.215 1.1639185
OS 4.2203765 1.164988
OS 4.2238625 1.1673172
OS 4.2292056 1.1674895
OS 4.2302137 1.1669345
OS 4.2346235 1.163988
OS 4.24 1.1629185
OS 4.2453765 1.163988
OS 4.2499345 1.1670335
OS 4.25298 1.1715915
OS 4.2540495 1.176968
OS 4.25298 1.1823445
OS 4.2499345 1.1869025
OS 4.2453765 1.189948
OS 4.24 1.1910175
OS 4.2346235 1.189948
OS 4.2311375 1.1876188
OS 4.2257944 1.1874465
OS 4.2247863 1.1880015
OS 4.2203765 1.190948
OS 4.215 1.1920175
OS 4.2115909 1.1913394
OS 4.2062139 1.1939261
OS 4.2058397 1.1944333
OS 4.2028479 1.1989109
OS 4.1982899 1.2019564
OS 4.1929134 1.2030259
OE
OB 2.4606299 1.1990889 H
OS 2.4552534 1.1980194
OS 2.4506954 1.1949739
OS 2.4476499 1.1904159
OS 2.4465804 1.1850394
OS 2.4476499 1.1796629
OS 2.4506954 1.1751049
OS 2.4552534 1.1720594
OS 2.4606299 1.1709899
OS 2.4660064 1.1720594
OS 2.4705644 1.1751049
OS 2.4736099 1.1796629
OS 2.4746794 1.1850394
OS 2.4736099 1.1904159
OS 2.4705644 1.1949739
OS 2.4660064 1.1980194
OS 2.4606299 1.1990889
OE
OB 4.16202 1.2746411 H
OS 4.1566435 1.2735716
OS 4.1520855 1.2705261
OS 4.14904 1.2659681
OS 4.1479705 1.2605916
OS 4.14904 1.2552151
OS 4.1520855 1.2506571
OS 4.1552034 1.2485738
OS 4.1536729 1.2462832
OS 4.1526034 1.2409067
OS 4.1536729 1.2355302
OS 4.1567184 1.2309722
OS 4.1588036 1.2295789
OS 4.1563113 1.2258489
OS 4.1552418 1.2204724
OS 4.1563113 1.2150959
OS 4.1593568 1.2105379
OS 4.1639148 1.2074924
OS 4.1692913 1.2064229
OS 4.1746678 1.2074924
OS 4.1792258 1.2105379
OS 4.1822713 1.2150959
OS 4.1833408 1.2204724
OS 4.1822713 1.2258489
OS 4.1792258 1.2304069
OS 4.1771406 1.2318002
OS 4.1796329 1.2355302
OS 4.1807024 1.2409067
OS 4.1796329 1.2462832
OS 4.1765874 1.2508412
OS 4.1734695 1.2529245
OS 4.175 1.2552151
OS 4.1760695 1.2605916
OS 4.175 1.2659681
OS 4.1719545 1.2705261
OS 4.1673965 1.2735716
OS 4.16202 1.2746411
OE
OB 4.0914636 1.2378922 H
OS 4.084551 1.2365172
OS 4.0786907 1.2326015
OS 4.074775 1.2267412
OS 4.0734 1.2198286
OS 4.0746026 1.2137829
OS 4.0725307 1.2116205
OS 4.0705502 1.2104771
OS 4.0659677 1.213539
OS 4.0590551 1.214914
OS 4.0521425 1.213539
OS 4.0462822 1.2096233
OS 4.0423665 1.203763
OS 4.0409915 1.1968504
OS 4.0423665 1.1899378
OS 4.0462822 1.1840775
OS 4.0521425 1.1801618
OS 4.0590551 1.1787868
OS 4.0659677 1.1801618
OS 4.071828 1.1840775
OS 4.0757437 1.1899378
OS 4.0771187 1.1968504
OS 4.0759161 1.2028961
OS 4.077988 1.2050585
OS 4.0799685 1.2062019
OS 4.084551 1.20314
OS 4.0914636 1.201765
OS 4.0983762 1.20314
OS 4.1042365 1.2070557
OS 4.1081522 1.212916
OS 4.1095272 1.2198286
OS 4.1081522 1.2267412
OS 4.1042365 1.2326015
OS 4.0983762 1.2365172
OS 4.0914636 1.2378922
OE
OB 2.8267717 1.2030259 H
OS 2.8213952 1.2019564
OS 2.8168372 1.1989109
OS 2.8137917 1.1943529
OS 2.8127222 1.1889764
OS 2.8137917 1.1835999
OS 2.8168372 1.1790419
OS 2.8213952 1.1759964
OS 2.8267717 1.1749269
OS 2.8321482 1.1759964
OS 2.8367062 1.1790419
OS 2.8397517 1.1835999
OS 2.8408212 1.1889764
OS 2.8397517 1.1943529
OS 2.8367062 1.1989109
OS 2.8321482 1.2019564
OS 2.8267717 1.2030259
OE
OB 4.3149606 1.2069629 H
OS 4.3095841 1.2058934
OS 4.3050261 1.2028479
OS 4.3019806 1.1982899
OS 4.3009111 1.1929134
OS 4.3019806 1.1875369
OS 4.3050261 1.1829789
OS 4.3095841 1.1799334
OS 4.3149606 1.1788639
OS 4.3203371 1.1799334
OS 4.3248951 1.1829789
OS 4.3279406 1.1875369
OS 4.3290101 1.1929134
OS 4.3279406 1.1982899
OS 4.3248951 1.2028479
OS 4.3203371 1.2058934
OS 4.3149606 1.2069629
OE
OB 5.2244094 1.2818431 H
OS 5.2174968 1.2804681
OS 5.2116365 1.2765524
OS 5.2077208 1.2706921
OS 5.2063458 1.2637795
OS 5.2077208 1.2568669
OS 5.2116365 1.2510066
OS 5.2174968 1.2470909
OS 5.2244094 1.2457159
OS 5.231322 1.2470909
OS 5.2371823 1.2510066
OS 5.241098 1.2568669
OS 5.242473 1.2637795
OS 5.241098 1.2706921
OS 5.2371823 1.2765524
OS 5.231322 1.2804681
OS 5.2244094 1.2818431
OE
OB 1.7244094 1.277829 H
OS 1.7190329 1.2767595
OS 1.7144749 1.273714
OS 1.7114294 1.269156
OS 1.7112104 1.268055
OS 1.7061124 1.268055
OS 1.7058934 1.269156
OS 1.7028479 1.273714
OS 1.6982899 1.2767595
OS 1.6929134 1.277829
OS 1.6875369 1.2767595
OS 1.6829789 1.273714
OS 1.6799334 1.269156
OS 1.6788639 1.2637795
OS 1.6799334 1.258403
OS 1.6829789 1.253845
OS 1.6875369 1.2507995
OS 1.6929134 1.24973
OS 1.6982899 1.2507995
OS 1.7028479 1.253845
OS 1.7058934 1.258403
OS 1.7061124 1.259504
OS 1.7112104 1.259504
OS 1.7114294 1.258403
OS 1.7144749 1.253845
OS 1.7190329 1.2507995
OS 1.7244094 1.24973
OS 1.7297859 1.2507995
OS 1.7343439 1.253845
OS 1.7373894 1.258403
OS 1.7384589 1.2637795
OS 1.7373894 1.269156
OS 1.7343439 1.273714
OS 1.7297859 1.2767595
OS 1.7244094 1.277829
OE
OB 1.7834646 1.305388 H
OS 1.7780881 1.3043185
OS 1.7735301 1.301273
OS 1.7704846 1.296715
OS 1.7694151 1.2913385
OS 1.7704846 1.285962
OS 1.7735301 1.281404
OS 1.7780881 1.2783585
OS 1.7834646 1.277289
OS 1.7888411 1.2783585
OS 1.7933991 1.281404
OS 1.7964446 1.285962
OS 1.7975141 1.2913385
OS 1.7964446 1.296715
OS 1.7933991 1.301273
OS 1.7888411 1.3043185
OS 1.7834646 1.305388
OE
OB 6.351 1.2930495 H
OS 6.3456235 1.29198
OS 6.3410655 1.2889345
OS 6.33802 1.2843765
OS 6.3369505 1.279
OS 6.33802 1.2736235
OS 6.3410655 1.2690655
OS 6.3456235 1.26602
OS 6.351 1.2649505
OS 6.3563765 1.26602
OS 6.3609345 1.2690655
OS 6.36398 1.2736235
OS 6.3650495 1.279
OS 6.36398 1.2843765
OS 6.3609345 1.2889345
OS 6.3563765 1.29198
OS 6.351 1.2930495
OE
OB 6.503 1.2930495 H
OS 6.4976235 1.29198
OS 6.4930655 1.2889345
OS 6.49002 1.2843765
OS 6.4889505 1.279
OS 6.49002 1.2736235
OS 6.4930655 1.2690655
OS 6.4976235 1.26602
OS 6.503 1.2649505
OS 6.5083765 1.26602
OS 6.5129345 1.2690655
OS 6.51598 1.2736235
OS 6.5170495 1.279
OS 6.51598 1.2843765
OS 6.5129345 1.2889345
OS 6.5083765 1.29198
OS 6.503 1.2930495
OE
OB 1.6574803 1.4510574 H
OS 1.6521038 1.4499879
OS 1.6475458 1.4469424
OS 1.6445003 1.4423844
OS 1.6434308 1.4370079
OS 1.6445003 1.4316314
OS 1.6475458 1.4270734
OS 1.6521038 1.4240279
OS 1.6569719 1.4230595
OS 1.6576845 1.4208582
OS 1.6579474 1.4181556
OS 1.6538926 1.4154463
OS 1.6508471 1.4108883
OS 1.6497776 1.4055118
OS 1.6508471 1.4001353
OS 1.6538926 1.3955773
OS 1.6584506 1.3925318
OS 1.6634652 1.3915343
OS 1.6631125 1.389761
OS 1.664182 1.3843845
OS 1.6672275 1.3798265
OS 1.6717855 1.376781
OS 1.677162 1.3757115
OS 1.6825385 1.376781
OS 1.6870965 1.3798265
OS 1.690142 1.3843845
OS 1.6912115 1.389761
OS 1.690142 1.3951375
OS 1.6870965 1.3996955
OS 1.6825385 1.402741
OS 1.6775239 1.4037385
OS 1.6778766 1.4055118
OS 1.6768071 1.4108883
OS 1.6737616 1.4154463
OS 1.6692036 1.4184918
OS 1.6643355 1.4194602
OS 1.6636229 1.4216615
OS 1.66336 1.4243641
OS 1.6674148 1.4270734
OS 1.6704603 1.4316314
OS 1.6715298 1.4370079
OS 1.6704603 1.4423844
OS 1.6674148 1.4469424
OS 1.6628568 1.4499879
OS 1.6574803 1.4510574
OE
OB 1.7125984 1.5573566 H
OS 1.7072219 1.5562871
OS 1.7026639 1.5532416
OS 1.6996184 1.5486836
OS 1.6985489 1.5433071
OS 1.6996184 1.5379306
OS 1.7026639 1.5333726
OS 1.7072219 1.5303271
OS 1.7116204 1.5294521
OS 1.7113719 1.5282028
OS 1.7124414 1.5228263
OS 1.7154869 1.5182683
OS 1.7200449 1.5152228
OS 1.7254214 1.5141533
OS 1.7307979 1.5152228
OS 1.7353559 1.5182683
OS 1.7384014 1.5228263
OS 1.7394709 1.5282028
OS 1.7384014 1.5335793
OS 1.7353559 1.5381373
OS 1.7307979 1.5411828
OS 1.7263994 1.5420578
OS 1.7266479 1.5433071
OS 1.7255784 1.5486836
OS 1.7225329 1.5532416
OS 1.7179749 1.5562871
OS 1.7125984 1.5573566
OE
OB 1.53 1.6970495 H
OS 1.5246235 1.69598
OS 1.5200655 1.6929345
OS 1.51702 1.6883765
OS 1.5159505 1.683
OS 1.51702 1.6776235
OS 1.5200655 1.6730655
OS 1.5246235 1.67002
OS 1.53 1.6689505
OS 1.5353765 1.67002
OS 1.5399345 1.6730655
OS 1.54298 1.6776235
OS 1.5440495 1.683
OS 1.54298 1.6883765
OS 1.5399345 1.6929345
OS 1.5353765 1.69598
OS 1.53 1.6970495
OE
OB 1.5082358 1.4825534 H
OS 1.5028593 1.4814839
OS 1.4983013 1.4784384
OS 1.4952558 1.4738804
OS 1.4941863 1.4685039
OS 1.4952558 1.4631274
OS 1.4983013 1.4585694
OS 1.5028593 1.4555239
OS 1.5082358 1.4544544
OS 1.5136123 1.4555239
OS 1.5181703 1.4585694
OS 1.5212158 1.4631274
OS 1.5222853 1.4685039
OS 1.5212158 1.4738804
OS 1.5181703 1.4784384
OS 1.5136123 1.4814839
OS 1.5082358 1.4825534
OE
OB 1.6122834 1.5131384 H
OS 1.6069069 1.5120689
OS 1.6023489 1.5090234
OS 1.5993034 1.5044654
OS 1.5982339 1.4990889
OS 1.5993034 1.4937124
OS 1.6023489 1.4891544
OS 1.6069069 1.4861089
OS 1.6085807 1.4857759
OS 1.6129984 1.4823557
OS 1.6140679 1.4769793
OS 1.6171134 1.4724213
OS 1.6216714 1.4693758
OS 1.6270479 1.4683063
OS 1.6324244 1.4693758
OS 1.6369824 1.4724213
OS 1.6400279 1.4769793
OS 1.6410974 1.4823558
OS 1.6400279 1.4877323
OS 1.6369824 1.4922903
OS 1.6324244 1.4953358
OS 1.6307506 1.4956688
OS 1.6263329 1.499089
OS 1.6252634 1.5044654
OS 1.6222179 1.5090234
OS 1.6176599 1.5120689
OS 1.6122834 1.5131384
OE
OB 2.1960044 1.2867183 H
OS 2.1906279 1.2856488
OS 2.1860699 1.2826033
OS 2.1830244 1.2780453
OS 2.1819549 1.2726688
OS 2.1830244 1.2672923
OS 2.1858794 1.2630194
OS 2.1858188 1.2626694
OS 2.1841881 1.2614197
OS 2.1786771 1.2634959
OS 2.1783343 1.265219
OS 2.1752888 1.269777
OS 2.1707308 1.2728225
OS 2.1653543 1.273892
OS 2.1599778 1.2728225
OS 2.1554198 1.269777
OS 2.1523743 1.265219
OS 2.1513048 1.2598425
OS 2.1523743 1.254466
OS 2.1554197 1.2499081
OS 2.1554561 1.2496338
OS 2.1547056 1.2443717
OS 2.1514785 1.2422155
OS 2.148433 1.2376575
OS 2.1473635 1.232281
OS 2.148433 1.2269045
OS 2.1514785 1.2223465
OS 2.1560365 1.219301
OS 2.161413 1.2182315
OS 2.1667895 1.219301
OS 2.1713475 1.2223465
OS 2.174393 1.2269045
OS 2.1746936 1.2284159
OS 2.1796586 1.231112
OS 2.185035 1.2300425
OS 2.1904115 1.231112
OS 2.1949695 1.2341575
OS 2.198015 1.2387155
OS 2.1990845 1.244092
OS 2.198015 1.2494685
OS 2.19516 1.2537414
OS 2.1955176 1.2558071
OS 2.1968453 1.2587866
OS 2.2013809 1.2596888
OS 2.2059389 1.2627343
OS 2.2089844 1.2672923
OS 2.2100539 1.2726688
OS 2.2089844 1.2780453
OS 2.2059389 1.2826033
OS 2.2013809 1.2856488
OS 2.1960044 1.2867183
OE
OB 5.33 1.2810495 H
OS 5.3246235 1.27998
OS 5.3200655 1.2769345
OS 5.31702 1.2723765
OS 5.3159505 1.267
OS 5.31702 1.2616235
OS 5.3200655 1.2570655
OS 5.3246235 1.25402
OS 5.33 1.2529505
OS 5.3353765 1.25402
OS 5.3399345 1.2570655
OS 5.34298 1.2616235
OS 5.3440495 1.267
OS 5.34298 1.2723765
OS 5.3399345 1.2769345
OS 5.3353765 1.27998
OS 5.33 1.2810495
OE
OB 5.481 1.2810495 H
OS 5.4756235 1.27998
OS 5.4710655 1.2769345
OS 5.46802 1.2723765
OS 5.4669505 1.267
OS 5.46802 1.2616235
OS 5.4710655 1.2570655
OS 5.4756235 1.25402
OS 5.481 1.2529505
OS 5.4863765 1.25402
OS 5.4909345 1.2570655
OS 5.49398 1.2616235
OS 5.4950495 1.267
OS 5.49398 1.2723765
OS 5.4909345 1.2769345
OS 5.4863765 1.27998
OS 5.481 1.2810495
OE
OB 6.0374882 1.2818431 H
OS 6.0305756 1.2804681
OS 6.0247153 1.2765524
OS 6.0207996 1.2706921
OS 6.0194246 1.2637795
OS 6.0207996 1.2568669
OS 6.0247153 1.2510066
OS 6.0305756 1.2470909
OS 6.0374882 1.2457159
OS 6.0444008 1.2470909
OS 6.0502611 1.2510066
OS 6.0541768 1.2568669
OS 6.0555518 1.2637795
OS 6.0541768 1.2706921
OS 6.0502611 1.2765524
OS 6.0444008 1.2804681
OS 6.0374882 1.2818431
OE
OB 6.2461496 1.2818431 H
OS 6.239237 1.2804681
OS 6.2333767 1.2765524
OS 6.229461 1.2706921
OS 6.228086 1.2637795
OS 6.229461 1.2568669
OS 6.2333767 1.2510066
OS 6.239237 1.2470909
OS 6.2461496 1.2457159
OS 6.2530622 1.2470909
OS 6.2589225 1.2510066
OS 6.2628382 1.2568669
OS 6.2642132 1.2637795
OS 6.2628382 1.2706921
OS 6.2589225 1.2765524
OS 6.2530622 1.2804681
OS 6.2461496 1.2818431
OE
OB 5.5747787 1.2817635 H
OS 5.5694022 1.280694
OS 5.5648442 1.2776485
OS 5.5617987 1.2730905
OS 5.5607292 1.267714
OS 5.5617987 1.2623375
OS 5.5648442 1.2577795
OS 5.5694022 1.254734
OS 5.5747787 1.2536645
OS 5.5801552 1.254734
OS 5.5847132 1.2577795
OS 5.5877587 1.2623375
OS 5.5888282 1.267714
OS 5.5877587 1.2730905
OS 5.5847132 1.2776485
OS 5.5801552 1.280694
OS 5.5747787 1.2817635
OE
OB 3.87 1.2740495 H
OS 3.8646235 1.27298
OS 3.8600655 1.2699345
OS 3.85702 1.2653765
OS 3.8559505 1.26
OS 3.8559701 1.2599013
OS 3.8512602 1.2579504
OS 3.8499345 1.2599345
OS 3.8453765 1.26298
OS 3.84 1.2640495
OS 3.8346235 1.26298
OS 3.8300655 1.2599345
OS 3.82702 1.2553765
OS 3.8259505 1.25
OS 3.82702 1.2446235
OS 3.8300655 1.2400655
OS 3.8346235 1.23702
OS 3.84 1.2359505
OS 3.8453765 1.23702
OS 3.8499345 1.2400655
OS 3.85298 1.2446235
OS 3.8540495 1.25
OS 3.8540299 1.2500987
OS 3.8587398 1.2520496
OS 3.8600655 1.2500655
OS 3.8646235 1.24702
OS 3.87 1.2459505
OS 3.8753765 1.24702
OS 3.8799345 1.2500655
OS 3.88298 1.2546235
OS 3.8840495 1.26
OS 3.88298 1.2653765
OS 3.8799345 1.2699345
OS 3.8753765 1.27298
OS 3.87 1.2740495
OE
OB 4.4274847 1.2865328 H
OS 4.4221082 1.2854633
OS 4.4175502 1.2824178
OS 4.4145047 1.2778598
OS 4.4134352 1.2724833
OS 4.4145047 1.2671068
OS 4.4175502 1.2625488
OS 4.4221082 1.2595033
OS 4.4274847 1.2584338
OS 4.4328612 1.2595033
OS 4.4374192 1.2625488
OS 4.4404647 1.2671068
OS 4.4415342 1.2724833
OS 4.4404647 1.2778598
OS 4.4374192 1.2824178
OS 4.4328612 1.2854633
OS 4.4274847 1.2865328
OE
OB 2.6732283 1.3109231 H
OS 2.6678518 1.3098536
OS 2.6632938 1.3068081
OS 2.6602483 1.3022501
OS 2.6591788 1.2968736
OS 2.6602483 1.2914971
OS 2.6632938 1.2869391
OS 2.6678518 1.2838936
OS 2.6700839 1.2834496
OS 2.6707241 1.2825656
OS 2.6719811 1.2779742
OS 2.669928 1.2749015
OS 2.6688585 1.269525
OS 2.669928 1.2641485
OS 2.6729735 1.2595905
OS 2.6775315 1.256545
OS 2.682908 1.2554755
OS 2.6882845 1.256545
OS 2.6928425 1.2595905
OS 2.695888 1.2641485
OS 2.6969575 1.269525
OS 2.695888 1.2749015
OS 2.6928425 1.2794595
OS 2.6882845 1.282505
OS 2.6860524 1.282949
OS 2.6854122 1.283833
OS 2.6841552 1.2884244
OS 2.6862083 1.2914971
OS 2.6872778 1.2968736
OS 2.6862083 1.3022501
OS 2.6831628 1.3068081
OS 2.6786048 1.3098536
OS 2.6732283 1.3109231
OE
OB 6.5994338 1.2849342 H
OS 6.5940573 1.2838647
OS 6.5894993 1.2808192
OS 6.5864538 1.2762612
OS 6.5853843 1.2708847
OS 6.5864538 1.2655082
OS 6.5894993 1.2609502
OS 6.5940573 1.2579047
OS 6.5994338 1.2568352
OS 6.6048103 1.2579047
OS 6.6093683 1.2609502
OS 6.6124138 1.2655082
OS 6.6134833 1.2708847
OS 6.6124138 1.2762612
OS 6.6093683 1.2808192
OS 6.6048103 1.2838647
OS 6.5994338 1.2849342
OE
OB 2.69 3.4940495 H
OS 2.6846235 3.49298
OS 2.6800655 3.4899345
OS 2.67702 3.4853765
OS 2.6759505 3.48
OS 2.67702 3.4746235
OS 2.6800655 3.4700655
OS 2.6846235 3.46702
OS 2.69 3.4659505
OS 2.6953765 3.46702
OS 2.6999345 3.4700655
OS 2.70298 3.4746235
OS 2.7040495 3.48
OS 2.70298 3.4853765
OS 2.6999345 3.4899345
OS 2.6953765 3.49298
OS 2.69 3.4940495
OE
OB 0.1531351 4.5963666 H
OS 0.1427547 4.595
OS 0.1330817 4.5909933
OS 0.1247753 4.5846196
OS 0.1184016 4.5763132
OS 0.1143949 4.5666402
OS 0.1130283 4.5562598
OS 0.1143949 4.5458794
OS 0.1184016 4.5362064
OS 0.1247753 4.5279
OS 0.1330817 4.5215263
OS 0.1427547 4.5175196
OS 0.1531351 4.516153
OS 0.1635155 4.5175196
OS 0.1731885 4.5215263
OS 0.1814949 4.5279
OS 0.1878686 4.5362064
OS 0.1918753 4.5458794
OS 0.1932419 4.5562598
OS 0.1918753 4.5666402
OS 0.1878686 4.5763132
OS 0.1814949 4.5846196
OS 0.1731885 4.5909933
OS 0.1635155 4.595
OS 0.1531351 4.5963666
OE
OB 2.8273835 4.5660522 H
OS 2.8204709 4.5646772
OS 2.8146106 4.5607615
OS 2.8106949 4.5549012
OS 2.8093199 4.5479886
OS 2.8106949 4.541076
OS 2.8146106 4.5352157
OS 2.8204709 4.5313
OS 2.8273835 4.529925
OS 2.8342961 4.5313
OS 2.8401564 4.5352157
OS 2.8405927 4.5358687
OS 2.8419639 4.5361495
OS 2.8463773 4.5355261
OS 2.8493952 4.5310095
OS 2.8552555 4.5270938
OS 2.8621681 4.5257188
OS 2.8690807 4.5270938
OS 2.874941 4.5310095
OS 2.8788567 4.5368698
OS 2.8802317 4.5437824
OS 2.8788567 4.550695
OS 2.874941 4.5565553
OS 2.8690807 4.560471
OS 2.8621681 4.561846
OS 2.8552555 4.560471
OS 2.8493952 4.5565553
OS 2.8489589 4.5559023
OS 2.8475877 4.5556215
OS 2.8431743 4.5562449
OS 2.8401564 4.5607615
OS 2.8342961 4.5646772
OS 2.8273835 4.5660522
OE
OB 9.1970082 4.5398748 H
OS 9.1900956 4.5384998
OS 9.1842353 4.5345841
OS 9.1803196 4.5287238
OS 9.1789446 4.5218112
OS 9.1803196 4.5148986
OS 9.1842353 4.5090383
OS 9.1900956 4.5051226
OS 9.1970082 4.5037476
OS 9.2039208 4.5051226
OS 9.2097811 4.5090383
OS 9.2136968 4.5148986
OS 9.2150718 4.5218112
OS 9.2136968 4.5287238
OS 9.2097811 4.5345841
OS 9.2039208 4.5384998
OS 9.1970082 4.5398748
OE
OB 9.2954334 4.5398748 H
OS 9.2885208 4.5384998
OS 9.2826605 4.5345841
OS 9.2787448 4.5287238
OS 9.2773698 4.5218112
OS 9.2787448 4.5148986
OS 9.2826605 4.5090383
OS 9.2885208 4.5051226
OS 9.2954334 4.5037476
OS 9.302346 4.5051226
OS 9.3082063 4.5090383
OS 9.312122 4.5148986
OS 9.313497 4.5218112
OS 9.312122 4.5287238
OS 9.3082063 4.5345841
OS 9.302346 4.5384998
OS 9.2954334 4.5398748
OE
OB 2.9409083 4.561846 H
OS 2.9339957 4.560471
OS 2.9281354 4.5565553
OS 2.9242197 4.550695
OS 2.9228447 4.5437824
OS 2.9242197 4.5368698
OS 2.9281354 4.5310095
OS 2.9339957 4.5270938
OS 2.9409083 4.5257188
OS 2.9478209 4.5270938
OS 2.9536812 4.5310095
OS 2.9575969 4.5368698
OS 2.9589719 4.5437824
OS 2.9575969 4.550695
OS 2.9536812 4.5565553
OS 2.9478209 4.560471
OS 2.9409083 4.561846
OE
OB 3.4133495 4.561846 H
OS 3.4064369 4.560471
OS 3.4005766 4.5565553
OS 3.3966609 4.550695
OS 3.3952859 4.5437824
OS 3.3966609 4.5368698
OS 3.4005766 4.5310095
OS 3.4064369 4.5270938
OS 3.4133495 4.5257188
OS 3.4202621 4.5270938
OS 3.4261224 4.5310095
OS 3.4300381 4.5368698
OS 3.4314131 4.5437824
OS 3.4300381 4.550695
OS 3.4261224 4.5565553
OS 3.4202621 4.560471
OS 3.4133495 4.561846
OE
OB 3.4920897 4.561846 H
OS 3.4851771 4.560471
OS 3.4793168 4.5565553
OS 3.4754011 4.550695
OS 3.4740261 4.5437824
OS 3.4754011 4.5368698
OS 3.4793168 4.5310095
OS 3.4851771 4.5270938
OS 3.4920897 4.5257188
OS 3.4990023 4.5270938
OS 3.5048626 4.5310095
OS 3.5087783 4.5368698
OS 3.5101533 4.5437824
OS 3.5087783 4.550695
OS 3.5048626 4.5565553
OS 3.4990023 4.560471
OS 3.4920897 4.561846
OE
OB 3.2558691 4.561846 H
OS 3.2489565 4.560471
OS 3.2430962 4.5565553
OS 3.2391805 4.550695
OS 3.2378055 4.5437824
OS 3.2391805 4.5368698
OS 3.2430962 4.5310095
OS 3.2489565 4.5270938
OS 3.2558691 4.5257188
OS 3.2627817 4.5270938
OS 3.268642 4.5310095
OS 3.2725577 4.5368698
OS 3.2739327 4.5437824
OS 3.2725577 4.550695
OS 3.268642 4.5565553
OS 3.2627817 4.560471
OS 3.2558691 4.561846
OE
OB 3.3346093 4.561846 H
OS 3.3276967 4.560471
OS 3.3218364 4.5565553
OS 3.3179207 4.550695
OS 3.3165457 4.5437824
OS 3.3179207 4.5368698
OS 3.3218364 4.5310095
OS 3.3276967 4.5270938
OS 3.3346093 4.5257188
OS 3.3415219 4.5270938
OS 3.3473822 4.5310095
OS 3.3512979 4.5368698
OS 3.3526729 4.5437824
OS 3.3512979 4.550695
OS 3.3473822 4.5565553
OS 3.3415219 4.560471
OS 3.3346093 4.561846
OE
OB 9.098583 4.5398748 H
OS 9.0916704 4.5384998
OS 9.0858101 4.5345841
OS 9.0818944 4.5287238
OS 9.0805194 4.5218112
OS 9.0818944 4.5148986
OS 9.0858101 4.5090383
OS 9.0916704 4.5051226
OS 9.098583 4.5037476
OS 9.1054956 4.5051226
OS 9.1113559 4.5090383
OS 9.1152716 4.5148986
OS 9.1166466 4.5218112
OS 9.1152716 4.5287238
OS 9.1113559 4.5345841
OS 9.1054956 4.5384998
OS 9.098583 4.5398748
OE
OB 7.3725 4.5030636 H
OS 7.3655874 4.5016886
OS 7.3597271 4.4977729
OS 7.3558114 4.4919126
OS 7.3544364 4.485
OS 7.3558114 4.4780874
OS 7.3597271 4.4722271
OS 7.3655874 4.4683114
OS 7.3725 4.4669364
OS 7.3794126 4.4683114
OS 7.3852729 4.4722271
OS 7.3891886 4.4780874
OS 7.3905636 4.485
OS 7.3891886 4.4919126
OS 7.3852729 4.4977729
OS 7.3794126 4.5016886
OS 7.3725 4.5030636
OE
OB 7.5975 4.5030636 H
OS 7.5905874 4.5016886
OS 7.5847271 4.4977729
OS 7.5808114 4.4919126
OS 7.5794364 4.485
OS 7.5808114 4.4780874
OS 7.5847271 4.4722271
OS 7.5905874 4.4683114
OS 7.5975 4.4669364
OS 7.6044126 4.4683114
OS 7.6102729 4.4722271
OS 7.6141886 4.4780874
OS 7.6155636 4.485
OS 7.6141886 4.4919126
OS 7.6102729 4.4977729
OS 7.6044126 4.5016886
OS 7.5975 4.5030636
OE
OB 4.8352444 4.5548353 H
OS 4.8283318 4.5534603
OS 4.8224715 4.5495446
OS 4.8185558 4.5436843
OS 4.8171808 4.5367717
OS 4.8185558 4.5298591
OS 4.8224715 4.5239988
OS 4.8283318 4.5200831
OS 4.8305813 4.5196356
OS 4.8305813 4.5145377
OS 4.8283318 4.5140902
OS 4.8224715 4.5101745
OS 4.8185558 4.5043142
OS 4.8171808 4.4974016
OS 4.8185558 4.490489
OS 4.8224715 4.4846287
OS 4.8283318 4.480713
OS 4.8352444 4.479338
OS 4.842157 4.480713
OS 4.8439197 4.4818908
OS 4.8441984 4.4818769
OS 4.8491329 4.4793606
OS 4.8500518 4.4747409
OS 4.8539675 4.4688806
OS 4.8598278 4.4649649
OS 4.8667404 4.4635899
OS 4.873653 4.4649649
OS 4.8795133 4.4688806
OS 4.883429 4.4747409
OS 4.884804 4.4816535
OS 4.883429 4.4885661
OS 4.8795133 4.4944264
OS 4.873653 4.4983421
OS 4.8667404 4.4997171
OS 4.8598278 4.4983421
OS 4.8580651 4.4971643
OS 4.8577864 4.4971782
OS 4.8528519 4.4996945
OS 4.851933 4.5043142
OS 4.8480173 4.5101745
OS 4.842157 4.5140902
OS 4.8399075 4.5145377
OS 4.8399075 4.5196356
OS 4.842157 4.5200831
OS 4.8480173 4.5239988
OS 4.851933 4.5298591
OS 4.853308 4.5367717
OS 4.851933 4.5436843
OS 4.8480173 4.5495446
OS 4.842157 4.5534603
OS 4.8352444 4.5548353
OE
OB 5.26 4.5793235 H
OS 5.2530874 4.5779485
OS 5.2472271 4.5740328
OS 5.2433114 4.5681725
OS 5.2419364 4.5612599
OS 5.2433114 4.5543473
OS 5.2472271 4.548487
OS 5.2530874 4.5445713
OS 5.2553369 4.5441238
OS 5.2553369 4.5390259
OS 5.2530874 4.5385784
OS 5.2472271 4.5346627
OS 5.2433114 4.5288024
OS 5.2419364 4.5218898
OS 5.2433114 4.5149772
OS 5.2472271 4.5091169
OS 5.2530874 4.5052012
OS 5.2553369 4.5047537
OS 5.2553369 4.4996558
OS 5.2530874 4.4992083
OS 5.2472271 4.4952926
OS 5.2433114 4.4894323
OS 5.2419364 4.4825197
OS 5.2433114 4.4756071
OS 5.2472271 4.4697468
OS 5.2530874 4.4658311
OS 5.26 4.4644561
OS 5.2669126 4.4658311
OS 5.2727729 4.4697468
OS 5.2766886 4.4756071
OS 5.2780636 4.4825197
OS 5.2766886 4.4894323
OS 5.2727729 4.4952926
OS 5.2669126 4.4992083
OS 5.2646631 4.4996558
OS 5.2646631 4.5047537
OS 5.2669126 4.5052012
OS 5.2727729 4.5091169
OS 5.2766886 4.5149772
OS 5.2780636 4.5218898
OS 5.2766886 4.5288024
OS 5.2727729 4.5346627
OS 5.2669126 4.5385784
OS 5.2646631 4.5390259
OS 5.2646631 4.5441238
OS 5.2669126 4.5445713
OS 5.2727729 4.548487
OS 5.2766886 4.5543473
OS 5.2780636 4.5612599
OS 5.2766886 4.5681725
OS 5.2727729 4.5740328
OS 5.2669126 4.5779485
OS 5.26 4.5793235
OE
OB 7.8225 4.5030636 H
OS 7.8155874 4.5016886
OS 7.8097271 4.4977729
OS 7.8058114 4.4919126
OS 7.8044364 4.485
OS 7.8058114 4.4780874
OS 7.8097271 4.4722271
OS 7.8155874 4.4683114
OS 7.8225 4.4669364
OS 7.8294126 4.4683114
OS 7.8352729 4.4722271
OS 7.8391886 4.4780874
OS 7.8405636 4.485
OS 7.8391886 4.4919126
OS 7.8352729 4.4977729
OS 7.8294126 4.5016886
OS 7.8225 4.5030636
OE
OB 4.7683152 4.5154652 H
OS 4.7614026 4.5140902
OS 4.7555423 4.5101745
OS 4.7516266 4.5043142
OS 4.7502516 4.4974016
OS 4.7516266 4.490489
OS 4.7555423 4.4846287
OS 4.7614026 4.480713
OS 4.7683152 4.479338
OS 4.7752278 4.480713
OS 4.7810881 4.4846287
OS 4.7850038 4.490489
OS 4.7863788 4.4974016
OS 4.7850038 4.5043142
OS 4.7810881 4.5101745
OS 4.7752278 4.5140902
OS 4.7683152 4.5154652
OE
OB 1.2992126 4.5337345 H
OS 1.2938361 4.532665
OS 1.2892781 4.5296195
OS 1.2862326 4.5250615
OS 1.2851631 4.519685
OS 1.2862326 4.5143085
OS 1.2892781 4.5097505
OS 1.2938361 4.506705
OS 1.2992125 4.5056355
OS 1.3014927 4.500991
OS 1.301978 4.4985515
OS 1.3050235 4.4939935
OS 1.3095815 4.490948
OS 1.314958 4.4898785
OS 1.3203345 4.490948
OS 1.3248925 4.4939935
OS 1.327938 4.4985515
OS 1.3290075 4.503928
OS 1.327938 4.5093045
OS 1.3248925 4.5138625
OS 1.3203345 4.516908
OS 1.3149581 4.5179775
OS 1.3126779 4.522622
OS 1.3121926 4.5250615
OS 1.3091471 4.5296195
OS 1.3045891 4.532665
OS 1.2992126 4.5337345
OE
OB 7.8975 4.5030636 H
OS 7.8905874 4.5016886
OS 7.8847271 4.4977729
OS 7.8808114 4.4919126
OS 7.8794364 4.485
OS 7.8808114 4.4780874
OS 7.8847271 4.4722271
OS 7.8905874 4.4683114
OS 7.8975 4.4669364
OS 7.9044126 4.4683114
OS 7.9102729 4.4722271
OS 7.9141886 4.4780874
OS 7.9155636 4.485
OS 7.9141886 4.4919126
OS 7.9102729 4.4977729
OS 7.9044126 4.5016886
OS 7.8975 4.5030636
OE
OB 7.9725 4.5030636 H
OS 7.9655874 4.5016886
OS 7.9597271 4.4977729
OS 7.9558114 4.4919126
OS 7.9544364 4.485
OS 7.9558114 4.4780874
OS 7.9597271 4.4722271
OS 7.9655874 4.4683114
OS 7.9725 4.4669364
OS 7.9794126 4.4683114
OS 7.9852729 4.4722271
OS 7.9891886 4.4780874
OS 7.9905636 4.485
OS 7.9891886 4.4919126
OS 7.9852729 4.4977729
OS 7.9794126 4.5016886
OS 7.9725 4.5030636
OE
OB 3.8070505 4.561846 H
OS 3.8001379 4.560471
OS 3.7942776 4.5565553
OS 3.7903619 4.550695
OS 3.7889869 4.5437824
OS 3.7903619 4.5368698
OS 3.7942776 4.5310095
OS 3.8001379 4.5270938
OS 3.8070505 4.5257188
OS 3.8139631 4.5270938
OS 3.8198234 4.5310095
OS 3.8237391 4.5368698
OS 3.8251141 4.5437824
OS 3.8237391 4.550695
OS 3.8198234 4.5565553
OS 3.8139631 4.560471
OS 3.8070505 4.561846
OE
OB 6.0831496 4.5730636 H
OS 6.076237 4.5716886
OS 6.0703767 4.5677729
OS 6.066461 4.5619126
OS 6.065086 4.555
OS 6.0653932 4.5534554
OS 6.0608933 4.5504487
OS 6.0585662 4.5520036
OS 6.0516536 4.5533786
OS 6.044741 4.5520036
OS 6.0421612 4.5502799
OS 6.0403387 4.5508759
OS 6.0371552 4.5529484
OS 6.0359996 4.5587579
OS 6.0320839 4.5646182
OS 6.0262236 4.5685339
OS 6.019311 4.5699089
OS 6.0123984 4.5685339
OS 6.0065381 4.5646182
OS 6.0026224 4.5587579
OS 6.0012474 4.5518453
OS 6.0014097 4.5510295
OS 5.9994352 4.549545
OS 5.9968048 4.5485506
OS 5.991637 4.5520036
OS 5.9847244 4.5533786
OS 5.9778118 4.5520036
OS 5.9719515 4.5480879
OS 5.9718229 4.5478955
OS 5.967113 4.5498464
OS 5.967355 4.551063
OS 5.96598 4.5579756
OS 5.9620643 4.5638359
OS 5.956204 4.5677516
OS 5.9492914 4.5691266
OS 5.9423788 4.5677516
OS 5.9365185 4.5638359
OS 5.9326028 4.5579756
OS 5.9312278 4.551063
OS 5.9326028 4.5441504
OS 5.9365185 4.5382901
OS 5.9423788 4.5343744
OS 5.9446283 4.5339269
OS 5.9446283 4.528829
OS 5.9423788 4.5283815
OS 5.9365185 4.5244658
OS 5.9326028 4.5186055
OS 5.9312278 4.5116929
OS 5.9326028 4.5047803
OS 5.9365185 4.49892
OS 5.9423788 4.4950043
OS 5.9492914 4.4936293
OS 5.956204 4.4950043
OS 5.9620643 4.49892
OS 5.9621929 4.4991124
OS 5.9669028 4.4971615
OS 5.9666608 4.4959449
OS 5.9680358 4.4890323
OS 5.9719515 4.483172
OS 5.9778118 4.4792563
OS 5.9847244 4.4778813
OS 5.991637 4.4792563
OS 5.9974973 4.483172
OS 5.9986542 4.4849034
OS 5.9992937 4.4858602
OS 6.0034687 4.4831723
OS 6.0032503 4.4820734
OS 6.0020939 4.4762598
OS 6.0034689 4.4693472
OS 6.0073846 4.4634869
OS 6.0132449 4.4595712
OS 6.0201575 4.4581962
OS 6.0270701 4.4595712
OS 6.0329304 4.4634869
OS 6.0368461 4.4693472
OS 6.0382211 4.4762598
OS 6.0379138 4.4778045
OS 6.0424137 4.4808113
OS 6.044741 4.4792563
OS 6.0516536 4.4778813
OS 6.0585662 4.4792563
OS 6.0603289 4.4804341
OS 6.0606076 4.4804202
OS 6.0655421 4.4779039
OS 6.066461 4.4732842
OS 6.0703767 4.4674239
OS 6.076237 4.4635082
OS 6.0831496 4.4621332
OS 6.0900622 4.4635082
OS 6.0959225 4.4674239
OS 6.0998382 4.4732842
OS 6.1012132 4.4801968
OS 6.0998382 4.4871094
OS 6.0959225 4.4929697
OS 6.0930237 4.4949066
OS 6.0930237 4.5009201
OS 6.0959225 4.502857
OS 6.0998382 4.5087173
OS 6.1012132 4.5156299
OS 6.0998382 4.5225425
OS 6.0959225 4.5284028
OS 6.0900622 4.5323185
OS 6.0878127 4.532766
OS 6.0878127 4.5378639
OS 6.0900622 4.5383114
OS 6.0959225 4.5422271
OS 6.0998382 4.5480874
OS 6.1012132 4.555
OS 6.0998382 4.5619126
OS 6.0959225 4.5677729
OS 6.0900622 4.5716886
OS 6.0831496 4.5730636
OE
OB 6.0201575 4.6203077 H
OS 6.0132449 4.6189327
OS 6.0073846 4.615017
OS 6.0034689 4.6091567
OS 6.0020939 4.6022441
OS 6.0034689 4.5953315
OS 6.0073846 4.5894712
OS 6.0132449 4.5855555
OS 6.0201575 4.5841805
OS 6.0270701 4.5855555
OS 6.0329304 4.5894712
OS 6.0368461 4.5953315
OS 6.0382211 4.6022441
OS 6.0368461 4.6091567
OS 6.0329304 4.615017
OS 6.0270701 4.6189327
OS 6.0201575 4.6203077
OE
OB 0.4680957 4.6626579 H
OS 0.4531931 4.6606959
OS 0.4393061 4.6549437
OS 0.4273811 4.6457933
OS 0.4182307 4.6338683
OS 0.4124785 4.6199813
OS 0.4105165 4.6050787
OS 0.4124785 4.5901761
OS 0.4182307 4.5762891
OS 0.4273811 4.5643641
OS 0.4393061 4.5552137
OS 0.4531931 4.5494615
OS 0.4680957 4.5474995
OS 0.4829983 4.5494615
OS 0.4968853 4.5552137
OS 0.5088103 4.5643641
OS 0.5179607 4.5762891
OS 0.5237129 4.5901761
OS 0.5256749 4.6050787
OS 0.5237129 4.6199813
OS 0.5179607 4.6338683
OS 0.5088103 4.6457933
OS 0.4968853 4.6549437
OS 0.4829983 4.6606959
OS 0.4680957 4.6626579
OE
OB 4.9997522 4.5713656 H
OS 4.9928396 4.5699906
OS 4.9869793 4.5660749
OS 4.9830636 4.5602146
OS 4.9816886 4.553302
OS 4.9818509 4.5524862
OS 4.9798764 4.5510017
OS 4.977246 4.5500073
OS 4.9720782 4.5534603
OS 4.9651656 4.5548353
OS 4.958253 4.5534603
OS 4.9523927 4.5495446
OS 4.9522641 4.5493522
OS 4.9475542 4.5513031
OS 4.9477962 4.5525197
OS 4.9464212 4.5594323
OS 4.9425055 4.5652926
OS 4.9366452 4.5692083
OS 4.9297326 4.5705833
OS 4.92282 4.5692083
OS 4.9169597 4.5652926
OS 4.913044 4.5594323
OS 4.911669 4.5525197
OS 4.913044 4.5456071
OS 4.9169597 4.5397468
OS 4.92282 4.5358311
OS 4.9250695 4.5353836
OS 4.9250695 4.5302857
OS 4.92282 4.5298382
OS 4.9169597 4.5259225
OS 4.913044 4.5200622
OS 4.911669 4.5131496
OS 4.913044 4.506237
OS 4.9169597 4.5003767
OS 4.92282 4.496461
OS 4.9297326 4.495086
OS 4.9366452 4.496461
OS 4.9425055 4.5003767
OS 4.9464212 4.506237
OS 4.9477962 4.5131496
OS 4.9464212 4.5200622
OS 4.9425055 4.5259225
OS 4.9366452 4.5298382
OS 4.9343957 4.5302857
OS 4.9343957 4.5353836
OS 4.9366452 4.5358311
OS 4.9425055 4.5397468
OS 4.9426341 4.5399392
OS 4.947344 4.5379883
OS 4.947102 4.5367717
OS 4.948477 4.5298591
OS 4.9523927 4.5239988
OS 4.958253 4.5200831
OS 4.9651656 4.5187081
OS 4.9720782 4.5200831
OS 4.9779385 4.5239988
OS 4.9790954 4.5257302
OS 4.9797349 4.526687
OS 4.9839099 4.5239991
OS 4.9836915 4.5229002
OS 4.9825351 4.5170866
OS 4.9839101 4.510174
OS 4.9878258 4.5043137
OS 4.9936861 4.500398
OS 4.9959356 4.4999505
OS 4.9959356 4.4948526
OS 4.9936861 4.4944051
OS 4.9878258 4.4904894
OS 4.9839101 4.4846291
OS 4.9825351 4.4777165
OS 4.9839101 4.4708039
OS 4.9878258 4.4649436
OS 4.9936861 4.4610279
OS 5.0005987 4.4596529
OS 5.0075113 4.4610279
OS 5.0133716 4.4649436
OS 5.0172873 4.4708039
OS 5.0186623 4.4777165
OS 5.0172873 4.4846291
OS 5.0133716 4.4904894
OS 5.0075113 4.4944051
OS 5.0052618 4.4948526
OS 5.0052618 4.4999505
OS 5.0075113 4.500398
OS 5.0133716 4.5043137
OS 5.0172873 4.510174
OS 5.0186623 4.5170866
OS 5.0172873 4.5239992
OS 5.0133716 4.5298595
OS 5.0094642 4.5324704
OS 5.0090318 4.538005
OS 5.0091216 4.538255
OS 5.0125251 4.5405291
OS 5.0164408 4.5463894
OS 5.0178158 4.553302
OS 5.0164408 4.5602146
OS 5.0125251 4.5660749
OS 5.0066648 4.5699906
OS 4.9997522 4.5713656
OE
OB 5.0007036 4.619288 H
OS 4.9953271 4.6182185
OS 4.9907691 4.615173
OS 4.9877236 4.610615
OS 4.9866541 4.6052385
OS 4.9877236 4.599862
OS 4.9907691 4.595304
OS 4.9953271 4.5922585
OS 5.0007036 4.591189
OS 5.0060801 4.5922585
OS 5.0106381 4.595304
OS 5.0136836 4.599862
OS 5.0147531 4.6052385
OS 5.0136836 4.610615
OS 5.0106381 4.615173
OS 5.0060801 4.6182185
OS 5.0007036 4.619288
OE
OB 9.2462208 4.6383 H
OS 9.2393082 4.636925
OS 9.2334479 4.6330093
OS 9.2295322 4.627149
OS 9.2281572 4.6202364
OS 9.2295322 4.6133238
OS 9.2334479 4.6074635
OS 9.2393082 4.6035478
OS 9.2462208 4.6021728
OS 9.2531334 4.6035478
OS 9.2589937 4.6074635
OS 9.2629094 4.6133238
OS 9.2642844 4.6202364
OS 9.2629094 4.627149
OS 9.2589937 4.6330093
OS 9.2531334 4.636925
OS 9.2462208 4.6383
OE
OB 9.344646 4.6383 H
OS 9.3377334 4.636925
OS 9.3318731 4.6330093
OS 9.3279574 4.627149
OS 9.3265824 4.6202364
OS 9.3279574 4.6133238
OS 9.3318731 4.6074635
OS 9.3377334 4.6035478
OS 9.344646 4.6021728
OS 9.3515586 4.6035478
OS 9.3574189 4.6074635
OS 9.3613346 4.6133238
OS 9.3627096 4.6202364
OS 9.3613346 4.627149
OS 9.3574189 4.6330093
OS 9.3515586 4.636925
OS 9.344646 4.6383
OE
OB 9.0493704 4.6383 H
OS 9.0424578 4.636925
OS 9.0365975 4.6330093
OS 9.0326818 4.627149
OS 9.0313068 4.6202364
OS 9.0326818 4.6133238
OS 9.0365975 4.6074635
OS 9.0424578 4.6035478
OS 9.0493704 4.6021728
OS 9.056283 4.6035478
OS 9.0621433 4.6074635
OS 9.066059 4.6133238
OS 9.067434 4.6202364
OS 9.066059 4.627149
OS 9.0621433 4.6330093
OS 9.056283 4.636925
OS 9.0493704 4.6383
OE
OB 9.1477956 4.6383 H
OS 9.140883 4.636925
OS 9.1350227 4.6330093
OS 9.131107 4.627149
OS 9.129732 4.6202364
OS 9.131107 4.6133238
OS 9.1350227 4.6074635
OS 9.140883 4.6035478
OS 9.1477956 4.6021728
OS 9.1547082 4.6035478
OS 9.1605685 4.6074635
OS 9.1644842 4.6133238
OS 9.1658592 4.6202364
OS 9.1644842 4.627149
OS 9.1605685 4.6330093
OS 9.1547082 4.636925
OS 9.1477956 4.6383
OE
OB 9.8761384 4.579243 H
OS 9.8692258 4.577868
OS 9.8633655 4.5739523
OS 9.8594498 4.568092
OS 9.8580748 4.5611794
OS 9.8594498 4.5542668
OS 9.8633655 4.5484065
OS 9.8692258 4.5444908
OS 9.8761384 4.5431158
OS 9.883051 4.5444908
OS 9.8889113 4.5484065
OS 9.892827 4.5542668
OS 9.894202 4.5611794
OS 9.892827 4.568092
OS 9.8889113 4.5739523
OS 9.883051 4.577868
OS 9.8761384 4.579243
OE
OB 4.0432711 4.561846 H
OS 4.0363585 4.560471
OS 4.0304982 4.5565553
OS 4.0265825 4.550695
OS 4.0252075 4.5437824
OS 4.0265825 4.5368698
OS 4.0304982 4.5310095
OS 4.0363585 4.5270938
OS 4.0432711 4.5257188
OS 4.0501837 4.5270938
OS 4.056044 4.5310095
OS 4.0599597 4.5368698
OS 4.0613347 4.5437824
OS 4.0599597 4.550695
OS 4.056044 4.5565553
OS 4.0501837 4.560471
OS 4.0432711 4.561846
OE
OB 4.1220113 4.561846 H
OS 4.1150987 4.560471
OS 4.1092384 4.5565553
OS 4.1053227 4.550695
OS 4.1039477 4.5437824
OS 4.1053227 4.5368698
OS 4.1092384 4.5310095
OS 4.1150987 4.5270938
OS 4.1220113 4.5257188
OS 4.1289239 4.5270938
OS 4.1347842 4.5310095
OS 4.1386999 4.5368698
OS 4.1400749 4.5437824
OS 4.1386999 4.550695
OS 4.1347842 4.5565553
OS 4.1289239 4.560471
OS 4.1220113 4.561846
OE
OB 3.8857907 4.561846 H
OS 3.8788781 4.560471
OS 3.8730178 4.5565553
OS 3.8691021 4.550695
OS 3.8677271 4.5437824
OS 3.8691021 4.5368698
OS 3.8730178 4.5310095
OS 3.8788781 4.5270938
OS 3.8857907 4.5257188
OS 3.8927033 4.5270938
OS 3.8985636 4.5310095
OS 3.9024793 4.5368698
OS 3.9038543 4.5437824
OS 3.9024793 4.550695
OS 3.8985636 4.5565553
OS 3.8927033 4.560471
OS 3.8857907 4.561846
OE
OB 3.9645309 4.561846 H
OS 3.9576183 4.560471
OS 3.951758 4.5565553
OS 3.9478423 4.550695
OS 3.9464673 4.5437824
OS 3.9478423 4.5368698
OS 3.951758 4.5310095
OS 3.9576183 4.5270938
OS 3.9645309 4.5257188
OS 3.9714435 4.5270938
OS 3.9773038 4.5310095
OS 3.9812195 4.5368698
OS 3.9825945 4.5437824
OS 3.9812195 4.550695
OS 3.9773038 4.5565553
OS 3.9714435 4.560471
OS 3.9645309 4.561846
OE
OB 4.4369721 4.561846 H
OS 4.4300595 4.560471
OS 4.4241992 4.5565553
OS 4.4202835 4.550695
OS 4.4189085 4.5437824
OS 4.4202835 4.5368698
OS 4.4241992 4.5310095
OS 4.4300595 4.5270938
OS 4.4369721 4.5257188
OS 4.4438847 4.5270938
OS 4.449745 4.5310095
OS 4.4536607 4.5368698
OS 4.4550357 4.5437824
OS 4.4536607 4.550695
OS 4.449745 4.5565553
OS 4.4438847 4.560471
OS 4.4369721 4.561846
OE
OB 7.335 4.5780636 H
OS 7.3280874 4.5766886
OS 7.3222271 4.5727729
OS 7.3183114 4.5669126
OS 7.3169364 4.56
OS 7.3183114 4.5530874
OS 7.3222271 4.5472271
OS 7.3280874 4.5433114
OS 7.335 4.5419364
OS 7.3419126 4.5433114
OS 7.3477729 4.5472271
OS 7.3516886 4.5530874
OS 7.3530636 4.56
OS 7.3516886 4.5669126
OS 7.3477729 4.5727729
OS 7.3419126 4.5766886
OS 7.335 4.5780636
OE
OB 7.86 4.5780636 H
OS 7.8530874 4.5766886
OS 7.8472271 4.5727729
OS 7.8433114 4.5669126
OS 7.8419364 4.56
OS 7.8433114 4.5530874
OS 7.8472271 4.5472271
OS 7.8530874 4.5433114
OS 7.86 4.5419364
OS 7.8669126 4.5433114
OS 7.8727729 4.5472271
OS 7.8766886 4.5530874
OS 7.8780636 4.56
OS 7.8766886 4.5669126
OS 7.8727729 4.5727729
OS 7.8669126 4.5766886
OS 7.86 4.5780636
OE
OB 4.5157123 4.561846 H
OS 4.5087997 4.560471
OS 4.5029394 4.5565553
OS 4.4990237 4.550695
OS 4.4976487 4.5437824
OS 4.4990237 4.5368698
OS 4.5029394 4.5310095
OS 4.5087997 4.5270938
OS 4.5157123 4.5257188
OS 4.5226249 4.5270938
OS 4.5284852 4.5310095
OS 4.5324009 4.5368698
OS 4.5337759 4.5437824
OS 4.5324009 4.550695
OS 4.5284852 4.5565553
OS 4.5226249 4.560471
OS 4.5157123 4.561846
OE
OB 1.476378 4.5376716 H
OS 1.4710015 4.5366021
OS 1.4665354 4.533618
OS 1.4620694 4.5366021
OS 1.4566929 4.5376716
OS 1.4513164 4.5366021
OS 1.4468504 4.5336181
OS 1.4423844 4.5366021
OS 1.4370079 4.5376716
OS 1.4316314 4.5366021
OS 1.4271654 4.533618
OS 1.4226993 4.5366021
OS 1.4173228 4.5376716
OS 1.4119463 4.5366021
OS 1.4073883 4.5335566
OS 1.4043428 4.5289986
OS 1.4032733 4.5236221
OS 1.4043428 4.5182456
OS 1.4073883 4.5136876
OS 1.4119463 4.5106421
OS 1.4142528 4.5101833
OS 1.417474 4.5082694
OS 1.4178823 4.5047514
OS 1.4169372 4.5
OS 1.418465 4.4923193
OS 1.4209148 4.488653
OS 1.417908 4.4841531
OS 1.4163706 4.4844589
OS 1.4109941 4.4833894
OS 1.4064361 4.4803439
OS 1.4033906 4.4757859
OS 1.4023211 4.4704094
OS 1.4033906 4.4650329
OS 1.4064361 4.4604749
OS 1.4109941 4.4574294
OS 1.4163706 4.4563599
OS 1.4217471 4.4574294
OS 1.4263051 4.4604749
OS 1.4293506 4.4650329
OS 1.4304201 4.4704094
OS 1.4293506 4.4757859
OS 1.4289125 4.4764416
OS 1.4319193 4.4809415
OS 1.4370079 4.4799293
OS 1.4389469 4.480315
OS 1.4547539 4.480315
OS 1.4566929 4.4799293
OS 1.4643736 4.4814571
OS 1.470885 4.4858079
OS 1.4752358 4.4923193
OS 1.4767636 4.5
OS 1.4758185 4.5047514
OS 1.4762268 4.5082694
OS 1.479448 4.5101833
OS 1.4817545 4.5106421
OS 1.4863125 4.5136876
OS 1.489358 4.5182456
OS 1.4904275 4.5236221
OS 1.489358 4.5289986
OS 1.4863125 4.5335566
OS 1.4817545 4.5366021
OS 1.476378 4.5376716
OE
OB 5.0635908 4.5745203 H
OS 5.0566782 4.5731453
OS 5.0508179 4.5692296
OS 5.0469022 4.5633693
OS 5.0455272 4.5564567
OS 5.0469022 4.5495441
OS 5.0508179 4.5436838
OS 5.0566782 4.5397681
OS 5.0589277 4.5393206
OS 5.0589277 4.5342227
OS 5.0566782 4.5337752
OS 5.0508179 4.5298595
OS 5.0469022 4.5239992
OS 5.0455272 4.5170866
OS 5.0469022 4.510174
OS 5.0508179 4.5043137
OS 5.0566782 4.500398
OS 5.0589277 4.4999505
OS 5.0589277 4.4948526
OS 5.0566782 4.4944051
OS 5.0508179 4.4904894
OS 5.0469022 4.4846291
OS 5.0455272 4.4777165
OS 5.0469022 4.4708039
OS 5.0508179 4.4649436
OS 5.0566782 4.4610279
OS 5.0635908 4.4596529
OS 5.0705034 4.4610279
OS 5.0763637 4.4649436
OS 5.0802794 4.4708039
OS 5.0816544 4.4777165
OS 5.0802794 4.4846291
OS 5.0763637 4.4904894
OS 5.0705034 4.4944051
OS 5.0682539 4.4948526
OS 5.0682539 4.4999505
OS 5.0705034 4.500398
OS 5.0763637 4.5043137
OS 5.0802794 4.510174
OS 5.0816544 4.5170866
OS 5.0802794 4.5239992
OS 5.0763637 4.5298595
OS 5.0705034 4.5337752
OS 5.0682539 4.5342227
OS 5.0682539 4.5393206
OS 5.0705034 4.5397681
OS 5.0763637 4.5436838
OS 5.0802794 4.5495441
OS 5.0816544 4.5564567
OS 5.0802794 4.5633693
OS 5.0763637 4.5692296
OS 5.0705034 4.5731453
OS 5.0635908 4.5745203
OE
OB 2.3200318 4.3691675 H
OS 2.3146553 4.368098
OS 2.3100973 4.3650525
OS 2.3070518 4.3604945
OS 2.3059823 4.355118
OS 2.3070518 4.3497415
OS 2.3100973 4.3451835
OS 2.3146553 4.342138
OS 2.3200318 4.3410685
OS 2.3254083 4.342138
OS 2.3299663 4.3451835
OS 2.3330118 4.3497415
OS 2.3340813 4.355118
OS 2.3330118 4.3604945
OS 2.3299663 4.3650525
OS 2.3254083 4.368098
OS 2.3200318 4.3691675
OE
OB 3.4227382 4.3810128 H
OS 3.4158256 4.3796378
OS 3.4099653 4.3757221
OS 3.4060496 4.3698618
OS 3.4046746 4.3629492
OS 3.4060496 4.3560366
OS 3.4099653 4.3501763
OS 3.4158256 4.3462606
OS 3.4227382 4.3448856
OS 3.4296508 4.3462606
OS 3.4355111 4.3501763
OS 3.4394268 4.3560366
OS 3.4408018 4.3629492
OS 3.4394268 4.3698618
OS 3.4355111 4.3757221
OS 3.4296508 4.3796378
OS 3.4227382 4.3810128
OE
OB 12.6377953 4.3447582 H
OS 12.6324188 4.3436887
OS 12.6279528 4.3407046
OS 12.6234867 4.3436887
OS 12.6181102 4.3447582
OS 12.6127337 4.3436887
OS 12.6081757 4.3406432
OS 12.6051302 4.3360852
OS 12.6040607 4.3307087
OS 12.6051302 4.3253322
OS 12.6081757 4.3207742
OS 12.6127337 4.3177287
OS 12.6181102 4.3166592
OS 12.6234867 4.3177287
OS 12.6279528 4.3207128
OS 12.6324188 4.3177287
OS 12.6377953 4.3166592
OS 12.6431718 4.3177287
OS 12.6477298 4.3207742
OS 12.6507753 4.3253322
OS 12.6518448 4.3307087
OS 12.6507753 4.3360852
OS 12.6477298 4.3406432
OS 12.6431718 4.3436887
OS 12.6377953 4.3447582
OE
OB 12.1456693 4.3447582 H
OS 12.1402928 4.3436887
OS 12.1358268 4.3407047
OS 12.1313608 4.3436887
OS 12.1259843 4.3447582
OS 12.1206078 4.3436887
OS 12.1160498 4.3406432
OS 12.1130043 4.3360852
OS 12.1119348 4.3307087
OS 12.1130043 4.3253322
OS 12.1160498 4.3207742
OS 12.1206078 4.3177287
OS 12.1259843 4.3166592
OS 12.1313608 4.3177287
OS 12.1358268 4.3207127
OS 12.1402928 4.3177287
OS 12.1456693 4.3166592
OS 12.1510458 4.3177287
OS 12.1556038 4.3207742
OS 12.1586493 4.3253322
OS 12.1597188 4.3307087
OS 12.1586493 4.3360852
OS 12.1556038 4.3406432
OS 12.1510458 4.3436887
OS 12.1456693 4.3447582
OE
OB 11.9313926 4.3881423 H
OS 11.92448 4.3867673
OS 11.9186197 4.3828516
OS 11.914704 4.3769913
OS 11.913329 4.3700787
OS 11.914704 4.3631661
OS 11.9186197 4.3573058
OS 11.92448 4.3533901
OS 11.9313926 4.3520151
OS 11.9383052 4.3533901
OS 11.9441655 4.3573058
OS 11.9480812 4.3631661
OS 11.9494562 4.3700787
OS 11.9480812 4.3769913
OS 11.9441655 4.3828516
OS 11.9383052 4.3867673
OS 11.9313926 4.3881423
OE
OB 12.7313926 4.3920793 H
OS 12.72448 4.3907043
OS 12.7186197 4.3867886
OS 12.714704 4.3809283
OS 12.713329 4.3740157
OS 12.714704 4.3671031
OS 12.7186197 4.3612428
OS 12.72448 4.3573271
OS 12.7313926 4.3559521
OS 12.7383052 4.3573271
OS 12.7441655 4.3612428
OS 12.7480812 4.3671031
OS 12.7494562 4.3740157
OS 12.7480812 4.3809283
OS 12.7441655 4.3867886
OS 12.7383052 4.3907043
OS 12.7313926 4.3920793
OE
OB 12.8307087 4.3920793 H
OS 12.8237961 4.3907043
OS 12.8179358 4.3867886
OS 12.8140201 4.3809283
OS 12.8126451 4.3740157
OS 12.8140201 4.3671031
OS 12.8179358 4.3612428
OS 12.8237961 4.3573271
OS 12.8307087 4.3559521
OS 12.8376213 4.3573271
OS 12.8434816 4.3612428
OS 12.8473973 4.3671031
OS 12.8487723 4.3740157
OS 12.8473973 4.3809283
OS 12.8434816 4.3867886
OS 12.8376213 4.3907043
OS 12.8307087 4.3920793
OE
OB 12.0314961 4.3881423 H
OS 12.0245835 4.3867673
OS 12.0187232 4.3828516
OS 12.0148075 4.3769913
OS 12.0134325 4.3700787
OS 12.0148075 4.3631661
OS 12.0187232 4.3573058
OS 12.0245835 4.3533901
OS 12.0314961 4.3520151
OS 12.0384087 4.3533901
OS 12.044269 4.3573058
OS 12.0481847 4.3631661
OS 12.0495597 4.3700787
OS 12.0481847 4.3769913
OS 12.044269 4.3828516
OS 12.0384087 4.3867673
OS 12.0314961 4.3881423
OE
OB 2.492126 4.3801912 H
OS 2.4867495 4.3791217
OS 2.4821915 4.3760762
OS 2.479146 4.3715182
OS 2.4780765 4.3661417
OS 2.479146 4.3607652
OS 2.4821915 4.3562072
OS 2.4867495 4.3531617
OS 2.492126 4.3520922
OS 2.4975025 4.3531617
OS 2.5020605 4.3562072
OS 2.505106 4.3607652
OS 2.5061755 4.3661417
OS 2.505106 4.3715182
OS 2.5020605 4.3760762
OS 2.4975025 4.3791217
OS 2.492126 4.3801912
OE
OB 12.5393701 4.3447582 H
OS 12.5339936 4.3436887
OS 12.5295276 4.3407046
OS 12.5250615 4.3436887
OS 12.519685 4.3447582
OS 12.5143085 4.3436887
OS 12.5097505 4.3406432
OS 12.506705 4.3360852
OS 12.5056355 4.3307087
OS 12.506705 4.3253322
OS 12.5097505 4.3207742
OS 12.5143085 4.3177287
OS 12.519685 4.3166592
OS 12.5250615 4.3177287
OS 12.5295276 4.3207128
OS 12.5339936 4.3177287
OS 12.5393701 4.3166592
OS 12.5447466 4.3177287
OS 12.5493046 4.3207742
OS 12.5523501 4.3253322
OS 12.5534196 4.3307087
OS 12.5523501 4.3360852
OS 12.5493046 4.3406432
OS 12.5447466 4.3436887
OS 12.5393701 4.3447582
OE
OB 1.1443706 4.3524589 H
OS 1.1389941 4.3513894
OS 1.1344361 4.3483439
OS 1.1313906 4.3437859
OS 1.1303211 4.3384094
OS 1.1313906 4.3330329
OS 1.1344361 4.3284749
OS 1.1389941 4.3254294
OS 1.1443706 4.3243599
OS 1.1497471 4.3254294
OS 1.1543051 4.3284749
OS 1.1573506 4.3330329
OS 1.1584201 4.3384094
OS 1.1573506 4.3437859
OS 1.1543051 4.3483439
OS 1.1497471 4.3513894
OS 1.1443706 4.3524589
OE
OB 2.1653543 4.3605062 H
OS 2.1599778 4.3594367
OS 2.1554198 4.3563912
OS 2.1523743 4.3518332
OS 2.1513048 4.3464567
OS 2.1523743 4.3410802
OS 2.1554198 4.3365222
OS 2.1599778 4.3334767
OS 2.1653543 4.3324072
OS 2.1707308 4.3334767
OS 2.1752888 4.3365222
OS 2.1783343 4.3410802
OS 2.1794038 4.3464567
OS 2.1783343 4.3518332
OS 2.1752888 4.3563912
OS 2.1707308 4.3594367
OS 2.1653543 4.3605062
OE
OB 1.3282604 4.3546384 H
OS 1.3213478 4.3532634
OS 1.3154875 4.3493477
OS 1.3115718 4.3434874
OS 1.3101968 4.3365748
OS 1.3115718 4.3296622
OS 1.3154875 4.3238019
OS 1.3213478 4.3198862
OS 1.3282604 4.3185112
OS 1.335173 4.3198862
OS 1.3410333 4.3238019
OS 1.344949 4.3296622
OS 1.346324 4.3365748
OS 1.344949 4.3434874
OS 1.3410333 4.3493477
OS 1.335173 4.3532634
OS 1.3282604 4.3546384
OE
OB 1.3755045 4.3546384 H
OS 1.3685919 4.3532634
OS 1.3627316 4.3493477
OS 1.3588159 4.3434874
OS 1.3574409 4.3365748
OS 1.3588159 4.3296622
OS 1.3627316 4.3238019
OS 1.3685919 4.3198862
OS 1.3755045 4.3185112
OS 1.3824171 4.3198862
OS 1.3882774 4.3238019
OS 1.3921931 4.3296622
OS 1.3935681 4.3365748
OS 1.3921931 4.3434874
OS 1.3882774 4.3493477
OS 1.3824171 4.3532634
OS 1.3755045 4.3546384
OE
OB 4.0456275 4.3690408 H
OS 4.0387149 4.3676658
OS 4.0328546 4.3637501
OS 4.0289389 4.3578898
OS 4.0275639 4.3509772
OS 4.0289389 4.3440646
OS 4.0328546 4.3382043
OS 4.0387149 4.3342886
OS 4.0456275 4.3329136
OS 4.0525401 4.3342886
OS 4.0584004 4.3382043
OS 4.0623161 4.3440646
OS 4.0636911 4.3509772
OS 4.0623161 4.3578898
OS 4.0584004 4.3637501
OS 4.0525401 4.3676658
OS 4.0456275 4.3690408
OE
OB 12.3425197 4.3447582 H
OS 12.3371432 4.3436887
OS 12.3326772 4.3407046
OS 12.3282111 4.3436887
OS 12.3228346 4.3447582
OS 12.3174581 4.3436887
OS 12.3129001 4.3406432
OS 12.3098546 4.3360852
OS 12.3087851 4.3307087
OS 12.3098546 4.3253322
OS 12.3129001 4.3207742
OS 12.3174581 4.3177287
OS 12.3228346 4.3166592
OS 12.3282111 4.3177287
OS 12.3326772 4.3207128
OS 12.3371432 4.3177287
OS 12.3425197 4.3166592
OS 12.3478962 4.3177287
OS 12.3524542 4.3207742
OS 12.3554997 4.3253322
OS 12.3565692 4.3307087
OS 12.3554997 4.3360852
OS 12.3524542 4.3406432
OS 12.3478962 4.3436887
OS 12.3425197 4.3447582
OE
OB 12.4409449 4.3447582 H
OS 12.4355684 4.3436887
OS 12.4311024 4.3407046
OS 12.4266363 4.3436887
OS 12.4212598 4.3447582
OS 12.4158833 4.3436887
OS 12.4113253 4.3406432
OS 12.4082798 4.3360852
OS 12.4072103 4.3307087
OS 12.4082798 4.3253322
OS 12.4113253 4.3207742
OS 12.4158833 4.3177287
OS 12.4212598 4.3166592
OS 12.4266363 4.3177287
OS 12.4311024 4.3207128
OS 12.4355684 4.3177287
OS 12.4409449 4.3166592
OS 12.4463214 4.3177287
OS 12.4508794 4.3207742
OS 12.4539249 4.3253322
OS 12.4549944 4.3307087
OS 12.4539249 4.3360852
OS 12.4508794 4.3406432
OS 12.4463214 4.3436887
OS 12.4409449 4.3447582
OE
OB 1.6929134 4.3644432 H
OS 1.6875369 4.3633737
OS 1.6829789 4.3603282
OS 1.6799334 4.3557702
OS 1.6788639 4.3503937
OS 1.6799334 4.3450172
OS 1.6829789 4.3404592
OS 1.6875369 4.3374137
OS 1.6929134 4.3363442
OS 1.6982899 4.3374137
OS 1.7028479 4.3404592
OS 1.7058934 4.3450172
OS 1.7069629 4.3503937
OS 1.7058934 4.3557702
OS 1.7028479 4.3603282
OS 1.6982899 4.3633737
OS 1.6929134 4.3644432
OE
OB 12.2440945 4.3447582 H
OS 12.238718 4.3436887
OS 12.234252 4.3407046
OS 12.2297859 4.3436887
OS 12.2244094 4.3447582
OS 12.2190329 4.3436887
OS 12.2144749 4.3406432
OS 12.2114294 4.3360852
OS 12.2103599 4.3307087
OS 12.2114294 4.3253322
OS 12.2144749 4.3207742
OS 12.2190329 4.3177287
OS 12.2244094 4.3166592
OS 12.2297859 4.3177287
OS 12.234252 4.3207128
OS 12.238718 4.3177287
OS 12.2440945 4.3166592
OS 12.249471 4.3177287
OS 12.254029 4.3207742
OS 12.2570745 4.3253322
OS 12.258144 4.3307087
OS 12.2570745 4.3360852
OS 12.254029 4.3406432
OS 12.249471 4.3436887
OS 12.2440945 4.3447582
OE
OB 6.5364173 4.3847975 H
OS 6.5310408 4.383728
OS 6.5264829 4.3806825
OS 6.5227297 4.3806825
OS 6.5181718 4.383728
OS 6.5127953 4.3847975
OS 6.5074188 4.383728
OS 6.5028609 4.3806825
OS 6.4991076 4.3806825
OS 6.4945497 4.383728
OS 6.4891732 4.3847975
OS 6.4837967 4.383728
OS 6.4792388 4.3806825
OS 6.4754856 4.3806825
OS 6.4709277 4.383728
OS 6.4655512 4.3847975
OS 6.4601747 4.383728
OS 6.4556168 4.3806825
OS 6.4518635 4.3806825
OS 6.4473056 4.383728
OS 6.4419291 4.3847975
OS 6.4365526 4.383728
OS 6.4319947 4.3806825
OS 6.4282415 4.3806825
OS 6.4236836 4.383728
OS 6.4183071 4.3847975
OS 6.4129306 4.383728
OS 6.4083727 4.3806825
OS 6.4046195 4.3806825
OS 6.4000616 4.383728
OS 6.3946851 4.3847975
OS 6.3893086 4.383728
OS 6.3847506 4.3806825
OS 6.3817051 4.3761245
OS 6.3806356 4.3707481
OS 6.3759115 4.3688682
OS 6.375 4.3690495
OS 6.3696235 4.36798
OS 6.3650655 4.3649345
OS 6.36202 4.3603765
OS 6.3609505 4.355
OS 6.36202 4.3496235
OS 6.3650655 4.3450655
OS 6.3696235 4.34202
OS 6.375 4.3409505
OS 6.3803765 4.34202
OS 6.3849345 4.3450655
OS 6.38798 4.3496235
OS 6.3890495 4.3549999
OS 6.3937736 4.3568798
OS 6.3946851 4.3566985
OS 6.4000616 4.357768
OS 6.4046195 4.3608135
OS 6.4083727 4.3608135
OS 6.4129306 4.357768
OS 6.4183071 4.3566985
OS 6.4236836 4.357768
OS 6.4282415 4.3608135
OS 6.4319947 4.3608135
OS 6.4365526 4.357768
OS 6.4419291 4.3566985
OS 6.4473056 4.357768
OS 6.4518635 4.3608135
OS 6.4556168 4.3608135
OS 6.4601747 4.357768
OS 6.4655512 4.3566985
OS 6.4709277 4.357768
OS 6.4754856 4.3608135
OS 6.4792388 4.3608135
OS 6.4837967 4.357768
OS 6.4891732 4.3566985
OS 6.4945497 4.357768
OS 6.4991076 4.3608135
OS 6.5028609 4.3608135
OS 6.5074188 4.357768
OS 6.5127953 4.3566985
OS 6.5181718 4.357768
OS 6.5227297 4.3608135
OS 6.5264829 4.3608135
OS 6.5310408 4.357768
OS 6.5364173 4.3566985
OS 6.5417938 4.357768
OS 6.5463518 4.3608135
OS 6.5493973 4.3653715
OS 6.5504668 4.370748
OS 6.5493973 4.3761245
OS 6.5463518 4.3806825
OS 6.5417938 4.383728
OS 6.5364173 4.3847975
OE
OB 9.8170833 4.4611328 H
OS 9.8101707 4.4597578
OS 9.8043104 4.4558421
OS 9.8003947 4.4499818
OS 9.7990197 4.4430692
OS 9.8003947 4.4361566
OS 9.8043104 4.4302963
OS 9.8101707 4.4263806
OS 9.8170833 4.4250056
OS 9.8239959 4.4263806
OS 9.8298562 4.4302963
OS 9.8337719 4.4361566
OS 9.8351469 4.4430692
OS 9.8337719 4.4499818
OS 9.8298562 4.4558421
OS 9.8239959 4.4597578
OS 9.8170833 4.4611328
OE
OB 9.9351935 4.4611328 H
OS 9.9282809 4.4597578
OS 9.9224206 4.4558421
OS 9.9185049 4.4499818
OS 9.9171299 4.4430692
OS 9.9185049 4.4361566
OS 9.9224206 4.4302963
OS 9.9282809 4.4263806
OS 9.9351935 4.4250056
OS 9.9421061 4.4263806
OS 9.9479664 4.4302963
OS 9.9518821 4.4361566
OS 9.9532571 4.4430692
OS 9.9518821 4.4499818
OS 9.9479664 4.4558421
OS 9.9421061 4.4597578
OS 9.9351935 4.4611328
OE
OB 5.095 4.4490495 H
OS 5.0896235 4.44798
OS 5.0850655 4.4449345
OS 5.08202 4.4403765
OS 5.0809505 4.435
OS 5.08202 4.4296235
OS 5.0850655 4.4250655
OS 5.0896235 4.42202
OS 5.095 4.4209505
OS 5.1003765 4.42202
OS 5.1049345 4.4250655
OS 5.10798 4.4296235
OS 5.1090495 4.435
OS 5.10798 4.4403765
OS 5.1049345 4.4449345
OS 5.1003765 4.44798
OS 5.095 4.4490495
OE
OB 5.26 4.4580636 H
OS 5.2530874 4.4566886
OS 5.2472271 4.4527729
OS 5.2433114 4.4469126
OS 5.2419364 4.44
OS 5.2433114 4.4330874
OS 5.2472271 4.4272271
OS 5.2530874 4.4233114
OS 5.26 4.4219364
OS 5.2669126 4.4233114
OS 5.2727729 4.4272271
OS 5.2766886 4.4330874
OS 5.2780636 4.44
OS 5.2766886 4.4469126
OS 5.2727729 4.4527729
OS 5.2669126 4.4566886
OS 5.26 4.4580636
OE
OB 0.3149461 4.5932263 H
OS 0.300668 4.59182
OS 0.2869386 4.5876553
OS 0.2742856 4.5808921
OS 0.2631951 4.5717903
OS 0.2540933 4.5606998
OS 0.2473301 4.5480468
OS 0.2431654 4.5343174
OS 0.2417591 4.5200393
OS 0.2431654 4.5057612
OS 0.2473301 4.4920318
OS 0.2540933 4.4793788
OS 0.2631951 4.4682883
OS 0.2742856 4.4591865
OS 0.2869386 4.4524233
OS 0.300668 4.4482586
OS 0.3149461 4.4468523
OS 0.3292242 4.4482586
OS 0.3429536 4.4524233
OS 0.3556066 4.4591865
OS 0.3666971 4.4682883
OS 0.3757989 4.4793788
OS 0.3825621 4.4920318
OS 0.3867268 4.5057612
OS 0.3881331 4.5200393
OS 0.3867268 4.5343174
OS 0.3825621 4.5480468
OS 0.3757989 4.5606998
OS 0.3666971 4.5717903
OS 0.3556066 4.5808921
OS 0.3429536 4.5876553
OS 0.3292242 4.59182
OS 0.3149461 4.5932263
OE
OB 1.3573706 4.4844589 H
OS 1.3519941 4.4833894
OS 1.3474361 4.4803439
OS 1.3443906 4.4757859
OS 1.3433211 4.4704094
OS 1.3443906 4.4650329
OS 1.3474361 4.4604749
OS 1.3519941 4.4574294
OS 1.3573706 4.4563599
OS 1.3627471 4.4574294
OS 1.3673051 4.4604749
OS 1.3703506 4.4650329
OS 1.3714201 4.4704094
OS 1.3703506 4.4757859
OS 1.3673051 4.4803439
OS 1.3627471 4.4833894
OS 1.3573706 4.4844589
OE
OB 6.28 4.5730636 H
OS 6.2730874 4.5716886
OS 6.2672271 4.5677729
OS 6.2633114 4.5619126
OS 6.2619364 4.555
OS 6.2633114 4.5480874
OS 6.2672271 4.5422271
OS 6.2730874 4.5383114
OS 6.2753369 4.5378639
OS 6.2753369 4.532766
OS 6.2730874 4.5323185
OS 6.2672271 4.5284028
OS 6.2633114 4.5225425
OS 6.2619364 4.5156299
OS 6.2633114 4.5087173
OS 6.2672271 4.502857
OS 6.2730874 4.4989413
OS 6.2753369 4.4984938
OS 6.2753369 4.4933959
OS 6.2730874 4.4929484
OS 6.2672271 4.4890327
OS 6.2633114 4.4831724
OS 6.2619364 4.4762598
OS 6.2633114 4.4693472
OS 6.2672271 4.4634869
OS 6.2730874 4.4595712
OS 6.28 4.4581962
OS 6.2869126 4.4595712
OS 6.2927729 4.4634869
OS 6.2966886 4.4693472
OS 6.2980636 4.4762598
OS 6.2966886 4.4831724
OS 6.2927729 4.4890327
OS 6.2869126 4.4929484
OS 6.2846631 4.4933959
OS 6.2846631 4.4984938
OS 6.2869126 4.4989413
OS 6.2927729 4.502857
OS 6.2966886 4.5087173
OS 6.2980636 4.5156299
OS 6.2966886 4.5225425
OS 6.2927729 4.5284028
OS 6.2869126 4.5323185
OS 6.2846631 4.532766
OS 6.2846631 4.5378639
OS 6.2869126 4.5383114
OS 6.2927729 4.5422271
OS 6.2966886 4.5480874
OS 6.2980636 4.555
OS 6.2966886 4.5619126
OS 6.2927729 4.5677729
OS 6.2869126 4.5716886
OS 6.28 4.5730636
OE
OB 4.8092044 4.4643407 H
OS 4.8022918 4.4629657
OS 4.7964315 4.45905
OS 4.7925158 4.4531897
OS 4.7920683 4.4509402
OS 4.7869704 4.4509402
OS 4.7865229 4.4531897
OS 4.7826072 4.45905
OS 4.7767469 4.4629657
OS 4.7698343 4.4643407
OS 4.7629217 4.4629657
OS 4.7570614 4.45905
OS 4.7531457 4.4531897
OS 4.7526983 4.4509404
OS 4.7476003 4.4509404
OS 4.7471529 4.4531897
OS 4.7432372 4.45905
OS 4.7373769 4.4629657
OS 4.7304643 4.4643407
OS 4.7235517 4.4629657
OS 4.7176914 4.45905
OS 4.7137757 4.4531897
OS 4.7124007 4.4462771
OS 4.7137757 4.4393645
OS 4.7176914 4.4335042
OS 4.7235517 4.4295885
OS 4.7304643 4.4282135
OS 4.7320089 4.4285207
OS 4.7350157 4.4240208
OS 4.7334607 4.4216936
OS 4.7320857 4.414781
OS 4.7334607 4.4078684
OS 4.7373764 4.4020081
OS 4.7391079 4.4008512
OS 4.7400646 4.4002117
OS 4.7373768 4.3960367
OS 4.7362779 4.3962551
OS 4.7304643 4.3974115
OS 4.7235517 4.3960365
OS 4.7176914 4.3921208
OS 4.7137757 4.3862605
OS 4.7124007 4.3793479
OS 4.7137757 4.3724353
OS 4.7176914 4.366575
OS 4.7235517 4.3626593
OS 4.7304643 4.3612843
OS 4.7373769 4.3626593
OS 4.7432372 4.366575
OS 4.7471529 4.3724353
OS 4.7476003 4.3746846
OS 4.7526983 4.3746846
OS 4.7531457 4.3724353
OS 4.7570614 4.366575
OS 4.7629217 4.3626593
OS 4.7698343 4.3612843
OS 4.7767469 4.3626593
OS 4.7826072 4.366575
OS 4.7865229 4.3724353
OS 4.7869704 4.3746848
OS 4.7920683 4.3746848
OS 4.7925158 4.3724353
OS 4.7964315 4.366575
OS 4.8022918 4.3626593
OS 4.8092044 4.3612843
OS 4.816117 4.3626593
OS 4.8219773 4.366575
OS 4.825893 4.3724353
OS 4.827268 4.3793479
OS 4.825893 4.3862605
OS 4.8219773 4.3921208
OS 4.816117 4.3960365
OS 4.8092044 4.3974115
OS 4.8033909 4.3962551
OS 4.8022919 4.3960367
OS 4.7996041 4.4002117
OS 4.8005607 4.4008511
OS 4.8022923 4.4020081
OS 4.806208 4.4078684
OS 4.807583 4.414781
OS 4.806208 4.4216936
OS 4.804653 4.4240208
OS 4.8076598 4.4285207
OS 4.8092044 4.4282135
OS 4.8152896 4.4294239
OS 4.8173631 4.4274681
OS 4.8185954 4.4253715
OS 4.8161379 4.4216936
OS 4.8147629 4.414781
OS 4.8161379 4.4078684
OS 4.8200536 4.4020081
OS 4.8259139 4.3980924
OS 4.8328265 4.3967174
OS 4.8397391 4.3980924
OS 4.8455994 4.4020081
OS 4.8495151 4.4078684
OS 4.8508901 4.414781
OS 4.8495151 4.4216936
OS 4.8455994 4.4275539
OS 4.8397391 4.4314696
OS 4.8328265 4.4328446
OS 4.8267413 4.4316342
OS 4.8246678 4.43359
OS 4.8234355 4.4356866
OS 4.825893 4.4393645
OS 4.827268 4.4462771
OS 4.825893 4.4531897
OS 4.8219773 4.45905
OS 4.816117 4.4629657
OS 4.8092044 4.4643407
OE
OB 5.814685 4.4645597 H
OS 5.8077724 4.4631847
OS 5.8019121 4.459269
OS 5.7979964 4.4534087
OS 5.7975489 4.4511592
OS 5.792451 4.4511592
OS 5.7920035 4.4534087
OS 5.7880878 4.459269
OS 5.7822275 4.4631847
OS 5.7753149 4.4645597
OS 5.7684023 4.4631847
OS 5.762542 4.459269
OS 5.7586263 4.4534087
OS 5.7581789 4.4511594
OS 5.7530809 4.4511594
OS 5.7526335 4.4534087
OS 5.7487178 4.459269
OS 5.7428575 4.4631847
OS 5.7359449 4.4645597
OS 5.7290323 4.4631847
OS 5.723172 4.459269
OS 5.7192563 4.4534087
OS 5.7178813 4.4464961
OS 5.7192563 4.4395835
OS 5.723172 4.4337232
OS 5.7290323 4.4298075
OS 5.7359449 4.4284325
OS 5.7374895 4.4287397
OS 5.7404963 4.4242398
OS 5.7389413 4.4219126
OS 5.7375663 4.415
OS 5.7389413 4.4080874
OS 5.742857 4.4022271
OS 5.7445885 4.4010702
OS 5.7455452 4.4004307
OS 5.7428574 4.3962557
OS 5.7417585 4.3964741
OS 5.7359449 4.3976305
OS 5.7290323 4.3962555
OS 5.723172 4.3923398
OS 5.7192563 4.3864795
OS 5.7178813 4.3795669
OS 5.7192563 4.3726543
OS 5.723172 4.366794
OS 5.7290323 4.3628783
OS 5.7359449 4.3615033
OS 5.7428575 4.3628783
OS 5.7487178 4.366794
OS 5.7526335 4.3726543
OS 5.7530809 4.3749036
OS 5.7581789 4.3749036
OS 5.7586263 4.3726543
OS 5.762542 4.366794
OS 5.7684023 4.3628783
OS 5.7753149 4.3615033
OS 5.7822275 4.3628783
OS 5.7880878 4.366794
OS 5.7920035 4.3726543
OS 5.792451 4.3749038
OS 5.7975489 4.3749038
OS 5.7979964 4.3726543
OS 5.8019121 4.366794
OS 5.8077724 4.3628783
OS 5.814685 4.3615033
OS 5.8215976 4.3628783
OS 5.8274579 4.366794
OS 5.8313736 4.3726543
OS 5.8327486 4.3795669
OS 5.8313736 4.3864795
OS 5.8274579 4.3923398
OS 5.8215976 4.3962555
OS 5.814685 4.3976305
OS 5.8088715 4.3964741
OS 5.8077725 4.3962557
OS 5.8050847 4.4004307
OS 5.8060413 4.4010701
OS 5.8077729 4.4022271
OS 5.8116886 4.4080874
OS 5.8130636 4.415
OS 5.8116886 4.4219126
OS 5.8101336 4.4242398
OS 5.8131404 4.4287397
OS 5.814685 4.4284325
OS 5.8207702 4.4296429
OS 5.8228437 4.4276871
OS 5.824076 4.4255905
OS 5.8216185 4.4219126
OS 5.8202435 4.415
OS 5.8216185 4.4080874
OS 5.8255342 4.4022271
OS 5.8313945 4.3983114
OS 5.8383071 4.3969364
OS 5.8452197 4.3983114
OS 5.85108 4.4022271
OS 5.8549957 4.4080874
OS 5.8563707 4.415
OS 5.8549957 4.4219126
OS 5.85108 4.4277729
OS 5.8452197 4.4316886
OS 5.8383071 4.4330636
OS 5.8322219 4.4318532
OS 5.8301484 4.433809
OS 5.8289161 4.4359056
OS 5.8313736 4.4395835
OS 5.8327486 4.4464961
OS 5.8313736 4.4534087
OS 5.8274579 4.459269
OS 5.8215976 4.4631847
OS 5.814685 4.4645597
OE
OB 5.3155595 4.448459 H
OS 5.310183 4.4473895
OS 5.305625 4.444344
OS 5.3025795 4.439786
OS 5.30151 4.4344095
OS 5.3025795 4.429033
OS 5.305625 4.424475
OS 5.310183 4.4214295
OS 5.3155595 4.42036
OS 5.320936 4.4214295
OS 5.325494 4.424475
OS 5.3285395 4.429033
OS 5.329609 4.4344095
OS 5.3285395 4.439786
OS 5.325494 4.444344
OS 5.320936 4.4473895
OS 5.3155595 4.448459
OE
OB 9.1477956 4.4414496 H
OS 9.140883 4.4400746
OS 9.1350227 4.4361589
OS 9.131107 4.4302986
OS 9.129732 4.423386
OS 9.131107 4.4164734
OS 9.1350227 4.4106131
OS 9.140883 4.4066974
OS 9.1477956 4.4053224
OS 9.1547082 4.4066974
OS 9.1605685 4.4106131
OS 9.1644842 4.4164734
OS 9.1658592 4.423386
OS 9.1644842 4.4302986
OS 9.1605685 4.4361589
OS 9.1547082 4.4400746
OS 9.1477956 4.4414496
OE
OB 9.2462208 4.4414496 H
OS 9.2393082 4.4400746
OS 9.2334479 4.4361589
OS 9.2295322 4.4302986
OS 9.2281572 4.423386
OS 9.2295322 4.4164734
OS 9.2334479 4.4106131
OS 9.2393082 4.4066974
OS 9.2462208 4.4053224
OS 9.2531334 4.4066974
OS 9.2589937 4.4106131
OS 9.2629094 4.4164734
OS 9.2642844 4.423386
OS 9.2629094 4.4302986
OS 9.2589937 4.4361589
OS 9.2531334 4.4400746
OS 9.2462208 4.4414496
OE
OB 7.86 4.4280636 H
OS 7.8530874 4.4266886
OS 7.8472271 4.4227729
OS 7.8433114 4.4169126
OS 7.8419364 4.41
OS 7.8433114 4.4030874
OS 7.8472271 4.3972271
OS 7.8530874 4.3933114
OS 7.86 4.3919364
OS 7.8669126 4.3933114
OS 7.8727729 4.3972271
OS 7.8766886 4.4030874
OS 7.8780636 4.41
OS 7.8766886 4.4169126
OS 7.8727729 4.4227729
OS 7.8669126 4.4266886
OS 7.86 4.4280636
OE
OB 9.0493704 4.4414496 H
OS 9.0424578 4.4400746
OS 9.0365975 4.4361589
OS 9.0326818 4.4302986
OS 9.0313068 4.423386
OS 9.0326818 4.4164734
OS 9.0365975 4.4106131
OS 9.0424578 4.4066974
OS 9.0493704 4.4053224
OS 9.056283 4.4066974
OS 9.0621433 4.4106131
OS 9.066059 4.4164734
OS 9.067434 4.423386
OS 9.066059 4.4302986
OS 9.0621433 4.4361589
OS 9.056283 4.4400746
OS 9.0493704 4.4414496
OE
OB 9.344646 4.4414496 H
OS 9.3377334 4.4400746
OS 9.3318731 4.4361589
OS 9.3279574 4.4302986
OS 9.3265824 4.423386
OS 9.3279574 4.4164734
OS 9.3318731 4.4106131
OS 9.3377334 4.4066974
OS 9.344646 4.4053224
OS 9.3515586 4.4066974
OS 9.3574189 4.4106131
OS 9.3613346 4.4164734
OS 9.3627096 4.423386
OS 9.3613346 4.4302986
OS 9.3574189 4.4361589
OS 9.3515586 4.4400746
OS 9.344646 4.4414496
OE
OB 6.1047382 4.4473605 H
OS 6.0993617 4.446291
OS 6.0948037 4.4432455
OS 6.0917582 4.4386875
OS 6.0906887 4.433311
OS 6.0917582 4.4279345
OS 6.0948037 4.4233765
OS 6.0993617 4.420331
OS 6.1047382 4.4192615
OS 6.1101147 4.420331
OS 6.1146727 4.4233765
OS 6.1177182 4.4279345
OS 6.1187877 4.433311
OS 6.1177182 4.4386875
OS 6.1146727 4.4432455
OS 6.1101147 4.446291
OS 6.1047382 4.4473605
OE
OB 6.3198819 4.4477896 H
OS 6.3145054 4.4467201
OS 6.3099474 4.4436746
OS 6.3069019 4.4391166
OS 6.3058324 4.4337401
OS 6.3069019 4.4283636
OS 6.3099474 4.4238056
OS 6.3145054 4.4207601
OS 6.3198819 4.4196906
OS 6.3252584 4.4207601
OS 6.3298164 4.4238056
OS 6.3328619 4.4283636
OS 6.3339314 4.4337401
OS 6.3328619 4.4391166
OS 6.3298164 4.4436746
OS 6.3252584 4.4467201
OS 6.3198819 4.4477896
OE
OB 6.28 4.4518037 H
OS 6.2730874 4.4504287
OS 6.2672271 4.446513
OS 6.2633114 4.4406527
OS 6.2619364 4.4337401
OS 6.2633114 4.4268275
OS 6.2672271 4.4209672
OS 6.2730874 4.4170515
OS 6.28 4.4156765
OS 6.2869126 4.4170515
OS 6.2927729 4.4209672
OS 6.2966886 4.4268275
OS 6.2980636 4.4337401
OS 6.2966886 4.4406527
OS 6.2927729 4.446513
OS 6.2869126 4.4504287
OS 6.28 4.4518037
OE
OB 0.1531351 4.4963666 H
OS 0.1427547 4.495
OS 0.1330817 4.4909933
OS 0.1247753 4.4846196
OS 0.1184016 4.4763132
OS 0.1143949 4.4666402
OS 0.1130283 4.4562598
OS 0.1143949 4.4458794
OS 0.1184016 4.4362064
OS 0.1247753 4.4279
OS 0.1330817 4.4215263
OS 0.1427547 4.4175196
OS 0.1531351 4.416153
OS 0.1635155 4.4175196
OS 0.1731885 4.4215263
OS 0.1814949 4.4279
OS 0.1878686 4.4362064
OS 0.1918753 4.4458794
OS 0.1932419 4.4562598
OS 0.1918753 4.4666402
OS 0.1878686 4.4763132
OS 0.1814949 4.4846196
OS 0.1731885 4.4909933
OS 0.1635155 4.495
OS 0.1531351 4.4963666
OE
OB 9.4430712 4.6383 H
OS 9.4361586 4.636925
OS 9.4302983 4.6330093
OS 9.4263826 4.627149
OS 9.4250076 4.6202364
OS 9.4263826 4.6133238
OS 9.4302983 4.6074635
OS 9.4361586 4.6035478
OS 9.4430712 4.6021728
OS 9.4499838 4.6035478
OS 9.4558441 4.6074635
OS 9.4597598 4.6133238
OS 9.4611348 4.6202364
OS 9.4597598 4.627149
OS 9.4558441 4.6330093
OS 9.4499838 4.636925
OS 9.4430712 4.6383
OE
OB 5.761811 4.7142841 H
OS 5.7548984 4.7129091
OS 5.7490381 4.7089934
OS 5.7451224 4.7031331
OS 5.7442035 4.6985133
OS 5.7392691 4.6959971
OS 5.7389902 4.6959832
OS 5.7372275 4.697161
OS 5.7303149 4.698536
OS 5.7234023 4.697161
OS 5.717542 4.6932453
OS 5.7136263 4.687385
OS 5.7122513 4.6804724
OS 5.7136263 4.6735598
OS 5.717542 4.6676995
OS 5.7234023 4.6637838
OS 5.7303149 4.6624088
OS 5.7372275 4.6637838
OS 5.7389903 4.6649616
OS 5.739269 4.6649477
OS 5.7442035 4.6624315
OS 5.7451224 4.6578118
OS 5.7490381 4.6519516
OS 5.7490381 4.6489829
OS 5.7472271 4.6477729
OS 5.7433114 4.6419126
OS 5.7426993 4.6388356
OS 5.7371436 4.6365343
OS 5.7369126 4.6366886
OS 5.73 4.6380636
OS 5.7230874 4.6366886
OS 5.7172271 4.6327729
OS 5.7133114 4.6269126
OS 5.7119364 4.62
OS 5.7133114 4.6130874
OS 5.7172271 4.6072271
OS 5.7230874 4.6033114
OS 5.73 4.6019364
OS 5.7369126 4.6033114
OS 5.7392779 4.6048918
OS 5.7437778 4.6018851
OS 5.7437474 4.6017323
OS 5.7451224 4.5948197
OS 5.7490381 4.5889594
OS 5.7548984 4.5850437
OS 5.761811 4.5836687
OS 5.7687236 4.5850437
OS 5.7745839 4.5889594
OS 5.7784996 4.5948197
OS 5.7798746 4.6017323
OS 5.7784996 4.6086449
OS 5.7745839 4.6145052
OS 5.7724 4.6159644
OS 5.7724 4.6219779
OS 5.7727729 4.6222271
OS 5.7766886 4.6280874
OS 5.7780636 4.635
OS 5.7766886 4.6419126
OS 5.7727729 4.6477728
OS 5.7727729 4.6507415
OS 5.7745839 4.6519515
OS 5.7784996 4.6578118
OS 5.7798746 4.6647244
OS 5.7784996 4.671637
OS 5.7746131 4.6774536
OS 5.7738728 4.6786247
OS 5.7738728 4.6823202
OS 5.7746131 4.6834913
OS 5.7784996 4.6893079
OS 5.7798746 4.6962205
OS 5.7784996 4.7031331
OS 5.7745839 4.7089934
OS 5.7687236 4.7129091
OS 5.761811 4.7142841
OE
OB 2.5903455 4.8153066 H
OS 2.5774984 4.8136153
OS 2.5655268 4.8086565
OS 2.5552466 4.8007682
OS 2.5473583 4.790488
OS 2.5423995 4.7785164
OS 2.5407082 4.7656693
OS 2.5423995 4.7528222
OS 2.5473583 4.7408506
OS 2.5552466 4.7305704
OS 2.5655268 4.7226821
OS 2.5774984 4.7177233
OS 2.5903455 4.716032
OS 2.6031926 4.7177233
OS 2.6151642 4.7226821
OS 2.6254444 4.7305704
OS 2.6333327 4.7408506
OS 2.6382915 4.7528222
OS 2.6399828 4.7656693
OS 2.6382915 4.7785164
OS 2.6333327 4.790488
OS 2.6254444 4.8007682
OS 2.6151642 4.8086565
OS 2.6031926 4.8136153
OS 2.5903455 4.8153066
OE
OB 7.935 4.7280636 H
OS 7.9280874 4.7266886
OS 7.9222271 4.7227729
OS 7.9183114 4.7169126
OS 7.9169364 4.71
OS 7.9183114 4.7030874
OS 7.9222271 4.6972271
OS 7.9280874 4.6933114
OS 7.935 4.6919364
OS 7.9419126 4.6933114
OS 7.9477729 4.6972271
OS 7.9516886 4.7030874
OS 7.9530636 4.71
OS 7.9516886 4.7169126
OS 7.9477729 4.7227729
OS 7.9419126 4.7266886
OS 7.935 4.7280636
OE
OB 8.01 4.7280636 H
OS 8.0030874 4.7266886
OS 7.9972271 4.7227729
OS 7.9933114 4.7169126
OS 7.9919364 4.71
OS 7.9933114 4.7030874
OS 7.9972271 4.6972271
OS 8.0030874 4.6933114
OS 8.01 4.6919364
OS 8.0169126 4.6933114
OS 8.0227729 4.6972271
OS 8.0266886 4.7030874
OS 8.0280636 4.71
OS 8.0266886 4.7169126
OS 8.0227729 4.7227729
OS 8.0169126 4.7266886
OS 8.01 4.7280636
OE
OB 4.8550343 4.7625762 H
OS 4.8481217 4.7612012
OS 4.8422614 4.7572855
OS 4.8383457 4.7514252
OS 4.8369707 4.7445126
OS 4.8383457 4.7376
OS 4.8422614 4.7317397
OS 4.8481217 4.727824
OS 4.8550343 4.726449
OS 4.8619469 4.727824
OS 4.8678072 4.7317397
OS 4.8717229 4.7376
OS 4.8730979 4.7445126
OS 4.8717229 4.7514252
OS 4.8678072 4.7572855
OS 4.8619469 4.7612012
OS 4.8550343 4.7625762
OE
OB 3.216499 4.7980666 H
OS 3.2095864 4.7966916
OS 3.2037261 4.7927759
OS 3.1998104 4.7869156
OS 3.1984354 4.780003
OS 3.1998104 4.7730904
OS 3.2037261 4.7672301
OS 3.2095864 4.7633144
OS 3.216499 4.7619394
OS 3.2234116 4.7633144
OS 3.2292719 4.7672301
OS 3.2331876 4.7730904
OS 3.2345626 4.780003
OS 3.2331876 4.7869156
OS 3.2292719 4.7927759
OS 3.2234116 4.7966916
OS 3.216499 4.7980666
OE
OB 3.2952392 4.7980666 H
OS 3.2883266 4.7966916
OS 3.2824663 4.7927759
OS 3.2785506 4.7869156
OS 3.2771756 4.780003
OS 3.2785506 4.7730904
OS 3.2824663 4.7672301
OS 3.2883266 4.7633144
OS 3.2952392 4.7619394
OS 3.3021518 4.7633144
OS 3.3080121 4.7672301
OS 3.3119278 4.7730904
OS 3.3133028 4.780003
OS 3.3119278 4.7869156
OS 3.3080121 4.7927759
OS 3.3021518 4.7966916
OS 3.2952392 4.7980666
OE
OB 2.0852273 4.8546767 H
OS 2.0723802 4.8529854
OS 2.0604086 4.8480266
OS 2.0501284 4.8401383
OS 2.0422401 4.829858
OS 2.0372813 4.8178865
OS 2.03559 4.8050394
OS 2.0372813 4.7921923
OS 2.0422401 4.7802208
OS 2.0501284 4.7699405
OS 2.0604086 4.7620522
OS 2.0723802 4.7570934
OS 2.0852273 4.7554021
OS 2.0980744 4.7570934
OS 2.110046 4.7620522
OS 2.1203262 4.7699405
OS 2.1282145 4.7802208
OS 2.1331733 4.7921923
OS 2.1348646 4.8050394
OS 2.1331733 4.8178865
OS 2.1282145 4.829858
OS 2.1203262 4.8401383
OS 2.110046 4.8480266
OS 2.0980744 4.8529854
OS 2.0852273 4.8546767
OE
OB 2.9015382 4.7980666 H
OS 2.8946256 4.7966916
OS 2.8887653 4.7927759
OS 2.8848496 4.7869156
OS 2.8834746 4.780003
OS 2.8848496 4.7730904
OS 2.8887653 4.7672301
OS 2.8946256 4.7633144
OS 2.9015382 4.7619394
OS 2.9084508 4.7633144
OS 2.9143111 4.7672301
OS 2.9182268 4.7730904
OS 2.9196018 4.780003
OS 2.9182268 4.7869156
OS 2.9143111 4.7927759
OS 2.9084508 4.7966916
OS 2.9015382 4.7980666
OE
OB 7.86 4.7280636 H
OS 7.8530874 4.7266886
OS 7.8472271 4.7227729
OS 7.8433114 4.7169126
OS 7.8419364 4.71
OS 7.8433114 4.7030874
OS 7.8472271 4.6972271
OS 7.8530874 4.6933114
OS 7.86 4.6919364
OS 7.8669126 4.6933114
OS 7.8727729 4.6972271
OS 7.8766886 4.7030874
OS 7.8780636 4.71
OS 7.8766886 4.7169126
OS 7.8727729 4.7227729
OS 7.8669126 4.7266886
OS 7.86 4.7280636
OE
OB 7.335 4.7280636 H
OS 7.3280874 4.7266886
OS 7.3222271 4.7227729
OS 7.3183114 4.7169126
OS 7.3169364 4.71
OS 7.3183114 4.7030874
OS 7.3222271 4.6972271
OS 7.3280874 4.6933114
OS 7.335 4.6919364
OS 7.3419126 4.6933114
OS 7.3477729 4.6972271
OS 7.3516886 4.7030874
OS 7.3530636 4.71
OS 7.3516886 4.7169126
OS 7.3477729 4.7227729
OS 7.3419126 4.7266886
OS 7.335 4.7280636
OE
OB 7.41 4.7280636 H
OS 7.4030874 4.7266886
OS 7.3972271 4.7227729
OS 7.3933114 4.7169126
OS 7.3919364 4.71
OS 7.3933114 4.7030874
OS 7.3972271 4.6972271
OS 7.4030874 4.6933114
OS 7.41 4.6919364
OS 7.4169126 4.6933114
OS 7.4227729 4.6972271
OS 7.4266886 4.7030874
OS 7.4280636 4.71
OS 7.4266886 4.7169126
OS 7.4227729 4.7227729
OS 7.4169126 4.7266886
OS 7.41 4.7280636
OE
OB 4.9070478 4.7263086 H
OS 4.9001352 4.7249336
OS 4.8942749 4.7210179
OS 4.8903592 4.7151576
OS 4.8889842 4.708245
OS 4.8903592 4.7013324
OS 4.8942749 4.6954721
OS 4.9001352 4.6915564
OS 4.9070478 4.6901814
OS 4.9139604 4.6915564
OS 4.9198207 4.6954721
OS 4.9237364 4.7013324
OS 4.9251114 4.708245
OS 4.9237364 4.7151576
OS 4.9198207 4.7210179
OS 4.9139604 4.7249336
OS 4.9070478 4.7263086
OE
OB 2.0244476 4.7059786 H
OS 2.0190711 4.7049091
OS 2.0145131 4.7018636
OS 2.0114676 4.6973056
OS 2.0109475 4.6946908
OS 2.0065262 4.6919033
OS 2.0056819 4.6918976
OS 1.9986363 4.6932991
OS 1.9966973 4.6929134
OS 1.9808903 4.6929134
OS 1.9789513 4.6932991
OS 1.9718514 4.6918868
OS 1.971072 4.6918938
OS 1.9665904 4.6946576
OS 1.9660636 4.6973056
OS 1.9630181 4.7018636
OS 1.9584601 4.7049091
OS 1.9530836 4.7059786
OS 1.9477071 4.7049091
OS 1.9431491 4.7018636
OS 1.9401036 4.6973056
OS 1.9390341 4.6919291
OS 1.9401036 4.6865526
OS 1.9431491 4.6819947
OS 1.9431491 4.6819816
OS 1.9401036 4.6774237
OS 1.9390341 4.6720472
OS 1.9401036 4.6666707
OS 1.9431491 4.6621127
OS 1.9477071 4.6590672
OS 1.9530836 4.6579977
OS 1.9584601 4.6590672
OS 1.9628007 4.6619674
OS 1.9647592 4.6590363
OS 1.9712706 4.6546855
OS 1.9789513 4.6531577
OS 1.9808903 4.6535434
OS 1.9966973 4.6535434
OS 1.9986363 4.6531577
OS 2.006317 4.6546855
OS 2.0128284 4.6590363
OS 2.0147695 4.6619414
OS 2.0190711 4.6590672
OS 2.0244476 4.6579977
OS 2.0298241 4.6590672
OS 2.0343821 4.6621127
OS 2.0374276 4.6666707
OS 2.0384971 4.6720472
OS 2.0374276 4.6774237
OS 2.0343821 4.6819816
OS 2.0343821 4.6819947
OS 2.0374276 4.6865526
OS 2.0384971 4.6919291
OS 2.0374276 4.6973056
OS 2.0343821 4.7018636
OS 2.0298241 4.7049091
OS 2.0244476 4.7059786
OE
OB 7.485 4.7280636 H
OS 7.4780874 4.7266886
OS 7.4722271 4.7227729
OS 7.4683114 4.7169126
OS 7.4669364 4.71
OS 7.4683114 4.7030874
OS 7.4722271 4.6972271
OS 7.4780874 4.6933114
OS 7.485 4.6919364
OS 7.4919126 4.6933114
OS 7.4977729 4.6972271
OS 7.5016886 4.7030874
OS 7.5030636 4.71
OS 7.5016886 4.7169126
OS 7.4977729 4.7227729
OS 7.4919126 4.7266886
OS 7.485 4.7280636
OE
OB 7.71 4.7280636 H
OS 7.7030874 4.7266886
OS 7.6972271 4.7227729
OS 7.6933114 4.7169126
OS 7.6919364 4.71
OS 7.6933114 4.7030874
OS 7.6972271 4.6972271
OS 7.7030874 4.6933114
OS 7.71 4.6919364
OS 7.7169126 4.6933114
OS 7.7227729 4.6972271
OS 7.7266886 4.7030874
OS 7.7280636 4.71
OS 7.7266886 4.7169126
OS 7.7227729 4.7227729
OS 7.7169126 4.7266886
OS 7.71 4.7280636
OE
OB 7.785 4.7280636 H
OS 7.7780874 4.7266886
OS 7.7722271 4.7227729
OS 7.7683114 4.7169126
OS 7.7669364 4.71
OS 7.7683114 4.7030874
OS 7.7722271 4.6972271
OS 7.7780874 4.6933114
OS 7.785 4.6919364
OS 7.7919126 4.6933114
OS 7.7977729 4.6972271
OS 7.8016886 4.7030874
OS 7.8030636 4.71
OS 7.8016886 4.7169126
OS 7.7977729 4.7227729
OS 7.7919126 4.7266886
OS 7.785 4.7280636
OE
OB 7.56 4.7280636 H
OS 7.5530874 4.7266886
OS 7.5472271 4.7227729
OS 7.5433114 4.7169126
OS 7.5419364 4.71
OS 7.5433114 4.7030874
OS 7.5472271 4.6972271
OS 7.5530874 4.6933114
OS 7.56 4.6919364
OS 7.5669126 4.6933114
OS 7.5727729 4.6972271
OS 7.5766886 4.7030874
OS 7.5780636 4.71
OS 7.5766886 4.7169126
OS 7.5727729 4.7227729
OS 7.5669126 4.7266886
OS 7.56 4.7280636
OE
OB 7.635 4.7280636 H
OS 7.6280874 4.7266886
OS 7.6222271 4.7227729
OS 7.6183114 4.7169126
OS 7.6169364 4.71
OS 7.6183114 4.7030874
OS 7.6222271 4.6972271
OS 7.6280874 4.6933114
OS 7.635 4.6919364
OS 7.6419126 4.6933114
OS 7.6477729 4.6972271
OS 7.6516886 4.7030874
OS 7.6530636 4.71
OS 7.6516886 4.7169126
OS 7.6477729 4.7227729
OS 7.6419126 4.7266886
OS 7.635 4.7280636
OE
OB 3.3739794 4.7980666 H
OS 3.3670668 4.7966916
OS 3.3612065 4.7927759
OS 3.3572908 4.7869156
OS 3.3559158 4.780003
OS 3.3572908 4.7730904
OS 3.3612065 4.7672301
OS 3.3670668 4.7633144
OS 3.3739794 4.7619394
OS 3.380892 4.7633144
OS 3.3867523 4.7672301
OS 3.390668 4.7730904
OS 3.392043 4.780003
OS 3.390668 4.7869156
OS 3.3867523 4.7927759
OS 3.380892 4.7966916
OS 3.3739794 4.7980666
OE
OB 3.392126 5.010175 H
OS 3.3786197 5.0088447
OS 3.3656324 5.0049051
OS 3.3536633 4.9985075
OS 3.3431723 4.9898977
OS 3.3345625 4.9794067
OS 3.3281649 4.9674376
OS 3.3242253 4.9544503
OS 3.322895 4.940944
OS 3.3242253 4.9274377
OS 3.3281649 4.9144504
OS 3.3345625 4.9024813
OS 3.3431723 4.8919903
OS 3.3536633 4.8833805
OS 3.3656324 4.8769829
OS 3.3786197 4.8730433
OS 3.392126 4.871713
OS 3.4056323 4.8730433
OS 3.4186196 4.8769829
OS 3.4305887 4.8833805
OS 3.4410797 4.8919903
OS 3.4496895 4.9024813
OS 3.4560871 4.9144504
OS 3.4600267 4.9274377
OS 3.461357 4.940944
OS 3.4600267 4.9544503
OS 3.4560871 4.9674376
OS 3.4496895 4.9794067
OS 3.4410797 4.9898977
OS 3.4305887 4.9985075
OS 3.4186196 5.0049051
OS 3.4056323 5.0088447
OS 3.392126 5.010175
OE
OB 8.192126 5.010175 H
OS 8.1786197 5.0088447
OS 8.1656324 5.0049051
OS 8.1536633 4.9985075
OS 8.1431723 4.9898977
OS 8.1345625 4.9794067
OS 8.1281649 4.9674376
OS 8.1242253 4.9544503
OS 8.122895 4.940944
OS 8.1242253 4.9274377
OS 8.1281649 4.9144504
OS 8.1345625 4.9024813
OS 8.1431723 4.8919903
OS 8.1536633 4.8833805
OS 8.1656324 4.8769829
OS 8.1786197 4.8730433
OS 8.192126 4.871713
OS 8.2056323 4.8730433
OS 8.2186196 4.8769829
OS 8.2305887 4.8833805
OS 8.2410797 4.8919903
OS 8.2496895 4.9024813
OS 8.2560871 4.9144504
OS 8.2600267 4.9274377
OS 8.261357 4.940944
OS 8.2600267 4.9544503
OS 8.2560871 4.9674376
OS 8.2496895 4.9794067
OS 8.2410797 4.9898977
OS 8.2305887 4.9985075
OS 8.2186196 5.0049051
OS 8.2056323 5.0088447
OS 8.192126 5.010175
OE
OB 6.2 4.8780636 H
OS 6.1930874 4.8766886
OS 6.1872271 4.8727729
OS 6.1833114 4.8669126
OS 6.1819364 4.86
OS 6.1833114 4.8530874
OS 6.1872271 4.8472271
OS 6.1930874 4.8433114
OS 6.2 4.8419364
OS 6.2069126 4.8433114
OS 6.2127729 4.8472271
OS 6.2166886 4.8530874
OS 6.2180636 4.86
OS 6.2166886 4.8669126
OS 6.2127729 4.8727729
OS 6.2069126 4.8766886
OS 6.2 4.8780636
OE
OB 0.992126 5.010175 H
OS 0.9786197 5.0088447
OS 0.9656324 5.0049051
OS 0.9536633 4.9985075
OS 0.9431723 4.9898977
OS 0.9345625 4.9794067
OS 0.9281649 4.9674376
OS 0.9242253 4.9544503
OS 0.922895 4.940944
OS 0.9242253 4.9274377
OS 0.9281649 4.9144504
OS 0.9345625 4.9024813
OS 0.9431723 4.8919903
OS 0.9536633 4.8833805
OS 0.9656324 4.8769829
OS 0.9786197 4.8730433
OS 0.992126 4.871713
OS 1.0056323 4.8730433
OS 1.0186196 4.8769829
OS 1.0305887 4.8833805
OS 1.0410797 4.8919903
OS 1.0496895 4.9024813
OS 1.0560871 4.9144504
OS 1.0600267 4.9274377
OS 1.061357 4.940944
OS 1.0600267 4.9544503
OS 1.0560871 4.9674376
OS 1.0496895 4.9794067
OS 1.0410797 4.9898977
OS 1.0305887 4.9985075
OS 1.0186196 5.0049051
OS 1.0056323 5.0088447
OS 0.992126 5.010175
OE
OB 10.592126 5.010175 H
OS 10.5786197 5.0088447
OS 10.5656324 5.0049051
OS 10.5536633 4.9985075
OS 10.5431723 4.9898977
OS 10.5345625 4.9794067
OS 10.5281649 4.9674376
OS 10.5242253 4.9544503
OS 10.522895 4.940944
OS 10.5242253 4.9274377
OS 10.5281649 4.9144504
OS 10.5345625 4.9024813
OS 10.5431723 4.8919903
OS 10.5536633 4.8833805
OS 10.5656324 4.8769829
OS 10.5786197 4.8730433
OS 10.592126 4.871713
OS 10.6056323 4.8730433
OS 10.6186196 4.8769829
OS 10.6305887 4.8833805
OS 10.6410797 4.8919903
OS 10.6496895 4.9024813
OS 10.6560871 4.9144504
OS 10.6600267 4.9274377
OS 10.661357 4.940944
OS 10.6600267 4.9544503
OS 10.6560871 4.9674376
OS 10.6496895 4.9794067
OS 10.6410797 4.9898977
OS 10.6305887 4.9985075
OS 10.6186196 5.0049051
OS 10.6056323 5.0088447
OS 10.592126 5.010175
OE
OB 6.1698528 4.932788 H
OS 6.1629402 4.931413
OS 6.1570799 4.9274973
OS 6.1531642 4.921637
OS 6.1517892 4.9147244
OS 6.1531642 4.9078118
OS 6.1570799 4.9019515
OS 6.1629402 4.8980358
OS 6.1698528 4.8966608
OS 6.1767654 4.8980358
OS 6.1826256 4.9019515
OS 6.1877943 4.900687
OS 6.1883114 4.8980874
OS 6.1922271 4.8922271
OS 6.1980874 4.8883114
OS 6.205 4.8869364
OS 6.2119126 4.8883114
OS 6.2177729 4.8922271
OS 6.2216886 4.8980874
OS 6.2230636 4.905
OS 6.2216886 4.9119126
OS 6.2177729 4.9177729
OS 6.2119126 4.9216886
OS 6.205 4.9230636
OS 6.1980874 4.9216886
OS 6.1922272 4.9177729
OS 6.1870585 4.9190374
OS 6.1865414 4.921637
OS 6.1826257 4.9274973
OS 6.1767654 4.931413
OS 6.1698528 4.932788
OE
OB 6.077 4.9244304 H
OS 6.0700874 4.9230554
OS 6.0642271 4.9191397
OS 6.0603114 4.9132794
OS 6.0589364 4.9063668
OS 6.0603114 4.8994542
OS 6.0642271 4.8935939
OS 6.0700874 4.8896782
OS 6.0721632 4.8892653
OS 6.0744645 4.8837095
OS 6.0744138 4.8836337
OS 6.0730388 4.8767211
OS 6.0744138 4.8698085
OS 6.0749166 4.8690559
OS 6.0730032 4.8644365
OS 6.0710874 4.8640554
OS 6.0652271 4.8601397
OS 6.0613114 4.8542794
OS 6.0599364 4.8473668
OS 6.0613114 4.8404542
OS 6.0652271 4.8345939
OS 6.0710874 4.8306782
OS 6.0732076 4.8302565
OS 6.075121 4.825637
OS 6.0744138 4.8245786
OS 6.0730388 4.817666
OS 6.0744138 4.8107534
OS 6.0783295 4.8048931
OS 6.0841898 4.8009774
OS 6.0911024 4.7996024
OS 6.098015 4.8009774
OS 6.1038753 4.8048931
OS 6.1048616 4.8063693
OS 6.1050175 4.8064283
OS 6.1106463 4.8060267
OS 6.1132114 4.8021877
OS 6.1190717 4.798272
OS 6.1259843 4.796897
OS 6.1328969 4.798272
OS 6.1387572 4.8021877
OS 6.1426729 4.808048
OS 6.1440479 4.8149606
OS 6.1426729 4.8218732
OS 6.1387572 4.8277335
OS 6.1328969 4.8316492
OS 6.1283291 4.8325578
OS 6.1258073 4.8375567
OS 6.1257989 4.837771
OS 6.127476 4.840281
OS 6.128851 4.8471936
OS 6.127476 4.8541062
OS 6.1235603 4.8599665
OS 6.1177 4.8638822
OS 6.1107874 4.8652572
OS 6.1107598 4.8652517
OS 6.107753 4.8697516
OS 6.107791 4.8698085
OS 6.109166 4.8767211
OS 6.107791 4.8836337
OS 6.1074512 4.8841423
OS 6.1104579 4.8886422
OS 6.1127559 4.8881851
OS 6.1196685 4.8895601
OS 6.1255288 4.8934758
OS 6.1294445 4.8993361
OS 6.1308195 4.9062487
OS 6.1294445 4.9131613
OS 6.1255288 4.9190216
OS 6.1196685 4.9229373
OS 6.1127559 4.9243123
OS 6.1058433 4.9229373
OS 6.099983 4.9190216
OS 6.0978819 4.915877
OS 6.0919107 4.9159403
OS 6.0897729 4.9191397
OS 6.0839126 4.9230554
OS 6.077 4.9244304
OE
OB 12.992126 5.010175 H
OS 12.9786197 5.0088447
OS 12.9656324 5.0049051
OS 12.9536633 4.9985075
OS 12.9431723 4.9898977
OS 12.9345625 4.9794067
OS 12.9281649 4.9674376
OS 12.9242253 4.9544503
OS 12.922895 4.940944
OS 12.9242253 4.9274377
OS 12.9281649 4.9144504
OS 12.9345625 4.9024813
OS 12.9431723 4.8919903
OS 12.9536633 4.8833805
OS 12.9656324 4.8769829
OS 12.9786197 4.8730433
OS 12.992126 4.871713
OS 13.0056323 4.8730433
OS 13.0186196 4.8769829
OS 13.0305887 4.8833805
OS 13.0410797 4.8919903
OS 13.0496895 4.9024813
OS 13.0560871 4.9144504
OS 13.0600267 4.9274377
OS 13.061357 4.940944
OS 13.0600267 4.9544503
OS 13.0560871 4.9674376
OS 13.0496895 4.9794067
OS 13.0410797 4.9898977
OS 13.0305887 4.9985075
OS 13.0186196 5.0049051
OS 13.0056323 5.0088447
OS 12.992126 5.010175
OE
OB 5.592126 5.0101759 H
OS 5.5786197 5.0088456
OS 5.5656324 5.004906
OS 5.5536633 4.9985084
OS 5.5431723 4.9898986
OS 5.5345625 4.9794076
OS 5.5281649 4.9674385
OS 5.5242253 4.9544512
OS 5.522895 4.9409449
OS 5.5242253 4.9274386
OS 5.5281649 4.9144513
OS 5.5345625 4.9024822
OS 5.5431723 4.8919912
OS 5.5536633 4.8833814
OS 5.5656324 4.8769838
OS 5.5786197 4.8730442
OS 5.592126 4.8717139
OS 5.6056323 4.8730442
OS 5.6186196 4.8769838
OS 5.6305887 4.8833814
OS 5.6410797 4.8919912
OS 5.6496895 4.9024822
OS 5.6560871 4.9144513
OS 5.6600267 4.9274386
OS 5.661357 4.9409449
OS 5.6600267 4.9544512
OS 5.6560871 4.9674385
OS 5.6496895 4.9794076
OS 5.6410797 4.9898986
OS 5.6305887 4.9985084
OS 5.6186196 5.004906
OS 5.6056323 5.0088456
OS 5.592126 5.0101759
OE
OB 6.205 4.8330636 H
OS 6.1980874 4.8316886
OS 6.1922271 4.8277729
OS 6.1888363 4.8226982
OS 6.1854147 4.8220012
OS 6.1832442 4.8220675
OS 6.1827729 4.8227729
OS 6.1769126 4.8266886
OS 6.17 4.8280636
OS 6.1630874 4.8266886
OS 6.1572271 4.8227729
OS 6.1533114 4.8169126
OS 6.1519364 4.81
OS 6.1533114 4.8030874
OS 6.1572271 4.7972271
OS 6.1630874 4.7933114
OS 6.17 4.7919364
OS 6.1769126 4.7933114
OS 6.1827729 4.7972271
OS 6.1861637 4.8023018
OS 6.1895853 4.8029988
OS 6.1917558 4.8029325
OS 6.1922271 4.8022271
OS 6.1980874 4.7983114
OS 6.205 4.7969364
OS 6.2119126 4.7983114
OS 6.2177729 4.8022271
OS 6.2216886 4.8080874
OS 6.2230636 4.815
OS 6.2216886 4.8219126
OS 6.2177729 4.8277729
OS 6.2119126 4.8316886
OS 6.205 4.8330636
OE
OB 3.8464206 4.7980666 H
OS 3.839508 4.7966916
OS 3.8336477 4.7927759
OS 3.829732 4.7869156
OS 3.828357 4.780003
OS 3.829732 4.7730904
OS 3.8336477 4.7672301
OS 3.839508 4.7633144
OS 3.8464206 4.7619394
OS 3.8533332 4.7633144
OS 3.8591935 4.7672301
OS 3.8631092 4.7730904
OS 3.8644842 4.780003
OS 3.8631092 4.7869156
OS 3.8591935 4.7927759
OS 3.8533332 4.7966916
OS 3.8464206 4.7980666
OE
OB 3.9251608 4.7980666 H
OS 3.9182482 4.7966916
OS 3.9123879 4.7927759
OS 3.9084722 4.7869156
OS 3.9070972 4.780003
OS 3.9084722 4.7730904
OS 3.9123879 4.7672301
OS 3.9182482 4.7633144
OS 3.9251608 4.7619394
OS 3.9320734 4.7633144
OS 3.9379337 4.7672301
OS 3.9418494 4.7730904
OS 3.9432244 4.780003
OS 3.9418494 4.7869156
OS 3.9379337 4.7927759
OS 3.9320734 4.7966916
OS 3.9251608 4.7980666
OE
OB 3.4527196 4.7980666 H
OS 3.445807 4.7966916
OS 3.4399467 4.7927759
OS 3.436031 4.7869156
OS 3.434656 4.780003
OS 3.436031 4.7730904
OS 3.4399467 4.7672301
OS 3.445807 4.7633144
OS 3.4527196 4.7619394
OS 3.4596322 4.7633144
OS 3.4654925 4.7672301
OS 3.4694082 4.7730904
OS 3.4707832 4.780003
OS 3.4694082 4.7869156
OS 3.4654925 4.7927759
OS 3.4596322 4.7966916
OS 3.4527196 4.7980666
OE
OB 3.5314598 4.7980666 H
OS 3.5245472 4.7966916
OS 3.5186869 4.7927759
OS 3.5147712 4.7869156
OS 3.5133962 4.780003
OS 3.5147712 4.7730904
OS 3.5186869 4.7672301
OS 3.5245472 4.7633144
OS 3.5314598 4.7619394
OS 3.5383724 4.7633144
OS 3.5442327 4.7672301
OS 3.5481484 4.7730904
OS 3.5495234 4.780003
OS 3.5481484 4.7869156
OS 3.5442327 4.7927759
OS 3.5383724 4.7966916
OS 3.5314598 4.7980666
OE
OB 4.003901 4.7980666 H
OS 3.9969884 4.7966916
OS 3.9911281 4.7927759
OS 3.9872124 4.7869156
OS 3.9858374 4.780003
OS 3.9872124 4.7730904
OS 3.9911281 4.7672301
OS 3.9969884 4.7633144
OS 4.003901 4.7619394
OS 4.0108136 4.7633144
OS 4.0166739 4.7672301
OS 4.0205896 4.7730904
OS 4.0219646 4.780003
OS 4.0205896 4.7869156
OS 4.0166739 4.7927759
OS 4.0108136 4.7966916
OS 4.003901 4.7980666
OE
OB 4.4763422 4.7980666 H
OS 4.4694296 4.7966916
OS 4.4635693 4.7927759
OS 4.4596536 4.7869156
OS 4.4582786 4.780003
OS 4.4596536 4.7730904
OS 4.4635693 4.7672301
OS 4.4694296 4.7633144
OS 4.4763422 4.7619394
OS 4.4832548 4.7633144
OS 4.4891151 4.7672301
OS 4.4930308 4.7730904
OS 4.4944058 4.780003
OS 4.4930308 4.7869156
OS 4.4891151 4.7927759
OS 4.4832548 4.7966916
OS 4.4763422 4.7980666
OE
OB 5.8335481 4.8126098 H
OS 5.8266355 4.8112348
OS 5.8207752 4.8073191
OS 5.8168595 4.8014588
OS 5.8154845 4.7945462
OS 5.8168595 4.7876336
OS 5.8207752 4.7817733
OS 5.8266355 4.7778576
OS 5.8335481 4.7764826
OS 5.8404607 4.7778576
OS 5.846321 4.7817733
OS 5.8502367 4.7876336
OS 5.8516117 4.7945462
OS 5.8502367 4.8014588
OS 5.846321 4.8073191
OS 5.8404607 4.8112348
OS 5.8335481 4.8126098
OE
OB 4.0826412 4.7980666 H
OS 4.0757286 4.7966916
OS 4.0698683 4.7927759
OS 4.0659526 4.7869156
OS 4.0645776 4.780003
OS 4.0659526 4.7730904
OS 4.0698683 4.7672301
OS 4.0757286 4.7633144
OS 4.0826412 4.7619394
OS 4.0895538 4.7633144
OS 4.0954141 4.7672301
OS 4.0993298 4.7730904
OS 4.1007048 4.780003
OS 4.0993298 4.7869156
OS 4.0954141 4.7927759
OS 4.0895538 4.7966916
OS 4.0826412 4.7980666
OE
OB 4.1613814 4.7980666 H
OS 4.1544688 4.7966916
OS 4.1486085 4.7927759
OS 4.1446928 4.7869156
OS 4.1433178 4.780003
OS 4.1446928 4.7730904
OS 4.1486085 4.7672301
OS 4.1544688 4.7633144
OS 4.1613814 4.7619394
OS 4.168294 4.7633144
OS 4.1741543 4.7672301
OS 4.17807 4.7730904
OS 4.179445 4.780003
OS 4.17807 4.7869156
OS 4.1741543 4.7927759
OS 4.168294 4.7966916
OS 4.1613814 4.7980666
OE
OB 4.5157123 4.7193264 H
OS 4.5087997 4.7179514
OS 4.5029394 4.7140357
OS 4.4990237 4.7081754
OS 4.4976487 4.7012628
OS 4.4990237 4.6943502
OS 4.5029394 4.6884899
OS 4.5087997 4.6845742
OS 4.5157123 4.6831992
OS 4.5226249 4.6845742
OS 4.5284852 4.6884899
OS 4.5324009 4.6943502
OS 4.5337759 4.7012628
OS 4.5324009 4.7081754
OS 4.5284852 4.7140357
OS 4.5226249 4.7179514
OS 4.5157123 4.7193264
OE
OB 7.3725 4.6530636 H
OS 7.3655874 4.6516886
OS 7.3597271 4.6477729
OS 7.3558114 4.6419126
OS 7.3544364 4.635
OS 7.3558114 4.6280874
OS 7.3597271 4.6222271
OS 7.3655874 4.6183114
OS 7.3725 4.6169364
OS 7.3794126 4.6183114
OS 7.3852729 4.6222271
OS 7.3891886 4.6280874
OS 7.3905636 4.635
OS 7.3891886 4.6419126
OS 7.3852729 4.6477729
OS 7.3794126 4.6516886
OS 7.3725 4.6530636
OE
OB 7.4475 4.6530636 H
OS 7.4405874 4.6516886
OS 7.4347271 4.6477729
OS 7.4308114 4.6419126
OS 7.4294364 4.635
OS 7.4308114 4.6280874
OS 7.4347271 4.6222271
OS 7.4405874 4.6183114
OS 7.4475 4.6169364
OS 7.4544126 4.6183114
OS 7.4602729 4.6222271
OS 7.4641886 4.6280874
OS 7.4655636 4.635
OS 7.4641886 4.6419126
OS 7.4602729 4.6477729
OS 7.4544126 4.6516886
OS 7.4475 4.6530636
OE
OB 4.1613814 4.6405862 H
OS 4.1544688 4.6392112
OS 4.1486085 4.6352955
OS 4.1446928 4.6294352
OS 4.1433178 4.6225226
OS 4.1446928 4.61561
OS 4.1486085 4.6097497
OS 4.1544688 4.605834
OS 4.1613814 4.604459
OS 4.168294 4.605834
OS 4.1741543 4.6097497
OS 4.17807 4.61561
OS 4.179445 4.6225226
OS 4.17807 4.6294352
OS 4.1741543 4.6352955
OS 4.168294 4.6392112
OS 4.1613814 4.6405862
OE
OB 4.4763422 4.6405862 H
OS 4.4694296 4.6392112
OS 4.4635693 4.6352955
OS 4.4596536 4.6294352
OS 4.4582786 4.6225226
OS 4.4596536 4.61561
OS 4.4635693 4.6097497
OS 4.4694296 4.605834
OS 4.4763422 4.604459
OS 4.4832548 4.605834
OS 4.4891151 4.6097497
OS 4.4930308 4.61561
OS 4.4944058 4.6225226
OS 4.4930308 4.6294352
OS 4.4891151 4.6352955
OS 4.4832548 4.6392112
OS 4.4763422 4.6405862
OE
OB 7.5225 4.6530636 H
OS 7.5155874 4.6516886
OS 7.5097271 4.6477729
OS 7.5058114 4.6419126
OS 7.5044364 4.635
OS 7.5058114 4.6280874
OS 7.5097271 4.6222271
OS 7.5155874 4.6183114
OS 7.5225 4.6169364
OS 7.5294126 4.6183114
OS 7.5352729 4.6222271
OS 7.5391886 4.6280874
OS 7.5405636 4.635
OS 7.5391886 4.6419126
OS 7.5352729 4.6477729
OS 7.5294126 4.6516886
OS 7.5225 4.6530636
OE
OB 7.7475 4.6530636 H
OS 7.7405874 4.6516886
OS 7.7347271 4.6477729
OS 7.7308114 4.6419126
OS 7.7294364 4.635
OS 7.7308114 4.6280874
OS 7.7347271 4.6222271
OS 7.7405874 4.6183114
OS 7.7475 4.6169364
OS 7.7544126 4.6183114
OS 7.7602729 4.6222271
OS 7.7641886 4.6280874
OS 7.7655636 4.635
OS 7.7641886 4.6419126
OS 7.7602729 4.6477729
OS 7.7544126 4.6516886
OS 7.7475 4.6530636
OE
OB 7.8225 4.6530636 H
OS 7.8155874 4.6516886
OS 7.8097271 4.6477729
OS 7.8058114 4.6419126
OS 7.8044364 4.635
OS 7.8058114 4.6280874
OS 7.8097271 4.6222271
OS 7.8155874 4.6183114
OS 7.8225 4.6169364
OS 7.8294126 4.6183114
OS 7.8352729 4.6222271
OS 7.8391886 4.6280874
OS 7.8405636 4.635
OS 7.8391886 4.6419126
OS 7.8352729 4.6477729
OS 7.8294126 4.6516886
OS 7.8225 4.6530636
OE
OB 7.5975 4.6530636 H
OS 7.5905874 4.6516886
OS 7.5847271 4.6477729
OS 7.5808114 4.6419126
OS 7.5794364 4.635
OS 7.5808114 4.6280874
OS 7.5847271 4.6222271
OS 7.5905874 4.6183114
OS 7.5975 4.6169364
OS 7.6044126 4.6183114
OS 7.6102729 4.6222271
OS 7.6141886 4.6280874
OS 7.6155636 4.635
OS 7.6141886 4.6419126
OS 7.6102729 4.6477729
OS 7.6044126 4.6516886
OS 7.5975 4.6530636
OE
OB 7.6725 4.6530636 H
OS 7.6655874 4.6516886
OS 7.6597271 4.6477729
OS 7.6558114 4.6419126
OS 7.6544364 4.635
OS 7.6558114 4.6280874
OS 7.6597271 4.6222271
OS 7.6655874 4.6183114
OS 7.6725 4.6169364
OS 7.6794126 4.6183114
OS 7.6852729 4.6222271
OS 7.6891886 4.6280874
OS 7.6905636 4.635
OS 7.6891886 4.6419126
OS 7.6852729 4.6477729
OS 7.6794126 4.6516886
OS 7.6725 4.6530636
OE
OB 4.0826412 4.6405862 H
OS 4.0757286 4.6392112
OS 4.0698683 4.6352955
OS 4.0659526 4.6294352
OS 4.0645776 4.6225226
OS 4.0659526 4.61561
OS 4.0698683 4.6097497
OS 4.0757286 4.605834
OS 4.0826412 4.604459
OS 4.0895538 4.605834
OS 4.0954141 4.6097497
OS 4.0993298 4.61561
OS 4.1007048 4.6225226
OS 4.0993298 4.6294352
OS 4.0954141 4.6352955
OS 4.0895538 4.6392112
OS 4.0826412 4.6405862
OE
OB 3.2952392 4.6405862 H
OS 3.2883266 4.6392112
OS 3.2824663 4.6352955
OS 3.2785506 4.6294352
OS 3.2771756 4.6225226
OS 3.2785506 4.61561
OS 3.2824663 4.6097497
OS 3.2883266 4.605834
OS 3.2952392 4.604459
OS 3.3021518 4.605834
OS 3.3080121 4.6097497
OS 3.3119278 4.61561
OS 3.3133028 4.6225226
OS 3.3119278 4.6294352
OS 3.3080121 4.6352955
OS 3.3021518 4.6392112
OS 3.2952392 4.6405862
OE
OB 3.3739794 4.6405862 H
OS 3.3670668 4.6392112
OS 3.3612065 4.6352955
OS 3.3572908 4.6294352
OS 3.3559158 4.6225226
OS 3.3572908 4.61561
OS 3.3612065 4.6097497
OS 3.3670668 4.605834
OS 3.3739794 4.604459
OS 3.380892 4.605834
OS 3.3867523 4.6097497
OS 3.390668 4.61561
OS 3.392043 4.6225226
OS 3.390668 4.6294352
OS 3.3867523 4.6352955
OS 3.380892 4.6392112
OS 3.3739794 4.6405862
OE
OB 2.9015382 4.6405862 H
OS 2.8946256 4.6392112
OS 2.8887653 4.6352955
OS 2.8848496 4.6294352
OS 2.8834746 4.6225226
OS 2.8848496 4.61561
OS 2.8887653 4.6097497
OS 2.8946256 4.605834
OS 2.9015382 4.604459
OS 2.9084508 4.605834
OS 2.9143111 4.6097497
OS 2.9182268 4.61561
OS 2.9196018 4.6225226
OS 2.9182268 4.6294352
OS 2.9143111 4.6352955
OS 2.9084508 4.6392112
OS 2.9015382 4.6405862
OE
OB 3.216499 4.6405862 H
OS 3.2095864 4.6392112
OS 3.2037261 4.6352955
OS 3.1998104 4.6294352
OS 3.1984354 4.6225226
OS 3.1998104 4.61561
OS 3.2037261 4.6097497
OS 3.2095864 4.605834
OS 3.216499 4.604459
OS 3.2234116 4.605834
OS 3.2292719 4.6097497
OS 3.2331876 4.61561
OS 3.2345626 4.6225226
OS 3.2331876 4.6294352
OS 3.2292719 4.6352955
OS 3.2234116 4.6392112
OS 3.216499 4.6405862
OE
OB 3.4527196 4.6405862 H
OS 3.445807 4.6392112
OS 3.4399467 4.6352955
OS 3.436031 4.6294352
OS 3.434656 4.6225226
OS 3.436031 4.61561
OS 3.4399467 4.6097497
OS 3.445807 4.605834
OS 3.4527196 4.604459
OS 3.4596322 4.605834
OS 3.4654925 4.6097497
OS 3.4694082 4.61561
OS 3.4707832 4.6225226
OS 3.4694082 4.6294352
OS 3.4654925 4.6352955
OS 3.4596322 4.6392112
OS 3.4527196 4.6405862
OE
OB 3.9251608 4.6405862 H
OS 3.9182482 4.6392112
OS 3.9123879 4.6352955
OS 3.9084722 4.6294352
OS 3.9070972 4.6225226
OS 3.9084722 4.61561
OS 3.9123879 4.6097497
OS 3.9182482 4.605834
OS 3.9251608 4.604459
OS 3.9320734 4.605834
OS 3.9379337 4.6097497
OS 3.9418494 4.61561
OS 3.9432244 4.6225226
OS 3.9418494 4.6294352
OS 3.9379337 4.6352955
OS 3.9320734 4.6392112
OS 3.9251608 4.6405862
OE
OB 4.003901 4.6405862 H
OS 3.9969884 4.6392112
OS 3.9911281 4.6352955
OS 3.9872124 4.6294352
OS 3.9858374 4.6225226
OS 3.9872124 4.61561
OS 3.9911281 4.6097497
OS 3.9969884 4.605834
OS 4.003901 4.604459
OS 4.0108136 4.605834
OS 4.0166739 4.6097497
OS 4.0205896 4.61561
OS 4.0219646 4.6225226
OS 4.0205896 4.6294352
OS 4.0166739 4.6352955
OS 4.0108136 4.6392112
OS 4.003901 4.6405862
OE
OB 3.5314598 4.6405862 H
OS 3.5245472 4.6392112
OS 3.5186869 4.6352955
OS 3.5147712 4.6294352
OS 3.5133962 4.6225226
OS 3.5147712 4.61561
OS 3.5186869 4.6097497
OS 3.5245472 4.605834
OS 3.5314598 4.604459
OS 3.5383724 4.605834
OS 3.5442327 4.6097497
OS 3.5481484 4.61561
OS 3.5495234 4.6225226
OS 3.5481484 4.6294352
OS 3.5442327 4.6352955
OS 3.5383724 4.6392112
OS 3.5314598 4.6405862
OE
OB 3.8464206 4.6405862 H
OS 3.839508 4.6392112
OS 3.8336477 4.6352955
OS 3.829732 4.6294352
OS 3.828357 4.6225226
OS 3.829732 4.61561
OS 3.8336477 4.6097497
OS 3.839508 4.605834
OS 3.8464206 4.604459
OS 3.8533332 4.605834
OS 3.8591935 4.6097497
OS 3.8631092 4.61561
OS 3.8644842 4.6225226
OS 3.8631092 4.6294352
OS 3.8591935 4.6352955
OS 3.8533332 4.6392112
OS 3.8464206 4.6405862
OE
OB 7.8975 4.6530636 H
OS 7.8905874 4.6516886
OS 7.8847271 4.6477729
OS 7.8808114 4.6419126
OS 7.8794364 4.635
OS 7.8808114 4.6280874
OS 7.8847271 4.6222271
OS 7.8905874 4.6183114
OS 7.8975 4.6169364
OS 7.9044126 4.6183114
OS 7.9102729 4.6222271
OS 7.9141886 4.6280874
OS 7.9155636 4.635
OS 7.9141886 4.6419126
OS 7.9102729 4.6477729
OS 7.9044126 4.6516886
OS 7.8975 4.6530636
OE
OB 3.4920897 4.7193264 H
OS 3.4851771 4.7179514
OS 3.4793168 4.7140357
OS 3.4754011 4.7081754
OS 3.4740261 4.7012628
OS 3.4754011 4.6943502
OS 3.4793168 4.6884899
OS 3.4851771 4.6845742
OS 3.4920897 4.6831992
OS 3.4990023 4.6845742
OS 3.5048626 4.6884899
OS 3.5087783 4.6943502
OS 3.5101533 4.7012628
OS 3.5087783 4.7081754
OS 3.5048626 4.7140357
OS 3.4990023 4.7179514
OS 3.4920897 4.7193264
OE
OB 3.8070505 4.7193264 H
OS 3.8001379 4.7179514
OS 3.7942776 4.7140357
OS 3.7903619 4.7081754
OS 3.7889869 4.7012628
OS 3.7903619 4.6943502
OS 3.7942776 4.6884899
OS 3.8001379 4.6845742
OS 3.8070505 4.6831992
OS 3.8139631 4.6845742
OS 3.8198234 4.6884899
OS 3.8237391 4.6943502
OS 3.8251141 4.7012628
OS 3.8237391 4.7081754
OS 3.8198234 4.7140357
OS 3.8139631 4.7179514
OS 3.8070505 4.7193264
OE
OB 3.3346093 4.7193264 H
OS 3.3276967 4.7179514
OS 3.3218364 4.7140357
OS 3.3179207 4.7081754
OS 3.3165457 4.7012628
OS 3.3179207 4.6943502
OS 3.3218364 4.6884899
OS 3.3276967 4.6845742
OS 3.3346093 4.6831992
OS 3.3415219 4.6845742
OS 3.3473822 4.6884899
OS 3.3512979 4.6943502
OS 3.3526729 4.7012628
OS 3.3512979 4.7081754
OS 3.3473822 4.7140357
OS 3.3415219 4.7179514
OS 3.3346093 4.7193264
OE
OB 3.4133495 4.7193264 H
OS 3.4064369 4.7179514
OS 3.4005766 4.7140357
OS 3.3966609 4.7081754
OS 3.3952859 4.7012628
OS 3.3966609 4.6943502
OS 3.4005766 4.6884899
OS 3.4064369 4.6845742
OS 3.4133495 4.6831992
OS 3.4202621 4.6845742
OS 3.4261224 4.6884899
OS 3.4300381 4.6943502
OS 3.4314131 4.7012628
OS 3.4300381 4.7081754
OS 3.4261224 4.7140357
OS 3.4202621 4.7179514
OS 3.4133495 4.7193264
OE
OB 3.8857907 4.7193264 H
OS 3.8788781 4.7179514
OS 3.8730178 4.7140357
OS 3.8691021 4.7081754
OS 3.8677271 4.7012628
OS 3.8691021 4.6943502
OS 3.8730178 4.6884899
OS 3.8788781 4.6845742
OS 3.8857907 4.6831992
OS 3.8927033 4.6845742
OS 3.8985636 4.6884899
OS 3.9024793 4.6943502
OS 3.9038543 4.7012628
OS 3.9024793 4.7081754
OS 3.8985636 4.7140357
OS 3.8927033 4.7179514
OS 3.8857907 4.7193264
OE
OB 4.1220113 4.7193264 H
OS 4.1150987 4.7179514
OS 4.1092384 4.7140357
OS 4.1053227 4.7081754
OS 4.1039477 4.7012628
OS 4.1053227 4.6943502
OS 4.1092384 4.6884899
OS 4.1150987 4.6845742
OS 4.1220113 4.6831992
OS 4.1289239 4.6845742
OS 4.1347842 4.6884899
OS 4.1386999 4.6943502
OS 4.1400749 4.7012628
OS 4.1386999 4.7081754
OS 4.1347842 4.7140357
OS 4.1289239 4.7179514
OS 4.1220113 4.7193264
OE
OB 4.4369721 4.7193264 H
OS 4.4300595 4.7179514
OS 4.4241992 4.7140357
OS 4.4202835 4.7081754
OS 4.4189085 4.7012628
OS 4.4202835 4.6943502
OS 4.4241992 4.6884899
OS 4.4300595 4.6845742
OS 4.4369721 4.6831992
OS 4.4438847 4.6845742
OS 4.449745 4.6884899
OS 4.4536607 4.6943502
OS 4.4550357 4.7012628
OS 4.4536607 4.7081754
OS 4.449745 4.7140357
OS 4.4438847 4.7179514
OS 4.4369721 4.7193264
OE
OB 3.9645309 4.7193264 H
OS 3.9576183 4.7179514
OS 3.951758 4.7140357
OS 3.9478423 4.7081754
OS 3.9464673 4.7012628
OS 3.9478423 4.6943502
OS 3.951758 4.6884899
OS 3.9576183 4.6845742
OS 3.9645309 4.6831992
OS 3.9714435 4.6845742
OS 3.9773038 4.6884899
OS 3.9812195 4.6943502
OS 3.9825945 4.7012628
OS 3.9812195 4.7081754
OS 3.9773038 4.7140357
OS 3.9714435 4.7179514
OS 3.9645309 4.7193264
OE
OB 4.0432711 4.7193264 H
OS 4.0363585 4.7179514
OS 4.0304982 4.7140357
OS 4.0265825 4.7081754
OS 4.0252075 4.7012628
OS 4.0265825 4.6943502
OS 4.0304982 4.6884899
OS 4.0363585 4.6845742
OS 4.0432711 4.6831992
OS 4.0501837 4.6845742
OS 4.056044 4.6884899
OS 4.0599597 4.6943502
OS 4.0613347 4.7012628
OS 4.0599597 4.7081754
OS 4.056044 4.7140357
OS 4.0501837 4.7179514
OS 4.0432711 4.7193264
OE
OB 3.2558691 4.7193264 H
OS 3.2489565 4.7179514
OS 3.2430962 4.7140357
OS 3.2391805 4.7081754
OS 3.2378055 4.7012628
OS 3.2391805 4.6943502
OS 3.2430962 4.6884899
OS 3.2489565 4.6845742
OS 3.2558691 4.6831992
OS 3.2627817 4.6845742
OS 3.268642 4.6884899
OS 3.2725577 4.6943502
OS 3.2739327 4.7012628
OS 3.2725577 4.7081754
OS 3.268642 4.7140357
OS 3.2627817 4.7179514
OS 3.2558691 4.7193264
OE
OB 2.69073 4.7039279 H
OS 2.6853535 4.7028584
OS 2.6807955 4.6998129
OS 2.67775 4.6952549
OS 2.6766805 4.6898784
OS 2.67775 4.6845019
OS 2.6807955 4.679944
OS 2.6807955 4.6761907
OS 2.67775 4.6716328
OS 2.6766805 4.6662563
OS 2.67775 4.6608798
OS 2.6807955 4.6563219
OS 2.6807955 4.6525687
OS 2.67775 4.6480108
OS 2.6766805 4.6426343
OS 2.67775 4.6372578
OS 2.6807955 4.6326998
OS 2.6853535 4.6296543
OS 2.69073 4.6285848
OS 2.6961065 4.6296543
OS 2.7006645 4.6326998
OS 2.70371 4.6372578
OS 2.7047795 4.6426343
OS 2.70371 4.6480108
OS 2.7006645 4.6525687
OS 2.7006645 4.6563219
OS 2.70371 4.6608798
OS 2.7047795 4.6662563
OS 2.70371 4.6716328
OS 2.7006645 4.6761907
OS 2.7006645 4.679944
OS 2.70371 4.6845019
OS 2.7047795 4.6898784
OS 2.70371 4.6952549
OS 2.7006645 4.6998129
OS 2.6961065 4.7028584
OS 2.69073 4.7039279
OE
OB 8.9794626 4.6864018 H
OS 8.9740861 4.6853323
OS 8.9695281 4.6822868
OS 8.9664826 4.6777288
OS 8.9654131 4.6723523
OS 8.9664826 4.6669758
OS 8.9695281 4.6624178
OS 8.9740861 4.6593723
OS 8.9794626 4.6583028
OS 8.9848391 4.6593723
OS 8.9893971 4.6624178
OS 8.9924426 4.6669758
OS 8.9935121 4.6723523
OS 8.9924426 4.6777288
OS 8.9893971 4.6822868
OS 8.9848391 4.6853323
OS 8.9794626 4.6864018
OE
OB 7.9725 4.6530636 H
OS 7.9655874 4.6516886
OS 7.9597271 4.6477729
OS 7.9558114 4.6419126
OS 7.9544364 4.635
OS 7.9558114 4.6280874
OS 7.9597271 4.6222271
OS 7.9655874 4.6183114
OS 7.9725 4.6169364
OS 7.9794126 4.6183114
OS 7.9852729 4.6222271
OS 7.9891886 4.6280874
OS 7.9905636 4.635
OS 7.9891886 4.6419126
OS 7.9852729 4.6477729
OS 7.9794126 4.6516886
OS 7.9725 4.6530636
OE
OB 8.0475 4.6530636 H
OS 8.0405874 4.6516886
OS 8.0347271 4.6477729
OS 8.0308114 4.6419126
OS 8.0294364 4.635
OS 8.0308114 4.6280874
OS 8.0347271 4.6222271
OS 8.0405874 4.6183114
OS 8.0475 4.6169364
OS 8.0544126 4.6183114
OS 8.0602729 4.6222271
OS 8.0641886 4.6280874
OS 8.0655636 4.635
OS 8.0641886 4.6419126
OS 8.0602729 4.6477729
OS 8.0544126 4.6516886
OS 8.0475 4.6530636
OE
OB 9.6989731 4.6973532 H
OS 9.6920605 4.6959782
OS 9.6862002 4.6920625
OS 9.6822845 4.6862022
OS 9.6809095 4.6792896
OS 9.6822845 4.672377
OS 9.6862002 4.6665167
OS 9.6920605 4.662601
OS 9.6989731 4.661226
OS 9.7058857 4.662601
OS 9.711746 4.6665167
OS 9.7156617 4.672377
OS 9.7170367 4.6792896
OS 9.7156617 4.6862022
OS 9.711746 4.6920625
OS 9.7058857 4.6959782
OS 9.6989731 4.6973532
OE
OB 2.8621681 4.7193264 H
OS 2.8552555 4.7179514
OS 2.8493952 4.7140357
OS 2.8454795 4.7081754
OS 2.8441045 4.7012628
OS 2.8454795 4.6943502
OS 2.8493952 4.6884899
OS 2.8552555 4.6845742
OS 2.8621681 4.6831992
OS 2.8690807 4.6845742
OS 2.874941 4.6884899
OS 2.8788567 4.6943502
OS 2.8802317 4.7012628
OS 2.8788567 4.7081754
OS 2.874941 4.7140357
OS 2.8690807 4.7179514
OS 2.8621681 4.7193264
OE
OB 2.9409083 4.7193264 H
OS 2.9339957 4.7179514
OS 2.9281354 4.7140357
OS 2.9242197 4.7081754
OS 2.9228447 4.7012628
OS 2.9242197 4.6943502
OS 2.9281354 4.6884899
OS 2.9339957 4.6845742
OS 2.9409083 4.6831992
OS 2.9478209 4.6845742
OS 2.9536812 4.6884899
OS 2.9575969 4.6943502
OS 2.9589719 4.7012628
OS 2.9575969 4.7081754
OS 2.9536812 4.7140357
OS 2.9478209 4.7179514
OS 2.9409083 4.7193264
OE
OB 9.8170833 4.6973532 H
OS 9.8101707 4.6959782
OS 9.8043104 4.6920625
OS 9.8003947 4.6862022
OS 9.7990197 4.6792896
OS 9.8003947 4.672377
OS 9.8043104 4.6665167
OS 9.8101707 4.662601
OS 9.8170833 4.661226
OS 9.8239959 4.662601
OS 9.8298562 4.6665167
OS 9.8337719 4.672377
OS 9.8351469 4.6792896
OS 9.8337719 4.6862022
OS 9.8298562 4.6920625
OS 9.8239959 4.6959782
OS 9.8170833 4.6973532
OE
OB 9.9351935 4.6973532 H
OS 9.9282809 4.6959782
OS 9.9224206 4.6920625
OS 9.9185049 4.6862022
OS 9.9171299 4.6792896
OS 9.9185049 4.672377
OS 9.9224206 4.6665167
OS 9.9282809 4.662601
OS 9.9351935 4.661226
OS 9.9421061 4.662601
OS 9.9479664 4.6665167
OS 9.9518821 4.672377
OS 9.9532571 4.6792896
OS 9.9518821 4.6862022
OS 9.9479664 4.6920625
OS 9.9421061 4.6959782
OS 9.9351935 4.6973532
OE
OB 7.4015748 3.8683801 H
OS 7.3961983 3.8673106
OS 7.3916403 3.8642651
OS 7.3885948 3.8597071
OS 7.3875253 3.8543306
OS 7.3885948 3.8489541
OS 7.3916403 3.8443961
OS 7.3961983 3.8413506
OS 7.4015748 3.8402811
OS 7.4069513 3.8413506
OS 7.4115093 3.8443961
OS 7.4145548 3.8489541
OS 7.4156243 3.8543306
OS 7.4145548 3.8597071
OS 7.4115093 3.8642651
OS 7.4069513 3.8673106
OS 7.4015748 3.8683801
OE
OB 6.8223542 3.8703802 H
OS 6.8169777 3.8693107
OS 6.8124197 3.8662652
OS 6.8093742 3.8617072
OS 6.8083047 3.8563307
OS 6.8093742 3.8509542
OS 6.8124197 3.8463962
OS 6.8169777 3.8433507
OS 6.8223542 3.8422812
OS 6.8277307 3.8433507
OS 6.8322887 3.8463962
OS 6.8353342 3.8509542
OS 6.8364037 3.8563307
OS 6.8353342 3.8617072
OS 6.8322887 3.8662652
OS 6.8277307 3.8693107
OS 6.8223542 3.8703802
OE
OB 7.1062992 3.8527093 H
OS 7.0993866 3.8513343
OS 7.0935263 3.8474186
OS 7.0896106 3.8415583
OS 7.0882356 3.8346457
OS 7.0896106 3.8277331
OS 7.0935263 3.8218728
OS 7.0993866 3.8179571
OS 7.1062992 3.8165821
OS 7.1132118 3.8179571
OS 7.1190721 3.8218728
OS 7.1229878 3.8277331
OS 7.1243628 3.8346457
OS 7.1229878 3.8415583
OS 7.1190721 3.8474186
OS 7.1132118 3.8513343
OS 7.1062992 3.8527093
OE
OB 7.2165354 3.8683801 H
OS 7.2111589 3.8673106
OS 7.2066009 3.8642651
OS 7.2035554 3.8597071
OS 7.2024859 3.8543306
OS 7.2035554 3.8489541
OS 7.2066009 3.8443961
OS 7.2111589 3.8413506
OS 7.2165354 3.8402811
OS 7.2219119 3.8413506
OS 7.2264699 3.8443961
OS 7.2295154 3.8489541
OS 7.2305849 3.8543306
OS 7.2295154 3.8597071
OS 7.2264699 3.8642651
OS 7.2219119 3.8673106
OS 7.2165354 3.8683801
OE
OB 3.075 3.9130636 H
OS 3.0680874 3.9116886
OS 3.0622271 3.9077729
OS 3.0583114 3.9019126
OS 3.0569364 3.895
OS 3.0583114 3.8880874
OS 3.0622271 3.8822271
OS 3.0680874 3.8783114
OS 3.075 3.8769364
OS 3.0819126 3.8783114
OS 3.0877729 3.8822271
OS 3.0916886 3.8880874
OS 3.0930636 3.895
OS 3.0916886 3.9019126
OS 3.0877729 3.9077729
OS 3.0819126 3.9116886
OS 3.075 3.9130636
OE
OB 3.6892364 4.1401682 H
OS 3.6823238 4.1387932
OS 3.6764635 4.1348775
OS 3.6725478 4.1290172
OS 3.6711728 4.1221047
OS 3.6668248 4.1183339
OS 3.6628134 4.117536
OS 3.6569531 4.1136203
OS 3.6530374 4.10776
OS 3.6516624 4.1008474
OS 3.6530374 4.0939348
OS 3.6569531 4.0880745
OS 3.6628134 4.0841588
OS 3.668617 4.0830044
OS 3.6723958 4.0798469
OS 3.6728387 4.0745581
OS 3.6711819 4.0729014
OS 3.6642694 4.0715264
OS 3.6584091 4.0676107
OS 3.6544934 4.0617504
OS 3.6531184 4.0548378
OS 3.6544934 4.0479252
OS 3.6584091 4.0420649
OS 3.6642694 4.0381492
OS 3.6664086 4.0377237
OS 3.6708005 4.0361252
OS 3.6694256 4.0292126
OS 3.6703393 4.0246191
OS 3.6703216 4.0219261
OS 3.6668486 4.0192148
OS 3.6633958 4.018528
OS 3.6575355 4.0146123
OS 3.6536198 4.008752
OS 3.6522448 4.0018394
OS 3.6536198 3.9949268
OS 3.6575355 3.9890665
OS 3.6633958 3.9851508
OS 3.6660953 3.9846138
OS 3.6702375 3.983218
OS 3.6697248 3.9791819
OS 3.6691344 3.9762138
OS 3.6695113 3.974319
OS 3.6679788 3.9695259
OS 3.6658394 3.9691003
OS 3.6610662 3.9681508
OS 3.6552059 3.9642351
OS 3.6512902 3.9583748
OS 3.6499152 3.9514622
OS 3.6512902 3.9445496
OS 3.6552059 3.9386893
OS 3.6610662 3.9347736
OS 3.6652666 3.9339381
OS 3.6681594 3.9300923
OS 3.6682389 3.9286369
OS 3.6670762 3.9227918
OS 3.6684512 3.9158792
OS 3.6723669 3.9100189
OS 3.6782272 3.9061032
OS 3.6851398 3.9047282
OS 3.6920524 3.9061032
OS 3.6979127 3.9100189
OS 3.7018284 3.9158792
OS 3.7032034 3.9227918
OS 3.7018284 3.9297044
OS 3.6979127 3.9355647
OS 3.6920524 3.9394804
OS 3.687852 3.9403159
OS 3.6849592 3.9441617
OS 3.6848797 3.9456171
OS 3.6860424 3.9514622
OS 3.6856655 3.953357
OS 3.687198 3.9581501
OS 3.6893374 3.9585757
OS 3.6941106 3.9595252
OS 3.6999709 3.9634409
OS 3.7038866 3.9693012
OS 3.7052616 3.9762138
OS 3.7038866 3.9831264
OS 3.6999709 3.9889867
OS 3.6941106 3.9929024
OS 3.6914111 3.9934394
OS 3.6872689 3.9948352
OS 3.6877816 3.9988713
OS 3.688372 4.0018394
OS 3.6874583 4.0064329
OS 3.687476 4.0091259
OS 3.690949 4.0118372
OS 3.6944018 4.012524
OS 3.7002621 4.0164397
OS 3.7041778 4.0223
OS 3.7055528 4.0292126
OS 3.7041778 4.0361252
OS 3.7002621 4.0419855
OS 3.6944018 4.0459012
OS 3.6922626 4.0463267
OS 3.6878707 4.0479252
OS 3.6892456 4.0548378
OS 3.6885209 4.058481
OS 3.6909837 4.0609438
OS 3.6978962 4.0623188
OS 3.7037565 4.0662345
OS 3.7076722 4.0720948
OS 3.7090472 4.0790074
OS 3.7076722 4.08592
OS 3.7037565 4.0917803
OS 3.6978962 4.095696
OS 3.6920926 4.0968504
OS 3.6914406 4.0973952
OS 3.6913803 4.1039613
OS 3.6921376 4.1046181
OS 3.696149 4.105416
OS 3.7020093 4.1093317
OS 3.705925 4.115192
OS 3.7073 4.1221046
OS 3.705925 4.1290172
OS 3.7020093 4.1348775
OS 3.696149 4.1387932
OS 3.6892364 4.1401682
OE
OB 4.522092 3.9510574 H
OS 4.5167155 3.9499879
OS 4.5121575 3.9469424
OS 4.509112 3.9423844
OS 4.5080425 3.9370079
OS 4.509112 3.9316314
OS 4.5121575 3.9270734
OS 4.5167155 3.9240279
OS 4.522092 3.9229584
OS 4.5274685 3.9240279
OS 4.5320265 3.9270734
OS 4.535072 3.9316314
OS 4.5361415 3.9370079
OS 4.535072 3.9423844
OS 4.5320265 3.9469424
OS 4.5274685 3.9499879
OS 4.522092 3.9510574
OE
OB 3.885 3.8930636 H
OS 3.8780874 3.8916886
OS 3.8749926 3.8896207
OS 3.8712204 3.8881622
OS 3.8674483 3.8896207
OS 3.8643535 3.8916886
OS 3.8574409 3.8930636
OS 3.8505283 3.8916886
OS 3.8474336 3.8896208
OS 3.8436614 3.8881622
OS 3.8398892 3.8896208
OS 3.8367945 3.8916886
OS 3.8298819 3.8930636
OS 3.8229693 3.8916886
OS 3.817109 3.8877729
OS 3.8131933 3.8819126
OS 3.8118183 3.875
OS 3.8131933 3.8680874
OS 3.8163887 3.8633051
OS 3.816819 3.86
OS 3.8163887 3.8566949
OS 3.8131933 3.8519126
OS 3.8118183 3.845
OS 3.8131933 3.8380874
OS 3.817109 3.8322271
OS 3.8229693 3.8283114
OS 3.8298819 3.8269364
OS 3.8367945 3.8283114
OS 3.8426547 3.8322271
OS 3.8446681 3.8322271
OS 3.8505283 3.8283114
OS 3.8574409 3.8269364
OS 3.8643535 3.8283114
OS 3.8702137 3.8322271
OS 3.8722272 3.8322271
OS 3.8780874 3.8283114
OS 3.885 3.8269364
OS 3.8919126 3.8283114
OS 3.8977729 3.8322271
OS 3.9016886 3.8380874
OS 3.9030636 3.845
OS 3.9016886 3.8519126
OS 3.8984932 3.8566949
OS 3.8980629 3.86
OS 3.8984932 3.8633051
OS 3.9016886 3.8680874
OS 3.9030636 3.875
OS 3.9016886 3.8819126
OS 3.8977729 3.8877729
OS 3.8919126 3.8916886
OS 3.885 3.8930636
OE
OB 3.8873051 4.1329813 H
OS 3.8803925 4.1316063
OS 3.8745322 4.1276906
OS 3.8706165 4.1218303
OS 3.8692415 4.1149177
OS 3.8706165 4.1080051
OS 3.8745322 4.1021449
OS 3.8745322 4.1001315
OS 3.8706165 4.0942713
OS 3.8692415 4.0873587
OS 3.8706165 4.0804461
OS 3.8745322 4.0745859
OS 3.8745322 4.0725724
OS 3.8706165 4.0667122
OS 3.8692415 4.0597996
OS 3.8706165 4.052887
OS 3.8745322 4.0470268
OS 3.8745322 4.0450134
OS 3.8706165 4.0391532
OS 3.8692415 4.0322406
OS 3.8706165 4.025328
OS 3.8745322 4.0194677
OS 3.8758004 4.0186203
OS 3.8758004 4.0136203
OS 3.8745322 4.0127729
OS 3.8706165 4.0069126
OS 3.8692415 4
OS 3.8706165 3.9930874
OS 3.8745322 3.9872272
OS 3.8745322 3.9852138
OS 3.8706165 3.9793536
OS 3.8692415 3.972441
OS 3.8706165 3.9655284
OS 3.8745322 3.9596682
OS 3.8745322 3.9576547
OS 3.8706165 3.9517945
OS 3.8692415 3.9448819
OS 3.8706165 3.9379693
OS 3.8745322 3.9321091
OS 3.8745322 3.9300957
OS 3.8706165 3.9242355
OS 3.8692415 3.9173229
OS 3.8706165 3.9104103
OS 3.8745322 3.90455
OS 3.8803925 3.9006343
OS 3.8873051 3.8992593
OS 3.8942177 3.9006343
OS 3.900078 3.90455
OS 3.9039937 3.9104103
OS 3.9053687 3.9173229
OS 3.9039937 3.9242355
OS 3.900078 3.9300957
OS 3.900078 3.9321091
OS 3.9039937 3.9379693
OS 3.9053687 3.9448819
OS 3.9039937 3.9517945
OS 3.900078 3.9576547
OS 3.900078 3.9596682
OS 3.9039937 3.9655284
OS 3.9053687 3.972441
OS 3.9039937 3.9793536
OS 3.900078 3.9852138
OS 3.900078 3.9872272
OS 3.9039937 3.9930874
OS 3.9053687 4
OS 3.9039937 4.0069126
OS 3.900078 4.0127729
OS 3.8988098 4.0136203
OS 3.8988098 4.0186203
OS 3.900078 4.0194677
OS 3.9039937 4.025328
OS 3.9053687 4.0322406
OS 3.9039937 4.0391532
OS 3.900078 4.0450134
OS 3.900078 4.0470268
OS 3.9039937 4.052887
OS 3.9053687 4.0597996
OS 3.9039937 4.0667122
OS 3.900078 4.0725724
OS 3.900078 4.0745859
OS 3.9039937 4.0804461
OS 3.9053687 4.0873587
OS 3.9039937 4.0942713
OS 3.900078 4.1001315
OS 3.900078 4.1021449
OS 3.9039937 4.1080051
OS 3.9053687 4.1149177
OS 3.9039937 4.1218303
OS 3.900078 4.1276906
OS 3.8942177 4.1316063
OS 3.8873051 4.1329813
OE
OB 0.251968 3.8448276 H
OS 0.2450554 3.8434526
OS 0.2391951 3.8395369
OS 0.2352794 3.8336766
OS 0.2339044 3.826764
OS 0.2352794 3.8198514
OS 0.2391951 3.8139911
OS 0.2450554 3.8100754
OS 0.251968 3.8087004
OS 0.2588806 3.8100754
OS 0.2647409 3.8139911
OS 0.2686566 3.8198514
OS 0.2700316 3.826764
OS 0.2686566 3.8336766
OS 0.2647409 3.8395369
OS 0.2588806 3.8434526
OS 0.251968 3.8448276
OE
OB 0.7559055 3.7975141 H
OS 0.750529 3.7964446
OS 0.745971 3.7933991
OS 0.7429255 3.7888411
OS 0.741856 3.7834646
OS 0.7429255 3.7780881
OS 0.745971 3.7735301
OS 0.750529 3.7704846
OS 0.7559055 3.7694151
OS 0.761282 3.7704846
OS 0.76584 3.7735301
OS 0.7688855 3.7780881
OS 0.769955 3.7834646
OS 0.7688855 3.7888411
OS 0.76584 3.7933991
OS 0.761282 3.7964446
OS 0.7559055 3.7975141
OE
OB 7.2165354 3.801451 H
OS 7.2111589 3.8003815
OS 7.2066009 3.797336
OS 7.2035554 3.792778
OS 7.2024859 3.7874015
OS 7.2035554 3.782025
OS 7.2066009 3.777467
OS 7.2111589 3.7744215
OS 7.2165354 3.773352
OS 7.2219119 3.7744215
OS 7.2264699 3.777467
OS 7.2295154 3.782025
OS 7.2305849 3.7874015
OS 7.2295154 3.792778
OS 7.2264699 3.797336
OS 7.2219119 3.8003815
OS 7.2165354 3.801451
OE
OB 2.829904 3.7902134 H
OS 2.8245275 3.7891439
OS 2.8199695 3.7860984
OS 2.816924 3.7815404
OS 2.8158545 3.7761639
OS 2.816924 3.7707874
OS 2.8199695 3.7662294
OS 2.8245275 3.7631839
OS 2.829904 3.7621144
OS 2.8352805 3.7631839
OS 2.8398385 3.7662294
OS 2.842884 3.7707874
OS 2.8439535 3.7761639
OS 2.842884 3.7815404
OS 2.8398385 3.7860984
OS 2.8352805 3.7891439
OS 2.829904 3.7902134
OE
OB 0.4448819 3.7975141 H
OS 0.4395054 3.7964446
OS 0.4349474 3.7933991
OS 0.4319019 3.7888411
OS 0.4308324 3.7834646
OS 0.4319019 3.7780881
OS 0.4349474 3.7735301
OS 0.4395054 3.7704846
OS 0.4448819 3.7694151
OS 0.4502584 3.7704846
OS 0.4548164 3.7735301
OS 0.4578619 3.7780881
OS 0.4589314 3.7834646
OS 0.4578619 3.7888411
OS 0.4548164 3.7933991
OS 0.4502584 3.7964446
OS 0.4448819 3.7975141
OE
OB 7.4015748 3.801451 H
OS 7.3961983 3.8003815
OS 7.3916403 3.797336
OS 7.3885948 3.792778
OS 7.3875253 3.7874015
OS 7.3885948 3.782025
OS 7.3916403 3.777467
OS 7.3961983 3.7744215
OS 7.4015748 3.773352
OS 7.4069513 3.7744215
OS 7.4115093 3.777467
OS 7.4145548 3.782025
OS 7.4156243 3.7874015
OS 7.4145548 3.792778
OS 7.4115093 3.797336
OS 7.4069513 3.8003815
OS 7.4015748 3.801451
OE
OB 0.5472441 3.8093251 H
OS 0.5418676 3.8082556
OS 0.5373096 3.8052101
OS 0.5342641 3.8006521
OS 0.5331946 3.7952756
OS 0.5342641 3.7898991
OS 0.5373096 3.7853411
OS 0.5418676 3.7822956
OS 0.5472441 3.7812261
OS 0.5526206 3.7822956
OS 0.5571786 3.7853411
OS 0.5602241 3.7898991
OS 0.5612936 3.7952756
OS 0.5602241 3.8006521
OS 0.5571786 3.8052101
OS 0.5526206 3.8082556
OS 0.5472441 3.8093251
OE
OB 0.6535433 3.8250731 H
OS 0.6481668 3.8240036
OS 0.6436088 3.8209581
OS 0.6405633 3.8164001
OS 0.6394938 3.8110236
OS 0.6405633 3.8056471
OS 0.6436088 3.8010891
OS 0.6481668 3.7980436
OS 0.6535433 3.7969741
OS 0.6589198 3.7980436
OS 0.6634778 3.8010891
OS 0.6665233 3.8056471
OS 0.6675928 3.8110236
OS 0.6665233 3.8164001
OS 0.6634778 3.8209581
OS 0.6589198 3.8240036
OS 0.6535433 3.8250731
OE
OB 4.5472441 3.8014511 H
OS 4.5418676 3.8003816
OS 4.5373096 3.7973361
OS 4.5342641 3.7927781
OS 4.5331946 3.7874016
OS 4.5342641 3.7820251
OS 4.5373096 3.7774671
OS 4.5418676 3.7744216
OS 4.5472441 3.7733521
OS 4.5526206 3.7744216
OS 4.5571786 3.7774671
OS 4.5602241 3.7820251
OS 4.5612936 3.7874016
OS 4.5602241 3.7927781
OS 4.5571786 3.7973361
OS 4.5526206 3.8003816
OS 4.5472441 3.8014511
OE
OB 6.8223542 3.8053802 H
OS 6.8169777 3.8043107
OS 6.8124197 3.8012652
OS 6.8093742 3.7967072
OS 6.8083047 3.7913307
OS 6.8093742 3.7859542
OS 6.8124197 3.7813962
OS 6.8169777 3.7783507
OS 6.8223542 3.7772812
OS 6.8277307 3.7783507
OS 6.8322887 3.7813962
OS 6.8353342 3.7859542
OS 6.8364037 3.7913307
OS 6.8353342 3.7967072
OS 6.8322887 3.8012652
OS 6.8277307 3.8043107
OS 6.8223542 3.8053802
OE
OB 0.4680957 4.0425791 H
OS 0.4531931 4.0406171
OS 0.4393061 4.0348649
OS 0.4273811 4.0257145
OS 0.4182307 4.0137895
OS 0.4124785 3.9999025
OS 0.4105165 3.9849999
OS 0.4124785 3.9700973
OS 0.4182307 3.9562103
OS 0.4273811 3.9442853
OS 0.4393061 3.9351349
OS 0.4531931 3.9293827
OS 0.4680957 3.9274207
OS 0.4829983 3.9293827
OS 0.4968853 3.9351349
OS 0.5088103 3.9442853
OS 0.5179607 3.9562103
OS 0.5237129 3.9700973
OS 0.5256749 3.9849999
OS 0.5237129 3.9999025
OS 0.5179607 4.0137895
OS 0.5088103 4.0257145
OS 0.4968853 4.0348649
OS 0.4829983 4.0406171
OS 0.4680957 4.0425791
OE
OB 9.4430712 4.0477488 H
OS 9.4361586 4.0463738
OS 9.4302983 4.0424581
OS 9.4263826 4.0365978
OS 9.4250076 4.0296852
OS 9.4263826 4.0227726
OS 9.4302983 4.0169123
OS 9.4361586 4.0129966
OS 9.4430712 4.0116216
OS 9.4499838 4.0129966
OS 9.4558441 4.0169123
OS 9.4597598 4.0227726
OS 9.4611348 4.0296852
OS 9.4597598 4.0365978
OS 9.4558441 4.0424581
OS 9.4499838 4.0463738
OS 9.4430712 4.0477488
OE
OB 3.05 4.1680636 H
OS 3.0430874 4.1666886
OS 3.0372271 4.1627729
OS 3.0333114 4.1569126
OS 3.0319364 4.15
OS 3.0333114 4.1430874
OS 3.0372271 4.1372271
OS 3.0386894 4.13625
OS 3.0386894 4.13125
OS 3.0372271 4.1302729
OS 3.0333114 4.1244126
OS 3.0319364 4.1175
OS 3.0333114 4.1105874
OS 3.0372271 4.1047271
OS 3.0386894 4.10375
OS 3.0386894 4.09875
OS 3.0372271 4.0977729
OS 3.0333114 4.0919126
OS 3.0319364 4.085
OS 3.0333114 4.0780874
OS 3.0372271 4.0722271
OS 3.0386894 4.07125
OS 3.0386894 4.06625
OS 3.0372271 4.0652729
OS 3.0333114 4.0594126
OS 3.0319364 4.0525
OS 3.0333114 4.0455874
OS 3.0372271 4.0397271
OS 3.0386894 4.03875
OS 3.0386894 4.03375
OS 3.0372271 4.0327729
OS 3.0333114 4.0269126
OS 3.0319364 4.02
OS 3.0333114 4.0130874
OS 3.0372271 4.0072271
OS 3.0430874 4.0033114
OS 3.05 4.0019364
OS 3.0569126 4.0033114
OS 3.0627729 4.0072271
OS 3.0666886 4.0130874
OS 3.0672142 4.0157296
OS 3.0722272 4.0172271
OS 3.0780874 4.0133114
OS 3.085 4.0119364
OS 3.0919126 4.0133114
OS 3.0977729 4.0172271
OS 3.1016886 4.0230874
OS 3.1030636 4.03
OS 3.1016886 4.0369126
OS 3.0977729 4.0427729
OS 3.0951982 4.0444933
OS 3.0951982 4.0505067
OS 3.0977729 4.0522271
OS 3.1016886 4.0580874
OS 3.1030636 4.065
OS 3.1016886 4.0719126
OS 3.0977729 4.0777729
OS 3.0951982 4.0794933
OS 3.0951982 4.0855067
OS 3.0977729 4.0872271
OS 3.1016886 4.0930874
OS 3.1030636 4.1
OS 3.1016886 4.1069126
OS 3.0984932 4.1116949
OS 3.0980629 4.115
OS 3.0984932 4.1183051
OS 3.1016886 4.1230874
OS 3.1030636 4.13
OS 3.1016886 4.1369126
OS 3.0977729 4.1427729
OS 3.0919126 4.1466886
OS 3.085 4.1480636
OS 3.0780874 4.1466886
OS 3.0722271 4.1427729
OS 3.0709833 4.1409113
OS 3.0709581 4.1408741
OS 3.0670259 4.1429128
OS 3.0670259 4.1429127
OS 3.0666887 4.1430875
OS 3.0667424 4.143358
OS 3.0680636 4.15
OS 3.0666886 4.1569126
OS 3.0627729 4.1627729
OS 3.0569126 4.1666886
OS 3.05 4.1680636
OE
OB 9.2462208 4.0477488 H
OS 9.2393082 4.0463738
OS 9.2334479 4.0424581
OS 9.2295322 4.0365978
OS 9.2281572 4.0296852
OS 9.2295322 4.0227726
OS 9.2334479 4.0169123
OS 9.2393082 4.0129966
OS 9.2462208 4.0116216
OS 9.2531334 4.0129966
OS 9.2589937 4.0169123
OS 9.2629094 4.0227726
OS 9.2642844 4.0296852
OS 9.2629094 4.0365978
OS 9.2589937 4.0424581
OS 9.2531334 4.0463738
OS 9.2462208 4.0477488
OE
OB 9.344646 4.0477488 H
OS 9.3377334 4.0463738
OS 9.3318731 4.0424581
OS 9.3279574 4.0365978
OS 9.3265824 4.0296852
OS 9.3279574 4.0227726
OS 9.3318731 4.0169123
OS 9.3377334 4.0129966
OS 9.344646 4.0116216
OS 9.3515586 4.0129966
OS 9.3574189 4.0169123
OS 9.3613346 4.0227726
OS 9.3627096 4.0296852
OS 9.3613346 4.0365978
OS 9.3574189 4.0424581
OS 9.3515586 4.0463738
OS 9.344646 4.0477488
OE
OB 3.3307087 4.0771187 H
OS 3.3237961 4.0757437
OS 3.3179358 4.071828
OS 3.3140201 4.0659677
OS 3.3126451 4.0590551
OS 3.3140201 4.0521425
OS 3.3179358 4.0462822
OS 3.3237961 4.0423665
OS 3.3307087 4.0409915
OS 3.3376213 4.0423665
OS 3.3434816 4.0462822
OS 3.3473973 4.0521425
OS 3.3487723 4.0590551
OS 3.3473973 4.0659677
OS 3.3434816 4.071828
OS 3.3376213 4.0757437
OS 3.3307087 4.0771187
OE
OB 7.3958242 4.1068022 H
OS 7.3889116 4.1054272
OS 7.3830513 4.1015115
OS 7.3791356 4.0956512
OS 7.3777606 4.0887386
OS 7.3791356 4.081826
OS 7.3830513 4.0759657
OS 7.3889116 4.07205
OS 7.3958242 4.070675
OS 7.4027368 4.07205
OS 7.4085971 4.0759657
OS 7.4125128 4.081826
OS 7.4138878 4.0887386
OS 7.4125128 4.0956512
OS 7.4085971 4.1015115
OS 7.4027368 4.1054272
OS 7.3958242 4.1068022
OE
OB 7.5139344 4.1068022 H
OS 7.5070218 4.1054272
OS 7.5011615 4.1015115
OS 7.4972458 4.0956512
OS 7.4958708 4.0887386
OS 7.4972458 4.081826
OS 7.5011615 4.0759657
OS 7.5070218 4.07205
OS 7.5139344 4.070675
OS 7.520847 4.07205
OS 7.5267073 4.0759657
OS 7.530623 4.081826
OS 7.531998 4.0887386
OS 7.530623 4.0956512
OS 7.5267073 4.1015115
OS 7.520847 4.1054272
OS 7.5139344 4.1068022
OE
OB 1.3073706 4.0824589 H
OS 1.3019941 4.0813894
OS 1.2974361 4.0783439
OS 1.2943906 4.0737859
OS 1.2933211 4.0684094
OS 1.2943906 4.0630329
OS 1.2974361 4.0584749
OS 1.3019941 4.0554294
OS 1.3073706 4.0543599
OS 1.3127471 4.0554294
OS 1.3173051 4.0584749
OS 1.3203506 4.0630329
OS 1.3214201 4.0684094
OS 1.3203506 4.0737859
OS 1.3173051 4.0783439
OS 1.3127471 4.0813894
OS 1.3073706 4.0824589
OE
OB 7.277714 4.1068022 H
OS 7.2708014 4.1054272
OS 7.2649411 4.1015115
OS 7.2610254 4.0956512
OS 7.2596504 4.0887386
OS 7.2610254 4.081826
OS 7.2649411 4.0759657
OS 7.2708014 4.07205
OS 7.277714 4.070675
OS 7.2846266 4.07205
OS 7.2904869 4.0759657
OS 7.2944026 4.081826
OS 7.2957776 4.0887386
OS 7.2944026 4.0956512
OS 7.2904869 4.1015115
OS 7.2846266 4.1054272
OS 7.277714 4.1068022
OE
OB 9.1477956 4.0477488 H
OS 9.140883 4.0463738
OS 9.1350227 4.0424581
OS 9.131107 4.0365978
OS 9.129732 4.0296852
OS 9.131107 4.0227726
OS 9.1350227 4.0169123
OS 9.140883 4.0129966
OS 9.1477956 4.0116216
OS 9.1547082 4.0129966
OS 9.1605685 4.0169123
OS 9.1644842 4.0227726
OS 9.1658592 4.0296852
OS 9.1644842 4.0365978
OS 9.1605685 4.0424581
OS 9.1547082 4.0463738
OS 9.1477956 4.0477488
OE
OB 4.4936044 4.1637329 H
OS 4.4866918 4.1623579
OS 4.4808315 4.1584422
OS 4.4769158 4.1525819
OS 4.4755408 4.1456693
OS 4.4769158 4.1387567
OS 4.4804992 4.1333938
OS 4.4810515 4.1316568
OS 4.4810515 4.1288419
OS 4.4804992 4.1271049
OS 4.4769158 4.121742
OS 4.4755408 4.1148294
OS 4.4769158 4.1079168
OS 4.4804992 4.1025539
OS 4.4810515 4.1008169
OS 4.4810515 4.098002
OS 4.4804992 4.096265
OS 4.4769158 4.0909021
OS 4.4755408 4.0839895
OS 4.4769158 4.0770769
OS 4.4804992 4.071714
OS 4.4810515 4.069977
OS 4.4810515 4.0671621
OS 4.4804992 4.0654251
OS 4.4769158 4.0600622
OS 4.4755408 4.0531496
OS 4.4769158 4.046237
OS 4.4804992 4.0408741
OS 4.4810515 4.0391371
OS 4.4810515 4.0363222
OS 4.4804992 4.0345852
OS 4.4769158 4.0292223
OS 4.4755408 4.0223097
OS 4.4769158 4.0153971
OS 4.4804992 4.0100342
OS 4.4810515 4.0082972
OS 4.4810515 4.0054823
OS 4.4804992 4.0037453
OS 4.4769158 3.9983824
OS 4.4755408 3.9914698
OS 4.4769158 3.9845572
OS 4.4804992 3.9791943
OS 4.4810515 3.9774573
OS 4.4810515 3.9746424
OS 4.4804992 3.9729054
OS 4.4769158 3.9675425
OS 4.4755408 3.9606299
OS 4.4769158 3.9537173
OS 4.4808315 3.947857
OS 4.4866918 3.9439413
OS 4.4936044 3.9425663
OS 4.500517 3.9439413
OS 4.5063773 3.947857
OS 4.510293 3.9537173
OS 4.511668 3.9606299
OS 4.510293 3.9675425
OS 4.5067096 3.9729054
OS 4.5061573 3.9746424
OS 4.5061573 3.9774573
OS 4.5067096 3.9791943
OS 4.510293 3.9845572
OS 4.511668 3.9914698
OS 4.510293 3.9983824
OS 4.5067096 4.0037453
OS 4.5061573 4.0054823
OS 4.5061573 4.0082972
OS 4.5067096 4.0100342
OS 4.510293 4.0153971
OS 4.511668 4.0223097
OS 4.510293 4.0292223
OS 4.5067096 4.0345852
OS 4.5061573 4.0363222
OS 4.5061573 4.0391371
OS 4.5067096 4.0408741
OS 4.510293 4.046237
OS 4.511668 4.0531496
OS 4.510293 4.0600622
OS 4.5067096 4.0654251
OS 4.5061573 4.0671621
OS 4.5061573 4.069977
OS 4.5067096 4.071714
OS 4.510293 4.0770769
OS 4.511668 4.0839895
OS 4.510293 4.0909021
OS 4.5067096 4.096265
OS 4.5061573 4.098002
OS 4.5061573 4.1008169
OS 4.5067096 4.1025539
OS 4.510293 4.1079168
OS 4.511668 4.1148294
OS 4.510293 4.121742
OS 4.5067096 4.1271049
OS 4.5061573 4.1288419
OS 4.5061573 4.1316568
OS 4.5067096 4.1333938
OS 4.510293 4.1387567
OS 4.511668 4.1456693
OS 4.510293 4.1525819
OS 4.5063773 4.1584422
OS 4.500517 4.1623579
OS 4.4936044 4.1637329
OE
OB 3.2849429 4.1329813 H
OS 3.2780303 4.1316063
OS 3.27217 4.1276906
OS 3.2682543 4.1218303
OS 3.2668793 4.1149177
OS 3.2682543 4.1080051
OS 3.27217 4.1021449
OS 3.27217 4.1001315
OS 3.2682543 4.0942713
OS 3.2668793 4.0873587
OS 3.2682543 4.0804461
OS 3.27217 4.0745859
OS 3.27217 4.0725724
OS 3.2682543 4.0667122
OS 3.2668793 4.0597996
OS 3.2682543 4.052887
OS 3.27217 4.0470268
OS 3.27217 4.0450134
OS 3.2682543 4.0391532
OS 3.2668793 4.0322406
OS 3.2682543 4.025328
OS 3.2711705 4.0209635
OS 3.2720115 4.0190879
OS 3.2702084 4.0147649
OS 3.2672271 4.0127729
OS 3.2633114 4.0069126
OS 3.2619364 4
OS 3.2633114 3.9930874
OS 3.2665068 3.9883051
OS 3.2669371 3.985
OS 3.2665068 3.9816949
OS 3.2633114 3.9769126
OS 3.2619364 3.97
OS 3.2633114 3.9630874
OS 3.2672271 3.9572271
OS 3.2730874 3.9533114
OS 3.28 3.9519364
OS 3.2869126 3.9533114
OS 3.2927729 3.9572271
OS 3.2966886 3.9630874
OS 3.2980636 3.97
OS 3.2966886 3.9769126
OS 3.2934932 3.9816949
OS 3.2930629 3.985
OS 3.2934932 3.9883051
OS 3.2966886 3.9930874
OS 3.2980636 4
OS 3.2966886 4.0069126
OS 3.2937724 4.0112771
OS 3.2929314 4.0131527
OS 3.2947345 4.0174757
OS 3.2977158 4.0194677
OS 3.3016315 4.025328
OS 3.3030065 4.0322406
OS 3.3016315 4.0391532
OS 3.2977158 4.0450134
OS 3.2977158 4.0470268
OS 3.3016315 4.052887
OS 3.3030065 4.0597996
OS 3.3016315 4.0667122
OS 3.2977158 4.0725724
OS 3.2977158 4.0745859
OS 3.3016315 4.0804461
OS 3.3030065 4.0873587
OS 3.3016315 4.0942713
OS 3.2977158 4.1001315
OS 3.2977158 4.1021449
OS 3.3016315 4.1080051
OS 3.3030065 4.1149177
OS 3.3016315 4.1218303
OS 3.2977158 4.1276906
OS 3.2918555 4.1316063
OS 3.2849429 4.1329813
OE
OB 3.0765194 3.9697235 H
OS 3.0696068 3.9683485
OS 3.0637465 3.9644328
OS 3.0598308 3.9585725
OS 3.0584558 3.9516599
OS 3.0598308 3.9447473
OS 3.0637465 3.938887
OS 3.0696068 3.9349713
OS 3.0765194 3.9335963
OS 3.083432 3.9349713
OS 3.0892923 3.938887
OS 3.093208 3.9447473
OS 3.094583 3.9516599
OS 3.093208 3.9585725
OS 3.0892923 3.9644328
OS 3.083432 3.9683485
OS 3.0765194 3.9697235
OE
OB 7.136 3.9750275 H
OS 7.1290874 3.9736525
OS 7.1232271 3.9697368
OS 7.1193114 3.9638765
OS 7.1179364 3.9569639
OS 7.1193114 3.9500513
OS 7.1232271 3.944191
OS 7.1290874 3.9402753
OS 7.136 3.9389003
OS 7.1429126 3.9402753
OS 7.1487729 3.944191
OS 7.1526886 3.9500513
OS 7.1540636 3.9569639
OS 7.1526886 3.9638765
OS 7.1487729 3.9697368
OS 7.1429126 3.9736525
OS 7.136 3.9750275
OE
OB 4.26934 4.1307435 H
OS 4.2624274 4.1293685
OS 4.2565671 4.1254528
OS 4.2526514 4.1195925
OS 4.2512764 4.1126799
OS 4.2526514 4.1057673
OS 4.2565671 4.099907
OS 4.2590886 4.0982222
OS 4.2590886 4.0922087
OS 4.2570755 4.0908636
OS 4.2531598 4.0850033
OS 4.2517848 4.0780907
OS 4.2531598 4.0711781
OS 4.2570755 4.0653178
OS 4.2629358 4.0614021
OS 4.2666366 4.060666
OS 4.2681358 4.0552697
OS 4.2680207 4.0550494
OS 4.2615771 4.0537677
OS 4.2557168 4.049852
OS 4.2518011 4.0439917
OS 4.2504261 4.0370791
OS 4.2518011 4.0301665
OS 4.2557168 4.0243062
OS 4.2615771 4.0203905
OS 4.2627523 4.0201567
OS 4.2630338 4.0156975
OS 4.2629243 4.0150245
OS 4.2572099 4.0112063
OS 4.2532942 4.005346
OS 4.2519192 3.9984334
OS 4.2532942 3.9915208
OS 4.2572099 3.9856605
OS 4.2630702 3.9817448
OS 4.266394 3.9810837
OS 4.266394 3.9759857
OS 4.261505 3.9750132
OS 4.2556447 3.9710975
OS 4.251729 3.9652372
OS 4.250354 3.9583246
OS 4.251729 3.951412
OS 4.2556447 3.9455517
OS 4.261505 3.941636
OS 4.2684176 3.940261
OS 4.2753302 3.941636
OS 4.2811905 3.9455517
OS 4.2851062 3.951412
OS 4.2862825 3.9573259
OS 4.2865773 3.958383
OS 4.2910288 3.9610918
OS 4.2944392 3.9604134
OS 4.3013518 3.9617884
OS 4.3072121 3.9657041
OS 4.3111278 3.9715644
OS 4.3125028 3.978477
OS 4.3111278 3.9853896
OS 4.3072121 3.9912499
OS 4.3013518 3.9951656
OS 4.2968442 3.9960622
OS 4.2968442 4.0011602
OS 4.2992302 4.0016348
OS 4.3050905 4.0055505
OS 4.3090062 4.0114108
OS 4.3103812 4.0183234
OS 4.3090062 4.025236
OS 4.3050905 4.0310963
OS 4.2992302 4.035012
OS 4.2986694 4.0351235
OS 4.2985867 4.0400381
OS 4.2986231 4.0402308
OS 4.3044441 4.0441202
OS 4.3083598 4.0499805
OS 4.3097348 4.0568931
OS 4.3083598 4.0638057
OS 4.3044441 4.069666
OS 4.2998401 4.0727422
OS 4.3003404 4.0778777
OS 4.300368 4.0779453
OS 4.3010158 4.0780741
OS 4.3068761 4.0819898
OS 4.3107918 4.0878501
OS 4.3121668 4.0947627
OS 4.3107918 4.1016753
OS 4.3068761 4.1075356
OS 4.3010158 4.1114513
OS 4.2941032 4.1128263
OS 4.2921613 4.11244
OS 4.2874037 4.11268
OS 4.2867294 4.1160695
OS 4.2860286 4.1195925
OS 4.2821129 4.1254528
OS 4.2762526 4.1293685
OS 4.26934 4.1307435
OE
OB 8.9509452 4.0477488 H
OS 8.9440326 4.0463738
OS 8.9381723 4.0424581
OS 8.9342566 4.0365978
OS 8.9328816 4.0296852
OS 8.9342566 4.0227726
OS 8.9381723 4.0169123
OS 8.9440326 4.0129966
OS 8.9509452 4.0116216
OS 8.9578578 4.0129966
OS 8.9637181 4.0169123
OS 8.9676338 4.0227726
OS 8.9690088 4.0296852
OS 8.9676338 4.0365978
OS 8.9637181 4.0424581
OS 8.9578578 4.0463738
OS 8.9509452 4.0477488
OE
OB 9.0493704 4.0477488 H
OS 9.0424578 4.0463738
OS 9.0365975 4.0424581
OS 9.0326818 4.0365978
OS 9.0313068 4.0296852
OS 9.0326818 4.0227726
OS 9.0365975 4.0169123
OS 9.0424578 4.0129966
OS 9.0493704 4.0116216
OS 9.056283 4.0129966
OS 9.0621433 4.0169123
OS 9.066059 4.0227726
OS 9.067434 4.0296852
OS 9.066059 4.0365978
OS 9.0621433 4.0424581
OS 9.056283 4.0463738
OS 9.0493704 4.0477488
OE
OB 0.1531351 4.0739256 H
OS 0.1427547 4.072559
OS 0.1330817 4.0685523
OS 0.1247753 4.0621786
OS 0.1184016 4.0538722
OS 0.1143949 4.0441992
OS 0.1130283 4.0338188
OS 0.1143949 4.0234384
OS 0.1184016 4.0137654
OS 0.1247753 4.005459
OS 0.1330817 3.9990853
OS 0.1427547 3.9950786
OS 0.1531351 3.993712
OS 0.1635155 3.9950786
OS 0.1731885 3.9990853
OS 0.1814949 4.005459
OS 0.1878686 4.0137654
OS 0.1918753 4.0234384
OS 0.1932419 4.0338188
OS 0.1918753 4.0441992
OS 0.1878686 4.0538722
OS 0.1814949 4.0621786
OS 0.1731885 4.0685523
OS 0.1635155 4.072559
OS 0.1531351 4.0739256
OE
OB 0.3149461 4.1432263 H
OS 0.300668 4.14182
OS 0.2869386 4.1376553
OS 0.2742856 4.1308921
OS 0.2631951 4.1217903
OS 0.2540933 4.1106998
OS 0.2473301 4.0980468
OS 0.2431654 4.0843174
OS 0.2417591 4.0700393
OS 0.2431654 4.0557612
OS 0.2473301 4.0420318
OS 0.2540933 4.0293788
OS 0.2631951 4.0182883
OS 0.2742856 4.0091865
OS 0.2869386 4.0024233
OS 0.300668 3.9982586
OS 0.3149461 3.9968523
OS 0.3292242 3.9982586
OS 0.3429536 4.0024233
OS 0.3556066 4.0091865
OS 0.3666971 4.0182883
OS 0.3757989 4.0293788
OS 0.3825621 4.0420318
OS 0.3867268 4.0557612
OS 0.3881331 4.0700393
OS 0.3867268 4.0843174
OS 0.3825621 4.0980468
OS 0.3757989 4.1106998
OS 0.3666971 4.1217903
OS 0.3556066 4.1308921
OS 0.3429536 4.1376553
OS 0.3292242 4.14182
OS 0.3149461 4.1432263
OE
OB 3.478 3.7826611 H
OS 3.4726235 3.7815916
OS 3.4680655 3.7785461
OS 3.46502 3.7739881
OS 3.4639505 3.7686116
OS 3.46502 3.7632351
OS 3.4680655 3.7586771
OS 3.4726235 3.7556316
OS 3.478 3.7545621
OS 3.4833765 3.7556316
OS 3.4879345 3.7586771
OS 3.49098 3.7632351
OS 3.4920495 3.7686116
OS 3.49098 3.7739881
OS 3.4879345 3.7785461
OS 3.4833765 3.7815916
OS 3.478 3.7826611
OE
OB 4.2 3.6640495 H
OS 4.1946235 3.66298
OS 4.1900655 3.6599345
OS 4.18702 3.6553765
OS 4.1859505 3.65
OS 4.18702 3.6446235
OS 4.1900655 3.6400655
OS 4.1946235 3.63702
OS 4.2 3.6359505
OS 4.2053765 3.63702
OS 4.2099345 3.6400655
OS 4.21298 3.6446235
OS 4.2140495 3.65
OS 4.21298 3.6553765
OS 4.2099345 3.6599345
OS 4.2053765 3.66298
OS 4.2 3.6640495
OE
OB 4.25 3.6640495 H
OS 4.2446235 3.66298
OS 4.2400655 3.6599345
OS 4.23702 3.6553765
OS 4.2359505 3.65
OS 4.23702 3.6446235
OS 4.2400655 3.6400655
OS 4.2446235 3.63702
OS 4.25 3.6359505
OS 4.2553765 3.63702
OS 4.2599345 3.6400655
OS 4.26298 3.6446235
OS 4.2640495 3.65
OS 4.26298 3.6553765
OS 4.2599345 3.6599345
OS 4.2553765 3.66298
OS 4.25 3.6640495
OE
OB 2.851378 3.6636558 H
OS 2.8460015 3.6625863
OS 2.8414435 3.6595408
OS 2.838398 3.6549828
OS 2.8373285 3.6496063
OS 2.838398 3.6442298
OS 2.8414435 3.6396718
OS 2.8460015 3.6366263
OS 2.851378 3.6355568
OS 2.8567545 3.6366263
OS 2.8613125 3.6396718
OS 2.864358 3.6442298
OS 2.8654275 3.6496063
OS 2.864358 3.6549828
OS 2.8613125 3.6595408
OS 2.8567545 3.6625863
OS 2.851378 3.6636558
OE
OB 4.15 3.6640495 H
OS 4.1446235 3.66298
OS 4.1400655 3.6599345
OS 4.13702 3.6553765
OS 4.1359505 3.65
OS 4.13702 3.6446235
OS 4.1400655 3.6400655
OS 4.1446235 3.63702
OS 4.15 3.6359505
OS 4.1553765 3.63702
OS 4.1599345 3.6400655
OS 4.16298 3.6446235
OS 4.1640495 3.65
OS 4.16298 3.6553765
OS 4.1599345 3.6599345
OS 4.1553765 3.66298
OS 4.15 3.6640495
OE
OB 0.1889764 3.6794809 H
OS 0.1820638 3.6781059
OS 0.1762035 3.6741902
OS 0.1722878 3.6683299
OS 0.1709128 3.6614173
OS 0.1722878 3.6545047
OS 0.1762035 3.6486444
OS 0.1820638 3.6447287
OS 0.1889764 3.6433537
OS 0.195889 3.6447287
OS 0.2017493 3.6486444
OS 0.205665 3.6545047
OS 0.20704 3.6614173
OS 0.205665 3.6683299
OS 0.2017493 3.6741902
OS 0.195889 3.6781059
OS 0.1889764 3.6794809
OE
OB 7.4015748 3.6754668 H
OS 7.3961983 3.6743973
OS 7.3916403 3.6713518
OS 7.3885948 3.6667938
OS 7.3875253 3.6614173
OS 7.3885948 3.6560408
OS 7.3916403 3.6514828
OS 7.3961983 3.6484373
OS 7.4015748 3.6473678
OS 7.4069513 3.6484373
OS 7.4115093 3.6514828
OS 7.4145548 3.6560408
OS 7.4156243 3.6614173
OS 7.4145548 3.6667938
OS 7.4115093 3.6713518
OS 7.4069513 3.6743973
OS 7.4015748 3.6754668
OE
OB 5.7244094 3.6873549 H
OS 5.7174968 3.6859799
OS 5.7116365 3.6820642
OS 5.7077208 3.6762039
OS 5.7063458 3.6692913
OS 5.7077208 3.6623787
OS 5.7116365 3.6565184
OS 5.7174968 3.6526027
OS 5.7244094 3.6512277
OS 5.731322 3.6526027
OS 5.7371823 3.6565184
OS 5.741098 3.6623787
OS 5.742473 3.6692913
OS 5.741098 3.6762039
OS 5.7371823 3.6820642
OS 5.731322 3.6859799
OS 5.7244094 3.6873549
OE
OB 6.8223542 3.6753802 H
OS 6.8169777 3.6743107
OS 6.8124197 3.6712652
OS 6.8093742 3.6667072
OS 6.8083047 3.6613307
OS 6.8093742 3.6559542
OS 6.8124197 3.6513962
OS 6.8169777 3.6483507
OS 6.8223542 3.6472812
OS 6.8277307 3.6483507
OS 6.8322887 3.6513962
OS 6.8353342 3.6559542
OS 6.8364037 3.6613307
OS 6.8353342 3.6667072
OS 6.8322887 3.6712652
OS 6.8277307 3.6743107
OS 6.8223542 3.6753802
OE
OB 7.2165354 3.6754668 H
OS 7.2111589 3.6743973
OS 7.2066009 3.6713518
OS 7.2035554 3.6667938
OS 7.2024859 3.6614173
OS 7.2035554 3.6560408
OS 7.2066009 3.6514828
OS 7.2111589 3.6484373
OS 7.2165354 3.6473678
OS 7.2219119 3.6484373
OS 7.2264699 3.6514828
OS 7.2295154 3.6560408
OS 7.2305849 3.6614173
OS 7.2295154 3.6667938
OS 7.2264699 3.6713518
OS 7.2219119 3.6743973
OS 7.2165354 3.6754668
OE
OB 0.9488189 3.6282998 H
OS 0.9419063 3.6269248
OS 0.936046 3.6230091
OS 0.9321303 3.6171488
OS 0.9307553 3.6102362
OS 0.9321303 3.6033236
OS 0.936046 3.5974633
OS 0.9419063 3.5935476
OS 0.9488189 3.5921726
OS 0.9557315 3.5935476
OS 0.9615918 3.5974633
OS 0.9655075 3.6033236
OS 0.9668825 3.6102362
OS 0.9655075 3.6171488
OS 0.9615918 3.6230091
OS 0.9557315 3.6269248
OS 0.9488189 3.6282998
OE
OB 2.0629921 3.5297975 H
OS 2.0576156 3.528728
OS 2.0530576 3.5256825
OS 2.0500121 3.5211245
OS 2.0489426 3.515748
OS 2.0500121 3.5103715
OS 2.0530576 3.5058135
OS 2.0576156 3.502768
OS 2.0629921 3.5016985
OS 2.0683686 3.502768
OS 2.0729266 3.5058135
OS 2.0759721 3.5103715
OS 2.0770416 3.515748
OS 2.0759721 3.5211245
OS 2.0729266 3.5256825
OS 2.0683686 3.528728
OS 2.0629921 3.5297975
OE
OB 2.1181102 3.5297975 H
OS 2.1127337 3.528728
OS 2.1081757 3.5256825
OS 2.1051302 3.5211245
OS 2.1040607 3.515748
OS 2.1051302 3.5103715
OS 2.1081757 3.5058135
OS 2.1127337 3.502768
OS 2.1181102 3.5016985
OS 2.1234867 3.502768
OS 2.1280447 3.5058135
OS 2.1310902 3.5103715
OS 2.1321597 3.515748
OS 2.1310902 3.5211245
OS 2.1280447 3.5256825
OS 2.1234867 3.528728
OS 2.1181102 3.5297975
OE
OB 2.1012595 3.4690707 H
OS 2.0935788 3.4675429
OS 2.091417 3.4660984
OS 2.0892552 3.4675429
OS 2.0815745 3.4690707
OS 2.0738938 3.4675429
OS 2.0673824 3.4631921
OS 2.0648782 3.4594444
OS 2.0610833 3.46198
OS 2.0557068 3.4630495
OS 2.0503303 3.46198
OS 2.0457723 3.4589345
OS 2.0427268 3.4543765
OS 2.0416573 3.449
OS 2.0427268 3.4436235
OS 2.0457723 3.4390655
OS 2.0503303 3.43602
OS 2.0557068 3.4349505
OS 2.0610833 3.43602
OS 2.0648782 3.4385556
OS 2.0673824 3.4348079
OS 2.0738938 3.4304571
OS 2.0815745 3.4289293
OS 2.0892552 3.4304571
OS 2.091417 3.4319016
OS 2.0935788 3.4304571
OS 2.1012595 3.4289293
OS 2.1089402 3.4304571
OS 2.1154516 3.4348079
OS 2.1179384 3.4385296
OS 2.1216943 3.43602
OS 2.1270708 3.4349505
OS 2.1324473 3.43602
OS 2.1370053 3.4390655
OS 2.1400508 3.4436235
OS 2.1411203 3.449
OS 2.1400508 3.4543765
OS 2.1370053 3.4589345
OS 2.1324473 3.46198
OS 2.1270708 3.4630495
OS 2.1216943 3.46198
OS 2.1179384 3.4594704
OS 2.1154516 3.4631921
OS 2.1089402 3.4675429
OS 2.1012595 3.4690707
OE
OB 8.8156019 3.5114985 H
OS 8.8102254 3.510429
OS 8.8056674 3.5073835
OS 8.8026219 3.5028255
OS 8.8015524 3.497449
OS 8.8026219 3.4920725
OS 8.8056674 3.4875145
OS 8.8102254 3.484469
OS 8.8156019 3.4833995
OS 8.8209784 3.484469
OS 8.8255364 3.4875145
OS 8.8285819 3.4920725
OS 8.8296514 3.497449
OS 8.8285819 3.5028255
OS 8.8255364 3.5073835
OS 8.8209784 3.510429
OS 8.8156019 3.5114985
OE
OB 8.7775591 3.5425928 H
OS 8.7721826 3.5415233
OS 8.7676246 3.5384778
OS 8.7645791 3.5339198
OS 8.7635096 3.5285433
OS 8.7645791 3.5231668
OS 8.7676246 3.5186088
OS 8.7721826 3.5155633
OS 8.7775591 3.5144938
OS 8.7829356 3.5155633
OS 8.7874936 3.5186088
OS 8.7905391 3.5231668
OS 8.7916086 3.5285433
OS 8.7905391 3.5339198
OS 8.7874936 3.5384778
OS 8.7829356 3.5415233
OS 8.7775591 3.5425928
OE
OB 0.343025 3.5947025 H
OS 0.3376485 3.593633
OS 0.3330905 3.5905875
OS 0.330045 3.5860295
OS 0.3289755 3.580653
OS 0.330045 3.5752765
OS 0.3330905 3.5707185
OS 0.3376485 3.567673
OS 0.343025 3.5666035
OS 0.3484015 3.567673
OS 0.3529595 3.5707185
OS 0.356005 3.5752765
OS 0.3570745 3.580653
OS 0.356005 3.5860295
OS 0.3529595 3.5905875
OS 0.3484015 3.593633
OS 0.343025 3.5947025
OE
OB 0.653542 3.6046706 H
OS 0.6466294 3.6032956
OS 0.6407691 3.5993799
OS 0.6368534 3.5935196
OS 0.6354784 3.586607
OS 0.6368534 3.5796944
OS 0.6407691 3.5738341
OS 0.6466294 3.5699184
OS 0.653542 3.5685434
OS 0.6604546 3.5699184
OS 0.6663149 3.5738341
OS 0.6702306 3.5796944
OS 0.6716056 3.586607
OS 0.6702306 3.5935196
OS 0.6663149 3.5993799
OS 0.6604546 3.6032956
OS 0.653542 3.6046706
OE
OB 0.94488 3.5455452 H
OS 0.9395035 3.5444757
OS 0.9349455 3.5414302
OS 0.9319 3.5368722
OS 0.9308305 3.5314957
OS 0.9319 3.5261192
OS 0.9349455 3.5215612
OS 0.9395035 3.5185157
OS 0.94488 3.5174462
OS 0.9502565 3.5185157
OS 0.9548145 3.5215612
OS 0.95786 3.5261192
OS 0.9589295 3.5314957
OS 0.95786 3.5368722
OS 0.9548145 3.5414302
OS 0.9502565 3.5444757
OS 0.94488 3.5455452
OE
OB 0.9488189 3.5819629 H
OS 0.9434424 3.5808934
OS 0.9388844 3.5778479
OS 0.9358389 3.5732899
OS 0.9347694 3.5679134
OS 0.9358389 3.5625369
OS 0.9388844 3.5579789
OS 0.9434424 3.5549334
OS 0.9488189 3.5538639
OS 0.9541954 3.5549334
OS 0.9587534 3.5579789
OS 0.9617989 3.5625369
OS 0.9628684 3.5679134
OS 0.9617989 3.5732899
OS 0.9587534 3.5778479
OS 0.9541954 3.5808934
OS 0.9488189 3.5819629
OE
OB 2.874 3.6890495 H
OS 2.8686235 3.68798
OS 2.8640655 3.6849345
OS 2.86102 3.6803765
OS 2.8599505 3.675
OS 2.86102 3.6696235
OS 2.8640655 3.6650655
OS 2.8686235 3.66202
OS 2.874 3.6609505
OS 2.8793765 3.66202
OS 2.8839345 3.6650655
OS 2.88698 3.6696235
OS 2.8880495 3.675
OS 2.88698 3.6803765
OS 2.8839345 3.6849345
OS 2.8793765 3.68798
OS 2.874 3.6890495
OE
OB 3.3464567 3.754207 H
OS 3.3410802 3.7531375
OS 3.3365222 3.750092
OS 3.3334767 3.745534
OS 3.3324072 3.7401575
OS 3.3334767 3.734781
OS 3.3365222 3.730223
OS 3.3410802 3.7271775
OS 3.3464567 3.726108
OS 3.3518332 3.7271775
OS 3.3563912 3.730223
OS 3.3594367 3.734781
OS 3.3605062 3.7401575
OS 3.3594367 3.745534
OS 3.3563912 3.750092
OS 3.3518332 3.7531375
OS 3.3464567 3.754207
OE
OB 3.6929134 3.758144 H
OS 3.6875369 3.7570745
OS 3.6829789 3.754029
OS 3.6799334 3.749471
OS 3.6788639 3.7440945
OS 3.6799334 3.738718
OS 3.6829789 3.73416
OS 3.6875369 3.7311145
OS 3.6929134 3.730045
OS 3.6982899 3.7311145
OS 3.7028479 3.73416
OS 3.7058934 3.738718
OS 3.7069629 3.7440945
OS 3.7058934 3.749471
OS 3.7028479 3.754029
OS 3.6982899 3.7570745
OS 3.6929134 3.758144
OE
OB 3.1998031 3.7512542 H
OS 3.1944266 3.7501847
OS 3.1898686 3.7471392
OS 3.1868231 3.7425812
OS 3.1857536 3.7372047
OS 3.1868231 3.7318282
OS 3.1898686 3.7272702
OS 3.1944266 3.7242247
OS 3.1998031 3.7231552
OS 3.2051796 3.7242247
OS 3.2097376 3.7272702
OS 3.2127831 3.7318282
OS 3.2138526 3.7372047
OS 3.2127831 3.7425812
OS 3.2097376 3.7471392
OS 3.2051796 3.7501847
OS 3.1998031 3.7512542
OE
OB 3.5167323 3.7512542 H
OS 3.5113558 3.7501847
OS 3.5067978 3.7471392
OS 3.5037523 3.7425812
OS 3.5026828 3.7372047
OS 3.5037523 3.7318282
OS 3.5067978 3.7272702
OS 3.5113558 3.7242247
OS 3.5167323 3.7231552
OS 3.5221088 3.7242247
OS 3.5266668 3.7272702
OS 3.5297123 3.7318282
OS 3.5307818 3.7372047
OS 3.5297123 3.7425812
OS 3.5266668 3.7471392
OS 3.5221088 3.7501847
OS 3.5167323 3.7512542
OE
OB 4.15 3.7640495 H
OS 4.1446235 3.76298
OS 4.1400655 3.7599345
OS 4.13702 3.7553765
OS 4.1359505 3.75
OS 4.13702 3.7446235
OS 4.1400655 3.7400655
OS 4.1446235 3.73702
OS 4.15 3.7359505
OS 4.1553765 3.73702
OS 4.1599345 3.7400655
OS 4.16298 3.7446235
OS 4.1640495 3.75
OS 4.16298 3.7553765
OS 4.1599345 3.7599345
OS 4.1553765 3.76298
OS 4.15 3.7640495
OE
OB 4.0314961 3.773892 H
OS 4.0261196 3.7728225
OS 4.0215616 3.769777
OS 4.0185161 3.765219
OS 4.0174466 3.7598425
OS 4.0185161 3.754466
OS 4.0215616 3.749908
OS 4.0261196 3.7468625
OS 4.0314961 3.745793
OS 4.0368726 3.7468625
OS 4.0414306 3.749908
OS 4.0444761 3.754466
OS 4.0455456 3.7598425
OS 4.0444761 3.765219
OS 4.0414306 3.769777
OS 4.0368726 3.7728225
OS 4.0314961 3.773892
OE
OB 7.0275591 3.7857801 H
OS 7.0206465 3.7844051
OS 7.0147862 3.7804894
OS 7.0108705 3.7746291
OS 7.0094955 3.7677165
OS 7.0108705 3.7608039
OS 7.0147862 3.7549436
OS 7.0206465 3.7510279
OS 7.0275591 3.7496529
OS 7.0344717 3.7510279
OS 7.040332 3.7549436
OS 7.0442477 3.7608039
OS 7.0456227 3.7677165
OS 7.0442477 3.7746291
OS 7.040332 3.7804894
OS 7.0344717 3.7844051
OS 7.0275591 3.7857801
OE
OB 4.2 3.7640495 H
OS 4.1946235 3.76298
OS 4.1900655 3.7599345
OS 4.18702 3.7553765
OS 4.1859505 3.75
OS 4.18702 3.7446235
OS 4.1900655 3.7400655
OS 4.1946235 3.73702
OS 4.2 3.7359505
OS 4.2053765 3.73702
OS 4.2099345 3.7400655
OS 4.21298 3.7446235
OS 4.2140495 3.75
OS 4.21298 3.7553765
OS 4.2099345 3.7599345
OS 4.2053765 3.76298
OS 4.2 3.7640495
OE
OB 3.8210508 3.7721081 H
OS 3.8156743 3.7710386
OS 3.8111163 3.7679931
OS 3.8080708 3.7634351
OS 3.8070013 3.7580586
OS 3.8080708 3.7526821
OS 3.8111163 3.7481241
OS 3.8156743 3.7450786
OS 3.8210508 3.7440091
OS 3.8264273 3.7450786
OS 3.8309853 3.7481241
OS 3.8340308 3.7526821
OS 3.8351003 3.7580586
OS 3.8340308 3.7634351
OS 3.8309853 3.7679931
OS 3.8264273 3.7710386
OS 3.8210508 3.7721081
OE
OB 3.023622 3.75027 H
OS 3.0182455 3.7492005
OS 3.0136875 3.746155
OS 3.010642 3.741597
OS 3.0095725 3.7362205
OS 3.010642 3.730844
OS 3.0136875 3.726286
OS 3.0182455 3.7232405
OS 3.023622 3.722171
OS 3.0289985 3.7232405
OS 3.0335565 3.726286
OS 3.036602 3.730844
OS 3.0376715 3.7362205
OS 3.036602 3.741597
OS 3.0335565 3.746155
OS 3.0289985 3.7492005
OS 3.023622 3.75027
OE
OB 4.15 3.7140495 H
OS 4.1446235 3.71298
OS 4.1400655 3.7099345
OS 4.13702 3.7053765
OS 4.1359505 3.7
OS 4.13702 3.6946235
OS 4.1400655 3.6900655
OS 4.1446235 3.68702
OS 4.15 3.6859505
OS 4.1553765 3.68702
OS 4.1599345 3.6900655
OS 4.16298 3.6946235
OS 4.1640495 3.7
OS 4.16298 3.7053765
OS 4.1599345 3.7099345
OS 4.1553765 3.71298
OS 4.15 3.7140495
OE
OB 4.2 3.7140495 H
OS 4.1946235 3.71298
OS 4.1900655 3.7099345
OS 4.18702 3.7053765
OS 4.1859505 3.7
OS 4.18702 3.6946235
OS 4.1900655 3.6900655
OS 4.1946235 3.68702
OS 4.2 3.6859505
OS 4.2053765 3.68702
OS 4.2099345 3.6900655
OS 4.21298 3.6946235
OS 4.2140495 3.7
OS 4.21298 3.7053765
OS 4.2099345 3.7099345
OS 4.2053765 3.71298
OS 4.2 3.7140495
OE
OB 0.5551181 3.7178667 H
OS 0.5482055 3.7164917
OS 0.5423452 3.712576
OS 0.5384295 3.7067157
OS 0.5370545 3.6998031
OS 0.5384295 3.6928905
OS 0.5423452 3.6870302
OS 0.5482055 3.6831145
OS 0.5551181 3.6817395
OS 0.5620307 3.6831145
OS 0.567891 3.6870302
OS 0.5718067 3.6928905
OS 0.5731817 3.6998031
OS 0.5718067 3.7067157
OS 0.567891 3.712576
OS 0.5620307 3.7164917
OS 0.5551181 3.7178667
OE
OB 4.1 3.7140495 H
OS 4.0946235 3.71298
OS 4.0900655 3.7099345
OS 4.08702 3.7053765
OS 4.0859505 3.7
OS 4.08702 3.6946235
OS 4.0900655 3.6900655
OS 4.0946235 3.68702
OS 4.1 3.6859505
OS 4.1053765 3.68702
OS 4.1099345 3.6900655
OS 4.11298 3.6946235
OS 4.1140495 3.7
OS 4.11298 3.7053765
OS 4.1099345 3.7099345
OS 4.1053765 3.71298
OS 4.1 3.7140495
OE
OB 4.25 3.7140495 H
OS 4.2446235 3.71298
OS 4.2400655 3.7099345
OS 4.23702 3.7053765
OS 4.2359505 3.7
OS 4.23702 3.6946235
OS 4.2400655 3.6900655
OS 4.2446235 3.68702
OS 4.25 3.6859505
OS 4.2553765 3.68702
OS 4.2599345 3.6900655
OS 4.26298 3.6946235
OS 4.2640495 3.7
OS 4.26298 3.7053765
OS 4.2599345 3.7099345
OS 4.2553765 3.71298
OS 4.25 3.7140495
OE
OB 6.8223542 3.7403802 H
OS 6.8169777 3.7393107
OS 6.8124197 3.7362652
OS 6.8093742 3.7317072
OS 6.8083047 3.7263307
OS 6.8093742 3.7209542
OS 6.8124197 3.7163962
OS 6.8169777 3.7133507
OS 6.8223542 3.7122812
OS 6.8277307 3.7133507
OS 6.8322887 3.7163962
OS 6.8353342 3.7209542
OS 6.8364037 3.7263307
OS 6.8353342 3.7317072
OS 6.8322887 3.7362652
OS 6.8277307 3.7393107
OS 6.8223542 3.7403802
OE
OB 3.89 3.7468448 H
OS 3.8846235 3.7457753
OS 3.8800655 3.7427298
OS 3.87702 3.7381718
OS 3.8759505 3.7327953
OS 3.87702 3.7274188
OS 3.8800655 3.7228608
OS 3.8846235 3.7198153
OS 3.89 3.7187458
OS 3.8953765 3.7198153
OS 3.8999345 3.7228608
OS 3.90298 3.7274188
OS 3.9040495 3.7327953
OS 3.90298 3.7381718
OS 3.8999345 3.7427298
OS 3.8953765 3.7457753
OS 3.89 3.7468448
OE
OB 7.2165354 3.7384589 H
OS 7.2111589 3.7373894
OS 7.2066009 3.7343439
OS 7.2035554 3.7297859
OS 7.2024859 3.7244094
OS 7.2035554 3.7190329
OS 7.2066009 3.7144749
OS 7.2111589 3.7114294
OS 7.2165354 3.7103599
OS 7.2219119 3.7114294
OS 7.2264699 3.7144749
OS 7.2295154 3.7190329
OS 7.2305849 3.7244094
OS 7.2295154 3.7297859
OS 7.2264699 3.7343439
OS 7.2219119 3.7373894
OS 7.2165354 3.7384589
OE
OB 7.4015748 3.7384589 H
OS 7.3961983 3.7373894
OS 7.3916403 3.7343439
OS 7.3885948 3.7297859
OS 7.3875253 3.7244094
OS 7.3885948 3.7190329
OS 7.3916403 3.7144749
OS 7.3961983 3.7114294
OS 7.4015748 3.7103599
OS 7.4069513 3.7114294
OS 7.4115093 3.7144749
OS 7.4145548 3.7190329
OS 7.4156243 3.7244094
OS 7.4145548 3.7297859
OS 7.4115093 3.7343439
OS 7.4069513 3.7373894
OS 7.4015748 3.7384589
OE
OB 7.6320446 4.1068022 H
OS 7.625132 4.1054272
OS 7.6192717 4.1015115
OS 7.615356 4.0956512
OS 7.613981 4.0887386
OS 7.615356 4.081826
OS 7.6192717 4.0759657
OS 7.625132 4.07205
OS 7.6320446 4.070675
OS 7.6389572 4.07205
OS 7.6448175 4.0759657
OS 7.6487332 4.081826
OS 7.6501082 4.0887386
OS 7.6487332 4.0956512
OS 7.6448175 4.1015115
OS 7.6389572 4.1054272
OS 7.6320446 4.1068022
OE
OB 9.1477956 4.2445992 H
OS 9.140883 4.2432242
OS 9.1350227 4.2393085
OS 9.131107 4.2334482
OS 9.129732 4.2265356
OS 9.131107 4.219623
OS 9.1350227 4.2137627
OS 9.140883 4.209847
OS 9.1477956 4.208472
OS 9.1547082 4.209847
OS 9.1605685 4.2137627
OS 9.1644842 4.219623
OS 9.1658592 4.2265356
OS 9.1644842 4.2334482
OS 9.1605685 4.2393085
OS 9.1547082 4.2432242
OS 9.1477956 4.2445992
OE
OB 9.2462208 4.2445992 H
OS 9.2393082 4.2432242
OS 9.2334479 4.2393085
OS 9.2295322 4.2334482
OS 9.2281572 4.2265356
OS 9.2295322 4.219623
OS 9.2334479 4.2137627
OS 9.2393082 4.209847
OS 9.2462208 4.208472
OS 9.2531334 4.209847
OS 9.2589937 4.2137627
OS 9.2629094 4.219623
OS 9.2642844 4.2265356
OS 9.2629094 4.2334482
OS 9.2589937 4.2393085
OS 9.2531334 4.2432242
OS 9.2462208 4.2445992
OE
OB 8.9509452 4.2445992 H
OS 8.9440326 4.2432242
OS 8.9381723 4.2393085
OS 8.9342566 4.2334482
OS 8.9328816 4.2265356
OS 8.9342566 4.219623
OS 8.9381723 4.2137627
OS 8.9440326 4.209847
OS 8.9509452 4.208472
OS 8.9578578 4.209847
OS 8.9637181 4.2137627
OS 8.9676338 4.219623
OS 8.9690088 4.2265356
OS 8.9676338 4.2334482
OS 8.9637181 4.2393085
OS 8.9578578 4.2432242
OS 8.9509452 4.2445992
OE
OB 9.0493704 4.2445992 H
OS 9.0424578 4.2432242
OS 9.0365975 4.2393085
OS 9.0326818 4.2334482
OS 9.0313068 4.2265356
OS 9.0326818 4.219623
OS 9.0365975 4.2137627
OS 9.0424578 4.209847
OS 9.0493704 4.208472
OS 9.056283 4.209847
OS 9.0621433 4.2137627
OS 9.066059 4.219623
OS 9.067434 4.2265356
OS 9.066059 4.2334482
OS 9.0621433 4.2393085
OS 9.056283 4.2432242
OS 9.0493704 4.2445992
OE
OB 9.344646 4.2445992 H
OS 9.3377334 4.2432242
OS 9.3318731 4.2393085
OS 9.3279574 4.2334482
OS 9.3265824 4.2265356
OS 9.3279574 4.219623
OS 9.3318731 4.2137627
OS 9.3377334 4.209847
OS 9.344646 4.208472
OS 9.3515586 4.209847
OS 9.3574189 4.2137627
OS 9.3613346 4.219623
OS 9.3627096 4.2265356
OS 9.3613346 4.2334482
OS 9.3574189 4.2393085
OS 9.3515586 4.2432242
OS 9.344646 4.2445992
OE
OB 1.2810163 4.2601502 H
OS 1.2741037 4.2587752
OS 1.2682434 4.2548595
OS 1.2643277 4.2489992
OS 1.2629527 4.2420866
OS 1.2643277 4.235174
OS 1.2682434 4.2293137
OS 1.2741037 4.225398
OS 1.2810163 4.224023
OS 1.2879289 4.225398
OS 1.2937892 4.2293137
OS 1.2977049 4.235174
OS 1.2990799 4.2420866
OS 1.2977049 4.2489992
OS 1.2937892 4.2548595
OS 1.2879289 4.2587752
OS 1.2810163 4.2601502
OE
OB 1.3282604 4.2601502 H
OS 1.3213478 4.2587752
OS 1.3154875 4.2548595
OS 1.3115718 4.2489992
OS 1.3101968 4.2420866
OS 1.3115718 4.235174
OS 1.3154875 4.2293137
OS 1.3213478 4.225398
OS 1.3282604 4.224023
OS 1.335173 4.225398
OS 1.3410333 4.2293137
OS 1.344949 4.235174
OS 1.346324 4.2420866
OS 1.344949 4.2489992
OS 1.3410333 4.2548595
OS 1.335173 4.2587752
OS 1.3282604 4.2601502
OE
OB 9.4430712 4.2445992 H
OS 9.4361586 4.2432242
OS 9.4302983 4.2393085
OS 9.4263826 4.2334482
OS 9.4250076 4.2265356
OS 9.4263826 4.219623
OS 9.4302983 4.2137627
OS 9.4361586 4.209847
OS 9.4430712 4.208472
OS 9.4499838 4.209847
OS 9.4558441 4.2137627
OS 9.4597598 4.219623
OS 9.4611348 4.2265356
OS 9.4597598 4.2334482
OS 9.4558441 4.2393085
OS 9.4499838 4.2432242
OS 9.4430712 4.2445992
OE
OB 4.0305118 4.2473943 H
OS 4.0235992 4.2460193
OS 4.0177389 4.2421036
OS 4.0138232 4.2362433
OS 4.0124482 4.2293307
OS 4.0138232 4.2224181
OS 4.0177389 4.2165578
OS 4.0235992 4.2126421
OS 4.0305118 4.2112671
OS 4.0374244 4.2126421
OS 4.0432847 4.2165578
OS 4.0472004 4.2224181
OS 4.0485754 4.2293307
OS 4.0472004 4.2362433
OS 4.0432847 4.2421036
OS 4.0374244 4.2460193
OS 4.0305118 4.2473943
OE
OB 2.5893701 4.3016057 H
OS 2.576523 4.2999144
OS 2.5645514 4.2949556
OS 2.5542712 4.2870673
OS 2.5463829 4.276787
OS 2.5414241 4.2648155
OS 2.5397328 4.2519684
OS 2.5414241 4.2391213
OS 2.5463829 4.2271498
OS 2.5542712 4.2168695
OS 2.5645514 4.2089812
OS 2.576523 4.2040224
OS 2.5893701 4.2023311
OS 2.6022172 4.2040224
OS 2.6141888 4.2089812
OS 2.624469 4.2168695
OS 2.6323573 4.2271498
OS 2.6373161 4.2391213
OS 2.6390074 4.2519684
OS 2.6373161 4.2648155
OS 2.6323573 4.276787
OS 2.624469 4.2870673
OS 2.6141888 4.2949556
OS 2.6022172 4.2999144
OS 2.5893701 4.3016057
OE
OB 8.5178711 4.2249124 H
OS 8.5109585 4.2235374
OS 8.5050982 4.2196217
OS 8.5011825 4.2137614
OS 8.4998075 4.2068488
OS 8.5011825 4.1999362
OS 8.5050982 4.1940759
OS 8.5109585 4.1901602
OS 8.5178711 4.1887852
OS 8.5247837 4.1901602
OS 8.530644 4.1940759
OS 8.5345597 4.1999362
OS 8.5359347 4.2068488
OS 8.5345597 4.2137614
OS 8.530644 4.2196217
OS 8.5247837 4.2235374
OS 8.5178711 4.2249124
OE
OB 8.6359813 4.2249124 H
OS 8.6290687 4.2235374
OS 8.6232084 4.2196217
OS 8.6192927 4.2137614
OS 8.6179177 4.2068488
OS 8.6192927 4.1999362
OS 8.6232084 4.1940759
OS 8.6290687 4.1901602
OS 8.6359813 4.1887852
OS 8.6428939 4.1901602
OS 8.6487542 4.1940759
OS 8.6526699 4.1999362
OS 8.6540449 4.2068488
OS 8.6526699 4.2137614
OS 8.6487542 4.2196217
OS 8.6428939 4.2235374
OS 8.6359813 4.2249124
OE
OB 8.2816507 4.2249124 H
OS 8.2747381 4.2235374
OS 8.2688778 4.2196217
OS 8.2649621 4.2137614
OS 8.2635871 4.2068488
OS 8.2649621 4.1999362
OS 8.2688778 4.1940759
OS 8.2747381 4.1901602
OS 8.2816507 4.1887852
OS 8.2885633 4.1901602
OS 8.2944236 4.1940759
OS 8.2983393 4.1999362
OS 8.2997143 4.2068488
OS 8.2983393 4.2137614
OS 8.2944236 4.2196217
OS 8.2885633 4.2235374
OS 8.2816507 4.2249124
OE
OB 8.3997609 4.2249124 H
OS 8.3928483 4.2235374
OS 8.386988 4.2196217
OS 8.3830723 4.2137614
OS 8.3816973 4.2068488
OS 8.3830723 4.1999362
OS 8.386988 4.1940759
OS 8.3928483 4.1901602
OS 8.3997609 4.1887852
OS 8.4066735 4.1901602
OS 8.4125338 4.1940759
OS 8.4164495 4.1999362
OS 8.4178245 4.2068488
OS 8.4164495 4.2137614
OS 8.4125338 4.2196217
OS 8.4066735 4.2235374
OS 8.3997609 4.2249124
OE
OB 8.7540915 4.2249124 H
OS 8.7471789 4.2235374
OS 8.7413186 4.2196217
OS 8.7374029 4.2137614
OS 8.7360279 4.2068488
OS 8.7374029 4.1999362
OS 8.7413186 4.1940759
OS 8.7471789 4.1901602
OS 8.7540915 4.1887852
OS 8.7610041 4.1901602
OS 8.7668644 4.1940759
OS 8.7707801 4.1999362
OS 8.7721551 4.2068488
OS 8.7707801 4.2137614
OS 8.7668644 4.2196217
OS 8.7610041 4.2235374
OS 8.7540915 4.2249124
OE
OB 9.9351935 4.2249124 H
OS 9.9282809 4.2235374
OS 9.9224206 4.2196217
OS 9.9185049 4.2137614
OS 9.9171299 4.2068488
OS 9.9185049 4.1999362
OS 9.9224206 4.1940759
OS 9.9282809 4.1901602
OS 9.9351935 4.1887852
OS 9.9421061 4.1901602
OS 9.9479664 4.1940759
OS 9.9518821 4.1999362
OS 9.9532571 4.2068488
OS 9.9518821 4.2137614
OS 9.9479664 4.2196217
OS 9.9421061 4.2235374
OS 9.9351935 4.2249124
OE
OB 2.7560059 4.2636129 H
OS 2.7506294 4.2625434
OS 2.7460714 4.2594979
OS 2.7430259 4.2549399
OS 2.7419564 4.2495634
OS 2.7430259 4.2441869
OS 2.7460714 4.2396289
OS 2.7497797 4.2371511
OS 2.7503164 4.236191
OS 2.7509978 4.2336246
OS 2.7512803 4.2313559
OS 2.7483114 4.2269126
OS 2.7469364 4.22
OS 2.7483114 4.2130874
OS 2.7515068 4.2083051
OS 2.7519371 4.205
OS 2.7515068 4.2016949
OS 2.7483114 4.1969126
OS 2.7469364 4.19
OS 2.7483114 4.1830874
OS 2.7522271 4.1772271
OS 2.7580874 4.1733114
OS 2.765 4.1719364
OS 2.7719126 4.1733114
OS 2.7777729 4.1772271
OS 2.7816886 4.1830874
OS 2.7830636 4.19
OS 2.7816886 4.1969126
OS 2.7784932 4.2016949
OS 2.7784912 4.20171
OS 2.7824466 4.2053862
OS 2.7825335 4.205352
OS 2.7855874 4.2033114
OS 2.7925 4.2019364
OS 2.7994126 4.2033114
OS 2.8024665 4.205352
OS 2.80625 4.2068422
OS 2.8100335 4.205352
OS 2.8130874 4.2033114
OS 2.82 4.2019364
OS 2.8269126 4.2033114
OS 2.8327729 4.2072271
OS 2.8366886 4.2130874
OS 2.8380636 4.22
OS 2.8366886 4.2269126
OS 2.8327729 4.2327729
OS 2.8269126 4.2366886
OS 2.82 4.2380636
OS 2.8130874 4.2366886
OS 2.8100335 4.234648
OS 2.80625 4.2331578
OS 2.8024665 4.234648
OS 2.7994126 4.2366886
OS 2.7925 4.2380636
OS 2.7855874 4.2366886
OS 2.7825335 4.234648
OS 2.77875 4.2331578
OS 2.7749665 4.234648
OS 2.7719126 4.2366886
OS 2.7702149 4.2370263
OS 2.7679136 4.2425821
OS 2.7689859 4.2441869
OS 2.7700554 4.2495634
OS 2.7689859 4.2549399
OS 2.7659404 4.2594979
OS 2.7613824 4.2625434
OS 2.7560059 4.2636129
OE
OB 9.6989731 4.2249124 H
OS 9.6920605 4.2235374
OS 9.6862002 4.2196217
OS 9.6822845 4.2137614
OS 9.6809095 4.2068488
OS 9.6822845 4.1999362
OS 9.6862002 4.1940759
OS 9.6920605 4.1901602
OS 9.6989731 4.1887852
OS 9.7058857 4.1901602
OS 9.711746 4.1940759
OS 9.7156617 4.1999362
OS 9.7170367 4.2068488
OS 9.7156617 4.2137614
OS 9.711746 4.2196217
OS 9.7058857 4.2235374
OS 9.6989731 4.2249124
OE
OB 9.8170833 4.2249124 H
OS 9.8101707 4.2235374
OS 9.8043104 4.2196217
OS 9.8003947 4.2137614
OS 9.7990197 4.2068488
OS 9.8003947 4.1999362
OS 9.8043104 4.1940759
OS 9.8101707 4.1901602
OS 9.8170833 4.1887852
OS 9.8239959 4.1901602
OS 9.8298562 4.1940759
OS 9.8337719 4.1999362
OS 9.8351469 4.2068488
OS 9.8337719 4.2137614
OS 9.8298562 4.2196217
OS 9.8239959 4.2235374
OS 9.8170833 4.2249124
OE
OB 1.3755045 4.2601502 H
OS 1.3685919 4.2587752
OS 1.3627316 4.2548595
OS 1.3588159 4.2489992
OS 1.3574409 4.2420866
OS 1.3588159 4.235174
OS 1.3627316 4.2293137
OS 1.3685919 4.225398
OS 1.3755045 4.224023
OS 1.3824171 4.225398
OS 1.3882774 4.2293137
OS 1.3921931 4.235174
OS 1.3935681 4.2420866
OS 1.3921931 4.2489992
OS 1.3882774 4.2548595
OS 1.3824171 4.2587752
OS 1.3755045 4.2601502
OE
OB 9.7580282 4.3430226 H
OS 9.7511156 4.3416476
OS 9.7452553 4.3377319
OS 9.7413396 4.3318716
OS 9.7399646 4.324959
OS 9.7413396 4.3180464
OS 9.7452553 4.3121861
OS 9.7511156 4.3082704
OS 9.7580282 4.3068954
OS 9.7649408 4.3082704
OS 9.7708011 4.3121861
OS 9.7747168 4.3180464
OS 9.7760918 4.324959
OS 9.7747168 4.3318716
OS 9.7708011 4.3377319
OS 9.7649408 4.3416476
OS 9.7580282 4.3430226
OE
OB 9.8761384 4.3430226 H
OS 9.8692258 4.3416476
OS 9.8633655 4.3377319
OS 9.8594498 4.3318716
OS 9.8580748 4.324959
OS 9.8594498 4.3180464
OS 9.8633655 4.3121861
OS 9.8692258 4.3082704
OS 9.8761384 4.3068954
OS 9.883051 4.3082704
OS 9.8889113 4.3121861
OS 9.892827 4.3180464
OS 9.894202 4.324959
OS 9.892827 4.3318716
OS 9.8889113 4.3377319
OS 9.883051 4.3416476
OS 9.8761384 4.3430226
OE
OB 7.277714 4.3430226 H
OS 7.2708014 4.3416476
OS 7.2649411 4.3377319
OS 7.2610254 4.3318716
OS 7.2596504 4.324959
OS 7.2610254 4.3180464
OS 7.2649411 4.3121861
OS 7.2708014 4.3082704
OS 7.277714 4.3068954
OS 7.2846266 4.3082704
OS 7.2904869 4.3121861
OS 7.2944026 4.3180464
OS 7.2957776 4.324959
OS 7.2944026 4.3318716
OS 7.2904869 4.3377319
OS 7.2846266 4.3416476
OS 7.277714 4.3430226
OE
OB 7.6320446 4.3430226 H
OS 7.625132 4.3416476
OS 7.6192717 4.3377319
OS 7.615356 4.3318716
OS 7.613981 4.324959
OS 7.615356 4.3180464
OS 7.6192717 4.3121861
OS 7.625132 4.3082704
OS 7.6320446 4.3068954
OS 7.6389572 4.3082704
OS 7.6448175 4.3121861
OS 7.6487332 4.3180464
OS 7.6501082 4.324959
OS 7.6487332 4.3318716
OS 7.6448175 4.3377319
OS 7.6389572 4.3416476
OS 7.6320446 4.3430226
OE
OB 9.098583 4.3430244 H
OS 9.0916704 4.3416494
OS 9.0858101 4.3377337
OS 9.0818944 4.3318734
OS 9.0805194 4.3249608
OS 9.0818944 4.3180482
OS 9.0858101 4.3121879
OS 9.0916704 4.3082722
OS 9.098583 4.3068972
OS 9.1054956 4.3082722
OS 9.1113559 4.3121879
OS 9.1152716 4.3180482
OS 9.1166466 4.3249608
OS 9.1152716 4.3318734
OS 9.1113559 4.3377337
OS 9.1054956 4.3416494
OS 9.098583 4.3430244
OE
OB 9.3938586 4.3430244 H
OS 9.386946 4.3416494
OS 9.3810857 4.3377337
OS 9.37717 4.3318734
OS 9.375795 4.3249608
OS 9.37717 4.3180482
OS 9.3810857 4.3121879
OS 9.386946 4.3082722
OS 9.3938586 4.3068972
OS 9.4007712 4.3082722
OS 9.4066315 4.3121879
OS 9.4105472 4.3180482
OS 9.4119222 4.3249608
OS 9.4105472 4.3318734
OS 9.4066315 4.3377337
OS 9.4007712 4.3416494
OS 9.3938586 4.3430244
OE
OB 1.2810163 4.3546384 H
OS 1.2741037 4.3532634
OS 1.2682434 4.3493477
OS 1.2643277 4.3434874
OS 1.2629527 4.3365748
OS 1.2643277 4.3296622
OS 1.2682434 4.3238019
OS 1.2741037 4.3198862
OS 1.2810163 4.3185112
OS 1.2879289 4.3198862
OS 1.2937892 4.3238019
OS 1.2977049 4.3296622
OS 1.2990799 4.3365748
OS 1.2977049 4.3434874
OS 1.2937892 4.3493477
OS 1.2879289 4.3532634
OS 1.2810163 4.3546384
OE
OB 9.1970082 4.3430244 H
OS 9.1900956 4.3416494
OS 9.1842353 4.3377337
OS 9.1803196 4.3318734
OS 9.1789446 4.3249608
OS 9.1803196 4.3180482
OS 9.1842353 4.3121879
OS 9.1900956 4.3082722
OS 9.1970082 4.3068972
OS 9.2039208 4.3082722
OS 9.2097811 4.3121879
OS 9.2136968 4.3180482
OS 9.2150718 4.3249608
OS 9.2136968 4.3318734
OS 9.2097811 4.3377337
OS 9.2039208 4.3416494
OS 9.1970082 4.3430244
OE
OB 9.2954334 4.3430244 H
OS 9.2885208 4.3416494
OS 9.2826605 4.3377337
OS 9.2787448 4.3318734
OS 9.2773698 4.3249608
OS 9.2787448 4.3180482
OS 9.2826605 4.3121879
OS 9.2885208 4.3082722
OS 9.2954334 4.3068972
OS 9.302346 4.3082722
OS 9.3082063 4.3121879
OS 9.312122 4.3180482
OS 9.313497 4.3249608
OS 9.312122 4.3318734
OS 9.3082063 4.3377337
OS 9.302346 4.3416494
OS 9.2954334 4.3430244
OE
OB 1.0913706 4.3324589 H
OS 1.0859941 4.3313894
OS 1.0814361 4.3283439
OS 1.0783906 4.3237859
OS 1.0773211 4.3184094
OS 1.0783906 4.3130329
OS 1.0814361 4.3084749
OS 1.0859941 4.3054294
OS 1.0913706 4.3043599
OS 1.0967471 4.3054294
OS 1.1013051 4.3084749
OS 1.1043506 4.3130329
OS 1.1054201 4.3184094
OS 1.1043506 4.3237859
OS 1.1013051 4.3283439
OS 1.0967471 4.3313894
OS 1.0913706 4.3324589
OE
OB 1.3282604 4.3073943 H
OS 1.3213478 4.3060193
OS 1.3154875 4.3021036
OS 1.3115718 4.2962433
OS 1.3101968 4.2893307
OS 1.3115718 4.2824181
OS 1.3154875 4.2765578
OS 1.3213478 4.2726421
OS 1.3282604 4.2712671
OS 1.335173 4.2726421
OS 1.3410333 4.2765578
OS 1.344949 4.2824181
OS 1.346324 4.2893307
OS 1.344949 4.2962433
OS 1.3410333 4.3021036
OS 1.335173 4.3060193
OS 1.3282604 4.3073943
OE
OB 1.3755045 4.3073943 H
OS 1.3685919 4.3060193
OS 1.3627316 4.3021036
OS 1.3588159 4.2962433
OS 1.3574409 4.2893307
OS 1.3588159 4.2824181
OS 1.3627316 4.2765578
OS 1.3685919 4.2726421
OS 1.3755045 4.2712671
OS 1.3824171 4.2726421
OS 1.3882774 4.2765578
OS 1.3921931 4.2824181
OS 1.3935681 4.2893307
OS 1.3921931 4.2962433
OS 1.3882774 4.3021036
OS 1.3824171 4.3060193
OS 1.3755045 4.3073943
OE
OB 2.0842519 4.3409758 H
OS 2.0714048 4.3392845
OS 2.0594332 4.3343257
OS 2.049153 4.3264374
OS 2.0412647 4.3161572
OS 2.0363059 4.3041856
OS 2.0346146 4.2913385
OS 2.0363059 4.2784914
OS 2.0412647 4.2665198
OS 2.049153 4.2562396
OS 2.0594332 4.2483513
OS 2.0714048 4.2433925
OS 2.0842519 4.2417012
OS 2.097099 4.2433925
OS 2.1090706 4.2483513
OS 2.1193508 4.2562396
OS 2.1272391 4.2665198
OS 2.1321979 4.2784914
OS 2.1338892 4.2913385
OS 2.1321979 4.3041856
OS 2.1272391 4.3161572
OS 2.1193508 4.3264374
OS 2.1090706 4.3343257
OS 2.097099 4.3392845
OS 2.0842519 4.3409758
OE
OB 1.2810163 4.3073943 H
OS 1.2741037 4.3060193
OS 1.2682434 4.3021036
OS 1.2643277 4.2962433
OS 1.2629527 4.2893307
OS 1.2643277 4.2824181
OS 1.2682434 4.2765578
OS 1.2741037 4.2726421
OS 1.2810163 4.2712671
OS 1.2879289 4.2726421
OS 1.2937892 4.2765578
OS 1.2977049 4.2824181
OS 1.2990799 4.2893307
OS 1.2977049 4.2962433
OS 1.2937892 4.3021036
OS 1.2879289 4.3060193
OS 1.2810163 4.3073943
OE
OB 4.0456275 4.31873 H
OS 4.0387149 4.317355
OS 4.0328546 4.3134393
OS 4.0289389 4.307579
OS 4.0275639 4.3006664
OS 4.0289389 4.2937538
OS 4.0328546 4.2878935
OS 4.0387149 4.2839778
OS 4.0456275 4.2826028
OS 4.0525401 4.2839778
OS 4.0584004 4.2878935
OS 4.0623161 4.2937538
OS 4.0636911 4.3006664
OS 4.0623161 4.307579
OS 4.0584004 4.3134393
OS 4.0525401 4.317355
OS 4.0456275 4.31873
OE
OB 12.7313926 4.3290872 H
OS 12.72448 4.3277122
OS 12.7186197 4.3237965
OS 12.714704 4.3179362
OS 12.713329 4.3110236
OS 12.714704 4.304111
OS 12.7186197 4.2982507
OS 12.72448 4.294335
OS 12.7313926 4.29296
OS 12.7383052 4.294335
OS 12.7441655 4.2982507
OS 12.7480812 4.304111
OS 12.7494562 4.3110236
OS 12.7480812 4.3179362
OS 12.7441655 4.3237965
OS 12.7383052 4.3277122
OS 12.7313926 4.3290872
OE
OB 12.8313926 4.3290872 H
OS 12.82448 4.3277122
OS 12.8186197 4.3237965
OS 12.814704 4.3179362
OS 12.813329 4.3110236
OS 12.814704 4.304111
OS 12.8186197 4.2982507
OS 12.82448 4.294335
OS 12.8313926 4.29296
OS 12.8383052 4.294335
OS 12.8441655 4.2982507
OS 12.8480812 4.304111
OS 12.8494562 4.3110236
OS 12.8480812 4.3179362
OS 12.8441655 4.3237965
OS 12.8383052 4.3277122
OS 12.8313926 4.3290872
OE
OB 11.9313926 4.3290872 H
OS 11.92448 4.3277122
OS 11.9186197 4.3237965
OS 11.914704 4.3179362
OS 11.913329 4.3110236
OS 11.914704 4.304111
OS 11.9186197 4.2982507
OS 11.92448 4.294335
OS 11.9313926 4.29296
OS 11.9383052 4.294335
OS 11.9441655 4.2982507
OS 11.9480812 4.304111
OS 11.9494562 4.3110236
OS 11.9480812 4.3179362
OS 11.9441655 4.3237965
OS 11.9383052 4.3277122
OS 11.9313926 4.3290872
OE
OB 12.0313926 4.3290872 H
OS 12.02448 4.3277122
OS 12.0186197 4.3237965
OS 12.014704 4.3179362
OS 12.013329 4.3110236
OS 12.014704 4.304111
OS 12.0186197 4.2982507
OS 12.02448 4.294335
OS 12.0313926 4.29296
OS 12.0383052 4.294335
OS 12.0441655 4.2982507
OS 12.0480812 4.304111
OS 12.0494562 4.3110236
OS 12.0480812 4.3179362
OS 12.0441655 4.3237965
OS 12.0383052 4.3277122
OS 12.0313926 4.3290872
OE
OB 8.1635405 4.2249124 H
OS 8.1566279 4.2235374
OS 8.1507676 4.2196217
OS 8.1468519 4.2137614
OS 8.1454769 4.2068488
OS 8.1468519 4.1999362
OS 8.1507676 4.1940759
OS 8.1566279 4.1901602
OS 8.1635405 4.1887852
OS 8.1704531 4.1901602
OS 8.1763134 4.1940759
OS 8.1802291 4.1999362
OS 8.1816041 4.2068488
OS 8.1802291 4.2137614
OS 8.1763134 4.2196217
OS 8.1704531 4.2235374
OS 8.1635405 4.2249124
OE
OB 1.3327131 4.1158014 H
OS 1.3273366 4.1147319
OS 1.3227786 4.1116864
OS 1.3197331 4.1071284
OS 1.3186636 4.1017519
OS 1.3197331 4.0963754
OS 1.3227786 4.0918174
OS 1.3273366 4.0887719
OS 1.3327131 4.0877024
OS 1.3380896 4.0887719
OS 1.3426476 4.0918174
OS 1.3456931 4.0963754
OS 1.3457599 4.0967111
OS 1.3508579 4.0967111
OS 1.3513906 4.0940329
OS 1.3544361 4.0894749
OS 1.3589941 4.0864294
OS 1.3643706 4.0853599
OS 1.3697471 4.0864294
OS 1.3743051 4.0894749
OS 1.3773506 4.0940329
OS 1.3784201 4.0994094
OS 1.3773506 4.1047859
OS 1.3743051 4.1093439
OS 1.3697471 4.1123894
OS 1.3643706 4.1134589
OS 1.3589941 4.1123894
OS 1.3544361 4.1093439
OS 1.3513906 4.1047859
OS 1.3513238 4.1044502
OS 1.3462258 4.1044502
OS 1.3456931 4.1071284
OS 1.3426476 4.1116864
OS 1.3380896 4.1147319
OS 1.3327131 4.1158014
OE
OB 0.1531351 4.1739256 H
OS 0.1427547 4.172559
OS 0.1330817 4.1685523
OS 0.1247753 4.1621786
OS 0.1184016 4.1538722
OS 0.1143949 4.1441992
OS 0.1130283 4.1338188
OS 0.1143949 4.1234384
OS 0.1184016 4.1137654
OS 0.1247753 4.105459
OS 0.1330817 4.0990853
OS 0.1427547 4.0950786
OS 0.1531351 4.093712
OS 0.1635155 4.0950786
OS 0.1731885 4.0990853
OS 0.1814949 4.105459
OS 0.1878686 4.1137654
OS 0.1918753 4.1234384
OS 0.1932419 4.1338188
OS 0.1918753 4.1441992
OS 0.1878686 4.1538722
OS 0.1814949 4.1621786
OS 0.1731885 4.1685523
OS 0.1635155 4.172559
OS 0.1531351 4.1739256
OE
OB 9.8761384 4.1068022 H
OS 9.8692258 4.1054272
OS 9.8633655 4.1015115
OS 9.8594498 4.0956512
OS 9.8580748 4.0887386
OS 9.8594498 4.081826
OS 9.8633655 4.0759657
OS 9.8692258 4.07205
OS 9.8761384 4.070675
OS 9.883051 4.07205
OS 9.8889113 4.0759657
OS 9.892827 4.081826
OS 9.894202 4.0887386
OS 9.892827 4.0956512
OS 9.8889113 4.1015115
OS 9.883051 4.1054272
OS 9.8761384 4.1068022
OE
OB 1.0633706 4.1084589 H
OS 1.0579941 4.1073894
OS 1.0534361 4.1043439
OS 1.0503906 4.0997859
OS 1.0493211 4.0944094
OS 1.0503906 4.0890329
OS 1.0534361 4.0844749
OS 1.0579941 4.0814294
OS 1.0633706 4.0803599
OS 1.0687471 4.0814294
OS 1.0733051 4.0844749
OS 1.0763506 4.0890329
OS 1.0774201 4.0944094
OS 1.0763506 4.0997859
OS 1.0733051 4.1043439
OS 1.0687471 4.1073894
OS 1.0633706 4.1084589
OE
OB 0.9264966 4.5663235 H
OS 0.8595675 4.5663235
OS 0.7955227 4.5022787
OS 0.7882711 4.4967143
OS 0.7827067 4.4894627
OS 0.7768903 4.4836463
OS 0.7768903 4.1529376
OS 0.817644 4.1121839
OS 0.8154326 4.1076995
OS 0.8149461 4.1077635
OS 0.8051824 4.1064781
OS 0.796084 4.1027094
OS 0.7882711 4.0967143
OS 0.782276 4.0889014
OS 0.7785073 4.079803
OS 0.7772219 4.0700393
OS 0.7785073 4.0602756
OS 0.782276 4.0511772
OS 0.7882711 4.0433643
OS 0.796084 4.0373692
OS 0.8051824 4.0336005
OS 0.8149461 4.0323151
OS 0.8247098 4.0336005
OS 0.8338082 4.0373692
OS 0.8416211 4.0433643
OS 0.8476162 4.0511772
OS 0.8513849 4.0602756
OS 0.8526703 4.0700393
OS 0.8522628 4.0731344
OS 0.8566478 4.0781345
OS 0.9264966 4.0781345
OS 0.9658667 4.1175046
OS 0.9658667 4.5269534
OS 0.9523476 4.5404725
OS 0.9523476 4.5574408
OS 0.9353793 4.5574408
OS 0.9264966 4.5663235
OE
OB 9.2954334 4.146174 H
OS 9.2885208 4.144799
OS 9.2826605 4.1408833
OS 9.2787448 4.135023
OS 9.2773698 4.1281104
OS 9.2787448 4.1211978
OS 9.2826605 4.1153375
OS 9.2885208 4.1114218
OS 9.2954334 4.1100468
OS 9.302346 4.1114218
OS 9.3082063 4.1153375
OS 9.312122 4.1211978
OS 9.313497 4.1281104
OS 9.312122 4.135023
OS 9.3082063 4.1408833
OS 9.302346 4.144799
OS 9.2954334 4.146174
OE
OB 9.3938586 4.146174 H
OS 9.386946 4.144799
OS 9.3810857 4.1408833
OS 9.37717 4.135023
OS 9.375795 4.1281104
OS 9.37717 4.1211978
OS 9.3810857 4.1153375
OS 9.386946 4.1114218
OS 9.3938586 4.1100468
OS 9.4007712 4.1114218
OS 9.4066315 4.1153375
OS 9.4105472 4.1211978
OS 9.4119222 4.1281104
OS 9.4105472 4.135023
OS 9.4066315 4.1408833
OS 9.4007712 4.144799
OS 9.3938586 4.146174
OE
OB 9.098583 4.146174 H
OS 9.0916704 4.144799
OS 9.0858101 4.1408833
OS 9.0818944 4.135023
OS 9.0805194 4.1281104
OS 9.0818944 4.1211978
OS 9.0858101 4.1153375
OS 9.0916704 4.1114218
OS 9.098583 4.1100468
OS 9.1054956 4.1114218
OS 9.1113559 4.1153375
OS 9.1152716 4.1211978
OS 9.1166466 4.1281104
OS 9.1152716 4.135023
OS 9.1113559 4.1408833
OS 9.1054956 4.144799
OS 9.098583 4.146174
OE
OB 9.1970082 4.146174 H
OS 9.1900956 4.144799
OS 9.1842353 4.1408833
OS 9.1803196 4.135023
OS 9.1789446 4.1281104
OS 9.1803196 4.1211978
OS 9.1842353 4.1153375
OS 9.1900956 4.1114218
OS 9.1970082 4.1100468
OS 9.2039208 4.1114218
OS 9.2097811 4.1153375
OS 9.2136968 4.1211978
OS 9.2150718 4.1281104
OS 9.2136968 4.135023
OS 9.2097811 4.1408833
OS 9.2039208 4.144799
OS 9.1970082 4.146174
OE
OB 9.7580282 4.1068022 H
OS 9.7511156 4.1054272
OS 9.7452553 4.1015115
OS 9.7413396 4.0956512
OS 9.7399646 4.0887386
OS 9.7413396 4.081826
OS 9.7452553 4.0759657
OS 9.7511156 4.07205
OS 9.7580282 4.070675
OS 9.7649408 4.07205
OS 9.7708011 4.0759657
OS 9.7747168 4.081826
OS 9.7760918 4.0887386
OS 9.7747168 4.0956512
OS 9.7708011 4.1015115
OS 9.7649408 4.1054272
OS 9.7580282 4.1068022
OE
OB 7.9863752 4.1068022 H
OS 7.9794626 4.1054272
OS 7.9736023 4.1015115
OS 7.9696866 4.0956512
OS 7.9683116 4.0887386
OS 7.9696866 4.081826
OS 7.9736023 4.0759657
OS 7.9794626 4.07205
OS 7.9863752 4.070675
OS 7.9932878 4.07205
OS 7.9991481 4.0759657
OS 8.0030638 4.081826
OS 8.0044388 4.0887386
OS 8.0030638 4.0956512
OS 7.9991481 4.1015115
OS 7.9932878 4.1054272
OS 7.9863752 4.1068022
OE
OB 8.1044854 4.1068022 H
OS 8.0975728 4.1054272
OS 8.0917125 4.1015115
OS 8.0877968 4.0956512
OS 8.0864218 4.0887386
OS 8.0877968 4.081826
OS 8.0917125 4.0759657
OS 8.0975728 4.07205
OS 8.1044854 4.070675
OS 8.111398 4.07205
OS 8.1172583 4.0759657
OS 8.121174 4.081826
OS 8.122549 4.0887386
OS 8.121174 4.0956512
OS 8.1172583 4.1015115
OS 8.111398 4.1054272
OS 8.1044854 4.1068022
OE
OB 7.7501548 4.1068022 H
OS 7.7432422 4.1054272
OS 7.7373819 4.1015115
OS 7.7334662 4.0956512
OS 7.7320912 4.0887386
OS 7.7334662 4.081826
OS 7.7373819 4.0759657
OS 7.7432422 4.07205
OS 7.7501548 4.070675
OS 7.7570674 4.07205
OS 7.7629277 4.0759657
OS 7.7668434 4.081826
OS 7.7682184 4.0887386
OS 7.7668434 4.0956512
OS 7.7629277 4.1015115
OS 7.7570674 4.1054272
OS 7.7501548 4.1068022
OE
OB 7.868265 4.1068022 H
OS 7.8613524 4.1054272
OS 7.8554921 4.1015115
OS 7.8515764 4.0956512
OS 7.8502014 4.0887386
OS 7.8515764 4.081826
OS 7.8554921 4.0759657
OS 7.8613524 4.07205
OS 7.868265 4.070675
OS 7.8751776 4.07205
OS 7.8810379 4.0759657
OS 7.8849536 4.081826
OS 7.8863286 4.0887386
OS 7.8849536 4.0956512
OS 7.8810379 4.1015115
OS 7.8751776 4.1054272
OS 7.868265 4.1068022
OE
OB 8.2225956 4.1068022 H
OS 8.215683 4.1054272
OS 8.2098227 4.1015115
OS 8.205907 4.0956512
OS 8.204532 4.0887386
OS 8.205907 4.081826
OS 8.2098227 4.0759657
OS 8.215683 4.07205
OS 8.2225956 4.070675
OS 8.2295082 4.07205
OS 8.2353685 4.0759657
OS 8.2392842 4.081826
OS 8.2406592 4.0887386
OS 8.2392842 4.0956512
OS 8.2353685 4.1015115
OS 8.2295082 4.1054272
OS 8.2225956 4.1068022
OE
OB 8.5769262 4.1068022 H
OS 8.5700136 4.1054272
OS 8.5641533 4.1015115
OS 8.5602376 4.0956512
OS 8.5588626 4.0887386
OS 8.5602376 4.081826
OS 8.5641533 4.0759657
OS 8.5700136 4.07205
OS 8.5769262 4.070675
OS 8.5838388 4.07205
OS 8.5896991 4.0759657
OS 8.5936148 4.081826
OS 8.5949898 4.0887386
OS 8.5936148 4.0956512
OS 8.5896991 4.1015115
OS 8.5838388 4.1054272
OS 8.5769262 4.1068022
OE
OB 8.6950364 4.1068022 H
OS 8.6881238 4.1054272
OS 8.6822635 4.1015115
OS 8.6783478 4.0956512
OS 8.6769728 4.0887386
OS 8.6783478 4.081826
OS 8.6822635 4.0759657
OS 8.6881238 4.07205
OS 8.6950364 4.070675
OS 8.701949 4.07205
OS 8.7078093 4.0759657
OS 8.711725 4.081826
OS 8.7131 4.0887386
OS 8.711725 4.0956512
OS 8.7078093 4.1015115
OS 8.701949 4.1054272
OS 8.6950364 4.1068022
OE
OB 8.3407058 4.1068022 H
OS 8.3337932 4.1054272
OS 8.3279329 4.1015115
OS 8.3240172 4.0956512
OS 8.3226422 4.0887386
OS 8.3240172 4.081826
OS 8.3279329 4.0759657
OS 8.3337932 4.07205
OS 8.3407058 4.070675
OS 8.3476184 4.07205
OS 8.3534787 4.0759657
OS 8.3573944 4.081826
OS 8.3587694 4.0887386
OS 8.3573944 4.0956512
OS 8.3534787 4.1015115
OS 8.3476184 4.1054272
OS 8.3407058 4.1068022
OE
OB 8.458816 4.1068022 H
OS 8.4519034 4.1054272
OS 8.4460431 4.1015115
OS 8.4421274 4.0956512
OS 8.4407524 4.0887386
OS 8.4421274 4.081826
OS 8.4460431 4.0759657
OS 8.4519034 4.07205
OS 8.458816 4.070675
OS 8.4657286 4.07205
OS 8.4715889 4.0759657
OS 8.4755046 4.081826
OS 8.4768796 4.0887386
OS 8.4755046 4.0956512
OS 8.4715889 4.1015115
OS 8.4657286 4.1054272
OS 8.458816 4.1068022
OE
OB 1.4573706 4.1194589 H
OS 1.4519941 4.1183894
OS 1.4474361 4.1153439
OS 1.4455479 4.112518
OS 1.4427471 4.1143894
OS 1.4373706 4.1154589
OS 1.4319941 4.1143894
OS 1.4274361 4.1113439
OS 1.4243906 4.1067859
OS 1.4233211 4.1014094
OS 1.4243906 4.0960329
OS 1.4274361 4.0914749
OS 1.4319941 4.0884294
OS 1.4373706 4.0873599
OS 1.4427471 4.0884294
OS 1.4473051 4.0914749
OS 1.4491933 4.0943008
OS 1.4519941 4.0924294
OS 1.4573706 4.0913599
OS 1.4627471 4.0924294
OS 1.4673051 4.0954749
OS 1.4703506 4.1000329
OS 1.4714201 4.1054094
OS 1.4703506 4.1107859
OS 1.4673051 4.1153439
OS 1.4627471 4.1183894
OS 1.4573706 4.1194589
OE
OB 1.1443706 4.2354589 H
OS 1.1389941 4.2343894
OS 1.1344361 4.2313439
OS 1.1313906 4.2267859
OS 1.1303211 4.2214094
OS 1.1313906 4.2160329
OS 1.1318721 4.2153123
OS 1.133436 4.210344
OS 1.1303906 4.2057859
OS 1.1293211 4.2004094
OS 1.1303906 4.1950329
OS 1.1334361 4.1904749
OS 1.1379941 4.1874294
OS 1.1433706 4.1863599
OS 1.1487471 4.1874294
OS 1.1533051 4.1904749
OS 1.1563506 4.1950329
OS 1.1574201 4.2004094
OS 1.1563506 4.2057859
OS 1.1558691 4.2065065
OS 1.1543052 4.2114748
OS 1.1573506 4.2160329
OS 1.1584201 4.2214094
OS 1.1573506 4.2267859
OS 1.1543051 4.2313439
OS 1.1497471 4.2343894
OS 1.1443706 4.2354589
OE
OB 7.3367691 4.2249124 H
OS 7.3298565 4.2235374
OS 7.3239962 4.2196217
OS 7.3200805 4.2137614
OS 7.3187055 4.2068488
OS 7.3200805 4.1999362
OS 7.3239962 4.1940759
OS 7.3298565 4.1901602
OS 7.3367691 4.1887852
OS 7.3436817 4.1901602
OS 7.349542 4.1940759
OS 7.3534577 4.1999362
OS 7.3548327 4.2068488
OS 7.3534577 4.2137614
OS 7.349542 4.2196217
OS 7.3436817 4.2235374
OS 7.3367691 4.2249124
OE
OB 3.4055118 4.1716069 H
OS 3.3985992 4.1702319
OS 3.3927389 4.1663162
OS 3.3888232 4.1604559
OS 3.3877574 4.155098
OS 3.383109 4.1516794
OS 3.3818898 4.1519219
OS 3.3749772 4.1505469
OS 3.3691169 4.1466312
OS 3.3652012 4.1407709
OS 3.3638262 4.1338583
OS 3.3652012 4.1269457
OS 3.3691169 4.1210854
OS 3.3749772 4.1171697
OS 3.3772749 4.1167127
OS 3.3809492 4.1132117
OS 3.3795742 4.1062992
OS 3.3809492 4.0993866
OS 3.3848649 4.0935263
OS 3.3907252 4.0896106
OS 3.3976378 4.0882356
OS 3.4045504 4.0896106
OS 3.4104107 4.0935263
OS 3.4143264 4.0993866
OS 3.4157014 4.1062992
OS 3.4143264 4.1132118
OS 3.4104107 4.1190721
OS 3.4045504 4.1229878
OS 3.4022527 4.1234448
OS 3.3985784 4.1269458
OS 3.3996442 4.1323036
OS 3.4042926 4.1357222
OS 3.4055118 4.1354797
OS 3.4124244 4.1368547
OS 3.4182847 4.1407704
OS 3.4222004 4.1466307
OS 3.4235754 4.1535433
OS 3.4222004 4.1604559
OS 3.4182847 4.1663162
OS 3.4124244 4.1702319
OS 3.4055118 4.1716069
OE
OB 3.0984252 4.203103 H
OS 3.0915126 4.201728
OS 3.0856523 4.1978123
OS 3.0817366 4.191952
OS 3.0803616 4.1850394
OS 3.0817366 4.1781268
OS 3.0856523 4.1722665
OS 3.0915126 4.1683508
OS 3.0984252 4.1669758
OS 3.1053378 4.1683508
OS 3.1111981 4.1722665
OS 3.1151138 4.1781268
OS 3.1164888 4.1850394
OS 3.1151138 4.191952
OS 3.1111981 4.1978123
OS 3.1053378 4.201728
OS 3.0984252 4.203103
OE
OB 7.4548793 4.2249124 H
OS 7.4479667 4.2235374
OS 7.4421064 4.2196217
OS 7.4381907 4.2137614
OS 7.4368157 4.2068488
OS 7.4381907 4.1999362
OS 7.4421064 4.1940759
OS 7.4479667 4.1901602
OS 7.4548793 4.1887852
OS 7.4617919 4.1901602
OS 7.4676522 4.1940759
OS 7.4715679 4.1999362
OS 7.4729429 4.2068488
OS 7.4715679 4.2137614
OS 7.4676522 4.2196217
OS 7.4617919 4.2235374
OS 7.4548793 4.2249124
OE
OB 7.8092099 4.2249124 H
OS 7.8022973 4.2235374
OS 7.796437 4.2196217
OS 7.7925213 4.2137614
OS 7.7911463 4.2068488
OS 7.7925213 4.1999362
OS 7.796437 4.1940759
OS 7.8022973 4.1901602
OS 7.8092099 4.1887852
OS 7.8161225 4.1901602
OS 7.8219828 4.1940759
OS 7.8258985 4.1999362
OS 7.8272735 4.2068488
OS 7.8258985 4.2137614
OS 7.8219828 4.2196217
OS 7.8161225 4.2235374
OS 7.8092099 4.2249124
OE
OB 8.0454303 4.2249124 H
OS 8.0385177 4.2235374
OS 8.0326574 4.2196217
OS 8.0287417 4.2137614
OS 8.0273667 4.2068488
OS 8.0287417 4.1999362
OS 8.0326574 4.1940759
OS 8.0385177 4.1901602
OS 8.0454303 4.1887852
OS 8.0523429 4.1901602
OS 8.0582032 4.1940759
OS 8.0621189 4.1999362
OS 8.0634939 4.2068488
OS 8.0621189 4.2137614
OS 8.0582032 4.2196217
OS 8.0523429 4.2235374
OS 8.0454303 4.2249124
OE
OB 7.5729895 4.2249124 H
OS 7.5660769 4.2235374
OS 7.5602166 4.2196217
OS 7.5563009 4.2137614
OS 7.5549259 4.2068488
OS 7.5563009 4.1999362
OS 7.5602166 4.1940759
OS 7.5660769 4.1901602
OS 7.5729895 4.1887852
OS 7.5799021 4.1901602
OS 7.5857624 4.1940759
OS 7.5896781 4.1999362
OS 7.5910531 4.2068488
OS 7.5896781 4.2137614
OS 7.5857624 4.2196217
OS 7.5799021 4.2235374
OS 7.5729895 4.2249124
OE
OB 7.6910997 4.2249124 H
OS 7.6841871 4.2235374
OS 7.6783268 4.2196217
OS 7.6744111 4.2137614
OS 7.6730361 4.2068488
OS 7.6744111 4.1999362
OS 7.6783268 4.1940759
OS 7.6841871 4.1901602
OS 7.6910997 4.1887852
OS 7.6980123 4.1901602
OS 7.7038726 4.1940759
OS 7.7077883 4.1999362
OS 7.7091633 4.2068488
OS 7.7077883 4.2137614
OS 7.7038726 4.2196217
OS 7.6980123 4.2235374
OS 7.6910997 4.2249124
OE
OB 4.005 4.1630636 H
OS 3.9980874 4.1616886
OS 3.9922271 4.1577729
OS 3.9883114 4.1519126
OS 3.9882055 4.1513804
OS 3.9823546 4.1475952
OS 3.98 4.1480636
OS 3.9730874 4.1466886
OS 3.9672271 4.1427729
OS 3.9633114 4.1369126
OS 3.9619364 4.13
OS 3.9633114 4.1230874
OS 3.9672271 4.1172271
OS 3.9730874 4.1133114
OS 3.9799999 4.1119364
OS 3.9823969 4.1073152
OS 3.9819364 4.105
OS 3.9833114 4.0980874
OS 3.9872271 4.0922271
OS 3.9930874 4.0883114
OS 4 4.0869364
OS 4.0069126 4.0883114
OS 4.0127729 4.0922271
OS 4.0166886 4.0980874
OS 4.0180636 4.105
OS 4.0166886 4.1119126
OS 4.0127729 4.1177729
OS 4.0069126 4.1216886
OS 4.0046043 4.1221478
OS 4.0050001 4.1269364
OS 4.0119126 4.1283114
OS 4.0177729 4.1322271
OS 4.0216886 4.1380874
OS 4.0230636 4.145
OS 4.0216886 4.1519126
OS 4.0177729 4.1577729
OS 4.0119126 4.1616886
OS 4.005 4.1630636
OE
OB 5.092961 4.1780636 H
OS 5.0860484 4.1766886
OS 5.0801881 4.1727729
OS 5.0762724 4.1669126
OS 5.0748974 4.16
OS 5.0762724 4.1530874
OS 5.0801881 4.1472271
OS 5.0860484 4.1433114
OS 5.092961 4.1419364
OS 5.0998736 4.1433114
OS 5.1057339 4.1472271
OS 5.1096496 4.1530874
OS 5.1110246 4.16
OS 5.1096496 4.1669126
OS 5.1057339 4.1727729
OS 5.0998736 4.1766886
OS 5.092961 4.1780636
OE
OB 5.1618586 4.1780636 H
OS 5.154946 4.1766886
OS 5.1490857 4.1727729
OS 5.14517 4.1669126
OS 5.143795 4.16
OS 5.14517 4.1530874
OS 5.1490857 4.1472271
OS 5.154946 4.1433114
OS 5.1618586 4.1419364
OS 5.1687712 4.1433114
OS 5.1746315 4.1472271
OS 5.1785472 4.1530874
OS 5.1799222 4.16
OS 5.1785472 4.1669126
OS 5.1746315 4.1727729
OS 5.1687712 4.1766886
OS 5.1618586 4.1780636
OE
OB 4.86 4.1414107 H
OS 4.8546235 4.1403412
OS 4.8500655 4.1372957
OS 4.84702 4.1327377
OS 4.8459505 4.1273612
OS 4.84702 4.1219847
OS 4.8500655 4.1174267
OS 4.8546235 4.1143812
OS 4.86 4.1133117
OS 4.8653765 4.1143812
OS 4.8699345 4.1174267
OS 4.87298 4.1219847
OS 4.8740495 4.1273612
OS 4.87298 4.1327377
OS 4.8699345 4.1372957
OS 4.8653765 4.1403412
OS 4.86 4.1414107
OE
OB 5.0240633 4.1780636 H
OS 5.0171507 4.1766886
OS 5.0112904 4.1727729
OS 5.0073747 4.1669126
OS 5.0059997 4.16
OS 5.0073747 4.1530874
OS 5.0112904 4.1472271
OS 5.0171507 4.1433114
OS 5.0240633 4.1419364
OS 5.0309759 4.1433114
OS 5.0368362 4.1472271
OS 5.0407519 4.1530874
OS 5.0421269 4.16
OS 5.0407519 4.1669126
OS 5.0368362 4.1727729
OS 5.0309759 4.1766886
OS 5.0240633 4.1780636
OE
OB 5.2307562 4.1780636 H
OS 5.2238436 4.1766886
OS 5.2179833 4.1727729
OS 5.2140676 4.1669126
OS 5.2126926 4.16
OS 5.2140676 4.1530874
OS 5.2179833 4.1472271
OS 5.2238436 4.1433114
OS 5.2307562 4.1419364
OS 5.2376688 4.1433114
OS 5.2435291 4.1472271
OS 5.2474448 4.1530874
OS 5.2488198 4.16
OS 5.2474448 4.1669126
OS 5.2435291 4.1727729
OS 5.2376688 4.1766886
OS 5.2307562 4.1780636
OE
OB 6.1711024 4.1780636 H
OS 6.1641898 4.1766886
OS 6.1583295 4.1727729
OS 6.1544138 4.1669126
OS 6.1530388 4.16
OS 6.1544138 4.1530874
OS 6.1583295 4.1472271
OS 6.1641898 4.1433114
OS 6.1711024 4.1419364
OS 6.178015 4.1433114
OS 6.1838753 4.1472271
OS 6.187791 4.1530874
OS 6.189166 4.16
OS 6.187791 4.1669126
OS 6.1838753 4.1727729
OS 6.178015 4.1766886
OS 6.1711024 4.1780636
OE
OB 6.24 4.1780636 H
OS 6.2330874 4.1766886
OS 6.2272271 4.1727729
OS 6.2233114 4.1669126
OS 6.2219364 4.16
OS 6.2233114 4.1530874
OS 6.2272271 4.1472271
OS 6.2330874 4.1433114
OS 6.24 4.1419364
OS 6.2469126 4.1433114
OS 6.2527729 4.1472271
OS 6.2566886 4.1530874
OS 6.2580636 4.16
OS 6.2566886 4.1669126
OS 6.2527729 4.1727729
OS 6.2469126 4.1766886
OS 6.24 4.1780636
OE
OB 6.0333071 4.1780636 H
OS 6.0263945 4.1766886
OS 6.0205342 4.1727729
OS 6.0166185 4.1669126
OS 6.0152435 4.16
OS 6.0166185 4.1530874
OS 6.0205342 4.1472271
OS 6.0263945 4.1433114
OS 6.0333071 4.1419364
OS 6.0402197 4.1433114
OS 6.04608 4.1472271
OS 6.0499957 4.1530874
OS 6.0513707 4.16
OS 6.0499957 4.1669126
OS 6.04608 4.1727729
OS 6.0402197 4.1766886
OS 6.0333071 4.1780636
OE
OB 6.1022048 4.1780636 H
OS 6.0952922 4.1766886
OS 6.0894319 4.1727729
OS 6.0855162 4.1669126
OS 6.0841412 4.16
OS 6.0855162 4.1530874
OS 6.0894319 4.1472271
OS 6.0952922 4.1433114
OS 6.1022048 4.1419364
OS 6.1091174 4.1433114
OS 6.1149777 4.1472271
OS 6.1188934 4.1530874
OS 6.1202684 4.16
OS 6.1188934 4.1669126
OS 6.1149777 4.1727729
OS 6.1091174 4.1766886
OS 6.1022048 4.1780636
OE
SE
P 0.1496063 3.7834646 6 P 0 0 ;0=1,1=1
P 0.1771654 2.8307087 7 P 0 0 ;0=2,1=1
P 0.3818898 3.1062992 7 P 0 0 ;0=2,1=1
P 0.4409449 3.1062992 7 P 0 0 ;0=2,1=1
P 0.7165354 3.0393701 6 P 0 0 ;0=1,1=1
P 0.7559055 3.1771654 6 P 0 0 ;0=1,1=1
P 0.7559055 3.4173228 7 P 0 0 ;0=2,1=1
P 0.8149606 3.0275591 7 P 0 0 ;0=2,1=1
P 0.8661417 3.3976378 7 P 0 0 ;0=2,1=1
P 1.0702992 4.4110945 6 P 0 0 ;0=1,1=1
P 1.1574803 4.523622 6 P 0 0 ;0=1,1=1
P 1.2603706 4.4704094 6 P 0 0 ;0=1,1=1
P 1.3425197 3.217952 7 P 0 0 ;0=2,1=1
P 1.4583701 3.9703543 6 P 0 0 ;0=1,1=1
P 1.5123706 4.2794094 6 P 0 0 ;0=1,1=1
P 1.5133706 4.3384094 6 P 0 0 ;0=1,1=1
P 1.5629921 0.8385827 6 P 0 0 ;0=1,1=1
P 1.5641964 0.6115841 6 P 0 0 ;0=1,1=1
P 1.566926 0.3711248 6 P 0 0 ;0=1,1=1
P 1.5787402 1.1141732 7 P 0 0 ;0=2,1=1
P 1.595 3.26 7 P 0 0 ;0=2,1=1
P 10.1224399 2.716536 6 P 0 0 ;0=1,1=1
P 10.1224399 2.740158 6 P 0 0 ;0=1,1=1
P 10.1224399 2.76378 6 P 0 0 ;0=1,1=1
P 10.1224399 2.787402 6 P 0 0 ;0=1,1=1
P 10.1244093 2.5433071 6 P 0 0 ;0=1,1=1
P 10.1440944 2.5433071 6 P 0 0 ;0=1,1=1
P 10.1637794 2.5433071 6 P 0 0 ;0=1,1=1
P 10.1834645 2.5433071 6 P 0 0 ;0=1,1=1
P 10.1913379 2.179134 6 P 0 0 ;0=1,1=1
P 10.2007874 2.9448819 6 P 0 0 ;0=1,1=1
P 10.2007874 2.980315 6 P 0 0 ;0=1,1=1
P 10.2007874 3.015748 6 P 0 0 ;0=1,1=1
P 10.2007874 3.0511811 6 P 0 0 ;0=1,1=1
P 10.2011819 2.088582 6 P 0 0 ;0=1,1=1
P 10.2011819 2.125984 6 P 0 0 ;0=1,1=1
P 10.2011819 2.155512 6 P 0 0 ;0=1,1=1
P 10.266 2.054 6 P 0 0 ;0=1,1=1
P 10.3199999 2.88 6 P 0 0 ;0=1,1=1
P 10.3199999 2.92 6 P 0 0 ;0=1,1=1
P 10.3399999 2.9 6 P 0 0 ;0=1,1=1
P 10.3399999 2.94 6 P 0 0 ;0=1,1=1
P 10.3599999 2.92 6 P 0 0 ;0=1,1=1
P 10.401 2.061 6 P 0 0 ;0=1,1=1
P 10.4199999 2.88 6 P 0 0 ;0=1,1=1
P 10.4199999 2.93 6 P 0 0 ;0=1,1=1
P 10.4299999 2.91 6 P 0 0 ;0=1,1=1
P 10.438 2.939 6 P 0 0 ;0=1,1=1
P 10.4779999 2.918 6 P 0 0 ;0=1,1=1
P 10.4866139 1.84252 6 P 0 0 ;0=1,1=1
P 10.5909439 2.27756 6 P 0 0 ;0=1,1=1
P 10.6086613 2.2913386 6 P 0 0 ;0=1,1=1
P 10.6086613 2.3110236 6 P 0 0 ;0=1,1=1
P 10.6086613 2.3307087 6 P 0 0 ;0=1,1=1
P 10.6106299 2.673228 6 P 0 0 ;0=1,1=1
P 10.6106299 2.69685 6 P 0 0 ;0=1,1=1
P 10.6106299 2.73819 6 P 0 0 ;0=1,1=1
P 10.6106299 2.761812 6 P 0 0 ;0=1,1=1
P 10.6992119 1.84252 6 P 0 0 ;0=1,1=1
P 10.7425199 2.273622 6 P 0 0 ;0=1,1=1
P 10.7641739 2.273622 6 P 0 0 ;0=1,1=1
P 10.7818899 2.287402 6 P 0 0 ;0=1,1=1
P 10.8015739 2.273622 6 P 0 0 ;0=1,1=1
P 10.8094479 2.885826 6 P 0 0 ;0=1,1=1
P 10.8330699 2.885826 6 P 0 0 ;0=1,1=1
P 10.8527558 2.3425197 6 P 0 0 ;0=1,1=1
P 10.8527558 2.3622047 6 P 0 0 ;0=1,1=1
P 10.8527558 2.3818898 6 P 0 0 ;0=1,1=1
P 10.8527558 2.4015748 6 P 0 0 ;0=1,1=1
P 10.8566928 2.8858268 6 P 0 0 ;0=1,1=1
P 10.8803149 2.8858268 6 P 0 0 ;0=1,1=1
P 11.0102359 2.122048 6 P 0 0 ;0=1,1=1
P 11.0102359 2.155512 6 P 0 0 ;0=1,1=1
P 11.0102359 2.181102 6 P 0 0 ;0=1,1=1
P 11.0102361 2.0866142 6 P 0 0 ;0=1,1=1
P 11.3224399 2.716536 6 P 0 0 ;0=1,1=1
P 11.3224399 2.740158 6 P 0 0 ;0=1,1=1
P 11.3224399 2.76378 6 P 0 0 ;0=1,1=1
P 11.3224399 2.787402 6 P 0 0 ;0=1,1=1
P 11.3244093 2.5433071 6 P 0 0 ;0=1,1=1
P 11.3440944 2.5433071 6 P 0 0 ;0=1,1=1
P 11.3637794 2.5433071 6 P 0 0 ;0=1,1=1
P 11.3834645 2.5433071 6 P 0 0 ;0=1,1=1
P 11.3913379 2.179134 6 P 0 0 ;0=1,1=1
P 11.4011819 2.088582 6 P 0 0 ;0=1,1=1
P 11.4011819 2.125984 6 P 0 0 ;0=1,1=1
P 11.4011819 2.155512 6 P 0 0 ;0=1,1=1
P 11.4015748 2.9448819 6 P 0 0 ;0=1,1=1
P 11.4015748 2.984252 6 P 0 0 ;0=1,1=1
P 11.4015748 3.015748 6 P 0 0 ;0=1,1=1
P 11.4015748 3.0511811 6 P 0 0 ;0=1,1=1
P 11.47 2.051 6 P 0 0 ;0=1,1=1
P 11.5199999 2.88 6 P 0 0 ;0=1,1=1
P 11.5199999 2.92 6 P 0 0 ;0=1,1=1
P 11.5399999 2.9 6 P 0 0 ;0=1,1=1
P 11.5399999 2.94 6 P 0 0 ;0=1,1=1
P 11.5599999 2.92 6 P 0 0 ;0=1,1=1
P 11.602 2.065 6 P 0 0 ;0=1,1=1
P 11.6199999 2.88 6 P 0 0 ;0=1,1=1
P 11.6199999 2.93 6 P 0 0 ;0=1,1=1
P 11.6299999 2.91 6 P 0 0 ;0=1,1=1
P 11.642 2.942 6 P 0 0 ;0=1,1=1
P 11.6779999 2.918 6 P 0 0 ;0=1,1=1
P 11.6866139 1.84252 6 P 0 0 ;0=1,1=1
P 11.7909439 2.27756 6 P 0 0 ;0=1,1=1
P 11.8086613 2.2913386 6 P 0 0 ;0=1,1=1
P 11.8086613 2.3110236 6 P 0 0 ;0=1,1=1
P 11.8086613 2.3307087 6 P 0 0 ;0=1,1=1
P 11.8106299 2.673228 6 P 0 0 ;0=1,1=1
P 11.8106299 2.69685 6 P 0 0 ;0=1,1=1
P 11.8106299 2.73819 6 P 0 0 ;0=1,1=1
P 11.8106299 2.761812 6 P 0 0 ;0=1,1=1
P 11.8992119 1.84252 6 P 0 0 ;0=1,1=1
P 11.9425199 2.273622 6 P 0 0 ;0=1,1=1
P 11.9641739 2.273622 6 P 0 0 ;0=1,1=1
P 11.9818899 2.287402 6 P 0 0 ;0=1,1=1
P 12.0015739 2.273622 6 P 0 0 ;0=1,1=1
P 12.0094479 2.885826 6 P 0 0 ;0=1,1=1
P 12.0330699 2.885826 6 P 0 0 ;0=1,1=1
P 12.0527558 2.3425197 6 P 0 0 ;0=1,1=1
P 12.0527558 2.3622047 6 P 0 0 ;0=1,1=1
P 12.0527558 2.3818898 6 P 0 0 ;0=1,1=1
P 12.0527558 2.4015748 6 P 0 0 ;0=1,1=1
P 12.0566928 2.8858268 6 P 0 0 ;0=1,1=1
P 12.0803149 2.8858268 6 P 0 0 ;0=1,1=1
P 12.2102359 2.122048 6 P 0 0 ;0=1,1=1
P 12.2102359 2.155512 6 P 0 0 ;0=1,1=1
P 12.2102359 2.181102 6 P 0 0 ;0=1,1=1
P 12.2102361 2.0866142 6 P 0 0 ;0=1,1=1
P 12.5224399 2.7165359 6 P 0 0 ;0=1,1=1
P 12.5224399 2.7401579 6 P 0 0 ;0=1,1=1
P 12.5224399 2.7637799 6 P 0 0 ;0=1,1=1
P 12.5224399 2.7874019 6 P 0 0 ;0=1,1=1
P 12.5244093 2.543307 6 P 0 0 ;0=1,1=1
P 12.5440944 2.543307 6 P 0 0 ;0=1,1=1
P 12.5637794 2.543307 6 P 0 0 ;0=1,1=1
P 12.5834645 2.543307 6 P 0 0 ;0=1,1=1
P 12.5913379 2.1791339 6 P 0 0 ;0=1,1=1
P 12.5984252 2.9448819 6 P 0 0 ;0=1,1=1
P 12.5984252 2.980315 6 P 0 0 ;0=1,1=1
P 12.5984252 3.015748 6 P 0 0 ;0=1,1=1
P 12.5984252 3.0511811 6 P 0 0 ;0=1,1=1
P 12.6011819 2.0885819 6 P 0 0 ;0=1,1=1
P 12.6011819 2.1259839 6 P 0 0 ;0=1,1=1
P 12.6011819 2.1555119 6 P 0 0 ;0=1,1=1
P 12.668 2.048 6 P 0 0 ;0=1,1=1
P 12.7199999 2.8799999 6 P 0 0 ;0=1,1=1
P 12.7199999 2.9199999 6 P 0 0 ;0=1,1=1
P 12.7399999 2.8999999 6 P 0 0 ;0=1,1=1
P 12.7399999 2.9399999 6 P 0 0 ;0=1,1=1
P 12.7599999 2.9199999 6 P 0 0 ;0=1,1=1
P 12.808 2.053 6 P 0 0 ;0=1,1=1
P 12.8199999 2.8799999 6 P 0 0 ;0=1,1=1
P 12.8199999 2.9299999 6 P 0 0 ;0=1,1=1
P 12.8299999 2.9099999 6 P 0 0 ;0=1,1=1
P 12.868 2.911 6 P 0 0 ;0=1,1=1
P 12.8866139 1.8425199 6 P 0 0 ;0=1,1=1
P 12.9909439 2.2775599 6 P 0 0 ;0=1,1=1
P 13.0086613 2.2913385 6 P 0 0 ;0=1,1=1
P 13.0086613 2.3110235 6 P 0 0 ;0=1,1=1
P 13.0086613 2.3307086 6 P 0 0 ;0=1,1=1
P 13.0106299 2.6732279 6 P 0 0 ;0=1,1=1
P 13.0106299 2.6968499 6 P 0 0 ;0=1,1=1
P 13.0106299 2.7381899 6 P 0 0 ;0=1,1=1
P 13.0106299 2.7618119 6 P 0 0 ;0=1,1=1
P 13.0992119 1.8425199 6 P 0 0 ;0=1,1=1
P 13.1425199 2.2736219 6 P 0 0 ;0=1,1=1
P 13.1641739 2.2736219 6 P 0 0 ;0=1,1=1
P 13.1818899 2.2874019 6 P 0 0 ;0=1,1=1
P 13.2015739 2.2736219 6 P 0 0 ;0=1,1=1
P 13.2094479 2.8858259 6 P 0 0 ;0=1,1=1
P 13.2330699 2.8858259 6 P 0 0 ;0=1,1=1
P 13.2527558 2.3425196 6 P 0 0 ;0=1,1=1
P 13.2527558 2.3622046 6 P 0 0 ;0=1,1=1
P 13.2527558 2.3818897 6 P 0 0 ;0=1,1=1
P 13.2527558 2.4015747 6 P 0 0 ;0=1,1=1
P 13.2566928 2.8858267 6 P 0 0 ;0=1,1=1
P 13.2803149 2.8858267 6 P 0 0 ;0=1,1=1
P 13.4102359 2.1220479 6 P 0 0 ;0=1,1=1
P 13.4102359 2.1555119 6 P 0 0 ;0=1,1=1
P 13.4102359 2.1811019 6 P 0 0 ;0=1,1=1
P 13.4102361 2.0866141 6 P 0 0 ;0=1,1=1
P 2.118106 0.98425 6 P 0 0 ;0=1,1=1
P 2.118106 1.039368 7 P 0 0 ;0=2,1=1
P 2.118106 1.090549 7 P 0 0 ;0=2,1=1
P 2.1181102 0.8307087 7 P 0 0 ;0=2,1=1
P 2.1181102 0.8818898 7 P 0 0 ;0=2,1=1
P 2.1220472 0.9212598 6 P 0 0 ;0=1,1=1
P 2.353 1.178 7 P 0 0 ;0=2,1=1
P 2.4133858 1.2795276 7 P 0 0 ;0=2,1=1
P 2.476378 0.9374606 7 P 0 0 ;0=2,1=1
P 2.6889764 3.3779528 6 P 0 0 ;0=1,1=1
P 2.7086614 3.3779528 6 P 0 0 ;0=1,1=1
P 2.7283465 3.3779528 6 P 0 0 ;0=1,1=1
P 2.7480315 3.3779528 6 P 0 0 ;0=1,1=1
P 2.8897638 3.1889764 6 P 0 0 ;0=1,1=1
P 2.9055118 3.1692913 6 P 0 0 ;0=1,1=1
P 2.921254 3.18897 6 P 0 0 ;0=1,1=1
P 2.9370079 3.1692913 6 P 0 0 ;0=1,1=1
P 3.0590552 2.6466928 6 P 0 0 ;0=1,1=1
P 3.0590552 2.6671652 6 P 0 0 ;0=1,1=1
P 3.072 2.256 6 P 0 0 ;0=1,1=1
P 3.082 2.547 6 P 0 0 ;0=1,1=1
P 3.0826772 2.5876368 6 P 0 0 ;0=1,1=1
P 3.0826772 2.6081092 6 P 0 0 ;0=1,1=1
P 3.087 2.241 6 P 0 0 ;0=1,1=1
P 3.102 2.4975276 6 P 0 0 ;0=1,1=1
P 3.102 2.518 6 P 0 0 ;0=1,1=1
P 3.102551 2.552 6 P 0 0 ;0=1,1=1
P 3.1062992 2.3555119 6 P 0 0 ;0=1,1=1
P 3.1062992 2.3759843 6 P 0 0 ;0=1,1=1
P 3.1299214 2.3240159 6 P 0 0 ;0=1,1=1
P 3.1299214 2.3444883 6 P 0 0 ;0=1,1=1
P 3.1299214 2.4104718 6 P 0 0 ;0=1,1=1
P 3.1299214 2.4309442 6 P 0 0 ;0=1,1=1
P 3.1468505 2.2047244 6 P 0 0 ;0=1,1=1
P 3.1535434 2.2923618 6 P 0 0 ;0=1,1=1
P 3.1535434 2.3128342 6 P 0 0 ;0=1,1=1
P 3.1673229 2.2047244 6 P 0 0 ;0=1,1=1
P 3.176378 2.2244094 6 P 0 0 ;0=1,1=1
P 3.1968504 2.2244094 6 P 0 0 ;0=1,1=1
P 3.283458 2.181098 6 P 0 0 ;0=1,1=1
P 3.292 2.458 6 P 0 0 ;0=1,1=1
P 3.292 2.479 6 P 0 0 ;0=1,1=1
P 3.2933071 2.2637796 6 P 0 0 ;0=1,1=1
P 3.3011811 2.1456694 6 P 0 0 ;0=1,1=1
P 3.3070866 2.1811024 6 P 0 0 ;0=1,1=1
P 3.3137795 2.2637796 6 P 0 0 ;0=1,1=1
P 3.3216535 2.1456694 6 P 0 0 ;0=1,1=1
P 3.3326773 2.1102362 6 P 0 0 ;0=1,1=1
P 3.3531497 2.1102362 6 P 0 0 ;0=1,1=1
P 3.3633859 2.1496063 6 P 0 0 ;0=1,1=1
P 3.3838583 2.1496063 6 P 0 0 ;0=1,1=1
P 3.4527559 2.4094488 6 P 0 0 ;0=1,1=1
P 3.4527559 2.4291339 6 P 0 0 ;0=1,1=1
P 3.4744095 2.2795276 6 P 0 0 ;0=1,1=1
P 3.4948819 2.2795276 6 P 0 0 ;0=1,1=1
P 3.5059055 2.2401576 6 P 0 0 ;0=1,1=1
P 3.5263779 2.2401576 6 P 0 0 ;0=1,1=1
P 3.794 2.218 6 P 0 0 ;0=1,1=1
P 3.795 2.238 6 P 0 0 ;0=1,1=1
P 3.795 2.258 6 P 0 0 ;0=1,1=1
P 3.795 2.28 6 P 0 0 ;0=1,1=1
P 4.187 2.28 6 P 0 0 ;0=1,1=1
P 4.3159449 1.230315 6 P 0 0 ;0=1,1=1
P 4.3937008 1.2125984 6 P 0 0 ;0=1,1=1
P 4.395 1.28 6 P 0 0 ;0=1,1=1
P 4.6417323 1.7598425 6 P 0 0 ;0=1,1=1
P 4.6605907 1.2795276 6 P 0 0 ;0=1,1=1
P 4.671 1.772 6 P 0 0 ;0=1,1=1
P 4.6929134 1.7834646 6 P 0 0 ;0=1,1=1
P 4.702 3.278 6 P 0 0 ;0=1,1=1
P 4.702 3.4784264 6 P 0 0 ;0=1,1=1
P 4.818097 1.8028106 6 P 0 0 ;0=1,1=1
P 5.0581748 2.739624 6 P 0 0 ;0=1,1=1
P 5.2244094 1.7598425 6 P 0 0 ;0=1,1=1
P 5.3110236 1.7519685 6 P 0 0 ;0=1,1=1
P 5.515748 2.7688977 6 P 0 0 ;0=1,1=1
P 5.515748 2.7893701 6 P 0 0 ;0=1,1=1
P 5.515748 2.8397639 6 P 0 0 ;0=1,1=1
P 5.515748 2.8602363 6 P 0 0 ;0=1,1=1
P 5.515748 2.9027559 6 P 0 0 ;0=1,1=1
P 5.515748 2.9232283 6 P 0 0 ;0=1,1=1
P 5.515748 2.9657481 6 P 0 0 ;0=1,1=1
P 5.515748 2.9862205 6 P 0 0 ;0=1,1=1
P 5.515748 3.0287403 6 P 0 0 ;0=1,1=1
P 5.515748 3.0492127 6 P 0 0 ;0=1,1=1
P 5.5905512 1.7795276 6 P 0 0 ;0=1,1=1
P 5.6299213 1.2598425 7 P 0 0 ;0=2,1=1
P 5.7637795 1.7204724 6 P 0 0 ;0=1,1=1
P 5.8622047 1.7332677 6 P 0 0 ;0=1,1=1
P 5.8715988 4.7104484 7 P 0 0 ;0=2,1=1
P 5.88 1.759 6 P 0 0 ;0=1,1=1
P 6.007874 2.7334647 6 P 0 0 ;0=1,1=1
P 6.007874 2.7539371 6 P 0 0 ;0=1,1=1
P 6.007874 2.8003937 6 P 0 0 ;0=1,1=1
P 6.007874 2.8208661 6 P 0 0 ;0=1,1=1
P 6.007874 2.8712599 6 P 0 0 ;0=1,1=1
P 6.007874 2.8917323 6 P 0 0 ;0=1,1=1
P 6.007874 2.9342521 6 P 0 0 ;0=1,1=1
P 6.007874 2.9547245 6 P 0 0 ;0=1,1=1
P 6.007874 2.9972441 6 P 0 0 ;0=1,1=1
P 6.007874 3.0177165 6 P 0 0 ;0=1,1=1
P 6.2603937 4.9062487 7 P 0 0 ;0=2,1=1
P 6.2623622 4.813729 7 P 0 0 ;0=2,1=1
P 6.2984764 4.8132892 7 P 0 0 ;0=2,1=1
P 6.2984764 4.9062487 7 P 0 0 ;0=2,1=1
P 6.3315492 4.815 7 P 0 0 ;0=2,1=1
P 6.3315492 4.9062487 7 P 0 0 ;0=2,1=1
P 6.365 4.815 7 P 0 0 ;0=2,1=1
P 6.365 4.8463668 7 P 0 0 ;0=2,1=1
P 6.365 4.8763668 7 P 0 0 ;0=2,1=1
P 6.365 4.9062487 7 P 0 0 ;0=2,1=1
P 6.6163542 3.5313307 6 P 0 0 ;0=1,1=1
P 6.6163542 3.5963307 6 P 0 0 ;0=1,1=1
P 6.6163542 3.6613307 6 P 0 0 ;0=1,1=1
P 6.6163542 3.7263307 6 P 0 0 ;0=1,1=1
P 6.6163542 3.8563307 6 P 0 0 ;0=1,1=1
P 6.6516615 1.2598425 7 P 0 0 ;0=2,1=1
P 6.6535433 3.7913386 6 P 0 0 ;0=1,1=1
P 6.6929134 1.2598425 7 P 0 0 ;0=2,1=1
P 6.838569 3.401568 6 P 0 0 ;0=1,1=1
P 6.8503938 2.5728347 6 P 0 0 ;0=1,1=1
P 6.8503938 2.5933071 6 P 0 0 ;0=1,1=1
P 6.854317 3.417316 6 P 0 0 ;0=1,1=1
P 6.874002 3.429127 6 P 0 0 ;0=1,1=1
P 6.8897638 2.6358269 6 P 0 0 ;0=1,1=1
P 6.8897638 2.6562993 6 P 0 0 ;0=1,1=1
P 6.8897638 2.7303151 6 P 0 0 ;0=1,1=1
P 6.8897638 2.7507875 6 P 0 0 ;0=1,1=1
P 6.8897638 2.8248033 6 P 0 0 ;0=1,1=1
P 6.8897638 2.8452757 6 P 0 0 ;0=1,1=1
P 6.8897638 2.9185041 6 P 0 0 ;0=1,1=1
P 6.8897638 2.9389765 6 P 0 0 ;0=1,1=1
P 6.8897638 3.4448819 6 P 0 0 ;0=1,1=1
P 6.9212991 3.9569639 7 P 0 0 ;0=2,1=1
P 6.9527559 3.8385827 7 P 0 0 ;0=2,1=1
P 7.0603839 1.7441796 6 P 0 0 ;0=1,1=1
P 7.0708661 1.2598425 7 P 0 0 ;0=2,1=1
P 7.074 1.7800424 6 P 0 0 ;0=1,1=1
P 7.0944882 2.6350395 6 P 0 0 ;0=1,1=1
P 7.0944882 2.6555119 6 P 0 0 ;0=1,1=1
P 7.0944882 2.7303151 6 P 0 0 ;0=1,1=1
P 7.0944882 2.7507875 6 P 0 0 ;0=1,1=1
P 7.0944882 2.8248033 6 P 0 0 ;0=1,1=1
P 7.0944882 2.8452757 6 P 0 0 ;0=1,1=1
P 7.0944882 2.9192915 6 P 0 0 ;0=1,1=1
P 7.0944882 2.9397639 6 P 0 0 ;0=1,1=1
P 7.1023622 1.2598425 7 P 0 0 ;0=2,1=1
P 7.106 1.798 6 P 0 0 ;0=1,1=1
P 7.1417324 2.568504 6 P 0 0 ;0=1,1=1
P 7.1417324 2.588189 6 P 0 0 ;0=1,1=1
P 7.5075062 2.2173744 6 P 0 0 ;0=1,1=1
P 7.5698819 2.1633858 6 P 0 0 ;0=1,1=1
P 7.596 2.122 6 P 0 0 ;0=1,1=1
P 7.609256 2.2465196 6 P 0 0 ;0=1,1=1
P 7.625969 2.232279 6 P 0 0 ;0=1,1=1
P 7.7145669 2.5629921 6 P 0 0 ;0=1,1=1
P 7.72244 2.716536 6 P 0 0 ;0=1,1=1
P 7.72244 2.740158 6 P 0 0 ;0=1,1=1
P 7.72244 2.76378 6 P 0 0 ;0=1,1=1
P 7.72244 2.787402 6 P 0 0 ;0=1,1=1
P 7.7375328 2.5629921 6 P 0 0 ;0=1,1=1
P 7.7480315 2.2755906 6 P 0 0 ;0=1,1=1
P 7.7604987 2.5629921 6 P 0 0 ;0=1,1=1
P 7.7626216 0.6535433 6 P 0 0 ;0=1,1=1
P 7.7834646 2.5629921 6 P 0 0 ;0=1,1=1
P 7.791338 2.179134 6 P 0 0 ;0=1,1=1
P 7.799197 3.015742 6 P 0 0 ;0=1,1=1
P 7.7992126 2.9488189 6 P 0 0 ;0=1,1=1
P 7.7992126 2.980315 6 P 0 0 ;0=1,1=1
P 7.7992126 3.0511811 6 P 0 0 ;0=1,1=1
P 7.801182 2.088582 6 P 0 0 ;0=1,1=1
P 7.801182 2.125984 6 P 0 0 ;0=1,1=1
P 7.801182 2.155512 6 P 0 0 ;0=1,1=1
P 7.8031496 0.6692913 6 P 0 0 ;0=1,1=1
P 7.868 2.053 6 P 0 0 ;0=1,1=1
P 7.9173228 0.6850394 6 P 0 0 ;0=1,1=1
P 7.92 2.88 6 P 0 0 ;0=1,1=1
P 7.92 2.92 6 P 0 0 ;0=1,1=1
P 7.94 2.9 6 P 0 0 ;0=1,1=1
P 7.94 2.94 6 P 0 0 ;0=1,1=1
P 7.9488189 0.6968504 6 P 0 0 ;0=1,1=1
P 7.96 2.92 6 P 0 0 ;0=1,1=1
P 8.001 2.056 6 P 0 0 ;0=1,1=1
P 8.02 2.88 6 P 0 0 ;0=1,1=1
P 8.02 2.93 6 P 0 0 ;0=1,1=1
P 8.03 2.91 6 P 0 0 ;0=1,1=1
P 8.078 2.918 6 P 0 0 ;0=1,1=1
P 8.086614 1.84252 6 P 0 0 ;0=1,1=1
P 8.190944 2.27756 6 P 0 0 ;0=1,1=1
P 8.2007874 1.9251969 6 P 0 0 ;0=1,1=1
P 8.2086614 2.2913386 6 P 0 0 ;0=1,1=1
P 8.2086614 2.3110236 6 P 0 0 ;0=1,1=1
P 8.2086614 2.3307087 6 P 0 0 ;0=1,1=1
P 8.21063 2.673228 6 P 0 0 ;0=1,1=1
P 8.21063 2.69685 6 P 0 0 ;0=1,1=1
P 8.21063 2.73819 6 P 0 0 ;0=1,1=1
P 8.21063 2.761812 6 P 0 0 ;0=1,1=1
P 8.299212 1.84252 6 P 0 0 ;0=1,1=1
P 8.34252 2.273622 6 P 0 0 ;0=1,1=1
P 8.364174 2.273622 6 P 0 0 ;0=1,1=1
P 8.38189 2.287402 6 P 0 0 ;0=1,1=1
P 8.401574 2.273622 6 P 0 0 ;0=1,1=1
P 8.409448 2.885826 6 P 0 0 ;0=1,1=1
P 8.43307 2.885826 6 P 0 0 ;0=1,1=1
P 8.4527559 2.3425197 6 P 0 0 ;0=1,1=1
P 8.4527559 2.3622047 6 P 0 0 ;0=1,1=1
P 8.4527559 2.3818898 6 P 0 0 ;0=1,1=1
P 8.4527559 2.4015748 6 P 0 0 ;0=1,1=1
P 8.4566929 2.8858268 6 P 0 0 ;0=1,1=1
P 8.480315 2.8858268 6 P 0 0 ;0=1,1=1
P 8.515748 0.4685039 6 P 0 0 ;0=1,1=1
P 8.610236 2.122048 6 P 0 0 ;0=1,1=1
P 8.610236 2.155512 6 P 0 0 ;0=1,1=1
P 8.610236 2.181102 6 P 0 0 ;0=1,1=1
P 8.6102362 2.0866142 6 P 0 0 ;0=1,1=1
P 8.6692913 0.4448819 6 P 0 0 ;0=1,1=1
P 8.9224399 2.716536 6 P 0 0 ;0=1,1=1
P 8.9224399 2.740158 6 P 0 0 ;0=1,1=1
P 8.9224399 2.76378 6 P 0 0 ;0=1,1=1
P 8.9224399 2.787402 6 P 0 0 ;0=1,1=1
P 8.9244093 2.5433071 6 P 0 0 ;0=1,1=1
P 8.9440944 2.5433071 6 P 0 0 ;0=1,1=1
P 8.9637794 2.5433071 6 P 0 0 ;0=1,1=1
P 8.9834645 2.5433071 6 P 0 0 ;0=1,1=1
P 8.9913379 2.179134 6 P 0 0 ;0=1,1=1
P 9 2.9488188 6 P 0 0 ;0=1,1=1
P 9 2.9842529 6 P 0 0 ;0=1,1=1
P 9 3.0177159 6 P 0 0 ;0=1,1=1
P 9 3.047245 6 P 0 0 ;0=1,1=1
P 9.0011819 2.088582 6 P 0 0 ;0=1,1=1
P 9.0011819 2.125984 6 P 0 0 ;0=1,1=1
P 9.0011819 2.155512 6 P 0 0 ;0=1,1=1
P 9.0802933 2.043 6 P 0 0 ;0=1,1=1
P 9.1199999 2.88 6 P 0 0 ;0=1,1=1
P 9.1199999 2.92 6 P 0 0 ;0=1,1=1
P 9.1399999 2.9 6 P 0 0 ;0=1,1=1
P 9.1399999 2.94 6 P 0 0 ;0=1,1=1
P 9.1599999 2.92 6 P 0 0 ;0=1,1=1
P 9.198 2.058874 6 P 0 0 ;0=1,1=1
P 9.2199999 2.88 6 P 0 0 ;0=1,1=1
P 9.2199999 2.93 6 P 0 0 ;0=1,1=1
P 9.2299999 2.91 6 P 0 0 ;0=1,1=1
P 9.242 2.943 6 P 0 0 ;0=1,1=1
P 9.2779999 2.918 6 P 0 0 ;0=1,1=1
P 9.2866139 1.84252 6 P 0 0 ;0=1,1=1
P 9.3909439 2.27756 6 P 0 0 ;0=1,1=1
P 9.4086613 2.2913386 6 P 0 0 ;0=1,1=1
P 9.4086613 2.3110236 6 P 0 0 ;0=1,1=1
P 9.4086613 2.3307087 6 P 0 0 ;0=1,1=1
P 9.4106299 2.673228 6 P 0 0 ;0=1,1=1
P 9.4106299 2.69685 6 P 0 0 ;0=1,1=1
P 9.4106299 2.73819 6 P 0 0 ;0=1,1=1
P 9.4106299 2.761812 6 P 0 0 ;0=1,1=1
P 9.4992119 1.84252 6 P 0 0 ;0=1,1=1
P 9.5425199 2.273622 6 P 0 0 ;0=1,1=1
P 9.5641739 2.273622 6 P 0 0 ;0=1,1=1
P 9.5818899 2.287402 6 P 0 0 ;0=1,1=1
P 9.6015739 2.273622 6 P 0 0 ;0=1,1=1
P 9.6094479 2.885826 6 P 0 0 ;0=1,1=1
P 9.6330699 2.885826 6 P 0 0 ;0=1,1=1
P 9.6527558 2.3425197 6 P 0 0 ;0=1,1=1
P 9.6527558 2.3622047 6 P 0 0 ;0=1,1=1
P 9.6527558 2.3818898 6 P 0 0 ;0=1,1=1
P 9.6527558 2.4015748 6 P 0 0 ;0=1,1=1
P 9.6566928 2.8858268 6 P 0 0 ;0=1,1=1
P 9.6803149 2.8858268 6 P 0 0 ;0=1,1=1
P 9.8102359 2.122048 6 P 0 0 ;0=1,1=1
P 9.8102359 2.155512 6 P 0 0 ;0=1,1=1
P 9.8102359 2.181102 6 P 0 0 ;0=1,1=1
P 9.8102361 2.0866142 6 P 0 0 ;0=1,1=1
