#Layer_Physical_Order=4
#Layer_Color=16440176
#
#Feature symbol names
#
$0 r3.937
$1 r78.7402
$2 r39.3701
$3 r10
$4 r9.8425
$5 r19.685
$6 r59.0551
$7 s59.0551
$8 r236.2205
$9 r295.2756
$10 r55.1181
$11 r23.622
$12 r15.748

#
#Feature attribute names
#
@0 .geometry
@1 .pad_usage

#
#Feature attribute text strings
#
&0 Pad_Simple_X59.0551Y59.0551H39.3701C79.3701
&1 Pad_Simple_X236.2205Y236.2205H125.9843C165.9843
&2 Pad_Simple_X295.2756Y295.2756H125.9843C165.9843
&3 Pad_Simple_X55.1181Y55.1181H35.0394C75.0394
&4 Pad_Simple_X78.7402Y78.7402H53.1496C93.1496
&5 VIA_RoundD23.6220H11.8110C51.8110
&6 VIA_RoundD15.7480H7.8740C47.8740

#
#Layer features
#
L 0.2165354 2.984252 0.2952756 2.984252 3 P 0
L 0.2165355 2.9527559 0.3188976 2.9527559 3 P 0
L 0.2952756 2.984252 0.3307086 3.019685 3 P 0
L 0.3188976 2.9527559 0.3425197 2.976378 3 P 0
L 0.3307086 3.019685 0.5629921 3.019685 3 P 0
L 0.3425197 2.976378 0.625977 2.976378 3 P 0
L 0.377952 2.704719 0.3779574 2.7047244 3 P 0
L 0.3779574 2.7047244 0.523622 2.7047244 3 P 0
L 0.4015748 2.5866142 0.4369975 2.5866142 3 P 0
L 0.4369975 2.5866142 0.4370027 2.586609 3 P 0
L 0.4370027 2.586609 0.507874 2.6574803 3 P 0
L 0.4448819 3.7834646 0.4468504 3.7814961 0 P 0
L 0.4468504 3.7814961 0.6883588 3.7814961 0 P 0
L 0.523622 2.7047244 0.523622 2.8267716 3 P 0
L 0.523622 2.8267716 0.5855512 2.8887008 3 P 0
L 0.5472441 3.7952756 0.6857148 3.7952756 0 P 0
L 0.5629921 3.019685 0.5866142 3.0433071 3 P 0
L 0.5855512 2.8887008 0.6524803 2.8887008 3 P 0
L 0.5866142 3.0433071 0.6456693 3.0433071 3 P 0
L 0.625977 2.976378 0.625983 2.976372 3 P 0
L 0.6456693 3.0433071 0.6614173 3.0275591 3 P 0
L 0.6524803 2.8887008 0.6535433 2.8897638 3 P 0
L 0.6535433 2.8897638 0.6614173 2.8976378 3 P 0
L 0.6535433 3.8110236 0.6811023 3.8110236 0 P 0
L 0.6614173 2.8976378 0.6614173 3.0275591 3 P 0
L 0.6811023 3.8110236 0.718504 3.7736219 0 P 0
L 0.6857148 3.7952756 0.71063 3.7703604 0 P 0
L 0.6883588 3.7814961 0.702756 3.7670989 0 P 0
L 0.702756 3.3405511 0.702756 3.7670989 0 P 0
L 0.702756 3.3405511 0.9212598 3.1220473 0 P 0
L 0.71063 3.3484252 0.71063 3.7703604 0 P 0
L 0.71063 3.3484252 0.9335486 3.1255066 0 P 0
L 0.718504 3.3562992 0.718504 3.7736219 0 P 0
L 0.718504 3.3562992 0.9446841 3.1301191 0 P 0
L 0.726378 3.3641732 0.726378 3.7539371 0 P 0
L 0.726378 3.3641732 0.9558196 3.1347316 0 P 0
L 0.726378 3.7539371 0.7559055 3.7834646 0 P 0
L 0.8011811 3.3405513 0.8011811 3.4527559 0 P 0
L 0.8011811 3.3405513 0.9921261 3.1496063 0 P 0
L 0.8011811 3.4527559 0.8444882 3.496063 0 P 0
L 0.8149606 3.3385828 0.8149606 3.3976378 0 P 0
L 0.8149606 3.3385828 1.0039371 3.1496063 0 P 0
L 0.8287401 3.3366144 0.8287401 3.4350341 0 P 0
L 0.8287401 3.3366144 1.0157482 3.1496063 0 P 0
L 0.8287401 3.4350341 0.846455 3.452749 0 P 0
L 0.8444882 3.496063 0.9094488 3.496063 0 P 0
L 0.846455 3.452749 0.846455 3.4566947 0 P 0
L 0.8464567 3.3307088 0.8464567 3.4330709 0 P 0
L 0.8464567 3.3307088 1.0275592 3.1496063 0 P 0
L 0.8464567 3.4330709 0.8622047 3.4488189 0 P 0
L 0.8540778 3.4726938 0.8622047 3.4645669 0 P 0
L 0.8582677 3.3307088 0.8582677 3.3582677 0 P 0
L 0.8582677 3.3307088 1.0393702 3.1496063 0 P 0
L 0.8582677 3.3582677 0.9055118 3.4055118 0 P 0
L 0.8622047 3.2598425 0.8700789 3.2598425 0 P 0
L 0.8622047 3.4488189 0.8622047 3.4645669 0 P 0
L 0.8700789 3.2598425 0.9803151 3.1496063 0 P 0
L 0.9055118 3.4055118 0.9055118 3.4685039 0 P 0
L 0.9055118 3.4685039 0.9606299 3.523622 0 P 0
L 0.9094488 3.496063 0.94488 3.5314942 0 P 0
L 0.9212598 2.8149607 0.9212598 3.1220473 0 P 0
L 0.9212598 2.8149607 1.0866142 2.6496063 0 P 0
L 0.9335486 2.8223568 0.9335486 3.1255066 0 P 0
L 0.9335486 2.8223568 1.0944881 2.6614173 0 P 0
L 0.9446841 2.8269695 0.9446841 3.1301191 0 P 0
L 0.9446841 2.8269695 1.1023622 2.6692914 0 P 0
L 0.94488 3.5314942 0.94488 3.5314957 0 P 0
L 0.9488189 3.5679134 0.9498031 3.5679134 0 P 0
L 0.9498031 3.5679134 0.9606299 3.5570866 0 P 0
L 0.9558196 2.831582 0.9558196 3.1347316 0 P 0
L 0.9558196 2.831582 1.1102362 2.6771654 0 P 0
L 0.9606299 3.523622 0.9606299 3.5570866 0 P 0
L 0.9803151 2.8928617 0.9803151 3.1496063 0 P 0
L 0.9803151 2.8928617 1.0562533 2.8169235 0 P 0
L 0.9921261 2.8977539 0.9921261 3.1496063 0 P 0
L 0.9921261 2.8977539 1.0631083 2.8267717 0 P 0
L 1.0039371 2.9026461 1.0039371 3.1496063 0 P 0
L 1.0039371 2.9026461 1.0680005 2.8385827 0 P 0
L 1.0157482 2.9075384 1.0157482 3.1496063 0 P 0
L 1.0157482 2.9075384 1.0728929 2.8503937 0 P 0
L 1.0275592 2.9124306 1.0275592 3.1496063 0 P 0
L 1.0275592 2.9124306 1.0777851 2.8622047 0 P 0
L 1.0393702 2.9173228 1.0393702 3.1496063 0 P 0
L 1.0393702 2.9173228 1.0826772 2.8740158 0 P 0
L 1.047242 1.9411449 1.047242 1.944878 0 P 0
L 1.047242 1.9411449 1.0561024 1.9322845 0 P 0
L 1.0561024 1.859252 1.0561024 1.9322845 0 P 0
L 1.0561024 1.859252 1.4527559 1.4625985 0 P 0
L 1.0562533 2.8169235 1.3208718 2.8169235 0 P 0
L 1.0631083 2.8267717 1.3425196 2.8267717 0 P 0
L 1.0639764 1.8625135 1.0639764 1.9262919 0 P 0
L 1.0639764 1.8625135 1.4606299 1.46586 0 P 0
L 1.0639764 1.9262919 1.0671562 1.9294717 0 P 0
L 1.0669291 1.9409449 1.0671562 1.9407178 0 P 0
L 1.0671562 1.9294717 1.0671562 1.9407178 0 P 0
L 1.0680005 2.8385827 1.3425197 2.8385827 0 P 0
L 1.0718504 1.865775 1.0718504 1.9230304 0 P 0
L 1.0718504 1.865775 1.4552696 1.4823558 0 P 0
L 1.0718504 1.9230304 1.085395 1.936575 0 P 0
L 1.0728929 2.8503937 1.3228347 2.8503937 0 P 0
L 1.0777851 2.8622047 1.3188976 2.8622047 0 P 0
L 1.0826772 2.8740158 1.2125984 2.8740158 0 P 0
L 1.085395 1.936575 1.085395 1.9503177 0 P 0
L 1.0856299 1.863131 1.0856299 1.9173228 0 P 0
L 1.0856299 1.863131 1.4585311 1.4902298 0 P 0
L 1.0866142 2.6496063 1.1574803 2.6496063 0 P 0
L 1.0944881 2.6614173 1.2244094 2.6614173 0 P 0
L 1.1023622 2.6692914 1.2086614 2.6692914 0 P 0
L 1.1102362 2.6771654 1.1535433 2.6771654 0 P 0
L 1.1433706 4.2004094 1.1753706 4.2004094 3 P 0
L 1.1443706 4.3384094 1.1753706 4.3074094 3 P 0
L 1.1496063 3.2165354 1.3411031 3.2165354 3 P 0
L 1.1535433 2.6771654 1.1614173 2.6850394 0 P 0
L 1.1574803 2.6496063 1.1614173 2.6456693 0 P 0
L 1.1574803 3.3356299 1.1771653 3.3159449 2 P 0
L 1.1753706 4.2004094 1.1753706 4.3074094 3 P 0
L 1.1753706 4.2004094 1.3073706 4.0684094 3 P 0
L 1.1771653 3.3159449 1.2273622 3.3159449 2 P 0
L 1.1771654 1.8017985 1.1771654 2.5590552 0 P 0
L 1.1771654 1.8017985 1.4080977 1.5708662 0 P 0
L 1.1771654 2.5590552 1.2047244 2.5866142 0 P 0
L 1.1850394 1.80506 1.1850394 2.448819 0 P 0
L 1.1850394 1.80506 1.4113592 1.5787402 0 P 0
L 1.1850394 2.448819 1.2047194 2.468499 0 P 0
L 1.2047194 2.468499 1.346454 2.468499 0 P 0
L 1.2047244 2.5866142 1.2322835 2.5866142 0 P 0
L 1.2086614 2.6692914 1.2165354 2.6771654 0 P 0
L 1.2125984 2.8740158 1.2204724 2.8818898 0 P 0
L 1.2165354 2.6771654 1.2322835 2.6771654 0 P 0
L 1.2204724 2.8818898 1.2244094 2.8818898 0 P 0
L 1.2244094 2.6299213 1.2244094 2.6377952 0 P 0
L 1.2244094 2.6377952 1.2401575 2.6535433 0 P 0
L 1.2273622 3.3159449 1.3415354 3.3159449 2 P 0
L 1.230316 2.285434 1.230316 2.311024 0 P 0
L 1.230316 2.285434 1.372048 2.1437 0 P 0
L 1.2322835 2.6771653 1.2322835 2.6771654 0 P 0
L 1.2322835 2.6771653 1.2401575 2.6692913 0 P 0
L 1.2401575 2.6535433 1.2401575 2.6692913 0 P 0
L 1.251968 2.27559 1.251968 2.309056 0 P 0
L 1.251968 2.27559 1.379922 2.147638 0 P 0
L 1.265748 2.273622 1.265748 2.291338 0 P 0
L 1.265748 2.273622 1.387796 2.151574 0 P 0
L 1.287402 2.26378 1.287402 2.28937 0 P 0
L 1.287402 2.26378 1.39567 2.155512 0 P 0
L 1.301182 2.26378 1.301182 2.271654 0 P 0
L 1.301182 2.26378 1.403544 2.161418 0 P 0
L 1.3073706 4.0684094 1.3273706 4.0484094 3 P 0
L 1.3188976 2.8622047 1.3385827 2.8818898 0 P 0
L 1.3208718 2.8169235 1.3346457 2.8031496 0 P 0
L 1.3228347 2.8503937 1.3346457 2.8622047 0 P 0
L 1.324804 2.251968 1.324804 2.271654 0 P 0
L 1.324804 2.251968 1.411418 2.165354 0 P 0
L 1.3273706 4.0484094 1.4783706 4.0484094 3 P 0
L 1.3346457 2.8031496 1.3464567 2.8031496 0 P 0
L 1.3346457 2.8622047 1.3464567 2.8622047 0 P 0
L 1.3385827 2.8818898 1.3464567 2.8818898 0 P 0
L 1.3415354 3.3159449 1.3887795 3.3159449 2 P 0
L 1.3425196 2.8267717 1.3464567 2.8228346 0 P 0
L 1.3425197 2.8385827 1.3464567 2.8425197 0 P 0
L 1.34252 2.255906 1.419292 2.179134 0 P 0
L 1.3573706 4.4374094 1.3573706 4.4744094 3 P 0
L 1.3573706 4.4374094 1.4293706 4.3654094 3 P 0
L 1.372048 2.003938 1.372048 2.1437 0 P 0
L 1.372048 2.003938 1.5531494 1.8228346 0 P 0
L 1.379922 2.007874 1.379922 2.147638 0 P 0
L 1.379922 2.007874 2.0688984 1.3188976 0 P 0
L 1.387796 2.011812 1.387796 2.151574 0 P 0
L 1.387796 2.011812 2.0728363 1.3267717 0 P 0
L 1.3887795 3.3159449 1.4094488 3.3366142 2 P 0
L 1.39567 2.015748 1.39567 2.155512 0 P 0
L 1.39567 2.015748 1.564902 1.846514 0 P 0
L 1.403544 2.019686 1.403544 2.161418 0 P 0
L 1.403544 2.019686 1.568362 1.854866 0 P 0
L 1.4080977 1.5708662 1.6140335 1.5708662 0 P 0
L 1.4094488 3.3366142 1.4369375 3.3366142 2 P 0
L 1.4113592 1.5787402 1.617295 1.5787402 0 P 0
L 1.411418 2.023622 1.411418 2.165354 0 P 0
L 1.411418 2.023622 2.0846463 1.3503937 0 P 0
L 1.4163706 4.4204094 1.4163706 4.4704094 3 P 0
L 1.4163706 4.4204094 1.4513706 4.3854094 3 P 0
L 1.419292 2.02756 1.419292 2.179134 0 P 0
L 1.419292 2.02756 1.57528 1.87157 0 P 0
L 1.427166 2.031496 1.427166 2.25 0 P 0
L 1.427166 2.031496 2.0925203 1.3661417 0 P 0
L 1.4293706 4.1674094 1.4293706 4.3654094 3 P 0
L 1.4293706 4.1674094 1.4573706 4.1394094 3 P 0
L 1.4369375 3.3366142 1.46 3.3135517 2 P 0
L 1.44685 2.023622 1.44685 2.246064 0 P 0
L 1.44685 2.023622 2.0964563 1.3740157 0 P 0
L 1.4513706 4.1794094 1.4513706 4.3854094 3 P 0
L 1.4513706 4.1794094 1.4873706 4.1434094 3 P 0
L 1.4527559 1.1581558 1.4527559 1.4625985 0 P 0
L 1.4527559 1.1581558 1.5890582 1.0218535 0 P 0
L 1.4552696 1.4823558 1.6270479 1.4823558 0 P 0
L 1.4573706 4.1054094 1.4573706 4.1394094 3 P 0
L 1.4585311 1.4902298 1.6034243 1.4902298 0 P 0
L 1.46 3.08 1.46 3.3135517 2 P 0
L 1.46 3.08 1.56 2.98 2 P 0
L 1.4606299 1.1614173 1.4606299 1.46586 0 P 0
L 1.4606299 1.1614173 1.575192 1.0468552 0 P 0
L 1.468504 2.01378 1.468504 2.242126 0 P 0
L 1.468504 2.01378 1.585658 1.896624 0 P 0
L 1.4783706 4.0484094 1.4873706 4.0574094 3 P 0
L 1.482284 2.011812 1.482284 2.057086 0 P 0
L 1.482284 2.011812 2.1043322 1.3897638 0 P 0
L 1.4872047 2.1889764 1.5190554 2.1889764 5 P 0
L 1.4873706 4.0574094 1.4873706 4.1434094 3 P 0
L 1.496064 2.009842 1.496064 2.03937 0 P 0
L 1.496064 2.009842 2.1082682 1.3976378 0 P 0
L 1.5082358 1.4685039 1.6732284 1.4685039 0 P 0
L 1.509842 2.007874 1.509842 2.023622 0 P 0
L 1.509842 2.007874 1.598426 1.919292 0 P 0
L 1.5190554 2.1889764 1.5534411 2.1889764 2 P 0
L 1.52756 2.0012935 1.52756 2.009842 0 P 0
L 1.52756 2.0012935 2.1154677 1.4133858 0 P 0
L 1.549212 1.990777 1.549212 2.005906 0 P 0
L 1.549212 1.990777 2.1187292 1.4212598 0 P 0
L 1.5531494 1.8228346 2.0649604 1.3110236 0 P 0
L 1.5534411 2.1889764 1.6510565 2.2865918 2 P 0
L 1.56 2.98 1.613 2.98 2 P 0
L 1.564902 1.846514 2.0767703 1.3346457 0 P 0
L 1.568362 1.854866 2.0807083 1.3425197 0 P 0
L 1.570866 1.9802585 1.570866 2.001968 0 P 0
L 1.570866 1.9802585 2.1219906 1.4291339 0 P 0
L 1.575192 1.0468552 1.6846505 1.0468552 0 P 0
L 1.57528 1.87157 2.0885823 1.3582677 0 P 0
L 1.585658 1.896624 2.1003922 1.3818898 0 P 0
L 1.5890582 1.0218535 1.6705274 1.0218535 0 P 0
L 1.59252 1.96974 1.59252 1.998032 0 P 0
L 1.59252 1.96974 2.1252521 1.4370079 0 P 0
L 1.598426 1.919292 2.1122062 1.4055118 0 P 0
L 1.6034243 1.4902298 1.6122834 1.4990889 0 P 0
L 1.6140335 1.5708662 1.6140336 1.5708661 0 P 0
L 1.6140336 1.5708661 1.7480316 1.5708661 0 P 0
L 1.614174 1.9592215 1.614174 1.994094 0 P 0
L 1.614174 1.9592215 2.1285136 1.4448819 0 P 0
L 1.617295 1.5787402 1.7512929 1.5787402 0 P 0
L 1.635826 1.948705 1.635826 1.990158 0 P 0
L 1.635826 1.948705 2.1317751 1.4527559 0 P 0
L 1.6510565 2.2865918 1.6802639 2.3157992 1 P 0
L 1.65748 1.9381866 1.65748 1.98622 0 P 0
L 1.65748 1.9381866 2.1350367 1.4606299 0 P 0
L 1.6574803 1.4370079 1.6593498 1.4351384 0 P 0
L 1.6593498 1.4351384 1.6672239 1.4351384 0 P 0
L 1.6638271 1.4055118 1.6850394 1.4055118 0 P 0
L 1.664631 3.3145619 1.664631 4.154631 1 P 0
L 1.664631 3.3145619 1.6889764 3.2902165 1 P 0
L 1.664631 4.154631 1.945 4.435 1 P 0
L 1.6672239 1.4351384 1.7007874 1.4015749 0 P 0
L 1.6692913 0.488189 1.75437 0.488189 0 P 0
L 1.6705274 1.0164272 1.6705274 1.0218535 0 P 0
L 1.6705274 1.0164272 1.7172146 1.0164272 0 P 0
L 1.6732284 1.4685039 1.956693 1.1850393 0 P 0
L 1.677162 1.389761 1.6850394 1.3818836 0 P 0
L 1.679134 1.9276682 1.679134 1.982284 0 P 0
L 1.679134 1.9276682 2.1382983 1.4685039 0 P 0
L 1.6802639 2.3157992 1.6889764 2.3245117 1 P 0
L 1.6802639 2.3157992 1.8869221 2.1091409 2 P 0
L 1.6846505 1.0468552 1.7200835 1.0468552 0 P 0
L 1.6850394 1.3346457 1.6850394 1.3818836 0 P 0
L 1.6850394 1.3346457 1.7618111 1.257874 0 P 0
L 1.6850394 1.4055118 1.6929134 1.3976378 0 P 0
L 1.6889764 2.3245117 1.6889764 3.2902165 1 P 0
L 1.6889764 2.8946849 3.0098425 2.894685 2 P 0
L 1.690492 0.503937 1.690492 0.5251377 0 P 0
L 1.690492 0.503937 1.6936544 0.503937 0 P 0
L 1.690492 0.5251377 1.7618111 0.5964568 0 P 0
L 1.6929134 1.2637795 1.7244094 1.2637795 0 P 0
L 1.6929134 1.3379072 1.6929134 1.3976378 0 P 0
L 1.6929134 1.3379072 1.7696851 1.2611355 0 P 0
L 1.7007874 1.3411687 1.7007874 1.4015749 0 P 0
L 1.7007874 1.3411687 1.7775591 1.264397 0 P 0
L 1.700788 1.9173222 1.700788 1.978346 0 P 0
L 1.700788 1.9173222 2.1417322 1.476378 0 P 0
L 1.7165354 0.519685 1.7696851 0.5728347 0 P 0
L 1.7172146 1.0164272 1.7401575 1.0393701 0 P 0
L 1.7200835 1.0468552 1.7322834 1.0590551 0 P 0
L 1.72244 1.9074813 1.72244 1.97441 0 P 0
L 1.72244 1.9074813 2.1456693 1.484252 0 P 0
L 1.7322834 1.0590551 1.7480315 1.0590551 0 P 0
L 1.744094 1.8976382 1.744094 1.970472 0 P 0
L 1.744094 1.8976382 2.1496062 1.492126 0 P 0
L 1.7480316 1.5708661 2.1574803 1.1614174 0 P 0
L 1.7508468 0.5247437 1.7775591 0.551456 0 P 0
L 1.7512929 1.5787402 2.1929134 1.1371197 0 P 0
L 1.75437 0.488189 1.7854331 0.5192521 0 P 0
L 1.7618111 0.5964568 1.7618111 1.257874 0 P 0
L 1.765748 1.8877953 1.765748 1.966536 0 P 0
L 1.765748 1.8877953 2.1535433 1.5 0 P 0
L 1.7696851 0.5728347 1.7696851 1.2611355 0 P 0
L 1.7755906 2.9800001 1.8117308 2.9800001 2 P 0
L 1.7775591 0.551456 1.7775591 1.264397 0 P 0
L 1.7834646 1.2913385 1.7839566 1.2908465 0 P 0
L 1.7844488 1.2913386 1.7854331 1.2903543 0 P 0
L 1.7854331 0.5192521 1.7854331 1.2903543 0 P 0
L 1.787398 1.8779563 1.787398 1.966532 0 P 0
L 1.787398 1.8779563 2.1574803 1.507874 0 P 0
L 1.809056 1.8681093 1.809056 1.958662 0 P 0
L 1.809056 1.8681093 2.1614173 1.515748 0 P 0
L 1.8117308 2.9800001 3.0685042 2.9784584 2 P 0
L 1.830708 1.8582684 1.830708 1.956692 0 P 0
L 1.830708 1.8582684 2.1653544 1.523622 0 P 0
L 1.852362 1.8484272 1.852362 1.952756 0 P 0
L 1.852362 1.8484272 2.1692912 1.5314961 0 P 0
L 1.874016 1.8385824 1.874016 1.948818 0 P 0
L 1.874016 1.8385824 2.1732283 1.5393701 0 P 0
L 1.8869221 2.1091409 2.4788591 2.1091409 2 P 0
L 1.8937 1.8307094 1.8937 1.942914 0 P 0
L 1.8937 1.8307094 2.1771653 1.5472441 0 P 0
L 1.91535 1.8208704 1.91535 1.94291 0 P 0
L 1.91535 1.8208704 2.1811023 1.5551181 0 P 0
L 1.93307 1.8149615 1.93307 1.927166 0 P 0
L 1.93307 1.8149615 2.1850394 1.5629921 0 P 0
L 1.945 4.435 4.53 4.435 1 P 0
L 1.950788 1.8090546 1.950788 1.864174 0 P 0
L 1.950788 1.8090546 2.1889765 1.5708661 0 P 0
L 1.956693 1.1850393 1.9645904 1.1850393 0 P 0
L 1.97244 1.7992136 1.97244 1.860236 0 P 0
L 1.97244 1.7992136 2.1929134 1.5787402 0 P 0
L 1.994094 1.7893706 1.994094 1.8563 0 P 0
L 1.994094 1.7893706 2.1968504 1.5866142 0 P 0
L 10.0078737 1.5913428 10.0078737 2.3201835 0 P 0
L 10.0078737 2.3201835 10.1207611 2.4330709 0 P 0
L 10.0157478 1.5880813 10.0157478 2.3159638 0 P 0
L 10.0157478 2.3159638 10.124981 2.425197 0 P 0
L 10.0236211 1.58482 10.0236211 2.3127025 0 P 0
L 10.0236211 2.3127025 10.1282423 2.4173237 0 P 0
L 10.0314959 1.5815582 10.0314959 2.3094407 0 P 0
L 10.0314959 2.3094407 10.1315041 2.4094489 0 P 0
L 10.0393698 1.5782967 10.0393698 2.3061792 0 P 0
L 10.0393698 2.3061792 10.1347656 2.401575 0 P 0
L 10.047244 1.5750351 10.047244 2.3029176 0 P 0
L 10.047244 2.3029176 10.1380272 2.3937008 0 P 0
L 10.0551179 1.5717736 10.0551179 2.2996561 0 P 0
L 10.0551179 2.2996561 10.1412887 2.3858269 0 P 0
L 10.062992 1.5685121 10.062992 2.2963946 0 P 0
L 10.062992 2.2963946 10.1445502 2.3779528 0 P 0
L 10.0708659 1.5652506 10.0708659 2.2931331 0 P 0
L 10.0708659 2.2931331 10.1478117 2.3700789 0 P 0
L 10.07874 1.5619891 10.07874 2.2898716 0 P 0
L 10.07874 2.2898716 10.1510732 2.3622048 0 P 0
L 10.081623 2.527559 10.2112553 2.527559 0 P 0
L 10.0848846 2.519685 10.2149604 2.519685 0 P 0
L 10.086614 1.5587275 10.086614 2.28661 0 P 0
L 10.086614 2.28661 10.1543348 2.3543308 0 P 0
L 10.0881463 2.5118111 10.2188977 2.5118111 0 P 0
L 10.0914072 2.503937 10.2228346 2.503937 0 P 0
L 10.0944881 1.555466 10.0944881 2.2833485 0 P 0
L 10.0944881 2.2833485 10.1575963 2.3464567 0 P 0
L 10.0946689 2.4960629 10.2267715 2.4960629 0 P 0
L 10.0979306 2.488189 10.2307086 2.488189 0 P 0
L 10.1011922 2.480315 10.2346456 2.480315 0 P 0
L 10.102362 1.5522045 10.102362 2.280087 0 P 0
L 10.102362 2.280087 10.1608578 2.3385828 0 P 0
L 10.1044535 2.4724409 10.2385825 2.4724409 0 P 0
L 10.1077149 2.4645669 10.2425195 2.4645669 0 P 0
L 10.1089424 1.112204 10.3550061 1.3582677 0 P 0
L 10.1102359 1.548943 10.1102359 2.2768255 0 P 0
L 10.1102359 2.2768255 10.1641193 2.3307089 0 P 0
L 10.1109765 2.4566929 10.2464566 2.4566929 0 P 0
L 10.112204 1.10433 10.3582676 1.3503936 0 P 0
L 10.1142383 2.4488189 10.2503936 2.4488189 0 P 0
L 10.1154656 1.096456 10.3615292 1.3425196 0 P 0
L 10.1174998 2.440945 10.2543307 2.440945 0 P 0
L 10.1181101 1.5456814 10.1181101 2.2735639 0 P 0
L 10.1181101 2.2735639 10.1673809 2.3228347 0 P 0
L 10.118727 1.088582 10.3647907 1.3346457 0 P 0
L 10.1207611 2.4330709 10.2582676 2.4330709 0 P 0
L 10.1219886 1.080708 10.3680522 1.3267716 0 P 0
L 10.124981 2.425197 10.2622046 2.425197 0 P 0
L 10.1252502 1.072834 10.3713138 1.3188976 0 P 0
L 10.125984 1.5424199 10.125984 2.2703024 0 P 0
L 10.125984 2.2703024 10.1706424 2.3149608 0 P 0
L 10.1282423 2.4173237 10.2661407 2.4173237 0 P 0
L 10.1285118 1.06496 10.3745753 1.3110235 0 P 0
L 10.1315041 2.4094489 10.2700785 2.4094489 0 P 0
L 10.1317732 1.057086 10.3778368 1.3031496 0 P 0
L 10.1338581 1.5391584 10.1338581 2.2670409 0 P 0
L 10.1338581 2.2670409 10.1739039 2.3070867 0 P 0
L 10.1347656 2.401575 10.2799205 2.401575 0 P 0
L 10.1350348 1.049212 10.3810983 1.2952755 0 P 0
L 10.1380272 2.3937008 10.2917327 2.3937008 0 P 0
L 10.1382962 1.041338 10.3843598 1.2874016 0 P 0
L 10.1412887 2.3858269 10.3035446 2.3858269 0 P 0
L 10.1415578 1.033464 10.3876213 1.2795275 0 P 0
L 10.1417322 1.5358969 10.1417322 2.2637794 0 P 0
L 10.1417322 2.2637794 10.1771654 2.2992126 0 P 0
L 10.1445502 2.3779528 10.3153543 2.3779528 0 P 0
L 10.1448194 1.02559 10.3908829 1.2716535 0 P 0
L 10.1478117 2.3700789 10.3429124 2.3700789 0 P 0
L 10.148081 1.017716 10.3941444 1.2637794 0 P 0
L 10.1510732 2.3622048 10.3566911 2.3622048 0 P 0
L 10.1513424 1.009842 10.3974059 1.2559055 0 P 0
L 10.1543348 2.3543308 10.3370077 2.3543308 0 P 0
L 10.154604 1.001968 10.4006674 1.2480314 0 P 0
L 10.1575963 2.3464567 10.3330692 2.3464567 0 P 0
L 10.1578656 0.994094 10.403929 1.2401574 0 P 0
L 10.1608578 2.3385828 10.3212596 2.3385828 0 P 0
L 10.161127 0.98622 10.4071905 1.2322835 0 P 0
L 10.1641193 2.3307089 10.3173225 2.3307089 0 P 0
L 10.1643886 0.978346 10.410452 1.2244094 0 P 0
L 10.1673809 2.3228347 10.3133857 2.3228347 0 P 0
L 10.1676502 0.970472 10.4137136 1.2165354 0 P 0
L 10.1706424 2.3149608 10.3094486 2.3149608 0 P 0
L 10.1709118 0.962598 10.4169751 1.2086613 0 P 0
L 10.1739039 2.3070867 10.3055117 2.3070867 0 P 0
L 10.1741732 0.954724 10.4202366 1.2007874 0 P 0
L 10.1771654 2.2992126 10.3015748 2.2992126 0 P 0
L 10.1774348 0.94685 10.4234981 1.1929133 0 P 0
L 10.1806962 0.938976 10.4267596 1.1850394 0 P 0
L 10.1839578 0.931102 10.4300211 1.1771653 0 P 0
L 10.1872194 0.923228 10.4332827 1.1692913 0 P 0
L 10.190481 0.915354 10.4365442 1.1614172 0 P 0
L 10.1937426 0.90748 10.4398058 1.1535432 0 P 0
L 10.197004 0.899606 10.4430673 1.1456693 0 P 0
L 10.2002656 0.891732 10.4463288 1.1377952 0 P 0
L 10.203527 0.883858 10.4495903 1.1299213 0 P 0
L 10.2112553 2.527559 10.2228345 2.5391382 0 P 0
L 10.2149604 2.519685 10.2307086 2.5354332 0 P 0
L 10.2188977 2.5118111 10.2385826 2.531496 0 P 0
L 10.2228345 2.5391382 10.2228345 2.6771653 0 P 0
L 10.2228345 2.6771653 10.3763779 2.8307087 0 P 0
L 10.2228346 2.503937 10.2464566 2.527559 0 P 0
L 10.2247566 0.8543304 10.4491664 1.0787402 0 P 0
L 10.2267715 2.4960629 10.2543306 2.523622 0 P 0
L 10.2280182 0.8464564 10.4524279 1.0708661 0 P 0
L 10.2307086 2.488189 10.2622046 2.519685 0 P 0
L 10.2307086 2.5354332 10.2307086 2.6732284 0 P 0
L 10.2307086 2.6732284 10.3803148 2.8228346 0 P 0
L 10.2312798 0.8385824 10.4556895 1.0629921 0 P 0
L 10.2345412 0.8307084 10.458951 1.0551182 0 P 0
L 10.2346456 2.480315 10.2700786 2.515748 0 P 0
L 10.2378028 0.8228344 10.4622125 1.0472441 0 P 0
L 10.2385825 2.4724409 10.2779527 2.5118111 0 P 0
L 10.2385826 2.531496 10.2385826 2.6692914 0 P 0
L 10.2385826 2.6692914 10.3842518 2.8149606 0 P 0
L 10.2410644 0.8149604 10.4654741 1.0393701 0 P 0
L 10.2425195 2.4645669 10.2858267 2.5078741 0 P 0
L 10.2443258 0.8070864 10.4687355 1.0314961 0 P 0
L 10.2464566 2.4566929 10.2937007 2.503937 0 P 0
L 10.2464566 2.527559 10.2464566 2.6653544 0 P 0
L 10.2464566 2.6653544 10.3881888 2.8070866 0 P 0
L 10.2475874 0.7992124 10.4719971 1.0236221 0 P 0
L 10.2503936 2.4488189 10.3015747 2.5 0 P 0
L 10.250849 0.7913384 10.4752586 1.015748 0 P 0
L 10.2541105 0.7834644 10.4785201 1.007874 0 P 0
L 10.2543306 2.523622 10.2543306 2.6614173 0 P 0
L 10.2543306 2.6614173 10.3921259 2.7992126 0 P 0
L 10.2543307 2.440945 10.3094487 2.496063 0 P 0
L 10.257372 0.7755904 10.4817816 1 0 P 0
L 10.2582676 2.4330709 10.3173227 2.492126 0 P 0
L 10.2606336 0.7677164 10.4850432 0.992126 0 P 0
L 10.2622046 2.425197 10.2622047 2.4251969 0 P 0
L 10.2622046 2.519685 10.2622046 2.6574803 0 P 0
L 10.2622046 2.6574803 10.3960629 2.7913386 0 P 0
L 10.2622047 2.4251969 10.3251968 2.488189 0 P 0
L 10.263895 0.7598424 10.4883047 0.9842521 0 P 0
L 10.2661407 2.4173237 10.2661416 2.4173228 0 P 0
L 10.2661416 2.4173228 10.3330708 2.484252 0 P 0
L 10.2671566 0.7519684 10.4915662 0.976378 0 P 0
L 10.2700785 2.4094489 10.2700786 2.4094488 0 P 0
L 10.2700786 2.4094488 10.3409448 2.480315 0 P 0
L 10.2700786 2.515748 10.2700786 2.6535433 0 P 0
L 10.2700786 2.6535433 10.3999999 2.7834646 0 P 0
L 10.2704182 0.7440944 10.4948277 0.9685039 0 P 0
L 10.2736798 0.7362204 10.4980893 0.9606299 0 P 0
L 10.2769414 0.7283464 10.5013509 0.9527559 0 P 0
L 10.2779527 2.5118111 10.2779527 2.6397648 0 P 0
L 10.2779527 2.6397648 10.4078739 2.769686 0 P 0
L 10.2799205 2.401575 10.2799207 2.4015748 0 P 0
L 10.2799207 2.4015748 10.3586619 2.480316 0 P 0
L 10.280203 0.7204724 10.5046125 0.9448819 0 P 0
L 10.2858267 2.5078741 10.2858267 2.6259843 0 P 0
L 10.2858267 2.6259843 10.3566928 2.6968504 0 P 0
L 10.2917327 2.3937008 10.3586619 2.46063 0 P 0
L 10.2937007 2.503937 10.2937007 2.6141733 0 P 0
L 10.2937007 2.6141733 10.3566928 2.6771654 0 P 0
L 10.3015747 2.5 10.3015747 2.6023628 0 P 0
L 10.3015747 2.6023628 10.3566919 2.65748 0 P 0
L 10.3015748 2.2992126 10.376378 2.2244094 0 P 0
L 10.3035446 2.3858269 10.3035447 2.3858268 0 P 0
L 10.3035447 2.3858268 10.3586619 2.440944 0 P 0
L 10.3055117 2.3070867 10.3803149 2.2322835 0 P 0
L 10.3094486 2.3149608 10.3842519 2.2401575 0 P 0
L 10.3094487 2.496063 10.3094487 2.5905512 0 P 0
L 10.3094487 2.5905512 10.3566928 2.6377953 0 P 0
L 10.3133857 2.3228347 10.3881884 2.248032 0 P 0
L 10.3153543 2.3779528 10.3586619 2.42126 0 P 0
L 10.3173225 2.3307089 10.3921259 2.2559055 0 P 0
L 10.3173227 2.492126 10.3173227 2.5590568 0 P 0
L 10.3173227 2.5590568 10.3566919 2.598426 0 P 0
L 10.3212596 2.3385828 10.3881884 2.271654 0 P 0
L 10.3251968 2.488189 10.3251968 2.5472449 0 P 0
L 10.3251968 2.5472449 10.3566919 2.57874 0 P 0
L 10.3330692 2.3464567 10.3566919 2.322834 0 P 0
L 10.3330708 2.484252 10.3330708 2.535428 0 P 0
L 10.3330708 2.535428 10.3566928 2.55905 0 P 0
L 10.3370077 2.3543308 10.3488188 2.3425197 0 P 0
L 10.3409448 2.480315 10.3409448 2.523622 0 P 0
L 10.3409448 2.523622 10.3547244 2.5374016 0 P 0
L 10.3429124 2.3700789 10.3429126 2.3700787 0 P 0
L 10.3429126 2.3700787 10.3566919 2.383858 0 P 0
L 10.3488188 2.3425197 10.3566916 2.3425197 0 P 0
L 10.3547244 2.5374016 10.3566929 2.5374016 0 P 0
L 10.3550061 1.3582677 11.047244 1.3582677 0 P 0
L 10.3566911 2.3622048 10.3566919 2.362204 0 P 0
L 10.3566916 2.3425197 10.3566919 2.34252 0 P 0
L 10.3582676 1.3503936 11.0505055 1.3503936 0 P 0
L 10.3615292 1.3425196 11.0537671 1.3425196 0 P 0
L 10.3647907 1.3346457 11.0570286 1.3346457 0 P 0
L 10.3680522 1.3267716 11.0602901 1.3267716 0 P 0
L 10.3713138 1.3188976 11.0635517 1.3188976 0 P 0
L 10.3745753 1.3110235 11.0668132 1.3110235 0 P 0
L 10.3763779 2.8307087 10.5240172 2.8307087 0 P 0
L 10.376378 2.2244094 10.4452753 2.2244094 0 P 0
L 10.3778368 1.3031496 11.0700747 1.3031496 0 P 0
L 10.3803148 2.8228346 10.4990425 2.8228346 0 P 0
L 10.3803149 2.2322835 10.435433 2.2322835 0 P 0
L 10.3810983 1.2952755 11.0733362 1.2952755 0 P 0
L 10.3842518 2.8149606 10.4957809 2.8149606 0 P 0
L 10.3842519 2.2401575 10.427559 2.2401575 0 P 0
L 10.3843598 1.2874016 11.0765977 1.2874016 0 P 0
L 10.3876213 1.2795275 11.0798592 1.2795275 0 P 0
L 10.3881884 2.248032 10.4236225 2.248032 0 P 0
L 10.3881884 2.271654 10.4078739 2.271654 0 P 0
L 10.3881888 2.8070866 10.4925193 2.8070866 0 P 0
L 10.3908829 1.2716535 11.0831208 1.2716535 0 P 0
L 10.3921259 2.2559055 10.4118114 2.2559055 0 P 0
L 10.3921259 2.7992126 10.4374033 2.7992126 0 P 0
L 10.3941444 1.2637794 11.0863823 1.2637794 0 P 0
L 10.3960629 2.7913386 10.4255913 2.7913386 0 P 0
L 10.3974059 1.2559055 11.0896438 1.2559055 0 P 0
L 10.3999999 2.7834646 10.4157479 2.7834646 0 P 0
L 10.4006674 1.2480314 11.0929053 1.2480314 0 P 0
L 10.403929 1.2401574 11.0961669 1.2401574 0 P 0
L 10.4071905 1.2322835 11.0994284 1.2322835 0 P 0
L 10.410452 1.2244094 11.1026899 1.2244094 0 P 0
L 10.4118114 2.2559055 10.4275599 2.271654 0 P 0
L 10.4137136 1.2165354 11.1059515 1.2165354 0 P 0
L 10.4157479 2.7834646 10.4275599 2.7716526 0 P 0
L 10.4169751 1.2086613 11.109213 1.2086613 0 P 0
L 10.4202366 1.2007874 11.1124745 1.2007874 0 P 0
L 10.4234981 1.1929133 11.115736 1.1929133 0 P 0
L 10.4236225 2.248032 10.443307 2.2677165 0 P 0
L 10.4255913 2.7913386 10.4472439 2.769686 0 P 0
L 10.4267596 1.1850394 11.1189975 1.1850394 0 P 0
L 10.427559 2.2401575 10.459055 2.2716535 0 P 0
L 10.4275599 2.769686 10.4275599 2.7716526 0 P 0
L 10.4300211 1.1771653 11.122259 1.1771653 0 P 0
L 10.4332827 1.1692913 11.1255206 1.1692913 0 P 0
L 10.435433 2.2322835 10.4826779 2.2795284 0 P 0
L 10.4354339 2.2913386 10.443307 2.2834655 0 P 0
L 10.4365442 1.1614172 11.1287821 1.1614172 0 P 0
L 10.4374033 2.7992126 10.4669299 2.769686 0 P 0
L 10.4398058 1.1535432 11.1320437 1.1535432 0 P 0
L 10.4430673 1.1456693 11.1353052 1.1456693 0 P 0
L 10.443307 2.2677165 10.443307 2.2834655 0 P 0
L 10.4452753 2.2244094 10.4984259 2.27756 0 P 0
L 10.4463288 1.1377952 11.1385667 1.1377952 0 P 0
L 10.4491664 1.0787402 11.2992126 1.0787402 0 P 0
L 10.4495903 1.1299213 11.1418282 1.1299213 0 P 0
L 10.4524279 1.0708661 11.3024741 1.0708661 0 P 0
L 10.4556895 1.0629921 11.3057357 1.0629921 0 P 0
L 10.458951 1.0551182 11.3089972 1.0551182 0 P 0
L 10.459055 2.2716535 10.459055 2.2913386 0 P 0
L 10.4622125 1.0472441 11.3122587 1.0472441 0 P 0
L 10.4654741 1.0393701 11.3155203 1.0393701 0 P 0
L 10.4687355 1.0314961 11.3187817 1.0314961 0 P 0
L 10.4719971 1.0236221 11.3220433 1.0236221 0 P 0
L 10.4752586 1.015748 11.3253048 1.015748 0 P 0
L 10.4785201 1.007874 11.3285664 1.007874 0 P 0
L 10.4817816 1 11.3318278 1 0 P 0
L 10.4826779 2.2795284 10.4826779 2.291339 0 P 0
L 10.4850432 0.992126 11.3350894 0.992126 0 P 0
L 10.4883047 0.9842521 11.3383509 0.9842521 0 P 0
L 10.4915662 0.976378 11.3416124 0.976378 0 P 0
L 10.4925193 2.8070866 10.5751959 2.72441 0 P 0
L 10.4948277 0.9685039 11.3448739 0.9685039 0 P 0
L 10.4957809 2.8149606 10.5627095 2.748032 0 P 0
L 10.4980893 0.9606299 11.3481355 0.9606299 0 P 0
L 10.4984259 2.27756 10.5653539 2.27756 0 P 0
L 10.4990425 2.8228346 10.5521931 2.769684 0 P 0
L 10.5013509 0.9527559 11.351397 0.9527559 0 P 0
L 10.5046125 0.9448819 11.3546585 0.9448819 0 P 0
L 10.5240172 2.8307087 10.5850399 2.769686 0 P 0
L 10.5521931 2.769684 10.5653539 2.769684 0 P 0
L 10.5627095 2.748032 10.5751959 2.748032 0 P 0
L 11.047244 1.3582677 11.1181102 1.4291339 0 P 0
L 11.0505055 1.3503936 11.1259843 1.4258724 0 P 0
L 11.0537671 1.3425196 11.1338583 1.4226108 0 P 0
L 11.0570286 1.3346457 11.1417322 1.4193493 0 P 0
L 11.0602901 1.3267716 11.1496063 1.4160878 0 P 0
L 11.0635517 1.3188976 11.1574803 1.4128262 0 P 0
L 11.0668132 1.3110235 11.1653544 1.4095647 0 P 0
L 11.0700747 1.3031496 11.1732283 1.4063032 0 P 0
L 11.0733362 1.2952755 11.1811024 1.4030417 0 P 0
L 11.0765977 1.2874016 11.1889763 1.3997802 0 P 0
L 11.0798592 1.2795275 11.1968504 1.3965187 0 P 0
L 11.0831208 1.2716535 11.2047244 1.3932571 0 P 0
L 11.0863823 1.2637794 11.2125985 1.3899956 0 P 0
L 11.0896438 1.2559055 11.2204724 1.3867341 0 P 0
L 11.0929053 1.2480314 11.2283465 1.3834726 0 P 0
L 11.0961669 1.2401574 11.2362205 1.380211 0 P 0
L 11.0994284 1.2322835 11.2440944 1.3769495 0 P 0
L 11.1026899 1.2244094 11.2519685 1.373688 0 P 0
L 11.1059515 1.2165354 11.2598425 1.3704264 0 P 0
L 11.109213 1.2086613 11.2677166 1.3671649 0 P 0
L 11.1124745 1.2007874 11.2755905 1.3639034 0 P 0
L 11.115736 1.1929133 11.2834646 1.3606419 0 P 0
L 11.1181102 1.4291339 11.1181102 2.3661417 0 P 0
L 11.1181102 2.3661417 11.2795275 2.527559 0 P 0
L 11.1189975 1.1850394 11.2913385 1.3573804 0 P 0
L 11.122259 1.1771653 11.2992126 1.3541189 0 P 0
L 11.1255206 1.1692913 11.3070866 1.3508573 0 P 0
L 11.1259843 1.4258724 11.1259843 2.3628803 0 P 0
L 11.1259843 2.3628803 11.282789 2.519685 0 P 0
L 11.1287821 1.1614172 11.3149607 1.3475958 0 P 0
L 11.1320437 1.1535432 11.3228347 1.3443342 0 P 0
L 11.1338583 1.4226108 11.1338583 2.3596187 0 P 0
L 11.1338583 2.3596187 11.2860507 2.5118111 0 P 0
L 11.1353052 1.1456693 11.3307086 1.3410727 0 P 0
L 11.1385667 1.1377952 11.3385827 1.3378112 0 P 0
L 11.1417322 1.4193493 11.1417322 2.3563572 0 P 0
L 11.1417322 2.3563572 11.289312 2.503937 0 P 0
L 11.1418282 1.1299213 11.3464566 1.3345497 0 P 0
L 11.1496063 1.4160878 11.1496063 2.3530957 0 P 0
L 11.1496063 2.3530957 11.2925735 2.4960629 0 P 0
L 11.1574803 1.4128262 11.1574803 2.3498341 0 P 0
L 11.1574803 2.3498341 11.2958352 2.488189 0 P 0
L 11.1653544 1.4095647 11.1653544 2.3465726 0 P 0
L 11.1653544 2.3465726 11.2990968 2.480315 0 P 0
L 11.1732283 1.4063032 11.1732283 2.3433111 0 P 0
L 11.1732283 2.3433111 11.3023581 2.4724409 0 P 0
L 11.1811024 1.4030417 11.1811024 2.3400496 0 P 0
L 11.1811024 2.3400496 11.3056197 2.4645669 0 P 0
L 11.1889763 1.3997802 11.1889763 2.3367881 0 P 0
L 11.1889763 2.3367881 11.3088811 2.4566929 0 P 0
L 11.1968504 1.3965187 11.1968504 2.3335266 0 P 0
L 11.1968504 2.3335266 11.3121427 2.4488189 0 P 0
L 11.2047244 1.3932571 11.2047244 2.330265 0 P 0
L 11.2047244 2.330265 11.3154044 2.440945 0 P 0
L 11.2125985 1.3899956 11.2125985 2.3270035 0 P 0
L 11.2125985 2.3270035 11.3186659 2.4330709 0 P 0
L 11.2204724 1.3867341 11.2204724 2.3228346 0 P 0
L 11.2204724 2.3228346 11.3228346 2.4251968 0 P 0
L 11.2283465 1.3834726 11.2283465 2.3195731 0 P 0
L 11.2283465 2.3195731 11.3260961 2.4173227 0 P 0
L 11.2362205 1.380211 11.2362205 2.3163115 0 P 0
L 11.2362205 2.3163115 11.3293577 2.4094487 0 P 0
L 11.2440944 1.3769495 11.2440944 2.31305 0 P 0
L 11.2440944 2.31305 11.3326192 2.4015748 0 P 0
L 11.2519685 1.373688 11.2519685 2.3097885 0 P 0
L 11.2519685 2.3097885 11.3358807 2.3937007 0 P 0
L 11.2598425 1.3704264 11.2598425 2.3065269 0 P 0
L 11.2598425 2.3065269 11.3391423 2.3858267 0 P 0
L 11.2677166 1.3671649 11.2677166 2.3032654 0 P 0
L 11.2677166 2.3032654 11.3424038 2.3779526 0 P 0
L 11.2755905 1.3639034 11.2755905 2.3000039 0 P 0
L 11.2755905 2.3000039 11.3456653 2.3700787 0 P 0
L 11.2795275 2.527559 11.4112553 2.527559 0 P 0
L 11.282789 2.519685 11.4149604 2.519685 0 P 0
L 11.2834646 1.3606419 11.2834646 2.2967424 0 P 0
L 11.2834646 2.2967424 11.3489268 2.3622046 0 P 0
L 11.2860507 2.5118111 11.4188977 2.5118111 0 P 0
L 11.289312 2.503937 11.4228346 2.503937 0 P 0
L 11.2913385 1.3573804 11.2913385 2.2934809 0 P 0
L 11.2913385 2.2934809 11.3521883 2.3543307 0 P 0
L 11.2925735 2.4960629 11.4267715 2.4960629 0 P 0
L 11.2958352 2.488189 11.4307086 2.488189 0 P 0
L 11.2990968 2.480315 11.4346456 2.480315 0 P 0
L 11.2992126 1.0787402 11.5984252 1.3779528 0 P 0
L 11.2992126 1.3541189 11.2992126 2.2902194 0 P 0
L 11.2992126 2.2902194 11.3554498 2.3464566 0 P 0
L 11.3023581 2.4724409 11.4385825 2.4724409 0 P 0
L 11.3024741 1.0708661 11.6016867 1.3700787 0 P 0
L 11.3056197 2.4645669 11.4425195 2.4645669 0 P 0
L 11.3057357 1.0629921 11.6049483 1.3622047 0 P 0
L 11.3070866 1.3508573 11.3070866 2.2869578 0 P 0
L 11.3070866 2.2869578 11.3587114 2.3385826 0 P 0
L 11.3088811 2.4566929 11.4464566 2.4566929 0 P 0
L 11.3089972 1.0551182 11.6082098 1.3543308 0 P 0
L 11.3121427 2.4488189 11.4503936 2.4488189 0 P 0
L 11.3122587 1.0472441 11.6114713 1.3464567 0 P 0
L 11.3149607 1.3475958 11.3149607 2.2836963 0 P 0
L 11.3149607 2.2836963 11.3619729 2.3307085 0 P 0
L 11.3154044 2.440945 11.4543307 2.440945 0 P 0
L 11.3155203 1.0393701 11.6147329 1.3385827 0 P 0
L 11.3186659 2.4330709 11.4582676 2.4330709 0 P 0
L 11.3187817 1.0314961 11.6179943 1.3307087 0 P 0
L 11.3220433 1.0236221 11.6212559 1.3228347 0 P 0
L 11.3228346 2.4251968 11.4622046 2.4251968 0 P 0
L 11.3228347 1.3443342 11.3228347 2.2804347 0 P 0
L 11.3228347 2.2804347 11.3652345 2.3228345 0 P 0
L 11.3253048 1.015748 11.6245174 1.3149606 0 P 0
L 11.3260961 2.4173227 11.4661415 2.4173227 0 P 0
L 11.3285664 1.007874 11.627779 1.3070866 0 P 0
L 11.3293577 2.4094487 11.4700785 2.4094487 0 P 0
L 11.3307086 1.3410727 11.3307086 2.2771732 0 P 0
L 11.3307086 2.2771732 11.368496 2.3149606 0 P 0
L 11.3318278 1 11.6310404 1.2992126 0 P 0
L 11.3326192 2.4015748 11.4799207 2.4015748 0 P 0
L 11.3350894 0.992126 11.634302 1.2913386 0 P 0
L 11.3358807 2.3937007 11.4917326 2.3937007 0 P 0
L 11.3383509 0.9842521 11.6375635 1.2834647 0 P 0
L 11.3385827 1.3378112 11.3385827 2.2739117 0 P 0
L 11.3385827 2.2739117 11.3717575 2.3070865 0 P 0
L 11.3391423 2.3858267 11.5035446 2.3858267 0 P 0
L 11.3416124 0.976378 11.640825 1.2755906 0 P 0
L 11.3424038 2.3779526 11.5153541 2.3779526 0 P 0
L 11.3448739 0.9685039 11.6440865 1.2677165 0 P 0
L 11.3456653 2.3700787 11.5429126 2.3700787 0 P 0
L 11.3464566 1.3345497 11.3464566 2.2706502 0 P 0
L 11.3464566 2.2706502 11.375019 2.2992126 0 P 0
L 11.3481355 0.9606299 11.6473481 1.2598425 0 P 0
L 11.3489268 2.3622046 11.5566913 2.3622046 0 P 0
L 11.351397 0.9527559 11.6506096 1.2519685 0 P 0
L 11.3521883 2.3543307 11.5370078 2.3543307 0 P 0
L 11.3546585 0.9448819 11.6538711 1.2440945 0 P 0
L 11.3554498 2.3464566 11.5330691 2.3464566 0 P 0
L 11.3587114 2.3385826 11.5212598 2.3385826 0 P 0
L 11.3619729 2.3307085 11.5173227 2.3307085 0 P 0
L 11.3652345 2.3228345 11.5133857 2.3228345 0 P 0
L 11.368496 2.3149606 11.5094488 2.3149606 0 P 0
L 11.3717575 2.3070865 11.5055117 2.3070865 0 P 0
L 11.375019 2.2992126 11.5015748 2.2992126 0 P 0
L 11.4112553 2.527559 11.4228345 2.5391382 0 P 0
L 11.4149604 2.519685 11.4307086 2.5354332 0 P 0
L 11.4188977 2.5118111 11.4385826 2.531496 0 P 0
L 11.4228345 2.5391382 11.4228345 2.6771653 0 P 0
L 11.4228345 2.6771653 11.5763779 2.8307087 0 P 0
L 11.4228346 2.503937 11.4464566 2.527559 0 P 0
L 11.4267715 2.4960629 11.4543306 2.523622 0 P 0
L 11.4307086 2.488189 11.4622046 2.519685 0 P 0
L 11.4307086 2.5354332 11.4307086 2.6732284 0 P 0
L 11.4307086 2.6732284 11.5803148 2.8228346 0 P 0
L 11.4346456 2.480315 11.4700786 2.515748 0 P 0
L 11.4385825 2.4724409 11.4779527 2.5118111 0 P 0
L 11.4385826 2.531496 11.4385826 2.6692914 0 P 0
L 11.4385826 2.6692914 11.5842518 2.8149606 0 P 0
L 11.4425195 2.4645669 11.4858267 2.5078741 0 P 0
L 11.4464566 2.4566929 11.4937007 2.503937 0 P 0
L 11.4464566 2.527559 11.4464566 2.6653544 0 P 0
L 11.4464566 2.6653544 11.5881888 2.8070866 0 P 0
L 11.4503936 2.4488189 11.5015747 2.5 0 P 0
L 11.4543306 2.523622 11.4543306 2.6614173 0 P 0
L 11.4543306 2.6614173 11.5921259 2.7992126 0 P 0
L 11.4543307 2.440945 11.5094487 2.496063 0 P 0
L 11.4582676 2.4330709 11.5173227 2.492126 0 P 0
L 11.4622046 2.4251968 11.5251968 2.488189 0 P 0
L 11.4622046 2.519685 11.4622046 2.6574803 0 P 0
L 11.4622046 2.6574803 11.5960629 2.7913386 0 P 0
L 11.4661415 2.4173227 11.5330708 2.484252 0 P 0
L 11.4700785 2.4094487 11.5409448 2.480315 0 P 0
L 11.4700786 2.515748 11.4700786 2.6535433 0 P 0
L 11.4700786 2.6535433 11.5999999 2.7834646 0 P 0
L 11.4779527 2.5118111 11.4779527 2.6397648 0 P 0
L 11.4779527 2.6397648 11.6078739 2.769686 0 P 0
L 11.4799207 2.4015748 11.5586619 2.480316 0 P 0
L 11.4858267 2.5078741 11.4858267 2.6259843 0 P 0
L 11.4858267 2.6259843 11.5566928 2.6968504 0 P 0
L 11.4917326 2.3937007 11.5586619 2.46063 0 P 0
L 11.4937007 2.503937 11.4937007 2.6141733 0 P 0
L 11.4937007 2.6141733 11.5566928 2.6771654 0 P 0
L 11.5015747 2.5 11.5015747 2.6023628 0 P 0
L 11.5015747 2.6023628 11.5566919 2.65748 0 P 0
L 11.5015748 2.2992126 11.576378 2.2244094 0 P 0
L 11.5035446 2.3858267 11.5586619 2.440944 0 P 0
L 11.5055117 2.3070865 11.5055118 2.3070866 0 P 0
L 11.5055118 2.3070866 11.5803149 2.2322835 0 P 0
L 11.5094487 2.496063 11.5094487 2.5905512 0 P 0
L 11.5094487 2.5905512 11.5566928 2.6377953 0 P 0
L 11.5094488 2.3149606 11.5842519 2.2401575 0 P 0
L 11.5133857 2.3228345 11.5133858 2.3228346 0 P 0
L 11.5133858 2.3228346 11.5881884 2.248032 0 P 0
L 11.5153541 2.3779526 11.5153543 2.3779528 0 P 0
L 11.5153543 2.3779528 11.5586619 2.42126 0 P 0
L 11.5173227 2.3307085 11.5173228 2.3307086 0 P 0
L 11.5173227 2.492126 11.5173227 2.5590568 0 P 0
L 11.5173227 2.5590568 11.5566919 2.598426 0 P 0
L 11.5173228 2.3307086 11.5921259 2.2559055 0 P 0
L 11.5212598 2.3385826 11.5881884 2.271654 0 P 0
L 11.5251968 2.488189 11.5251968 2.5472449 0 P 0
L 11.5251968 2.5472449 11.5566919 2.57874 0 P 0
L 11.5330691 2.3464566 11.5330692 2.3464567 0 P 0
L 11.5330692 2.3464567 11.5566919 2.322834 0 P 0
L 11.5330708 2.484252 11.5330708 2.535428 0 P 0
L 11.5330708 2.535428 11.5566928 2.55905 0 P 0
L 11.5370078 2.3543307 11.5488188 2.3425197 0 P 0
L 11.5409448 2.480315 11.5409448 2.523622 0 P 0
L 11.5409448 2.523622 11.5561024 2.5387796 0 P 0
L 11.5429126 2.3700787 11.5566919 2.383858 0 P 0
L 11.5488188 2.3425197 11.5566916 2.3425197 0 P 0
L 11.5566913 2.3622046 11.5566919 2.362204 0 P 0
L 11.5566916 2.3425197 11.5566919 2.34252 0 P 0
L 11.5763779 2.8307087 11.7240172 2.8307087 0 P 0
L 11.576378 2.2244094 11.6452753 2.2244094 0 P 0
L 11.5803148 2.8228346 11.6990425 2.8228346 0 P 0
L 11.5803149 2.2322835 11.635433 2.2322835 0 P 0
L 11.5842518 2.8149606 11.6957809 2.8149606 0 P 0
L 11.5842519 2.2401575 11.627559 2.2401575 0 P 0
L 11.5881884 2.248032 11.6236225 2.248032 0 P 0
L 11.5881884 2.271654 11.6078739 2.271654 0 P 0
L 11.5881888 2.8070866 11.6925193 2.8070866 0 P 0
L 11.5921259 2.2559055 11.6118114 2.2559055 0 P 0
L 11.5921259 2.7992126 11.6374033 2.7992126 0 P 0
L 11.5960629 2.7913386 11.6255913 2.7913386 0 P 0
L 11.5984252 1.3779528 12.2519686 1.3779528 0 P 0
L 11.5999999 2.7834646 11.6157479 2.7834646 0 P 0
L 11.6016867 1.3700787 12.2552301 1.3700787 0 P 0
L 11.6049483 1.3622047 12.2584917 1.3622047 0 P 0
L 11.6082098 1.3543308 12.2617532 1.3543308 0 P 0
L 11.6114713 1.3464567 12.2650147 1.3464567 0 P 0
L 11.6118114 2.2559055 11.6275599 2.271654 0 P 0
L 11.6147329 1.3385827 12.2682763 1.3385827 0 P 0
L 11.6157479 2.7834646 11.6275599 2.7716526 0 P 0
L 11.6179943 1.3307087 12.2715377 1.3307087 0 P 0
L 11.6212559 1.3228347 12.2747993 1.3228347 0 P 0
L 11.6236225 2.248032 11.643307 2.2677165 0 P 0
L 11.6245174 1.3149606 12.2780608 1.3149606 0 P 0
L 11.6255913 2.7913386 11.6472439 2.769686 0 P 0
L 11.627559 2.2401575 11.659055 2.2716535 0 P 0
L 11.6275599 2.769686 11.6275599 2.7716526 0 P 0
L 11.627779 1.3070866 12.2813224 1.3070866 0 P 0
L 11.6310404 1.2992126 12.2845838 1.2992126 0 P 0
L 11.634302 1.2913386 12.2878454 1.2913386 0 P 0
L 11.635433 2.2322835 11.6826779 2.2795284 0 P 0
L 11.6354339 2.2913386 11.643307 2.2834655 0 P 0
L 11.6374033 2.7992126 11.6669299 2.769686 0 P 0
L 11.6375635 1.2834647 12.2911069 1.2834647 0 P 0
L 11.640825 1.2755906 12.2943684 1.2755906 0 P 0
L 11.643307 2.2677165 11.643307 2.2834655 0 P 0
L 11.6440865 1.2677165 12.2976299 1.2677165 0 P 0
L 11.6452753 2.2244094 11.6984259 2.27756 0 P 0
L 11.6473481 1.2598425 12.3008915 1.2598425 0 P 0
L 11.6506096 1.2519685 12.304153 1.2519685 0 P 0
L 11.6538711 1.2440945 12.3074145 1.2440945 0 P 0
L 11.659055 2.2716535 11.659055 2.2913386 0 P 0
L 11.6826779 2.2795284 11.6826779 2.291339 0 P 0
L 11.6925193 2.8070866 11.7751959 2.72441 0 P 0
L 11.6957809 2.8149606 11.7627095 2.748032 0 P 0
L 11.6984259 2.27756 11.7653539 2.27756 0 P 0
L 11.6990425 2.8228346 11.7521931 2.769684 0 P 0
L 11.7240172 2.8307087 11.7850399 2.769686 0 P 0
L 11.7521931 2.769684 11.7653539 2.769684 0 P 0
L 11.7627095 2.748032 11.7751959 2.748032 0 P 0
L 12.2519686 1.3779528 12.3779528 1.503937 0 P 0
L 12.2552301 1.3700787 12.3858269 1.5006755 0 P 0
L 12.2584917 1.3622047 12.3937009 1.4974139 0 P 0
L 12.2617532 1.3543308 12.4015748 1.4941524 0 P 0
L 12.2650147 1.3464567 12.4094489 1.4908909 0 P 0
L 12.2682763 1.3385827 12.4173229 1.4876293 0 P 0
L 12.2715377 1.3307087 12.4251969 1.4843679 0 P 0
L 12.2747993 1.3228347 12.4330709 1.4811063 0 P 0
L 12.2780608 1.3149606 12.440945 1.4778448 0 P 0
L 12.2813224 1.3070866 12.448819 1.4745832 0 P 0
L 12.2845838 1.2992126 12.456693 1.4713218 0 P 0
L 12.2878454 1.2913386 12.464567 1.4680602 0 P 0
L 12.2911069 1.2834647 12.4724409 1.4647987 0 P 0
L 12.2943684 1.2755906 12.480315 1.4615372 0 P 0
L 12.2976299 1.2677165 12.4881891 1.4582757 0 P 0
L 12.3008915 1.2598425 12.4960631 1.4550141 0 P 0
L 12.304153 1.2519685 12.5039371 1.4517526 0 P 0
L 12.3074145 1.2440945 12.5118111 1.4484911 0 P 0
L 12.3779528 1.503937 12.3779528 2.4173229 0 P 0
L 12.3779528 2.4173229 12.4881888 2.5275589 0 P 0
L 12.3858269 1.5006755 12.3858269 2.4140613 0 P 0
L 12.3858269 2.4140613 12.4914505 2.5196849 0 P 0
L 12.3937009 1.4974139 12.3937009 2.4107998 0 P 0
L 12.3937009 2.4107998 12.4947121 2.511811 0 P 0
L 12.4015748 1.4941524 12.4015748 2.4075383 0 P 0
L 12.4015748 2.4075383 12.4979734 2.5039369 0 P 0
L 12.4094489 1.4908909 12.4094489 2.4042768 0 P 0
L 12.4094489 2.4042768 12.5012349 2.4960628 0 P 0
L 12.4173229 1.4876293 12.4173229 2.4010153 0 P 0
L 12.4173229 2.4010153 12.5044965 2.4881889 0 P 0
L 12.4251969 1.4843679 12.4251969 2.3977537 0 P 0
L 12.4251969 2.3977537 12.5077581 2.4803149 0 P 0
L 12.4330709 1.4811063 12.4330709 2.394492 0 P 0
L 12.4330709 2.394492 12.5110197 2.4724408 0 P 0
L 12.440945 1.4778448 12.440945 2.3912306 0 P 0
L 12.440945 2.3912306 12.5142812 2.4645668 0 P 0
L 12.448819 1.4745832 12.448819 2.387969 0 P 0
L 12.448819 2.387969 12.5175428 2.4566928 0 P 0
L 12.456693 1.4713218 12.456693 2.3847074 0 P 0
L 12.456693 2.3847074 12.5208044 2.4488188 0 P 0
L 12.464567 1.4680602 12.464567 2.3814457 0 P 0
L 12.464567 2.3814457 12.5240662 2.4409449 0 P 0
L 12.4724409 1.4647987 12.4724409 2.3781842 0 P 0
L 12.4724409 2.3781842 12.5273275 2.4330708 0 P 0
L 12.480315 1.4615372 12.480315 2.3749226 0 P 0
L 12.480315 2.3749226 12.5305892 2.4251968 0 P 0
L 12.4881888 2.5275589 12.6112553 2.5275589 0 P 0
L 12.4881891 1.4582757 12.4881891 2.3716614 0 P 0
L 12.4881891 2.3716614 12.5338505 2.4173228 0 P 0
L 12.4914505 2.5196849 12.6149604 2.5196849 0 P 0
L 12.4947121 2.511811 12.6188977 2.511811 0 P 0
L 12.4960631 1.4550141 12.4960631 2.3683999 0 P 0
L 12.4960631 2.3683999 12.537112 2.4094488 0 P 0
L 12.4979734 2.5039369 12.6228346 2.5039369 0 P 0
L 12.5012349 2.4960628 12.6267715 2.4960628 0 P 0
L 12.5039371 1.4517526 12.5039371 2.3651383 0 P 0
L 12.5039371 2.3651383 12.5403735 2.4015747 0 P 0
L 12.5044965 2.4881889 12.6307086 2.4881889 0 P 0
L 12.5077581 2.4803149 12.6346456 2.4803149 0 P 0
L 12.5110197 2.4724408 12.6385825 2.4724408 0 P 0
L 12.5118111 1.4484911 12.5118111 2.3618769 0 P 0
L 12.5118111 2.3618769 12.543635 2.3937008 0 P 0
L 12.5142812 2.4645668 12.6425195 2.4645668 0 P 0
L 12.5175428 2.4566928 12.6464566 2.4566928 0 P 0
L 12.5208044 2.4488188 12.6503936 2.4488188 0 P 0
L 12.5240662 2.4409449 12.6543307 2.4409449 0 P 0
L 12.5273275 2.4330708 12.6582676 2.4330708 0 P 0
L 12.5305892 2.4251968 12.6622047 2.4251968 0 P 0
L 12.5338505 2.4173228 12.6661415 2.4173228 0 P 0
L 12.537112 2.4094488 12.6700785 2.4094488 0 P 0
L 12.5403735 2.4015747 12.6799207 2.4015747 0 P 0
L 12.543635 2.3937008 12.6917326 2.3937008 0 P 0
L 12.6112553 2.5275589 12.6228345 2.5391381 0 P 0
L 12.6149604 2.5196849 12.6307086 2.5354331 0 P 0
L 12.6188977 2.511811 12.6385826 2.5314959 0 P 0
L 12.6228345 2.5391381 12.6228345 2.6771652 0 P 0
L 12.6228345 2.6771652 12.7763779 2.8307086 0 P 0
L 12.6228346 2.5039369 12.6464566 2.5275589 0 P 0
L 12.6267715 2.4960628 12.6543306 2.5236219 0 P 0
L 12.6307086 2.4881889 12.6622046 2.5196849 0 P 0
L 12.6307086 2.5354331 12.6307086 2.6732283 0 P 0
L 12.6307086 2.6732283 12.7803148 2.8228345 0 P 0
L 12.6346456 2.4803149 12.6700786 2.5157479 0 P 0
L 12.6385825 2.4724408 12.6779527 2.511811 0 P 0
L 12.6385826 2.5314959 12.6385826 2.6692913 0 P 0
L 12.6385826 2.6692913 12.7842518 2.8149605 0 P 0
L 12.6425195 2.4645668 12.6858267 2.507874 0 P 0
L 12.6464566 2.4566928 12.6937007 2.5039369 0 P 0
L 12.6464566 2.5275589 12.6464566 2.6653543 0 P 0
L 12.6464566 2.6653543 12.7881888 2.8070865 0 P 0
L 12.6503936 2.4488188 12.7015747 2.4999999 0 P 0
L 12.6543306 2.5236219 12.6543306 2.6614172 0 P 0
L 12.6543306 2.6614172 12.7921259 2.7992125 0 P 0
L 12.6543307 2.4409449 12.7094487 2.4960629 0 P 0
L 12.6582676 2.4330708 12.7173227 2.4921259 0 P 0
L 12.6622046 2.5196849 12.6622046 2.6574802 0 P 0
L 12.6622046 2.6574802 12.7960629 2.7913385 0 P 0
L 12.6622047 2.4251968 12.7251968 2.4881889 0 P 0
L 12.6661415 2.4173228 12.6661416 2.4173227 0 P 0
L 12.6661416 2.4173227 12.7330708 2.4842519 0 P 0
L 12.6700785 2.4094488 12.6700786 2.4094487 0 P 0
L 12.6700786 2.4094487 12.7409448 2.4803149 0 P 0
L 12.6700786 2.5157479 12.6700786 2.6535432 0 P 0
L 12.6700786 2.6535432 12.7999999 2.7834645 0 P 0
L 12.67714 3.1023875 12.67714 3.125978 0 P 0
L 12.67714 3.1023875 12.7244094 3.0551181 0 P 0
L 12.6779527 2.511811 12.6779527 2.6397647 0 P 0
L 12.6779527 2.6397647 12.8078739 2.7696859 0 P 0
L 12.6799207 2.4015747 12.7586619 2.4803159 0 P 0
L 12.6858267 2.507874 12.6858267 2.6259842 0 P 0
L 12.6858267 2.6259842 12.7566928 2.6968503 0 P 0
L 12.6917326 2.3937008 12.6917327 2.3937007 0 P 0
L 12.6917327 2.3937007 12.7586619 2.4606299 0 P 0
L 12.6929134 3.1023622 12.6929134 3.1102362 0 P 0
L 12.6929134 3.1023622 12.7322835 3.0629921 0 P 0
L 12.6937007 2.5039369 12.6937007 2.6141732 0 P 0
L 12.6937007 2.6141732 12.7566928 2.6771653 0 P 0
L 12.7015747 2.4999999 12.7015747 2.6023627 0 P 0
L 12.7015747 2.6023627 12.7566919 2.6574799 0 P 0
L 12.7086614 3.1023622 12.7086614 3.1259843 0 P 0
L 12.7086614 3.1023622 12.7362205 3.0748031 0 P 0
L 12.7094487 2.4960629 12.7094487 2.5905511 0 P 0
L 12.7094487 2.5905511 12.7566928 2.6377952 0 P 0
L 12.7173227 2.4921259 12.7173227 2.5590567 0 P 0
L 12.7173227 2.5590567 12.7566919 2.5984259 0 P 0
L 12.724384 3.1023877 12.724384 3.11023 0 P 0
L 12.724384 3.1023877 12.7440945 3.0826772 0 P 0
L 12.7244094 3.0551181 12.7519687 3.0551181 0 P 0
L 12.7251968 2.4881889 12.7251968 2.5472448 0 P 0
L 12.7251968 2.5472448 12.7566919 2.5787399 0 P 0
L 12.7322835 3.0629921 12.7552303 3.0629921 0 P 0
L 12.7330708 2.4842519 12.7330708 2.5354279 0 P 0
L 12.7330708 2.5354279 12.7566928 2.5590499 0 P 0
L 12.7362205 3.0748031 12.7545549 3.0748031 0 P 0
L 12.740132 3.1023877 12.740132 3.125978 0 P 0
L 12.740132 3.1023877 12.7480315 3.0944882 0 P 0
L 12.7409448 2.4803149 12.7409448 2.523622 0 P 0
L 12.7409448 2.523622 12.7561024 2.5387796 0 P 0
L 12.7440945 3.0826772 12.7578164 3.0826772 0 P 0
L 12.7480315 3.0944882 12.757141 3.0944882 0 P 0
L 12.7519687 3.0551181 13.0393701 2.7677167 0 P 0
L 12.7542074 3.1085574 13.0787402 2.7840246 0 P 0
L 12.7545549 3.0748031 13.0551181 2.7742399 0 P 0
L 12.7552303 3.0629921 13.0472441 2.7709783 0 P 0
L 12.7566912 2.3622046 12.7566919 2.3622039 0 P 0
L 12.7566916 2.3425196 12.7566919 2.3425199 0 P 0
L 12.7566919 2.3228339 12.7566919 2.3230328 0 P 0
L 12.7566919 2.3230328 12.7923784 2.3587193 0 P 0
L 12.7566919 2.3425199 12.7845044 2.3703324 0 P 0
L 12.7566919 2.3622039 12.7766304 2.3821424 0 P 0
L 12.7566919 2.3838579 12.7980309 2.4251969 0 P 0
L 12.757141 3.0944882 13.0708661 2.7807631 0 P 0
L 12.7578164 3.0826772 13.0629921 2.7775015 0 P 0
L 12.7586619 2.4212599 12.7704729 2.4330709 0 P 0
L 12.7586619 2.4409439 12.980314 2.4409439 0 P 0
L 12.7704729 2.4330709 12.9835765 2.4330709 0 P 0
L 12.7716535 3.1022469 12.7716535 3.1259843 0 P 0
L 12.7716535 3.1022469 13.0866142 2.7872862 0 P 0
L 12.7763779 2.8307086 12.9240172 2.8307086 0 P 0
L 12.7766304 2.3821424 12.7766304 2.3926609 0 P 0
L 12.7766304 2.3926609 12.8012924 2.4173229 0 P 0
L 12.7803148 2.8228345 12.8990425 2.8228345 0 P 0
L 12.7842518 2.8149605 12.8957809 2.8149605 0 P 0
L 12.7845044 2.3703324 12.7845044 2.3893994 0 P 0
L 12.7845044 2.3893994 12.8045539 2.4094489 0 P 0
L 12.787376 3.09766 12.787376 3.11023 0 P 0
L 12.787376 3.09766 13.0944882 2.7905478 0 P 0
L 12.7881888 2.8070865 12.8925193 2.8070865 0 P 0
L 12.7921259 2.7992125 12.8374033 2.7992125 0 P 0
L 12.7923784 2.3587193 12.7923784 2.3858268 0 P 0
L 12.7923784 2.3858268 12.8078154 2.4012638 0 P 0
L 12.7960629 2.7913385 12.8255913 2.7913385 0 P 0
L 12.7980309 2.4251969 12.986838 2.4251969 0 P 0
L 12.7999999 2.7834645 12.8157479 2.7834645 0 P 0
L 12.8012924 2.4173229 12.9900995 2.4173229 0 P 0
L 12.803124 3.0930476 12.803124 3.125978 0 P 0
L 12.803124 3.0930476 13.1023622 2.7938094 0 P 0
L 12.8045539 2.4094489 12.993361 2.4094489 0 P 0
L 12.8078154 2.4012638 12.8078154 2.4015749 0 P 0
L 12.8078154 2.4015749 12.9966225 2.4015749 0 P 0
L 12.8078739 2.2716539 12.8090551 2.2728351 0 P 0
L 12.8090551 2.2728351 12.8090551 2.3720473 0 P 0
L 12.8090551 2.3720473 12.8307087 2.3937009 0 P 0
L 12.8157479 2.7834645 12.8275599 2.7716525 0 P 0
L 12.8169291 2.2822847 12.8169291 2.3687858 0 P 0
L 12.8169291 2.2822847 12.8275599 2.2716539 0 P 0
L 12.8169291 2.3687858 12.8339702 2.3858269 0 P 0
L 12.818872 3.0884352 12.818872 3.11023 0 P 0
L 12.818872 3.0884352 13.1102362 2.797071 0 P 0
L 12.8248031 2.3019693 12.8248031 2.3655243 0 P 0
L 12.8248031 2.3019693 12.8354339 2.2913385 0 P 0
L 12.8248031 2.3655243 12.8372317 2.3779529 0 P 0
L 12.8255913 2.7913385 12.8472439 2.7696859 0 P 0
L 12.8275599 2.7696859 12.8275599 2.7716525 0 P 0
L 12.8307087 2.3937009 12.999884 2.3937009 0 P 0
L 12.8326771 2.3177164 12.8326771 2.3622628 0 P 0
L 12.8326771 2.3177164 12.859055 2.2913385 0 P 0
L 12.8326771 2.3622628 12.8404932 2.3700789 0 P 0
L 12.8339702 2.3858269 13.0031455 2.3858269 0 P 0
L 12.83462 3.0838228 12.83462 3.125978 0 P 0
L 12.83462 3.0838228 13.1181102 2.8003326 0 P 0
L 12.8372317 2.3779529 13.006407 2.3779529 0 P 0
L 12.8374033 2.7992125 12.8669299 2.7696859 0 P 0
L 12.8404932 2.3700789 13.0096685 2.3700789 0 P 0
L 12.8405511 2.3334657 12.8405511 2.3590013 0 P 0
L 12.8405511 2.3334657 12.8826779 2.2913389 0 P 0
L 12.8405511 2.3590013 12.8437547 2.3622049 0 P 0
L 12.8437547 2.3622049 13.01293 2.3622049 0 P 0
L 12.8503937 3.0791847 12.8503937 3.1102362 0 P 0
L 12.8503937 3.0791847 13.1259843 2.8035941 0 P 0
L 12.8925193 2.8070865 12.9751959 2.7244099 0 P 0
L 12.8957809 2.8149605 12.9627095 2.7480319 0 P 0
L 12.8990425 2.8228345 12.9521931 2.7696839 0 P 0
L 12.9240172 2.8307086 12.9850399 2.7696859 0 P 0
L 12.9521931 2.7696839 12.9653539 2.7696839 0 P 0
L 12.9627095 2.7480319 12.9751959 2.7480319 0 P 0
L 12.9653539 2.2775599 12.9653539 2.3433068 0 P 0
L 12.9653539 2.3433068 12.976378 2.3543309 0 P 0
L 12.976378 2.3543309 13.0161915 2.3543309 0 P 0
L 12.980314 2.4409439 13.0393701 2.5 0 P 0
L 12.9835765 2.4330709 13.0472441 2.4967385 0 P 0
L 12.986838 2.4251969 13.0551181 2.493477 0 P 0
L 12.9900995 2.4173229 13.0629921 2.4902155 0 P 0
L 12.993361 2.4094489 13.0708661 2.486954 0 P 0
L 12.9966225 2.4015749 13.0787402 2.4836926 0 P 0
L 12.999884 2.3937009 13.0866142 2.4804311 0 P 0
L 13.0031455 2.3858269 13.0944882 2.4771696 0 P 0
L 13.006407 2.3779529 13.1023622 2.4739081 0 P 0
L 13.0096685 2.3700789 13.1102362 2.4706466 0 P 0
L 13.01293 2.3622049 13.1181102 2.4673851 0 P 0
L 13.0161915 2.3543309 13.1259843 2.4641237 0 P 0
L 13.0393701 2.5 13.0393701 2.7677167 0 P 0
L 13.0472441 2.4967385 13.0472441 2.7709783 0 P 0
L 13.0551181 2.493477 13.0551181 2.7742399 0 P 0
L 13.0629921 2.4902155 13.0629921 2.7775015 0 P 0
L 13.0708661 2.486954 13.0708661 2.7807631 0 P 0
L 13.0708661 3.5393701 13.2716535 3.5393701 2 P 0
L 13.0787402 2.4836926 13.0787402 2.7840246 0 P 0
L 13.0866142 2.4804311 13.0866142 2.7872862 0 P 0
L 13.0944882 2.4771696 13.0944882 2.7905478 0 P 0
L 13.1023622 2.4739081 13.1023622 2.7938094 0 P 0
L 13.1102362 2.4706466 13.1102362 2.797071 0 P 0
L 13.1181102 2.4673851 13.1181102 2.8003326 0 P 0
L 13.1259843 2.4641237 13.1259843 2.8035941 0 P 0
L 13.2716535 3.5393701 13.6535433 3.1574803 2 P 0
L 13.6535433 3.0435172 13.6535433 3.1574803 2 P 0
L 2.015748 1.7795276 2.015748 1.852362 0 P 0
L 2.015748 1.7795276 2.2007874 1.5944882 0 P 0
L 2.023622 1.1023622 2.023622 1.1023623 0 P 0
L 2.023622 1.1023623 2.0804212 1.0455631 0 P 0
L 2.037402 1.7696846 2.037402 1.848426 0 P 0
L 2.037402 1.7696846 2.2047244 1.6023622 0 P 0
L 2.0393701 1.0275591 2.0393701 1.0284965 0 P 0
L 2.0393701 1.0284965 2.1040267 0.9638399 0 P 0
L 2.059056 1.7598416 2.059056 1.844488 0 P 0
L 2.059056 1.7598416 2.2086614 1.6102362 0 P 0
L 2.0649604 1.3110236 7.1399575 1.3110236 0 P 0
L 2.0688984 1.3188976 7.1432191 1.3188976 0 P 0
L 2.0728363 1.3267717 7.1464806 1.3267717 0 P 0
L 2.0767703 1.3346457 7.1497422 1.3346457 0 P 0
L 2.0804212 1.045563 2.0804212 1.0455631 0 P 0
L 2.0804212 1.045563 2.1151418 1.0108424 0 P 0
L 2.080708 1.7500007 2.080708 1.840552 0 P 0
L 2.080708 1.7500007 2.2125985 1.6181102 0 P 0
L 2.0807083 1.3425197 7.1530036 1.3425197 0 P 0
L 2.0846463 1.3503937 7.1562652 1.3503937 0 P 0
L 2.0885823 1.3582677 7.1595267 1.3582677 0 P 0
L 2.0925203 1.3661417 7.1627882 1.3661417 0 P 0
L 2.0964563 1.3740157 7.1660498 1.3740157 0 P 0
L 2.1003922 1.3818898 7.1693113 1.3818898 0 P 0
L 2.102362 1.7401577 2.102362 1.836614 0 P 0
L 2.102362 1.7401577 2.2165354 1.6259843 0 P 0
L 2.1040267 0.9638399 2.1114289 0.9638399 0 P 0
L 2.1043322 1.3897638 7.1725727 1.3897638 0 P 0
L 2.1082682 1.3976378 7.1758343 1.3976378 0 P 0
L 2.1122062 1.4055118 7.1790959 1.4055118 0 P 0
L 2.1151418 1.0108424 2.1173979 1.0108424 0 P 0
L 2.1154677 1.4133858 7.1823573 1.4133858 0 P 0
L 2.1187292 1.4212598 7.1856189 1.4212598 0 P 0
L 2.1219906 1.4291339 7.1888804 1.4291339 0 P 0
L 2.124016 1.7296393 2.124016 1.832678 0 P 0
L 2.124016 1.7296393 2.219797 1.6338583 0 P 0
L 2.1252521 1.4370079 7.192142 1.4370079 0 P 0
L 2.1285136 1.4448819 7.1954034 1.4448819 0 P 0
L 2.1317751 1.4527559 7.198665 1.4527559 0 P 0
L 2.1350367 1.4606299 7.2019264 1.4606299 0 P 0
L 2.1382983 1.4685039 7.205188 1.4685039 0 P 0
L 2.1417322 1.476378 7.2084495 1.476378 0 P 0
L 2.1456693 1.484252 7.2117111 1.484252 0 P 0
L 2.14567 1.7191209 2.14567 1.82874 0 P 0
L 2.14567 1.7191209 2.2230586 1.6417323 0 P 0
L 2.1496062 1.492126 7.2149727 1.492126 0 P 0
L 2.1535433 1.5 7.2182341 1.5 0 P 0
L 2.1574803 1.1614173 2.1574803 1.1614174 0 P 0
L 2.1574803 1.1614173 2.1850394 1.1338582 0 P 0
L 2.1574803 1.507874 7.2214957 1.507874 0 P 0
L 2.161413 1.232281 2.1633815 1.2303125 0 P 0
L 2.1614173 1.515748 7.2247571 1.515748 0 P 0
L 2.1633815 1.2303125 2.6436983 1.2303125 0 P 0
L 2.1653543 1.2598425 2.1889764 1.2598425 0 P 0
L 2.1653544 1.523622 7.2280187 1.523622 0 P 0
L 2.167322 1.7086045 2.167322 1.824804 0 P 0
L 2.167322 1.7086045 2.2263202 1.6496063 0 P 0
L 2.1692912 1.5314961 7.2312802 1.5314961 0 P 0
L 2.1732283 1.5393701 7.2345418 1.5393701 0 P 0
L 2.1771653 1.5472441 7.2378032 1.5472441 0 P 0
L 2.1811023 1.5551181 7.2410648 1.5551181 0 P 0
L 2.185035 1.244092 2.187001 1.242126 0 P 0
L 2.1850394 0.7283464 2.1850394 1.1338582 0 P 0
L 2.1850394 0.7283464 2.2519685 0.6614173 0 P 0
L 2.1850394 1.5629921 7.2443264 1.5629921 0 P 0
L 2.187001 1.242126 2.6279528 1.242126 0 P 0
L 2.188976 1.6980861 2.188976 1.820866 0 P 0
L 2.188976 1.6980861 2.2295818 1.6574803 0 P 0
L 2.1889764 1.2598425 2.1988189 1.25 0 P 0
L 2.1889765 1.5708661 7.2475878 1.5708661 0 P 0
L 2.1929134 0.7316079 2.1929134 1.1371197 0 P 0
L 2.1929134 0.7316079 2.2943196 0.6302017 0 P 0
L 2.1929134 1.5787402 7.2508493 1.5787402 0 P 0
L 2.1960044 1.2717585 2.1960044 1.2726688 0 P 0
L 2.1960044 1.2717585 2.2079204 1.2598425 0 P 0
L 2.1968504 1.5866142 7.2541109 1.5866142 0 P 0
L 2.1988189 1.25 2.6020244 1.25 0 P 0
L 2.2007874 1.5944882 7.2573725 1.5944882 0 P 0
L 2.2047244 1.6023622 7.2606339 1.6023622 0 P 0
L 2.2079204 1.2598425 2.5794812 1.2598425 0 P 0
L 2.2086614 1.6102362 7.2638955 1.6102362 0 P 0
L 2.208662 1.6895357 2.208662 1.8152248 0 P 0
L 2.208662 1.6895357 2.2328434 1.6653543 0 P 0
L 2.2125985 1.6181102 7.2671569 1.6181102 0 P 0
L 2.2165354 1.6259843 7.2704186 1.6259843 0 P 0
L 2.219797 1.6338583 7.27368 1.6338583 0 P 0
L 2.2230586 1.6417323 7.2769416 1.6417323 0 P 0
L 2.2244094 1.7992126 2.2303146 1.7992126 0 P 0
L 2.2263202 1.6496063 7.280203 1.6496063 0 P 0
L 2.2295818 1.6574803 7.2834646 1.6574803 0 P 0
L 2.2303146 1.7992126 2.232284 1.801182 0 P 0
L 2.230315 1.7423239 2.230315 1.7537391 0 P 0
L 2.230315 1.7423239 2.2322835 1.7403554 0 P 0
L 2.230315 1.7537391 2.2322835 1.7557076 0 P 0
L 2.2322835 1.6850394 2.2322835 1.7403554 0 P 0
L 2.2322835 1.6850394 2.2440946 1.6732283 0 P 0
L 2.2322835 1.7557076 2.2322835 1.7755906 0 P 0
L 2.232284 1.801182 2.2490163 1.7844494 0 P 0
L 2.2328434 1.6653543 4.4230546 1.6653543 0 P 0
L 2.23819 1.8064113 2.23819 1.864174 0 P 0
L 2.23819 1.8064113 2.3556249 1.6889764 0 P 0
L 2.2440946 1.6732283 4.419793 1.6732283 0 P 0
L 2.2490163 1.7844494 2.3523633 1.6811024 0 P 0
L 2.2519685 0.5905512 2.2519685 0.6614173 0 P 0
L 2.2519685 0.5905512 2.2716536 0.5708661 0 P 0
L 2.259842 1.7958949 2.259842 1.805118 0 P 0
L 2.259842 1.7958949 2.3588865 1.6968504 0 P 0
L 2.259842 1.8253193 2.259842 1.864174 0 P 0
L 2.259842 1.8253193 2.2755906 1.8095707 0 P 0
L 2.2716536 0.5708661 2.480315 0.5708661 0 P 0
L 2.2755906 1.7913386 2.2755906 1.8095707 0 P 0
L 2.2755906 1.7913386 2.3622048 1.7047244 0 P 0
L 2.279 2.408 2.2795276 2.4074724 0 P 0
L 2.2795276 2.3179134 2.2795276 2.406 0 P 0
L 2.2795276 2.406 2.2795276 2.4074724 0 P 0
L 2.2834646 1.7952756 2.2834646 1.8228346 0 P 0
L 2.2834646 1.7952756 2.3661418 1.7125984 0 P 0
L 2.2943196 0.620737 2.2943196 0.6302017 0 P 0
L 2.297244 1.7933072 2.297244 1.862204 0 P 0
L 2.297244 1.7933072 2.3700788 1.7204724 0 P 0
L 2.299 2.3218504 2.299 2.4052992 0 P 0
L 2.299 2.4052992 2.2992126 2.4055118 0 P 0
L 2.299 2.406 2.2992126 2.4057874 0 P 0
L 2.31693 1.7854322 2.31693 1.820866 0 P 0
L 2.31693 1.7854322 2.3740157 1.7283465 0 P 0
L 2.3179134 2.3218504 2.319 2.322937 0 P 0
L 2.319 2.322937 2.319 2.406 0 P 0
L 2.3248025 1.8326778 2.3248025 1.8618025 0 P 0
L 2.3248025 1.8326778 2.3307087 1.8267716 0 P 0
L 2.3248025 1.8618025 2.325 1.862 0 P 0
L 2.3307087 1.7834645 2.3307087 1.8267716 0 P 0
L 2.3307087 1.7834645 2.3779527 1.7362205 0 P 0
L 2.338 2.405 2.339 2.406 0 P 0
L 2.338582 1.838582 2.3404638 1.8367002 0 P 0
L 2.339 2.3263543 2.339 2.406 0 P 0
L 2.339 2.3263543 2.3425197 2.3228346 0 P 0
L 2.3404638 1.7855205 2.3404638 1.8367002 0 P 0
L 2.3404638 1.7855205 2.3818898 1.7440945 0 P 0
L 2.352 1.864 2.352362 1.863638 0 P 0
L 2.352362 1.7854333 2.352362 1.863638 0 P 0
L 2.352362 1.7854333 2.3858268 1.7519685 0 P 0
L 2.3523633 1.6811024 4.4165315 1.6811024 0 P 0
L 2.3556249 1.6889764 4.4132699 1.6889764 0 P 0
L 2.3582677 3.3779528 2.4026121 3.4222972 0 P 0
L 2.3588865 1.6968504 4.4100085 1.6968504 0 P 0
L 2.3622048 1.7047244 4.4067469 1.7047244 0 P 0
L 2.3661418 1.7125984 4.4034853 1.7125984 0 P 0
L 2.366142 1.7834643 2.366142 1.838582 0 P 0
L 2.366142 1.7834643 2.3897638 1.7598425 0 P 0
L 2.3700788 1.7204724 4.4002239 1.7204724 0 P 0
L 2.3740157 1.7283465 4.3969624 1.7283465 0 P 0
L 2.3779527 1.7362205 4.3937008 1.7362205 0 P 0
L 2.379922 1.7814953 2.379922 1.864174 0 P 0
L 2.379922 1.7814953 2.3937008 1.7677165 0 P 0
L 2.3818898 1.7440945 4.3904392 1.7440945 0 P 0
L 2.3858268 1.7519685 4.3871778 1.7519685 0 P 0
L 2.3897638 1.7598425 4.3839162 1.7598425 0 P 0
L 2.3937008 1.7677165 4.3806548 1.7677165 0 P 0
L 2.4026121 3.4222972 2.4872972 3.4222972 0 P 0
L 2.405512 1.8188975 2.405512 1.915354 0 P 0
L 2.405512 1.8188975 2.4409449 1.7834646 0 P 0
L 2.405512 1.915354 2.413386 1.923228 0 P 0
L 2.417323 1.7854329 2.4271654 1.7755905 0 P 0
L 2.419292 1.846456 2.4212598 1.8444882 0 P 0
L 2.4212598 1.8149608 2.4212598 1.8444882 0 P 0
L 2.4212598 1.8149608 2.4448813 1.7913392 0 P 0
L 2.4271654 1.7755905 4.377393 1.7755905 0 P 0
L 2.43504 1.8129915 2.43504 1.923228 0 P 0
L 2.43504 1.8129915 2.4448818 1.8031498 0 P 0
L 2.4409449 1.7834646 4.3741317 1.7834646 0 P 0
L 2.4448813 1.7913392 4.3708699 1.7913392 0 P 0
L 2.4448818 1.8031498 2.448819 1.7992126 0 P 0
L 2.448818 1.8188981 2.448818 1.846456 0 P 0
L 2.448818 1.8188981 2.454725 1.8129917 0 P 0
L 2.448819 1.7992126 4.3676087 1.7992126 0 P 0
L 2.454725 1.8129917 2.4606301 1.8070866 0 P 0
L 2.4606301 1.8070866 4.3643471 1.8070866 0 P 0
L 2.462598 1.8248035 2.462598 1.909448 0 P 0
L 2.462598 1.8248035 2.4724409 1.8149606 0 P 0
L 2.462598 1.909448 2.476378 1.923228 0 P 0
L 2.4724409 1.8149606 4.3610855 1.8149606 0 P 0
L 2.476378 1.8267716 2.476378 1.846456 0 P 0
L 2.476378 1.8267716 2.480315 1.8228346 0 P 0
L 2.4788591 2.1091409 2.5171339 2.0708661 2 P 0
L 2.480315 0.5708661 2.4943196 0.5848707 0 P 0
L 2.480315 1.8228346 4.3578241 1.8228346 0 P 0
L 2.485 3.45 2.4862004 3.4487996 0 P 0
L 2.485 3.45 2.6846063 3.6496063 0 P 0
L 2.4872972 3.4222972 2.688 3.623 0 P 0
L 2.4943196 0.5848707 2.4943196 0.620737 0 P 0
L 2.496064 1.8385817 2.496064 1.923228 0 P 0
L 2.496064 1.8385817 2.503937 1.8307087 0 P 0
L 2.503937 1.8307087 4.3545626 1.8307087 0 P 0
L 2.515 2.603 2.552 2.566 0 P 0
L 2.535 2.608 2.562 2.581 0 P 0
L 2.552 2.566 2.8534871 2.566 0 P 0
L 2.562 2.581 2.8496226 2.581 0 P 0
L 2.5794812 1.2598425 2.5834182 1.2637795 0 P 0
L 2.5834182 1.2637795 2.5866142 1.2637795 0 P 0
L 2.6020244 1.25 2.6079299 1.2559055 0 P 0
L 2.6079299 1.2559055 2.6102362 1.2559055 0 P 0
L 2.616 2.03 2.6554871 2.03 0 P 0
L 2.617 2.005087 2.6394001 2.005087 0 P 0
L 2.6279528 1.242126 2.6299213 1.2440945 0 P 0
L 2.6394001 2.005087 2.6796392 1.9648479 0 P 0
L 2.6436983 1.2303125 2.6496063 1.2362205 0 P 0
L 2.6496063 1.2362205 2.6496063 1.2559055 0 P 0
L 2.6554871 2.03 2.7007526 1.9847345 0 P 0
L 2.665 1.96 2.665984 1.96 0 P 0
L 2.665984 1.96 2.6729183 1.9530657 0 P 0
L 2.6729183 1.9530655 2.6729183 1.9530657 0 P 0
L 2.6729183 1.9530655 2.6775308 1.948453 0 P 0
L 2.6732283 1.2968736 2.6755674 1.2968736 0 P 0
L 2.6755674 1.2968736 2.6771654 1.2952756 0 P 0
L 2.6771654 1.2952756 2.6850394 1.3031496 0 P 0
L 2.6775308 1.948453 2.7519682 1.8740157 0 P 0
L 2.6796392 1.9574924 2.6796392 1.9648479 0 P 0
L 2.6796392 1.9574924 2.6797486 1.9573708 0 P 0
L 2.6797486 1.9573708 2.6807923 1.956327 0 P 0
L 2.6807923 1.956327 2.7552297 1.8818897 0 P 0
L 2.682908 1.269525 2.7086586 1.2952756 0 P 0
L 2.6846063 3.6496063 2.851378 3.6496063 0 P 0
L 2.6850394 1.3031496 7.136696 1.3031496 0 P 0
L 2.686 1.98 2.6875448 1.9784552 0 P 0
L 2.6875448 1.9620615 2.6875448 1.9784552 0 P 0
L 2.6875448 1.9620615 2.7598425 1.8897638 0 P 0
L 2.688 3.623 2.863 3.623 0 P 0
L 2.69 3.48 2.7311355 3.48 0 P 0
L 2.7007526 1.9599893 2.7007526 1.9847345 0 P 0
L 2.7007526 1.9599893 2.7631041 1.8976378 0 P 0
L 2.7086586 1.2952756 7.1334345 1.2952756 0 P 0
L 2.708662 1.9632155 2.708662 2 0 P 0
L 2.708662 1.9632155 2.7663657 1.9055118 0 P 0
L 2.708662 2.019686 2.7244094 2.0039386 0 P 0
L 2.7244094 1.9586037 2.7244094 2.0039386 0 P 0
L 2.7244094 1.9586037 2.7696273 1.9133858 0 P 0
L 2.728346 2.019686 2.7322835 2.0157485 0 P 0
L 2.728346 2.03937 2.7401569 2.0275591 0 P 0
L 2.7311355 3.48 3.007041 3.7559055 0 P 0
L 2.7322835 1.9618652 2.7322835 2.0157485 0 P 0
L 2.7322835 1.9618652 2.7728889 1.9212598 0 P 0
L 2.7401569 2.0275591 2.7401575 2.0275591 0 P 0
L 2.7401575 2.0275591 2.7440945 2.0236221 0 P 0
L 2.7440945 1.9611898 2.7440945 2.0236221 0 P 0
L 2.7440945 1.9611898 2.7761505 1.9291338 0 P 0
L 2.748032 2.03937 2.7519685 2.0354335 0 P 0
L 2.748032 2.059056 2.7637795 2.0433085 0 P 0
L 2.7519682 1.8740157 4.3858267 1.8740157 0 P 0
L 2.7519685 1.9645669 2.7519685 2.0354335 0 P 0
L 2.7519685 1.9645669 2.7795276 1.9370078 0 P 0
L 2.7552297 1.8818898 4.3816579 1.8818898 0 P 0
L 2.7598425 1.8897638 4.3783965 1.8897638 0 P 0
L 2.7631041 1.8976378 4.3751349 1.8976378 0 P 0
L 2.7637795 1.9638915 2.7637795 2.0433085 0 P 0
L 2.7637795 1.9638915 2.7827891 1.9448819 0 P 0
L 2.7663657 1.9055118 4.3718735 1.9055118 0 P 0
L 2.7696273 1.9133858 4.3686119 1.9133858 0 P 0
L 2.769686 2.059056 2.7716535 2.0570885 0 P 0
L 2.769686 2.0791992 2.769686 2.080708 0 P 0
L 2.769686 2.0791992 2.7834646 2.0654206 0 P 0
L 2.7716535 1.9671531 2.7716535 2.0570885 0 P 0
L 2.7716535 1.9671531 2.7860507 1.9527559 0 P 0
L 2.7728889 1.9212598 4.3653505 1.9212598 0 P 0
L 2.7761505 1.9291338 4.3620889 1.9291338 0 P 0
L 2.7795276 1.9370078 4.3588273 1.9370078 0 P 0
L 2.7812205 1.9687217 2.7812205 2.015621 0 P 0
L 2.7812205 1.9687217 2.7893123 1.9606299 0 P 0
L 2.7812205 2.015621 2.7834646 2.0178651 0 P 0
L 2.7827891 1.9448819 4.3555658 1.9448819 0 P 0
L 2.7834646 2.0178651 2.7834646 2.0654206 0 P 0
L 2.7860507 1.9527559 4.3523042 1.9527559 0 P 0
L 2.7893123 1.9606299 4.3490428 1.9606299 0 P 0
L 2.795 1.975 2.8002924 1.975 0 P 0
L 2.7992126 1.996063 2.8188976 1.976378 0 P 0
L 2.8002924 1.975 2.8067885 1.9685039 0 P 0
L 2.8067885 1.9685039 4.3457812 1.9685039 0 P 0
L 2.8188976 1.976378 4.3425197 1.976378 0 P 0
L 2.8188976 2.015748 2.8425196 1.992126 0 P 0
L 2.8207106 1.99425 2.8228347 1.9921259 0 P 0
L 2.8228347 1.984252 2.8228347 1.9921259 0 P 0
L 2.8228347 1.984252 4.3392581 1.984252 0 P 0
L 2.8385827 2.0071985 2.8385827 2.015748 0 P 0
L 2.8385827 2.0071985 2.8457812 2 0 P 0
L 2.8385827 2.0354331 2.8661418 2.007874 0 P 0
L 2.8425196 1.992126 4.3359967 1.992126 0 P 0
L 2.8457812 2 4.3327351 2 0 P 0
L 2.848 2.189 2.848 2.552 0 P 0
L 2.848 2.6 2.8480232 2.6000232 0 P 0
L 2.8480232 2.6000232 2.8480232 2.8448657 0 P 0
L 2.8496226 2.581 2.8696535 2.5609691 0 P 0
L 2.8534871 2.566 2.8617795 2.5577076 0 P 0
L 2.8582677 2.0268837 2.8582677 2.0354331 0 P 0
L 2.8582677 2.0268837 2.8694034 2.015748 0 P 0
L 2.8582677 2.0551181 2.8897638 2.023622 0 P 0
L 2.8617795 2.2732205 2.8617795 2.5577076 0 P 0
L 2.8617795 2.2732205 2.865 2.27 0 P 0
L 2.863 3.623 3.008 3.768 0 P 0
L 2.8661418 2.007874 4.3294737 2.007874 0 P 0
L 2.868 2.22 2.9018357 2.2538357 0 P 0
L 2.8694034 2.015748 4.3262121 2.015748 0 P 0
L 2.8696535 2.3121312 2.8696535 2.5609691 0 P 0
L 2.8696535 2.3121312 2.8852439 2.2965408 0 P 0
L 2.8700787 2.8543307 2.8775275 2.8468819 0 P 0
L 2.8775275 2.3329302 2.8775275 2.8468819 0 P 0
L 2.8775275 2.3329302 2.9018357 2.308622 0 P 0
L 2.8779528 2.0472441 2.8779528 2.0551181 0 P 0
L 2.8779528 2.0472441 2.8937008 2.0314961 0 P 0
L 2.8779528 2.0748031 2.8937008 2.0590551 0 P 0
L 2.8852439 2.2707163 2.8852439 2.2965408 0 P 0
L 2.8897638 2.023622 4.3229505 2.023622 0 P 0
L 2.8937008 2.0314961 4.319689 2.0314961 0 P 0
L 2.8937008 2.0472441 2.8937008 2.0590551 0 P 0
L 2.8937008 2.0472441 2.9015748 2.0393701 0 P 0
L 2.8976378 2.0748031 2.9015748 2.0708661 0 P 0
L 2.8976378 2.0944887 2.9133858 2.0787407 0 P 0
L 2.9015748 2.0393701 4.3164276 2.0393701 0 P 0
L 2.9015748 2.0551181 2.9015748 2.0708661 0 P 0
L 2.9015748 2.0551181 2.9094488 2.0472441 0 P 0
L 2.9018357 2.2538357 2.9018357 2.308622 0 P 0
L 2.9094488 2.0472441 4.313166 2.0472441 0 P 0
L 2.9133858 2.0629921 2.9133858 2.0787407 0 P 0
L 2.9133858 2.0629921 2.9212598 2.0551181 0 P 0
L 2.9173228 2.0944882 2.9212598 2.0905512 0 P 0
L 2.9173228 2.1141732 2.9330709 2.0984251 0 P 0
L 2.9212598 2.0551181 4.3099044 2.0551181 0 P 0
L 2.9212598 2.0669291 2.9212598 2.0905512 0 P 0
L 2.9212598 2.0669291 2.9212599 2.0669291 0 P 0
L 2.9212599 2.0669291 2.9251969 2.0629921 0 P 0
L 2.9251969 2.0629921 4.306643 2.0629921 0 P 0
L 2.9330709 2.0866142 2.9330709 2.0984251 0 P 0
L 2.9330709 2.0866142 2.948819 2.0708661 0 P 0
L 2.9370079 2.1141732 2.9409449 2.1102362 0 P 0
L 2.9370079 2.1338582 2.9370079 2.1338583 0 P 0
L 2.9370079 2.1338582 2.9527559 2.1181102 0 P 0
L 2.9409449 2.0905512 2.9409449 2.1102362 0 P 0
L 2.9409449 2.0905512 2.9527559 2.0787402 0 P 0
L 2.948819 2.0708661 4.3033814 2.0708661 0 P 0
L 2.9527559 2.0787402 4.3001199 2.0787402 0 P 0
L 2.9527559 2.0944882 2.9527559 2.1181102 0 P 0
L 2.9527559 2.0944882 2.9606299 2.0866142 0 P 0
L 2.9566928 2.1338587 2.9606299 2.1299216 0 P 0
L 2.9606299 2.0866142 4.2968583 2.0866142 0 P 0
L 2.9606299 2.1023622 2.9606299 2.1299216 0 P 0
L 2.9606299 2.1023622 2.9685039 2.0944882 0 P 0
L 2.9685039 2.0944882 4.2935969 2.0944882 0 P 0
L 3 2.34 3 2.38 2 P 0
L 3 2.38 3 2.68 2 P 0
L 3 2.68 3.0598428 2.7398428 2 P 0
L 3.007041 3.7559055 3.471219 3.7559055 0 P 0
L 3.008 3.768 3.4773884 3.768 0 P 0
L 3.0088583 2.7972441 3.0096115 2.7979973 2 P 0
L 3.0096115 2.7979973 3.0096115 2.8007812 2 P 0
L 3.0096115 2.8007812 3.0098425 2.8010122 2 P 0
L 3.0098425 2.8010122 3.0098425 2.894685 2 P 0
L 3.023622 3.7362205 3.0246062 3.7372047 4 P 0
L 3.0246062 3.7372047 3.1998031 3.7372047 4 P 0
L 3.0265748 2.990526 3.0274696 2.990526 2 P 0
L 3.0265748 2.990526 3.0371008 2.98 2 P 0
L 3.0265748 3.0009843 3.0265748 3.1594488 1 P 0
L 3.0265748 3.0009843 3.0472441 2.980315 1 P 0
L 3.0274696 2.990526 3.0598428 3.0228992 2 P 0
L 3.0371008 2.98 3.0685042 2.9784584 2 P 0
L 3.0598428 2.7398428 3.0598428 3.0228992 2 P 0
L 3.082 2.547 3.082 2.554249 0 P 0
L 3.082 2.554249 3.2374124 2.7096614 0 P 0
L 3.102551 2.552 3.102551 2.562551 0 P 0
L 3.102551 2.562551 3.241 2.701 0 P 0
L 3.2374124 2.7096614 3.2970945 2.7096614 0 P 0
L 3.241 2.701 3.2970945 2.701 0 P 0
L 3.2677166 2.7648028 3.2890617 2.7648028 0 P 0
L 3.2677166 2.7852752 3.2797248 2.7852752 0 P 0
L 3.2797248 2.7852752 3.394 2.671 0 P 0
L 3.2890617 2.7648028 3.3907385 2.663126 0 P 0
L 3.2970945 2.701 3.303 2.6950945 0 P 0
L 3.2970945 2.7096614 3.303 2.7155669 0 P 0
L 3.329 3.199 3.4506063 3.199 0 P 0
L 3.336 3.257 3.422 3.257 0 P 0
L 3.343 3.179 3.4509213 3.179 0 P 0
L 3.3456694 2.2716536 3.3665836 2.2925678 0 P 0
L 3.355 3.237 3.356 3.238 0 P 0
L 3.356 3.238 3.426 3.238 0 P 0
L 3.3661418 2.2716536 3.379182 2.2846938 0 P 0
L 3.3665836 2.2925678 3.4280856 2.2925678 0 P 0
L 3.379182 2.2846938 3.4313473 2.2846938 0 P 0
L 3.3907385 2.663126 3.5849055 2.663126 0 P 0
L 3.394 2.671 3.5888426 2.671 0 P 0
L 3.422 3.257 3.543307 3.135693 0 P 0
L 3.426 3.238 3.5354331 3.1285669 0 P 0
L 3.4280856 2.2925678 3.4780375 2.3425197 0 P 0
L 3.4313473 2.2846938 3.4812992 2.3346457 0 P 0
L 3.4506063 3.199 3.5275592 3.1220471 0 P 0
L 3.4509213 3.179 3.519685 3.1102363 0 P 0
L 3.452391 2.586609 3.6378005 2.586609 0 P 0
L 3.452749 2.468499 3.45825 2.474 0 P 0
L 3.4527559 2.1732283 3.4555949 2.1732283 0 P 0
L 3.4527559 2.1929134 3.4566929 2.1889764 0 P 0
L 3.4527559 2.488189 3.4585932 2.4823517 0 P 0
L 3.4527559 2.6062992 3.6299213 2.6062992 0 P 0
L 3.4527559 2.7047244 3.5669292 2.7047244 0 P 0
L 3.4527559 2.7244094 3.5590551 2.7244094 0 P 0
L 3.4527559 2.7637795 3.5314961 2.7637795 0 P 0
L 3.4527559 2.7834646 3.523622 2.7834646 0 P 0
L 3.4527559 2.8228346 3.4960631 2.8228346 0 P 0
L 3.4527559 2.8818898 3.4606298 2.8818898 0 P 0
L 3.4527559 2.9015748 3.8858267 2.468504 0 P 0
L 3.4527559 2.9409449 3.4724409 2.9212599 0 P 0
L 3.4527559 2.9606299 3.480315 2.9330708 0 P 0
L 3.4527559 3 3.4881887 2.9645672 0 P 0
L 3.4527559 3.019685 3.4960629 2.976378 0 P 0
L 3.4527559 3.1181102 3.464567 3.1181102 0 P 0
L 3.4527559 3.1377953 3.4606299 3.1377953 0 P 0
L 3.4555949 2.1732283 3.463469 2.1811024 0 P 0
L 3.4566929 2.1889764 4.2755906 2.1889764 0 P 0
L 3.45825 2.474 3.7267874 2.474 0 P 0
L 3.4585932 2.4823517 3.7302468 2.4823517 0 P 0
L 3.4606298 2.8818898 3.8818895 2.4606301 0 P 0
L 3.4606299 3.1377953 3.5118109 3.0866143 0 P 0
L 3.461 2.351 3.469 2.359 0 P 0
L 3.461 2.371 3.4646484 2.3673516 0 P 0
L 3.463469 2.1811024 4.2788522 2.1811024 0 P 0
L 3.4636838 2.839764 3.4650601 2.839764 0 P 0
L 3.464567 3.1181102 3.503937 3.0787402 0 P 0
L 3.4646484 2.3673516 3.8216247 2.3673516 0 P 0
L 3.4650601 2.839764 3.4741155 2.8307086 0 P 0
L 3.469 2.359 3.8181653 2.359 0 P 0
L 3.471219 3.7559055 3.4722924 3.7548321 0 P 0
L 3.4722924 3.7548321 3.6790447 3.7548321 0 P 0
L 3.4724409 2.8937009 3.4724409 2.9212599 0 P 0
L 3.4724409 2.8937009 3.8897638 2.476378 0 P 0
L 3.4741155 2.8307086 3.5 2.8307086 0 P 0
L 3.4773884 3.768 3.478 3.7686116 0 P 0
L 3.4780375 2.3425197 7.8937008 2.3425197 0 P 0
L 3.480315 2.8969624 3.480315 2.9330708 0 P 0
L 3.480315 2.8969624 3.8930254 2.484252 0 P 0
L 3.4812992 2.3346457 7.8897638 2.3346457 0 P 0
L 3.4881887 2.9002239 3.4881887 2.9645672 0 P 0
L 3.4881887 2.9002239 3.8962866 2.492126 0 P 0
L 3.4960629 2.9034855 3.4960629 2.976378 0 P 0
L 3.4960629 2.9034855 3.8995483 2.5000001 0 P 0
L 3.4960631 2.8228346 3.8740157 2.444882 0 P 0
L 3.5 2.8307086 3.8779526 2.452756 0 P 0
L 3.503937 2.906747 3.503937 3.0787402 0 P 0
L 3.503937 2.906747 3.9028099 2.5078741 0 P 0
L 3.5118109 2.9100085 3.5118109 3.0866143 0 P 0
L 3.5118109 2.9100085 3.9060714 2.515748 0 P 0
L 3.519685 2.91327 3.519685 3.1102363 0 P 0
L 3.519685 2.91327 3.566929 2.866026 0 P 0
L 3.523622 2.7834646 3.8700787 2.4370079 0 P 0
L 3.5275592 2.9165316 3.5275592 3.1220471 0 P 0
L 3.5275592 2.9165316 3.9125946 2.5314962 0 P 0
L 3.5314961 2.7637795 3.8661417 2.4291339 0 P 0
L 3.5354331 2.9197931 3.5354331 3.1285669 0 P 0
L 3.5354331 2.9197931 3.5826772 2.872549 0 P 0
L 3.543307 2.9230546 3.543307 3.135693 0 P 0
L 3.543307 2.9230546 3.9191175 2.5472441 0 P 0
L 3.5590551 2.7244094 3.8622046 2.4212599 0 P 0
L 3.566929 2.866026 3.5669291 2.866026 0 P 0
L 3.5669291 2.866026 3.909333 2.5236221 0 P 0
L 3.5669292 2.7047244 3.8582677 2.4133859 0 P 0
L 3.5826772 2.872549 3.5826775 2.872549 0 P 0
L 3.5826775 2.872549 3.9158564 2.5393701 0 P 0
L 3.5849055 2.663126 3.8503936 2.3976379 0 P 0
L 3.5888426 2.671 3.8543307 2.4055119 0 P 0
L 3.6299213 2.6062992 3.8464567 2.3897638 0 P 0
L 3.6378005 2.586609 3.8425197 2.3818898 0 P 0
L 3.6653547 2.1102364 3.7204724 2.1653541 0 P 0
L 3.6790447 3.7548321 3.6822712 3.7580586 0 P 0
L 3.6822712 3.7580586 3.8210508 3.7580586 0 P 0
L 3.6850397 2.1102364 3.7283465 2.1535432 0 P 0
L 3.7047244 2.1102364 3.7047246 2.1102364 0 P 0
L 3.7047246 2.1102364 3.7519685 2.1574803 0 P 0
L 3.7204724 2.1653541 3.7204724 2.1653543 0 P 0
L 3.7204724 2.1653543 3.7283464 2.1732283 0 P 0
L 3.7244094 2.1102364 3.7519683 2.1377953 0 P 0
L 3.7267874 2.474 3.8346456 2.3661418 0 P 0
L 3.7283464 2.1732283 4.2821137 2.1732283 0 P 0
L 3.7283465 2.1535432 3.7283465 2.1535433 0 P 0
L 3.7283465 2.1535433 3.7401575 2.1653543 0 P 0
L 3.7302468 2.4823517 3.8385827 2.3740158 0 P 0
L 3.7401575 2.1653543 4.2853751 2.1653543 0 P 0
L 3.7440945 2.1102362 3.7716535 2.1377952 0 P 0
L 3.7519683 2.1377953 3.7519685 2.1377953 0 P 0
L 3.7519685 2.1377953 3.7637795 2.1496063 0 P 0
L 3.7519685 2.1574803 4.2886367 2.1574803 0 P 0
L 3.7637795 2.1102362 3.7874016 2.1338583 0 P 0
L 3.7637795 2.1496063 4.2918983 2.1496063 0 P 0
L 3.7716535 2.1377952 3.7716535 2.1377953 0 P 0
L 3.7716535 2.1377953 3.7755905 2.1417323 0 P 0
L 3.7755905 2.1417323 4.2951597 2.1417323 0 P 0
L 3.7834646 2.1102362 3.7992127 2.1259843 0 P 0
L 3.7874016 2.1338583 4.2984213 2.1338583 0 P 0
L 3.794 2.218 3.7961355 2.218 0 P 0
L 3.795 2.238 3.796 2.239 0 P 0
L 3.796 2.239 3.806 2.239 0 P 0
L 3.7961355 2.218 3.824874 2.2467385 0 P 0
L 3.7992127 2.1259843 4.3016827 2.1259843 0 P 0
L 3.8031496 2.1102362 3.8110236 2.1181102 0 P 0
L 3.806 2.239 3.817 2.25 0 P 0
L 3.8110236 2.1181102 4.3049444 2.1181102 0 P 0
L 3.817 2.25 3.817 2.2966394 0 P 0
L 3.817 2.2966394 3.8471323 2.3267717 0 P 0
L 3.8181653 2.359 3.8267716 2.3503937 0 P 0
L 3.8216247 2.3673516 3.8307086 2.3582677 0 P 0
L 3.824874 2.2467385 3.824874 2.2933779 0 P 0
L 3.824874 2.2933779 3.8503938 2.3188977 0 P 0
L 3.8267716 2.3503937 7.8976378 2.3503937 0 P 0
L 3.8307086 2.3582677 7.9015748 2.3582677 0 P 0
L 3.8346456 2.3661418 7.9133842 2.3661418 0 P 0
L 3.8385827 2.3740158 7.9173228 2.3740158 0 P 0
L 3.8425197 2.3818898 7.9370062 2.3818898 0 P 0
L 3.8464567 2.3897638 7.9507862 2.3897638 0 P 0
L 3.8471323 2.3267717 7.8858268 2.3267717 0 P 0
L 3.8503936 2.3976379 7.9350397 2.3976379 0 P 0
L 3.8503938 2.3188977 7.8818898 2.3188977 0 P 0
L 3.8543307 2.4055119 7.9232299 2.4055119 0 P 0
L 3.8582677 2.4133859 7.9114179 2.4133859 0 P 0
L 3.8622046 2.4212599 7.8996059 2.4212599 0 P 0
L 3.8661417 2.4291339 7.8545378 2.4291339 0 P 0
L 3.8700787 2.4370079 7.8512763 2.4370079 0 P 0
L 3.8740157 2.444882 7.8473395 2.444882 0 P 0
L 3.8779526 2.452756 7.8434024 2.452756 0 P 0
L 3.8818895 2.4606301 7.8394655 2.4606301 0 P 0
L 3.8858267 2.468504 7.8355284 2.468504 0 P 0
L 3.8897638 2.476378 7.8315914 2.476378 0 P 0
L 3.8930254 2.484252 7.8276544 2.484252 0 P 0
L 3.8962866 2.492126 7.8237172 2.492126 0 P 0
L 3.8995483 2.5000001 7.8197805 2.5000001 0 P 0
L 3.9028099 2.5078741 7.8158433 2.5078741 0 P 0
L 3.9060714 2.515748 7.8119061 2.515748 0 P 0
L 3.909333 2.5236221 7.8086447 2.5236221 0 P 0
L 3.9125946 2.5314962 7.8053833 2.5314962 0 P 0
L 3.9158564 2.5393701 7.7992183 2.5393701 0 P 0
L 3.9191175 2.5472441 7.7959568 2.5472441 0 P 0
L 4.2755906 2.1889764 4.3976378 2.3110236 0 P 0
L 4.2788522 2.1811024 4.4008993 2.3031495 0 P 0
L 4.2821137 2.1732283 4.4041609 2.2952755 0 P 0
L 4.2853751 2.1653543 4.4074224 2.2874016 0 P 0
L 4.2886367 2.1574803 4.4106839 2.2795275 0 P 0
L 4.2918983 2.1496063 4.4139455 2.2716535 0 P 0
L 4.2935969 2.0944882 4.411707 2.2125983 0 P 0
L 4.2951597 2.1417323 4.4172069 2.2637795 0 P 0
L 4.2968583 2.0866142 4.4149685 2.2047244 0 P 0
L 4.2984213 2.1338583 4.4204685 2.2559055 0 P 0
L 4.3001199 2.0787402 4.41823 2.1968503 0 P 0
L 4.3016827 2.1259843 4.4040451 2.2283467 0 P 0
L 4.3033814 2.0708661 4.4214916 2.1889763 0 P 0
L 4.3049444 2.1181102 4.4073067 2.2204725 0 P 0
L 4.306643 2.0629921 4.4247531 2.1811022 0 P 0
L 4.3099044 2.0551181 4.4280146 2.1732283 0 P 0
L 4.313166 2.0472441 4.4312761 2.1653542 0 P 0
L 4.3164276 2.0393701 4.4345377 2.1574802 0 P 0
L 4.319689 2.0314961 4.4377992 2.1496063 0 P 0
L 4.3229505 2.023622 4.4410607 2.1417322 0 P 0
L 4.3262121 2.015748 4.4443222 2.1338581 0 P 0
L 4.3294737 2.007874 4.4475838 2.1259841 0 P 0
L 4.3327351 2 4.4508453 2.1181102 0 P 0
L 4.3359967 1.992126 4.4541068 2.1102361 0 P 0
L 4.3392581 1.984252 4.4573683 2.1023622 0 P 0
L 4.3425197 1.976378 4.4606298 2.0944881 0 P 0
L 4.3457812 1.9685039 4.4638914 2.0866141 0 P 0
L 4.3490428 1.9606299 4.4671529 2.07874 0 P 0
L 4.3523042 1.9527559 4.4704144 2.0708661 0 P 0
L 4.3545626 1.8307087 4.5081059 1.984252 0 P 0
L 4.3555658 1.9448819 4.4736759 2.062992 0 P 0
L 4.3578241 1.8228346 4.5113674 1.9763779 0 P 0
L 4.3588273 1.9370078 4.4769375 2.055118 0 P 0
L 4.3610855 1.8149606 4.5146289 1.968504 0 P 0
L 4.3620889 1.9291338 4.480199 2.0472439 0 P 0
L 4.3643471 1.8070866 4.5178905 1.96063 0 P 0
L 4.3653505 1.9212598 4.4834606 2.0393699 0 P 0
L 4.3676087 1.7992126 4.521152 1.9527559 0 P 0
L 4.3686119 1.9133858 4.4867221 2.031496 0 P 0
L 4.3708699 1.7913392 4.5244132 1.9448825 0 P 0
L 4.3718735 1.9055118 4.4899836 2.0236219 0 P 0
L 4.3741317 1.7834646 4.527675 1.9370079 0 P 0
L 4.3751349 1.8976378 4.4932451 2.015748 0 P 0
L 4.377393 1.7755905 4.5309365 1.929134 0 P 0
L 4.3783965 1.8897638 4.4965066 2.0078739 0 P 0
L 4.3806548 1.7677165 4.5341981 1.9212598 0 P 0
L 4.3816579 1.8818898 4.4997681 2 0 P 0
L 4.3839162 1.7598425 4.5374596 1.9133859 0 P 0
L 4.3858267 1.8740157 4.503937 1.992126 0 P 0
L 4.3871778 1.7519685 4.5407211 1.9055118 0 P 0
L 4.3904392 1.7440945 4.5439826 1.8976379 0 P 0
L 4.3937008 1.7362205 4.5472442 1.8897639 0 P 0
L 4.3969624 1.7283465 4.5505057 1.8818898 0 P 0
L 4.3976378 2.3110236 7.3129342 2.3110236 0 P 0
L 4.4002239 1.7204724 4.5537672 1.8740157 0 P 0
L 4.4008993 2.3031495 7.3096725 2.3031495 0 P 0
L 4.4034853 1.7125984 4.5570287 1.8661418 0 P 0
L 4.4040451 2.2283467 7.3065269 2.2283467 0 P 0
L 4.4041609 2.2952755 7.3064111 2.2952755 0 P 0
L 4.4067469 1.7047244 4.5602903 1.8582678 0 P 0
L 4.4073067 2.2204725 7.3032653 2.2204725 0 P 0
L 4.4074224 2.2874016 7.3031496 2.2874016 0 P 0
L 4.4100085 1.6968504 4.5635518 1.8503937 0 P 0
L 4.4106839 2.2795275 7.2998881 2.2795275 0 P 0
L 4.411707 2.2125983 7.3000039 2.2125983 0 P 0
L 4.4132699 1.6889764 4.5668133 1.8425198 0 P 0
L 4.4139455 2.2716535 7.2966265 2.2716535 0 P 0
L 4.4149685 2.2047244 7.2967424 2.2047244 0 P 0
L 4.4165315 1.6811024 4.5700748 1.8346457 0 P 0
L 4.4172069 2.2637795 7.2933651 2.2637795 0 P 0
L 4.41823 2.1968503 7.2934809 2.1968503 0 P 0
L 4.419793 1.6732283 4.5733364 1.8267717 0 P 0
L 4.4204685 2.2559055 7.2901035 2.2559055 0 P 0
L 4.4214916 2.1889763 7.2902193 2.1889763 0 P 0
L 4.4230546 1.6653543 4.5765979 1.8188976 0 P 0
L 4.4247531 2.1811022 7.2869578 2.1811022 0 P 0
L 4.4280146 2.1732283 7.2836963 2.1732283 0 P 0
L 4.4312761 2.1653542 7.2804348 2.1653542 0 P 0
L 4.4345377 2.1574802 7.2771732 2.1574802 0 P 0
L 4.4377992 2.1496063 7.2739117 2.1496063 0 P 0
L 4.4410607 2.1417322 7.2706502 2.1417322 0 P 0
L 4.4443222 2.1338581 7.2673885 2.1338581 0 P 0
L 4.4475838 2.1259841 7.2641271 2.1259841 0 P 0
L 4.4508453 2.1181102 7.2608656 2.1181102 0 P 0
L 4.4541068 2.1102361 7.2576041 2.1102361 0 P 0
L 4.4573683 2.1023622 7.2543426 2.1023622 0 P 0
L 4.4606298 2.0944881 7.2510811 2.0944881 0 P 0
L 4.4638914 2.0866141 7.2478195 2.0866141 0 P 0
L 4.4671529 2.07874 7.244558 2.07874 0 P 0
L 4.4704144 2.0708661 7.2412965 2.0708661 0 P 0
L 4.4736759 2.062992 7.2380348 2.062992 0 P 0
L 4.4769375 2.055118 7.2347734 2.055118 0 P 0
L 4.480199 2.0472439 7.2315119 2.0472439 0 P 0
L 4.4834606 2.0393699 7.2282503 2.0393699 0 P 0
L 4.4867221 2.031496 7.2249888 2.031496 0 P 0
L 4.4899836 2.0236219 7.2217273 2.0236219 0 P 0
L 4.49 3.905 4.522092 3.937092 3 P 0
L 4.4932451 2.015748 7.2184658 2.015748 0 P 0
L 4.4965066 2.0078739 7.2152043 2.0078739 0 P 0
L 4.4997681 2 7.2119428 2 0 P 0
L 4.503937 1.992126 7.2086812 1.992126 0 P 0
L 4.5081059 1.984252 7.2054198 1.984252 0 P 0
L 4.5113674 1.9763779 7.2021581 1.9763779 0 P 0
L 4.5146289 1.968504 7.1988966 1.968504 0 P 0
L 4.5178905 1.96063 7.1956352 1.96063 0 P 0
L 4.521152 1.9527559 7.1923737 1.9527559 0 P 0
L 4.5244132 1.9448825 7.1891123 1.9448825 0 P 0
L 4.527675 1.9370079 7.1858505 1.9370079 0 P 0
L 4.53 4.435 4.7170472 4.6220472 1 P 0
L 4.5309365 1.929134 7.182589 1.929134 0 P 0
L 4.5341981 1.9212598 7.1771654 1.9212598 0 P 0
L 4.5374596 1.9133859 7.1739039 1.9133859 0 P 0
L 4.5407211 1.9055118 7.1706424 1.9055118 0 P 0
L 4.5439826 1.8976379 7.1673809 1.8976379 0 P 0
L 4.5472442 1.8897639 7.1641193 1.8897639 0 P 0
L 4.5505057 1.8818898 7.1608578 1.8818898 0 P 0
L 4.5537672 1.8740157 7.1575963 1.8740157 0 P 0
L 4.5570287 1.8661418 7.1543348 1.8661418 0 P 0
L 4.5602903 1.8582678 7.1510732 1.8582678 0 P 0
L 4.5635518 1.8503937 7.1478117 1.8503937 0 P 0
L 4.5668133 1.8425198 7.1445502 1.8425198 0 P 0
L 4.5700748 1.8346457 7.1412887 1.8346457 0 P 0
L 4.5733364 1.8267717 7.1380271 1.8267717 0 P 0
L 4.5765979 1.8188976 7.1347656 1.8188976 0 P 0
L 4.7170472 4.6220472 4.82085 4.6220472 1 P 0
L 4.82085 4.6220472 4.9070478 4.708245 1 P 0
L 4.9070478 4.708245 5.7025423 4.708245 1 P 0
L 5.7025423 4.708245 5.7303149 4.6804724 1 P 0
L 7.1334345 1.2952756 7.7082377 0.7204724 0 P 0
L 7.1347656 1.8188976 7.8414592 1.112204 0 P 0
L 7.136696 1.3031496 7.7114992 0.7283464 0 P 0
L 7.1380271 1.8267717 7.8427517 1.1220471 0 P 0
L 7.1399575 1.3110236 7.7147607 0.7362204 0 P 0
L 7.1412887 1.8346457 7.8460133 1.1299211 0 P 0
L 7.1432191 1.3188976 7.7180223 0.7440944 0 P 0
L 7.1445502 1.8425198 7.8492748 1.1377952 0 P 0
L 7.1464806 1.3267717 7.7212839 0.7519684 0 P 0
L 7.1478117 1.8503937 7.8525361 1.1456693 0 P 0
L 7.1497422 1.3346457 7.7245455 0.7598424 0 P 0
L 7.1510732 1.8582678 7.8557976 1.1535434 0 P 0
L 7.1530036 1.3425197 7.7278069 0.7677164 0 P 0
L 7.1543348 1.8661418 7.8590592 1.1614174 0 P 0
L 7.1562652 1.3503937 7.7310685 0.7755904 0 P 0
L 7.1575963 1.8740157 7.8623207 1.1692913 0 P 0
L 7.1595267 1.3582677 7.73433 0.7834644 0 P 0
L 7.1608578 1.8818898 7.8655822 1.1771654 0 P 0
L 7.1627882 1.3661417 7.7375915 0.7913384 0 P 0
L 7.1641193 1.8897639 7.8688438 1.1850394 0 P 0
L 7.1660498 1.3740157 7.7408531 0.7992124 0 P 0
L 7.1673809 1.8976379 7.8721053 1.1929135 0 P 0
L 7.1693113 1.3818898 7.7441147 0.8070864 0 P 0
L 7.1706424 1.9055118 7.8753668 1.2007874 0 P 0
L 7.1725727 1.3897638 7.7473761 0.8149604 0 P 0
L 7.1739039 1.9133859 7.8786283 1.2086615 0 P 0
L 7.1758343 1.3976378 7.7506377 0.8228344 0 P 0
L 7.1771654 1.9212598 7.8818898 1.2165354 0 P 0
L 7.1790959 1.4055118 7.7538993 0.8307084 0 P 0
L 7.1823573 1.4133858 7.7571607 0.8385824 0 P 0
L 7.182589 1.929134 7.8873134 1.2244096 0 P 0
L 7.1856189 1.4212598 7.7604223 0.8464564 0 P 0
L 7.1858505 1.9370079 7.8905749 1.2322835 0 P 0
L 7.1888804 1.4291339 7.7636839 0.8543304 0 P 0
L 7.1891123 1.9448825 7.8938366 1.2401582 0 P 0
L 7.192142 1.4370079 7.7452919 0.883858 0 P 0
L 7.1923737 1.9527559 7.897098 1.2480316 0 P 0
L 7.1954034 1.4448819 7.7485533 0.891732 0 P 0
L 7.1956352 1.96063 7.9003595 1.2559057 0 P 0
L 7.198665 1.4527559 7.7518149 0.899606 0 P 0
L 7.1988966 1.968504 7.903621 1.2637796 0 P 0
L 7.2019264 1.4606299 7.7550763 0.90748 0 P 0
L 7.2021581 1.9763779 7.9068825 1.2716535 0 P 0
L 7.205188 1.4685039 7.7583379 0.915354 0 P 0
L 7.2054198 1.984252 7.9101441 1.2795277 0 P 0
L 7.2084495 1.476378 7.7615995 0.923228 0 P 0
L 7.2086812 1.992126 7.9134055 1.2874017 0 P 0
L 7.2117111 1.484252 7.7648611 0.931102 0 P 0
L 7.2119428 2 7.9166671 1.2952757 0 P 0
L 7.2149727 1.492126 7.7681227 0.938976 0 P 0
L 7.2152043 2.0078739 7.9199286 1.3031496 0 P 0
L 7.2182341 1.5 7.7713841 0.94685 0 P 0
L 7.2184658 2.015748 7.9231901 1.3110237 0 P 0
L 7.2214957 1.507874 7.7746457 0.954724 0 P 0
L 7.2217273 2.0236219 7.9225146 1.3228346 0 P 0
L 7.2247571 1.515748 7.7779071 0.962598 0 P 0
L 7.2249888 2.031496 7.9297131 1.3267717 0 P 0
L 7.2280187 1.523622 7.7811687 0.970472 0 P 0
L 7.2282503 2.0393699 7.9329746 1.3346456 0 P 0
L 7.2312802 1.5314961 7.7844303 0.978346 0 P 0
L 7.2315119 2.0472439 7.9362362 1.3425196 0 P 0
L 7.2345418 1.5393701 7.7876919 0.98622 0 P 0
L 7.2347734 2.055118 7.9394977 1.3503937 0 P 0
L 7.2378032 1.5472441 7.7909533 0.994094 0 P 0
L 7.2380348 2.062992 7.9427593 1.3582675 0 P 0
L 7.2410648 1.5551181 7.7942149 1.001968 0 P 0
L 7.2412965 2.0708661 7.9460209 1.3661417 0 P 0
L 7.2443264 1.5629921 7.7974765 1.009842 0 P 0
L 7.244558 2.07874 7.9492824 1.3740156 0 P 0
L 7.2475878 1.5708661 7.8007379 1.017716 0 P 0
L 7.2478195 2.0866141 7.9525439 1.3818897 0 P 0
L 7.2508493 1.5787402 7.8039995 1.02559 0 P 0
L 7.2510811 2.0944881 7.9558055 1.3897637 0 P 0
L 7.2541109 1.5866142 7.8072611 1.033464 0 P 0
L 7.2543426 2.1023622 7.959067 1.3976378 0 P 0
L 7.2573725 1.5944882 7.8105227 1.041338 0 P 0
L 7.2576041 2.1102361 7.9623285 1.4055117 0 P 0
L 7.2606339 1.6023622 7.8137841 1.049212 0 P 0
L 7.2608656 2.1181102 7.96559 1.4133858 0 P 0
L 7.2638955 1.6102362 7.8170457 1.057086 0 P 0
L 7.2641271 2.1259841 7.9688515 1.4212597 0 P 0
L 7.2671569 1.6181102 7.8203071 1.06496 0 P 0
L 7.2673885 2.1338581 7.972113 1.4291336 0 P 0
L 7.2704186 1.6259843 7.8235689 1.072834 0 P 0
L 7.2706502 2.1417322 7.9753746 1.4370078 0 P 0
L 7.27368 1.6338583 7.8268303 1.080708 0 P 0
L 7.2739117 2.1496063 7.9786361 1.4448819 0 P 0
L 7.2769416 1.6417323 7.8300919 1.088582 0 P 0
L 7.2771732 2.1574802 7.9818976 1.4527558 0 P 0
L 7.280203 1.6496063 7.8333533 1.096456 0 P 0
L 7.2804348 2.1653542 7.9851592 1.4606298 0 P 0
L 7.2834646 1.6574803 7.8366149 1.10433 0 P 0
L 7.2836963 2.1732283 7.9884207 1.4685039 0 P 0
L 7.2869578 2.1811022 7.9916822 1.4763778 0 P 0
L 7.2901035 2.2559055 8.0145129 1.5314961 0 P 0
L 7.2902193 2.1889763 7.9949437 1.4842519 0 P 0
L 7.2933651 2.2637795 8.0177745 1.5393701 0 P 0
L 7.2934809 2.1968503 7.9982053 1.4921259 0 P 0
L 7.2966265 2.2716535 8.0210359 1.5472441 0 P 0
L 7.2967424 2.2047244 8.0014668 1.5 0 P 0
L 7.2998881 2.2795275 8.0242975 1.5551181 0 P 0
L 7.3000039 2.2125983 8.0047283 1.5078739 0 P 0
L 7.3031496 2.2874016 8.027559 1.5629922 0 P 0
L 7.3032653 2.2204725 8.0079898 1.515748 0 P 0
L 7.3064111 2.2952755 8.0308205 1.5708661 0 P 0
L 7.3065269 2.2283467 8.0112514 1.5236222 0 P 0
L 7.3096725 2.3031495 8.034082 1.57874 0 P 0
L 7.3129342 2.3110236 8.0373436 1.5866142 0 P 0
L 7.7082377 0.7204724 10.280203 0.7204724 0 P 0
L 7.7114992 0.7283464 10.2769414 0.7283464 0 P 0
L 7.7147607 0.7362204 10.2736798 0.7362204 0 P 0
L 7.7180223 0.7440944 10.2704182 0.7440944 0 P 0
L 7.7212839 0.7519684 10.2671566 0.7519684 0 P 0
L 7.7245455 0.7598424 10.263895 0.7598424 0 P 0
L 7.7278069 0.7677164 10.2606336 0.7677164 0 P 0
L 7.7310685 0.7755904 10.257372 0.7755904 0 P 0
L 7.73433 0.7834644 10.2541105 0.7834644 0 P 0
L 7.7375915 0.7913384 10.250849 0.7913384 0 P 0
L 7.7408531 0.7992124 10.2475874 0.7992124 0 P 0
L 7.7441147 0.8070864 10.2443258 0.8070864 0 P 0
L 7.7452919 0.883858 10.203527 0.883858 0 P 0
L 7.7473761 0.8149604 10.2410644 0.8149604 0 P 0
L 7.7485533 0.891732 10.2002656 0.891732 0 P 0
L 7.7506377 0.8228344 10.2378028 0.8228344 0 P 0
L 7.7518149 0.899606 10.197004 0.899606 0 P 0
L 7.7538993 0.8307084 10.2345412 0.8307084 0 P 0
L 7.7550763 0.90748 10.1937426 0.90748 0 P 0
L 7.7571607 0.8385824 10.2312798 0.8385824 0 P 0
L 7.7583379 0.915354 10.190481 0.915354 0 P 0
L 7.7604223 0.8464564 10.2280182 0.8464564 0 P 0
L 7.7615995 0.923228 10.1872194 0.923228 0 P 0
L 7.7636839 0.8543304 10.2247566 0.8543304 0 P 0
L 7.7648611 0.931102 10.1839578 0.931102 0 P 0
L 7.7681227 0.938976 10.1806962 0.938976 0 P 0
L 7.7713841 0.94685 10.1774348 0.94685 0 P 0
L 7.7746457 0.954724 10.1741732 0.954724 0 P 0
L 7.7779071 0.962598 10.1709118 0.962598 0 P 0
L 7.7811687 0.970472 10.1676502 0.970472 0 P 0
L 7.7844303 0.978346 10.1643886 0.978346 0 P 0
L 7.7876919 0.98622 10.161127 0.98622 0 P 0
L 7.7909533 0.994094 10.1578656 0.994094 0 P 0
L 7.7942149 1.001968 10.154604 1.001968 0 P 0
L 7.7959568 2.5472441 7.8228346 2.5741219 0 P 0
L 7.7974765 1.009842 10.1513424 1.009842 0 P 0
L 7.7992183 2.5393701 7.8307086 2.5708604 0 P 0
L 7.8007379 1.017716 10.148081 1.017716 0 P 0
L 7.8039995 1.02559 10.1448194 1.02559 0 P 0
L 7.8053833 2.5314962 7.8385827 2.5646956 0 P 0
L 7.8072611 1.033464 10.1415578 1.033464 0 P 0
L 7.8086447 2.5236221 7.8464567 2.5614341 0 P 0
L 7.8105227 1.041338 10.1382962 1.041338 0 P 0
L 7.8119061 2.515748 7.8543307 2.5581726 0 P 0
L 7.8137841 1.049212 10.1350348 1.049212 0 P 0
L 7.8158433 2.5078741 7.8622047 2.5542355 0 P 0
L 7.8170457 1.057086 10.1317732 1.057086 0 P 0
L 7.8197805 2.5000001 7.8700787 2.5502983 0 P 0
L 7.8203071 1.06496 10.1285118 1.06496 0 P 0
L 7.8228346 2.5741219 7.8228346 2.6771653 0 P 0
L 7.8228346 2.6771653 7.976378 2.8307087 0 P 0
L 7.8235689 1.072834 10.1252502 1.072834 0 P 0
L 7.8237172 2.492126 7.8779528 2.5463616 0 P 0
L 7.8268303 1.080708 10.1219886 1.080708 0 P 0
L 7.8276544 2.484252 7.8858268 2.5424244 0 P 0
L 7.8300919 1.088582 10.118727 1.088582 0 P 0
L 7.8307086 2.5708604 7.8307086 2.5741219 0 P 0
L 7.8307087 2.5741219 7.8307087 2.6732284 0 P 0
L 7.8307087 2.6732284 7.9803149 2.8228346 0 P 0
L 7.8315914 2.476378 7.8937008 2.5384874 0 P 0
L 7.8333533 1.096456 10.1154656 1.096456 0 P 0
L 7.8355284 2.468504 7.9015748 2.5345504 0 P 0
L 7.8366149 1.10433 10.112204 1.10433 0 P 0
L 7.8385827 2.5646956 7.8385827 2.6692914 0 P 0
L 7.8385827 2.6692914 7.9842519 2.8149606 0 P 0
L 7.8394655 2.4606301 7.9094488 2.5306134 0 P 0
L 7.8414592 1.112204 10.1089424 1.112204 0 P 0
L 7.8427517 1.1220471 9.7278824 1.1220471 0 P 0
L 7.8434024 2.452756 7.9173228 2.5266764 0 P 0
L 7.8460133 1.1299211 9.7246208 1.1299211 0 P 0
L 7.8464567 2.5614341 7.8464567 2.6653544 0 P 0
L 7.8464567 2.6653544 7.9881889 2.8070866 0 P 0
L 7.8473395 2.444882 7.9251969 2.5227394 0 P 0
L 7.8492748 1.1377952 9.7213593 1.1377952 0 P 0
L 7.8512763 2.4370079 7.9330709 2.5188025 0 P 0
L 7.8525361 1.1456693 9.718098 1.1456693 0 P 0
L 7.8543307 2.5581726 7.8543307 2.6614173 0 P 0
L 7.8543307 2.6614173 7.992126 2.7992126 0 P 0
L 7.8545378 2.4291339 7.9409449 2.515541 0 P 0
L 7.8557976 1.1535434 9.7148363 1.1535434 0 P 0
L 7.8590592 1.1614174 9.7115749 1.1614174 0 P 0
L 7.8622047 2.5542355 7.8622047 2.6574803 0 P 0
L 7.8622047 2.6574803 7.996063 2.7913386 0 P 0
L 7.8623207 1.1692913 9.7083134 1.1692913 0 P 0
L 7.8655822 1.1771654 9.7050519 1.1771654 0 P 0
L 7.8688438 1.1850394 9.7017903 1.1850394 0 P 0
L 7.8700787 2.5502983 7.8700787 2.6535433 0 P 0
L 7.8700787 2.6535433 8 2.7834646 0 P 0
L 7.8721053 1.1929135 9.6985288 1.1929135 0 P 0
L 7.8753668 1.2007874 9.6952673 1.2007874 0 P 0
L 7.8779528 2.5463616 7.8779528 2.6397648 0 P 0
L 7.8779528 2.6397648 8.007874 2.769686 0 P 0
L 7.8786283 1.2086615 9.6920058 1.2086615 0 P 0
L 7.8818898 1.2165354 9.6887443 1.2165354 0 P 0
L 7.8818898 2.3188977 7.9763781 2.2244094 0 P 0
L 7.8858268 2.3267717 7.980315 2.2322835 0 P 0
L 7.8858268 2.5424244 7.8858268 2.6259843 0 P 0
L 7.8858268 2.6259843 7.9566929 2.6968504 0 P 0
L 7.8873134 1.2244096 9.6854827 1.2244096 0 P 0
L 7.8897638 2.3346457 7.984252 2.2401575 0 P 0
L 7.8905749 1.2322835 9.6822212 1.2322835 0 P 0
L 7.8937008 2.3425197 7.9881885 2.248032 0 P 0
L 7.8937008 2.5384874 7.8937008 2.6141733 0 P 0
L 7.8937008 2.6141733 7.9566929 2.6771654 0 P 0
L 7.8938366 1.2401582 9.6789593 1.2401582 0 P 0
L 7.897098 1.2480316 9.6756981 1.2480316 0 P 0
L 7.8976378 2.3503937 7.992126 2.2559055 0 P 0
L 7.8996059 2.4212599 7.958662 2.480316 0 P 0
L 7.9003595 1.2559057 9.6724366 1.2559057 0 P 0
L 7.9015748 2.3582677 7.9881885 2.271654 0 P 0
L 7.9015748 2.5345504 7.9015748 2.6023628 0 P 0
L 7.9015748 2.6023628 7.956692 2.65748 0 P 0
L 7.903621 1.2637796 9.6691751 1.2637796 0 P 0
L 7.9068825 1.2716535 9.6659136 1.2716535 0 P 0
L 7.9094488 2.5306134 7.9094488 2.5905512 0 P 0
L 7.9094488 2.5905512 7.9566929 2.6377953 0 P 0
L 7.9101441 1.2795277 9.662652 1.2795277 0 P 0
L 7.9114179 2.4133859 7.958662 2.46063 0 P 0
L 7.9133842 2.3661418 7.956692 2.322834 0 P 0
L 7.9134055 1.2874017 9.6593904 1.2874017 0 P 0
L 7.9166671 1.2952757 9.656129 1.2952757 0 P 0
L 7.9173228 2.3740158 7.9488189 2.3425197 0 P 0
L 7.9173228 2.5266764 7.9173228 2.5590568 0 P 0
L 7.9173228 2.5590568 7.956692 2.598426 0 P 0
L 7.9199286 1.3031496 9.6528675 1.3031496 0 P 0
L 7.9225146 1.3228346 7.9225147 1.3228346 0 P 0
L 7.9225147 1.3228346 7.9264516 1.3188977 0 P 0
L 7.9231901 1.3110237 9.649606 1.3110237 0 P 0
L 7.9232299 2.4055119 7.958662 2.440944 0 P 0
L 7.9251969 2.5227394 7.9251969 2.5472449 0 P 0
L 7.9251969 2.5472449 7.956692 2.57874 0 P 0
L 7.9264516 1.3188977 9.6463443 1.3188977 0 P 0
L 7.9297131 1.3267717 9.6430828 1.3267717 0 P 0
L 7.9329746 1.3346456 9.6398215 1.3346456 0 P 0
L 7.9330709 2.5188025 7.9330709 2.535428 0 P 0
L 7.9330709 2.535428 7.9566929 2.55905 0 P 0
L 7.9350397 2.3976379 7.958662 2.42126 0 P 0
L 7.9362362 1.3425196 9.6365599 1.3425196 0 P 0
L 7.9370062 2.3818898 7.956692 2.362204 0 P 0
L 7.9394977 1.3503937 9.6332984 1.3503937 0 P 0
L 7.9409449 2.515541 7.9409449 2.5236329 0 P 0
L 7.9409449 2.5236329 7.956677 2.539365 0 P 0
L 7.9427593 1.3582675 8.6339543 1.3582675 0 P 0
L 7.9460209 1.3661417 8.6306929 1.3661417 0 P 0
L 7.9488189 2.3425197 7.9566917 2.3425197 0 P 0
L 7.9492824 1.3740156 8.6274312 1.3740156 0 P 0
L 7.9507862 2.3897638 7.956692 2.383858 0 P 0
L 7.9525439 1.3818897 8.6241697 1.3818897 0 P 0
L 7.9558055 1.3897637 8.6209081 1.3897637 0 P 0
L 7.9566917 2.3425197 7.956692 2.34252 0 P 0
L 7.959067 1.3976378 8.6176466 1.3976378 0 P 0
L 7.9623285 1.4055117 8.6143853 1.4055117 0 P 0
L 7.96559 1.4133858 8.6111238 1.4133858 0 P 0
L 7.9688515 1.4212597 8.6078621 1.4212597 0 P 0
L 7.972113 1.4291336 8.6046008 1.4291336 0 P 0
L 7.9753746 1.4370078 8.601339 1.4370078 0 P 0
L 7.976378 2.8307087 8.1240173 2.8307087 0 P 0
L 7.9763781 2.2244094 8.0452754 2.2244094 0 P 0
L 7.9786361 1.4448819 8.5980775 1.4448819 0 P 0
L 7.9803149 2.8228346 8.0990426 2.8228346 0 P 0
L 7.980315 2.2322835 8.0354331 2.2322835 0 P 0
L 7.9818976 1.4527558 8.5948162 1.4527558 0 P 0
L 7.9842519 2.8149606 8.095781 2.8149606 0 P 0
L 7.984252 2.2401575 8.0275591 2.2401575 0 P 0
L 7.9851592 1.4606298 8.5915546 1.4606298 0 P 0
L 7.9881885 2.248032 8.0236226 2.248032 0 P 0
L 7.9881885 2.271654 8.007874 2.271654 0 P 0
L 7.9881889 2.8070866 8.0925194 2.8070866 0 P 0
L 7.9884207 1.4685039 8.5882931 1.4685039 0 P 0
L 7.9916822 1.4763778 8.5850314 1.4763778 0 P 0
L 7.992126 2.2559055 8.0118115 2.2559055 0 P 0
L 7.992126 2.7992126 8.0374034 2.7992126 0 P 0
L 7.9949437 1.4842519 8.5817699 1.4842519 0 P 0
L 7.996063 2.7913386 8.0255914 2.7913386 0 P 0
L 7.9982053 1.4921259 8.5785083 1.4921259 0 P 0
L 8 2.7834646 8.015748 2.7834646 0 P 0
L 8.0014668 1.5 8.5752468 1.5 0 P 0
L 8.0047283 1.5078739 8.5719855 1.5078739 0 P 0
L 8.0079898 1.515748 8.568724 1.515748 0 P 0
L 8.0112514 1.5236222 8.5654622 1.5236222 0 P 0
L 8.0118115 2.2559055 8.02756 2.271654 0 P 0
L 8.0145129 1.5314961 8.5622009 1.5314961 0 P 0
L 8.015748 2.7834646 8.02756 2.7716526 0 P 0
L 8.0177745 1.5393701 8.5589393 1.5393701 0 P 0
L 8.0210359 1.5472441 8.5556777 1.5472441 0 P 0
L 8.0236226 2.248032 8.0433071 2.2677165 0 P 0
L 8.0242975 1.5551181 8.5524161 1.5551181 0 P 0
L 8.0255914 2.7913386 8.047244 2.769686 0 P 0
L 8.027559 1.5629922 8.5491546 1.5629922 0 P 0
L 8.0275591 2.2401575 8.0590551 2.2716535 0 P 0
L 8.02756 2.769686 8.02756 2.7716526 0 P 0
L 8.0308205 1.5708661 8.5458933 1.5708661 0 P 0
L 8.034082 1.57874 8.5426316 1.57874 0 P 0
L 8.0354331 2.2322835 8.082678 2.2795284 0 P 0
L 8.035434 2.2913386 8.0433071 2.2834655 0 P 0
L 8.0373436 1.5866142 8.5393701 1.5866142 0 P 0
L 8.0374034 2.7992126 8.06693 2.769686 0 P 0
L 8.0433071 2.2677165 8.0433071 2.2834655 0 P 0
L 8.0452754 2.2244094 8.098426 2.27756 0 P 0
L 8.0590551 2.2716535 8.0590551 2.2913386 0 P 0
L 8.082678 2.2795284 8.082678 2.291339 0 P 0
L 8.0925194 2.8070866 8.175196 2.72441 0 P 0
L 8.095781 2.8149606 8.1627096 2.748032 0 P 0
L 8.098426 2.27756 8.165354 2.27756 0 P 0
L 8.0990426 2.8228346 8.1521932 2.769684 0 P 0
L 8.1240173 2.8307087 8.18504 2.769686 0 P 0
L 8.1521932 2.769684 8.165354 2.769684 0 P 0
L 8.1627096 2.748032 8.175196 2.748032 0 P 0
L 8.5393701 1.5866142 8.7165354 1.7637795 0 P 0
L 8.5426316 1.57874 8.7244096 1.760518 0 P 0
L 8.5458933 1.5708661 8.7322835 1.7572563 0 P 0
L 8.5491546 1.5629922 8.7401574 1.753995 0 P 0
L 8.5524161 1.5551181 8.7480315 1.7507335 0 P 0
L 8.5556777 1.5472441 8.7559055 1.7474719 0 P 0
L 8.5589393 1.5393701 8.7637795 1.7442103 0 P 0
L 8.5622009 1.5314961 8.7716535 1.7409487 0 P 0
L 8.5654622 1.5236222 8.7795274 1.7376874 0 P 0
L 8.568724 1.515748 8.7874016 1.7344256 0 P 0
L 8.5719855 1.5078739 8.7952757 1.7311641 0 P 0
L 8.5752468 1.5 8.8031496 1.7279028 0 P 0
L 8.5785083 1.4921259 8.8110237 1.7246413 0 P 0
L 8.5817699 1.4842519 8.8188977 1.7213797 0 P 0
L 8.5850314 1.4763778 8.8267718 1.7181182 0 P 0
L 8.5882931 1.4685039 8.8346457 1.7148565 0 P 0
L 8.5915546 1.4606298 8.8425198 1.711595 0 P 0
L 8.5948162 1.4527558 8.8503938 1.7083334 0 P 0
L 8.5980775 1.4448819 8.8582677 1.7050721 0 P 0
L 8.601339 1.4370078 8.8661418 1.7018106 0 P 0
L 8.6046008 1.4291336 8.874016 1.6985488 0 P 0
L 8.6078621 1.4212597 8.8818899 1.6952875 0 P 0
L 8.6111238 1.4133858 8.8897638 1.6920258 0 P 0
L 8.6143853 1.4055117 8.8976379 1.6887643 0 P 0
L 8.6176466 1.3976378 8.9055118 1.685503 0 P 0
L 8.6209081 1.3897637 8.9133859 1.6822415 0 P 0
L 8.6241697 1.3818897 8.9212599 1.6789799 0 P 0
L 8.6274312 1.3740156 8.929134 1.6757184 0 P 0
L 8.6306929 1.3661417 8.9370079 1.6724567 0 P 0
L 8.6339543 1.3582675 8.9448821 1.6691953 0 P 0
L 8.7165354 1.7637795 8.7165354 2.3821018 0 P 0
L 8.7165354 2.3821018 8.8619928 2.5275592 0 P 0
L 8.7244096 1.760518 8.7244096 2.3788402 0 P 0
L 8.7244096 2.3788402 8.8652544 2.519685 0 P 0
L 8.7322835 1.7572563 8.7322835 2.3755787 0 P 0
L 8.7322835 2.3755787 8.8685159 2.5118111 0 P 0
L 8.7401574 1.753995 8.7401574 2.3723172 0 P 0
L 8.7401574 2.3723172 8.8717774 2.5039372 0 P 0
L 8.7480315 1.7507335 8.7480315 2.3690557 0 P 0
L 8.7480315 2.3690557 8.8750389 2.4960631 0 P 0
L 8.7559055 1.7474719 8.7559055 2.3657941 0 P 0
L 8.7559055 2.3657941 8.8783004 2.488189 0 P 0
L 8.7637795 1.7442103 8.7637795 2.3625327 0 P 0
L 8.7637795 2.3625327 8.8815619 2.4803151 0 P 0
L 8.7716535 1.7409487 8.7716535 2.3592711 0 P 0
L 8.7716535 2.3592711 8.8848235 2.4724411 0 P 0
L 8.7795274 1.7376874 8.7795274 2.3560096 0 P 0
L 8.7795274 2.3560096 8.8880849 2.4645671 0 P 0
L 8.7874016 1.7344256 8.7874016 2.352748 0 P 0
L 8.7874016 2.352748 8.8913466 2.456693 0 P 0
L 8.7952757 1.7311641 8.7952757 2.3494865 0 P 0
L 8.7952757 2.3494865 8.8946081 2.4488189 0 P 0
L 8.8031496 1.7279028 8.8031496 2.346225 0 P 0
L 8.8031496 2.346225 8.8978696 2.440945 0 P 0
L 8.8110237 1.7246413 8.8110237 2.3429635 0 P 0
L 8.8110237 2.3429635 8.9011311 2.4330709 0 P 0
L 8.8188977 1.7213797 8.8188977 2.3397019 0 P 0
L 8.8188977 2.3397019 8.9043927 2.4251969 0 P 0
L 8.8267718 1.7181182 8.8267718 2.3364404 0 P 0
L 8.8267718 2.3364404 8.9076542 2.4173228 0 P 0
L 8.8346457 1.7148565 8.8346457 2.3331789 0 P 0
L 8.8346457 2.3331789 8.9109157 2.4094489 0 P 0
L 8.8425198 1.711595 8.8425198 2.3299174 0 P 0
L 8.8425198 2.3299174 8.9141772 2.4015748 0 P 0
L 8.8503938 1.7083334 8.8503938 2.3266558 0 P 0
L 8.8503938 2.3266558 8.9174388 2.3937008 0 P 0
L 8.8582677 1.7050721 8.8582677 2.3233943 0 P 0
L 8.8582677 2.3233943 8.9207002 2.3858268 0 P 0
L 8.8619928 2.5275592 9.0112553 2.5275592 0 P 0
L 8.8652544 2.519685 9.0149604 2.519685 0 P 0
L 8.8661418 1.7018106 8.8661418 2.3201328 0 P 0
L 8.8661418 2.3201328 8.9239618 2.3779528 0 P 0
L 8.8685159 2.5118111 9.0188977 2.5118111 0 P 0
L 8.8717774 2.5039372 9.0228346 2.5039372 0 P 0
L 8.874016 1.6985488 8.874016 2.3168712 0 P 0
L 8.874016 2.3168712 8.9272234 2.3700786 0 P 0
L 8.8750389 2.4960631 9.0267715 2.4960631 0 P 0
L 8.8783004 2.488189 9.0307086 2.488189 0 P 0
L 8.8815619 2.4803151 9.0346456 2.4803151 0 P 0
L 8.8818899 1.6952875 8.8818899 2.3136097 0 P 0
L 8.8818899 2.3136097 8.9304849 2.3622047 0 P 0
L 8.8848235 2.4724411 9.0385825 2.4724411 0 P 0
L 8.8880849 2.4645671 9.0425195 2.4645671 0 P 0
L 8.8897638 1.6920258 8.8897638 2.3103482 0 P 0
L 8.8897638 2.3103482 8.9337464 2.3543308 0 P 0
L 8.8913466 2.456693 9.0464566 2.456693 0 P 0
L 8.8946081 2.4488189 9.0503936 2.4488189 0 P 0
L 8.8976379 1.6887643 8.8976379 2.3070867 0 P 0
L 8.8976379 2.3070867 8.9370079 2.3464567 0 P 0
L 8.8978696 2.440945 9.0543307 2.440945 0 P 0
L 8.9011311 2.4330709 9.0582676 2.4330709 0 P 0
L 8.9043927 2.4251969 9.0622047 2.4251969 0 P 0
L 8.9055118 1.685503 8.9055118 2.3004477 0 P 0
L 8.9055118 2.3004477 8.9436468 2.3385827 0 P 0
L 8.9076542 2.4173228 9.0661416 2.4173228 0 P 0
L 8.9109157 2.4094489 9.0700786 2.4094489 0 P 0
L 8.9133859 1.6822415 8.9133859 2.2971862 0 P 0
L 8.9133859 2.2971862 8.9469083 2.3307086 0 P 0
L 8.9141772 2.4015748 9.0799207 2.4015748 0 P 0
L 8.9174388 2.3937008 9.0917327 2.3937008 0 P 0
L 8.9207002 2.3858268 9.1035447 2.3858268 0 P 0
L 8.9212599 1.6789799 8.9212599 2.2939246 0 P 0
L 8.9212599 2.2939246 8.9501699 2.3228346 0 P 0
L 8.9239618 2.3779528 9.1153543 2.3779528 0 P 0
L 8.9272234 2.3700786 9.1429126 2.3700786 0 P 0
L 8.929134 1.6757184 8.929134 2.2906631 0 P 0
L 8.929134 2.2906631 8.9534314 2.3149605 0 P 0
L 8.9304849 2.3622047 9.1566912 2.3622047 0 P 0
L 8.9337464 2.3543308 9.1370078 2.3543308 0 P 0
L 8.9370079 1.6724567 8.9370079 2.2874016 0 P 0
L 8.9370079 2.2874016 8.9566929 2.3070866 0 P 0
L 8.9370079 2.3464567 9.1330692 2.3464567 0 P 0
L 8.9436468 2.3385827 9.1212598 2.3385827 0 P 0
L 8.9448821 1.6691953 8.9448821 2.2834648 0 P 0
L 8.9448821 2.2834648 8.9606299 2.2992126 0 P 0
L 8.9469083 2.3307086 9.1173228 2.3307086 0 P 0
L 8.9501699 2.3228346 9.1133858 2.3228346 0 P 0
L 8.9534314 2.3149605 9.1094488 2.3149605 0 P 0
L 8.9566929 2.3070866 9.1055118 2.3070866 0 P 0
L 8.9606299 2.2992126 9.1015748 2.2992126 0 P 0
L 9.0112553 2.527559 9.0228345 2.5391382 0 P 0
L 9.0149604 2.519685 9.0307086 2.5354332 0 P 0
L 9.0188977 2.5118111 9.0385826 2.531496 0 P 0
L 9.0228345 2.5391382 9.0228345 2.6771653 0 P 0
L 9.0228345 2.6771653 9.1763779 2.8307087 0 P 0
L 9.0228346 2.503937 9.0464566 2.527559 0 P 0
L 9.0267715 2.4960629 9.0543306 2.523622 0 P 0
L 9.0307086 2.488189 9.0622046 2.519685 0 P 0
L 9.0307086 2.5354332 9.0307086 2.6732284 0 P 0
L 9.0307086 2.6732284 9.1803148 2.8228346 0 P 0
L 9.0346456 2.480315 9.0700786 2.515748 0 P 0
L 9.0385825 2.4724409 9.0779527 2.5118111 0 P 0
L 9.0385826 2.531496 9.0385826 2.6692914 0 P 0
L 9.0385826 2.6692914 9.1842518 2.8149606 0 P 0
L 9.0425195 2.4645669 9.0858267 2.5078741 0 P 0
L 9.0464566 2.4566929 9.0937007 2.503937 0 P 0
L 9.0464566 2.527559 9.0464566 2.6653544 0 P 0
L 9.0464566 2.6653544 9.1881888 2.8070866 0 P 0
L 9.0503936 2.4488189 9.1015747 2.5 0 P 0
L 9.0543306 2.523622 9.0543306 2.6614173 0 P 0
L 9.0543306 2.6614173 9.1921259 2.7992126 0 P 0
L 9.0543307 2.440945 9.1094487 2.496063 0 P 0
L 9.0582676 2.4330709 9.1173227 2.492126 0 P 0
L 9.0622046 2.519685 9.0622046 2.6574803 0 P 0
L 9.0622046 2.6574803 9.1960629 2.7913386 0 P 0
L 9.0622047 2.4251969 9.1251968 2.488189 0 P 0
L 9.0661416 2.4173228 9.1330708 2.484252 0 P 0
L 9.0700786 2.4094488 9.1409448 2.480315 0 P 0
L 9.0700786 2.515748 9.0700786 2.6535433 0 P 0
L 9.0700786 2.6535433 9.1999999 2.7834646 0 P 0
L 9.0779527 2.5118111 9.0779527 2.6397648 0 P 0
L 9.0779527 2.6397648 9.2078739 2.769686 0 P 0
L 9.0799207 2.4015748 9.1586619 2.480316 0 P 0
L 9.0858267 2.5078741 9.0858267 2.6259843 0 P 0
L 9.0858267 2.6259843 9.1566928 2.6968504 0 P 0
L 9.0917327 2.3937008 9.1586619 2.46063 0 P 0
L 9.0937007 2.503937 9.0937007 2.6141733 0 P 0
L 9.0937007 2.6141733 9.1566928 2.6771654 0 P 0
L 9.1015747 2.5 9.1015747 2.6023628 0 P 0
L 9.1015747 2.6023628 9.1566919 2.65748 0 P 0
L 9.1015748 2.2992126 9.176378 2.2244094 0 P 0
L 9.1035447 2.3858268 9.1586619 2.440944 0 P 0
L 9.1055118 2.3070866 9.1803149 2.2322835 0 P 0
L 9.1094487 2.496063 9.1094487 2.5905512 0 P 0
L 9.1094487 2.5905512 9.1566928 2.6377953 0 P 0
L 9.1094488 2.3149606 9.1842519 2.2401575 0 P 0
L 9.1133858 2.3228346 9.1881884 2.248032 0 P 0
L 9.1153543 2.3779528 9.1586619 2.42126 0 P 0
L 9.1173227 2.492126 9.1173227 2.5590568 0 P 0
L 9.1173227 2.5590568 9.1566919 2.598426 0 P 0
L 9.1173228 2.3307086 9.1921259 2.2559055 0 P 0
L 9.1212598 2.3385826 9.1881884 2.271654 0 P 0
L 9.1251968 2.488189 9.1251968 2.5472449 0 P 0
L 9.1251968 2.5472449 9.1566919 2.57874 0 P 0
L 9.1330692 2.3464567 9.1566919 2.322834 0 P 0
L 9.1330708 2.484252 9.1330708 2.535428 0 P 0
L 9.1330708 2.535428 9.1566928 2.55905 0 P 0
L 9.1370078 2.3543307 9.1488188 2.3425197 0 P 0
L 9.1409448 2.480315 9.1409448 2.5236118 0 P 0
L 9.1409448 2.5236118 9.156698 2.539365 0 P 0
L 9.1429126 2.3700787 9.1566919 2.383858 0 P 0
L 9.1488188 2.3425197 9.1566916 2.3425197 0 P 0
L 9.1566912 2.3622047 9.1566919 2.362204 0 P 0
L 9.1566916 2.3425197 9.1566919 2.34252 0 P 0
L 9.156698 2.539365 9.157462 2.539365 0 P 0
L 9.1763779 2.8307087 9.3240172 2.8307087 0 P 0
L 9.176378 2.2244094 9.2452753 2.2244094 0 P 0
L 9.1803148 2.8228346 9.2990425 2.8228346 0 P 0
L 9.1803149 2.2322835 9.235433 2.2322835 0 P 0
L 9.1842518 2.8149606 9.2957809 2.8149606 0 P 0
L 9.1842519 2.2401575 9.227559 2.2401575 0 P 0
L 9.1881884 2.248032 9.2236225 2.248032 0 P 0
L 9.1881884 2.271654 9.2078739 2.271654 0 P 0
L 9.1881888 2.8070866 9.2925193 2.8070866 0 P 0
L 9.1921259 2.2559055 9.2118114 2.2559055 0 P 0
L 9.1921259 2.7992126 9.2374033 2.7992126 0 P 0
L 9.1960629 2.7913386 9.2255913 2.7913386 0 P 0
L 9.1999999 2.7834646 9.2157479 2.7834646 0 P 0
L 9.2118114 2.2559055 9.2275599 2.271654 0 P 0
L 9.2157479 2.7834646 9.2275599 2.7716526 0 P 0
L 9.2236225 2.248032 9.243307 2.2677165 0 P 0
L 9.2255913 2.7913386 9.2472439 2.769686 0 P 0
L 9.227559 2.2401575 9.259055 2.2716535 0 P 0
L 9.2275599 2.769686 9.2275599 2.7716526 0 P 0
L 9.235433 2.2322835 9.2826779 2.2795284 0 P 0
L 9.2354339 2.2913386 9.243307 2.2834655 0 P 0
L 9.2374033 2.7992126 9.2669299 2.769686 0 P 0
L 9.243307 2.2677165 9.243307 2.2834655 0 P 0
L 9.2452753 2.2244094 9.2984259 2.27756 0 P 0
L 9.259055 2.2716535 9.259055 2.2913386 0 P 0
L 9.2826779 2.2795284 9.2826779 2.291339 0 P 0
L 9.2925193 2.8070866 9.3751959 2.72441 0 P 0
L 9.2957809 2.8149606 9.3627095 2.748032 0 P 0
L 9.2984259 2.27756 9.3653539 2.27756 0 P 0
L 9.2990425 2.8228346 9.3521931 2.769684 0 P 0
L 9.3240172 2.8307087 9.3850399 2.769686 0 P 0
L 9.3521931 2.769684 9.3653539 2.769684 0 P 0
L 9.3627095 2.748032 9.3751959 2.748032 0 P 0
L 9.6332984 1.3503937 9.9133857 1.630481 0 P 0
L 9.6365599 1.3425196 9.9212598 1.6272195 0 P 0
L 9.6398215 1.3346456 9.9291339 1.623958 0 P 0
L 9.6430828 1.3267717 9.9370076 1.6206965 0 P 0
L 9.6463443 1.3188977 9.6502812 1.3228346 0 P 0
L 9.649606 1.3110237 9.9527558 1.6141735 0 P 0
L 9.6502812 1.3228346 9.6502815 1.3228346 0 P 0
L 9.6502815 1.3228346 9.9448818 1.6174349 0 P 0
L 9.6528675 1.3031496 9.9606298 1.6109119 0 P 0
L 9.656129 1.2952757 9.9685037 1.6076504 0 P 0
L 9.6593904 1.2874017 9.9763776 1.6043889 0 P 0
L 9.662652 1.2795277 9.9842517 1.6011274 0 P 0
L 9.6659136 1.2716535 9.9921259 1.5978658 0 P 0
L 9.6691751 1.2637796 9.9999998 1.5946043 0 P 0
L 9.6724366 1.2559057 10.0078737 1.5913428 0 P 0
L 9.6756981 1.2480316 10.0157478 1.5880813 0 P 0
L 9.6789593 1.2401582 10.0236211 1.58482 0 P 0
L 9.6822212 1.2322835 10.0314959 1.5815582 0 P 0
L 9.6854827 1.2244096 10.0393698 1.5782967 0 P 0
L 9.6887443 1.2165354 10.047244 1.5750351 0 P 0
L 9.6920058 1.2086615 10.0551179 1.5717736 0 P 0
L 9.6952673 1.2007874 10.062992 1.5685121 0 P 0
L 9.6985288 1.1929135 10.0708659 1.5652506 0 P 0
L 9.7017903 1.1850394 10.07874 1.5619891 0 P 0
L 9.7050519 1.1771654 10.086614 1.5587275 0 P 0
L 9.7083134 1.1692913 10.0944881 1.555466 0 P 0
L 9.7115749 1.1614174 10.102362 1.5522045 0 P 0
L 9.7148363 1.1535434 10.1102359 1.548943 0 P 0
L 9.718098 1.1456693 10.1181101 1.5456814 0 P 0
L 9.7213593 1.1377952 10.125984 1.5424199 0 P 0
L 9.7246208 1.1299211 10.1338581 1.5391584 0 P 0
L 9.7278824 1.1220471 10.1417322 1.5358969 0 P 0
L 9.9133857 1.630481 9.9133857 2.3593217 0 P 0
L 9.9133857 2.3593217 10.081623 2.527559 0 P 0
L 9.9212598 1.6272195 9.9212598 2.3560602 0 P 0
L 9.9212598 2.3560602 10.0848846 2.519685 0 P 0
L 9.9291339 1.623958 9.9291339 2.3527987 0 P 0
L 9.9291339 2.3527987 10.0881463 2.5118111 0 P 0
L 9.9370076 1.6206965 9.9370076 2.3495374 0 P 0
L 9.9370076 2.3495374 10.0914072 2.503937 0 P 0
L 9.9448818 1.6174349 9.9448818 2.3462758 0 P 0
L 9.9448818 2.3462758 10.0946689 2.4960629 0 P 0
L 9.9527558 1.6141735 9.9527558 2.3430142 0 P 0
L 9.9527558 2.3430142 10.0979306 2.488189 0 P 0
L 9.9606298 1.6109119 9.9606298 2.3397526 0 P 0
L 9.9606298 2.3397526 10.1011922 2.480315 0 P 0
L 9.9685037 1.6076504 9.9685037 2.3364911 0 P 0
L 9.9685037 2.3364911 10.1044535 2.4724409 0 P 0
L 9.9763776 1.6043889 9.9763776 2.3332296 0 P 0
L 9.9763776 2.3332296 10.1077149 2.4645669 0 P 0
L 9.9842517 1.6011274 9.9842517 2.3299681 0 P 0
L 9.9842517 2.3299681 10.1109765 2.4566929 0 P 0
L 9.9921259 1.5978658 9.9921259 2.3267065 0 P 0
L 9.9921259 2.3267065 10.1142383 2.4488189 0 P 0
L 9.9999998 1.5946043 9.9999998 2.323445 0 P 0
L 9.9999998 2.323445 10.1174998 2.440945 0 P 0
P 0.6537645 2.3805755 10 P 0 0 ;0=3,1=0
P 0.8149461 4.0700393 10 P 0 0 ;0=3,1=0
P 0.9614961 1.6844882 9 P 0 0 ;0=2,1=0
P 1.9443228 0.5707402 8 P 0 0 ;0=1,1=0
P 11.0504881 0.648378 8 P 0 0 ;0=1,1=0
P 11.3004849 0.5983748 6 P 0 0 ;0=0,1=0
P 11.3004849 0.6983748 7 P 0 0 ;0=0,1=0
P 2.0842519 4.2913385 1 P 0 0 ;0=4,1=0
P 2.0852273 4.8050394 1 P 0 0 ;0=4,1=0
P 2.1943196 0.520737 6 P 0 0 ;0=0,1=0
P 2.1943196 0.620737 7 P 0 0 ;0=0,1=0
P 2.2943196 0.620737 6 P 0 0 ;0=0,1=0
P 2.4943196 0.620737 6 P 0 0 ;0=0,1=0
P 2.5893701 4.2519684 1 P 0 0 ;0=4,1=0
P 2.5903455 4.7656693 1 P 0 0 ;0=4,1=0
S P 0
OB 1.0836614 1.9049744 I
OS 1.083626 1.9056271
OS 1.0835197 1.9062841
OS 1.0833425 1.9069456
OS 1.0830945 1.9076115
OS 1.0827756 1.9082818
OS 1.0823858 1.9089565
OS 1.0819252 1.9096357
OS 1.0813937 1.9103192
OS 1.0807913 1.9110072
OS 1.0801181 1.9116996
OS 1.0911417 1.9116996
OS 1.0904685 1.9110072
OS 1.0893346 1.9096357
OS 1.088874 1.9089565
OS 1.0884842 1.9082818
OS 1.0881653 1.9076115
OS 1.0879173 1.9069456
OS 1.0877401 1.9062841
OS 1.0876338 1.9056271
OS 1.0875984 1.9049744
OS 1.0836614 1.9049744
OE
SE
S P 0
OB 1.6021598 1.4917492 I
OS 1.6026087 1.492247
OS 1.6030078 1.492793
OS 1.6033572 1.4933873
OS 1.603657 1.4940297
OS 1.603907 1.4947204
OS 1.6041074 1.4954593
OS 1.604258 1.4962464
OS 1.6043589 1.4970817
OS 1.6044102 1.4979653
OS 1.6044117 1.498897
OS 1.6120915 1.4912172
OS 1.6111598 1.4912157
OS 1.6102762 1.4911644
OS 1.6094409 1.4910635
OS 1.6086538 1.4909129
OS 1.6079149 1.4907125
OS 1.6072242 1.4904625
OS 1.6065818 1.4901627
OS 1.6059875 1.4898133
OS 1.6054415 1.4894142
OS 1.6049437 1.4889653
OS 1.6021598 1.4917492
OE
SE
S P 0
OB 2.8499685 2.2013484 I
OS 2.8500039 2.2006957
OS 2.8501102 2.2000387
OS 2.8502874 2.1993772
OS 2.8505354 2.1987113
OS 2.8508543 2.198041
OS 2.8512441 2.1973663
OS 2.8517047 2.1966871
OS 2.8522362 2.1960036
OS 2.8528386 2.1953156
OS 2.8535118 2.1946232
OS 2.8424882 2.1946232
OS 2.8431614 2.1953156
OS 2.8442953 2.1966871
OS 2.8447559 2.1973663
OS 2.8451457 2.198041
OS 2.8454646 2.1987113
OS 2.8457126 2.1993772
OS 2.8458898 2.2000387
OS 2.8459961 2.2006957
OS 2.8460315 2.2013484
OS 2.8499685 2.2013484
OE
SE
S P 0
OB 2.8499917 2.6123423 I
OS 2.8500271 2.6116903
OS 2.8501332 2.6110335
OS 2.85031 2.6103718
OS 2.8505576 2.6097055
OS 2.8508759 2.6090343
OS 2.8512649 2.6083584
OS 2.8517247 2.6076777
OS 2.8522552 2.6069922
OS 2.8528564 2.6063019
OS 2.8535283 2.6056069
OS 2.8425048 2.6056394
OS 2.8431793 2.6063292
OS 2.8437828 2.6070149
OS 2.8443152 2.6076966
OS 2.8447767 2.6083742
OS 2.8451672 2.6090477
OS 2.8454867 2.6097172
OS 2.8457352 2.6103825
OS 2.8459127 2.6110439
OS 2.8460192 2.6117011
OS 2.8460547 2.6123543
OS 2.8499917 2.6123423
OE
SE
S P 0
OB 2.8460315 2.5396516 I
OS 2.8459961 2.5403043
OS 2.8458898 2.5409613
OS 2.8457126 2.5416228
OS 2.8454646 2.5422887
OS 2.8451457 2.542959
OS 2.8447559 2.5436337
OS 2.8442953 2.5443129
OS 2.8437638 2.5449964
OS 2.8431614 2.5456844
OS 2.8424882 2.5463768
OS 2.8535118 2.5463768
OS 2.8528386 2.5456844
OS 2.8517047 2.5443129
OS 2.8512441 2.5436337
OS 2.8508543 2.542959
OS 2.8505354 2.5422887
OS 2.8502874 2.5416228
OS 2.8501102 2.5409613
OS 2.8500039 2.5403043
OS 2.8499685 2.5396516
OS 2.8460315 2.5396516
OE
SE
S P 0
OB 2.8460547 2.8325173 I
OS 2.8460193 2.83317
OS 2.845913 2.833827
OS 2.8457358 2.8344885
OS 2.8454878 2.8351544
OS 2.8451689 2.8358247
OS 2.8447791 2.8364994
OS 2.8443185 2.8371786
OS 2.843787 2.8378621
OS 2.8431846 2.8385501
OS 2.8425114 2.8392425
OS 2.853535 2.8392425
OS 2.8528618 2.8385501
OS 2.8517279 2.8371786
OS 2.8512673 2.8364994
OS 2.8508775 2.8358247
OS 2.8505586 2.8351544
OS 2.8503106 2.8344885
OS 2.8501334 2.833827
OS 2.8500271 2.83317
OS 2.8499917 2.8325173
OS 2.8460547 2.8325173
OE
SE
S P 0
OB 1.658179 1.023822 I
OS 1.6588317 1.0238574
OS 1.6594887 1.0239637
OS 1.6601502 1.0241409
OS 1.6608161 1.0243889
OS 1.6614864 1.0247078
OS 1.6621611 1.0250976
OS 1.6628403 1.0255582
OS 1.6635238 1.0260897
OS 1.6642118 1.0266921
OS 1.6649042 1.0273653
OS 1.6649042 1.0163417
OS 1.6642118 1.0170149
OS 1.6628403 1.0181488
OS 1.6621611 1.0186094
OS 1.6614864 1.0189992
OS 1.6608161 1.0193181
OS 1.6601502 1.0195661
OS 1.6594887 1.0197433
OS 1.6588317 1.0198496
OS 1.658179 1.019885
OS 1.658179 1.023822
OE
SE
S P 0
OB 1.6779568 1.0144587 I
OS 1.6771855 1.014455
OS 1.6722974 1.0141607
OS 1.6718465 1.0140908
OS 1.6784005 1.0219723
OS 1.6784495 1.0212928
OS 1.6785748 1.0206848
OS 1.6787765 1.0201483
OS 1.6790545 1.0196833
OS 1.6794089 1.0192899
OS 1.6798396 1.018968
OS 1.6803466 1.0187176
OS 1.6809301 1.0185388
OS 1.6815898 1.0184315
OS 1.6823259 1.0183957
OS 1.6779568 1.0144587
OE
SE
S P 0
OB 1.7300339 1.0320304 I
OS 1.7304704 1.032517
OS 1.7308598 1.0330567
OS 1.7312023 1.0336497
OS 1.7314977 1.034296
OS 1.7317462 1.0349954
OS 1.7319477 1.0357482
OS 1.7321022 1.0365541
OS 1.7322098 1.0374133
OS 1.7322703 1.0383257
OS 1.7322839 1.0392914
OS 1.7400788 1.0314965
OS 1.7391131 1.0314829
OS 1.7373415 1.0313148
OS 1.7365356 1.0311603
OS 1.7357828 1.0309588
OS 1.7350834 1.0307103
OS 1.7344371 1.0304149
OS 1.7338441 1.0300724
OS 1.7333044 1.029683
OS 1.7328178 1.0292465
OS 1.7300339 1.0320304
OE
SE
S P 0
OB 1.0518388 1.9337642 I
OS 1.0514373 1.9341308
OS 1.0509658 1.9344975
OS 1.0504244 1.9348643
OS 1.0498131 1.9352311
OS 1.0483806 1.935965
OS 1.0475595 1.936332
OS 1.0446766 1.9374336
OS 1.0546336 1.9421642
OS 1.0543718 1.9413569
OS 1.0541909 1.9405812
OS 1.0540909 1.9398371
OS 1.0540718 1.9391248
OS 1.0541335 1.938444
OS 1.0542761 1.937795
OS 1.0544997 1.9371775
OS 1.0548041 1.9365918
OS 1.0551894 1.9360377
OS 1.0556555 1.9355152
OS 1.0518388 1.9337642
OE
SE
S P 0
OB 1.6723021 1.0488237 I
OS 1.6729548 1.0488591
OS 1.6736118 1.0489654
OS 1.6742733 1.0491426
OS 1.6749392 1.0493906
OS 1.6756095 1.0497095
OS 1.6762842 1.0500993
OS 1.6769634 1.0505599
OS 1.6776469 1.0510914
OS 1.6783349 1.0516938
OS 1.6790273 1.052367
OS 1.6790273 1.0413434
OS 1.6783349 1.0420166
OS 1.6769634 1.0431505
OS 1.6762842 1.0436111
OS 1.6756095 1.0440009
OS 1.6749392 1.0443198
OS 1.6742733 1.0445678
OS 1.6736118 1.044745
OS 1.6729548 1.0448513
OS 1.6723021 1.0448867
OS 1.6723021 1.0488237
OE
SE
S P 0
OB 1.6969989 1.0448867 I
OS 1.6963462 1.0448513
OS 1.6956892 1.044745
OS 1.6950277 1.0445678
OS 1.6943618 1.0443198
OS 1.6936915 1.0440009
OS 1.6930168 1.0436111
OS 1.6923376 1.0431505
OS 1.6916541 1.042619
OS 1.6909661 1.0420166
OS 1.6902737 1.0413434
OS 1.6902737 1.052367
OS 1.6909661 1.0516938
OS 1.6923376 1.0505599
OS 1.6930168 1.0500993
OS 1.6936915 1.0497095
OS 1.6943618 1.0493906
OS 1.6950277 1.0491426
OS 1.6956892 1.0489654
OS 1.6963462 1.0488591
OS 1.6969989 1.0488237
OS 1.6969989 1.0448867
OE
SE
S P 0
OB 1.7356831 1.0610236 I
OS 1.7363358 1.061059
OS 1.7369928 1.0611653
OS 1.7376543 1.0613425
OS 1.7383202 1.0615905
OS 1.7389905 1.0619094
OS 1.7396652 1.0622992
OS 1.7403444 1.0627598
OS 1.7410279 1.0632913
OS 1.7417159 1.0638937
OS 1.7424083 1.0645669
OS 1.7424083 1.0535433
OS 1.7417159 1.0542165
OS 1.7403444 1.0553504
OS 1.7396652 1.055811
OS 1.7389905 1.0562008
OS 1.7383202 1.0565197
OS 1.7376543 1.0567677
OS 1.7369928 1.0569449
OS 1.7363358 1.0570512
OS 1.7356831 1.0570866
OS 1.7356831 1.0610236
OE
SE
S P 0
OB 1.0651877 1.9294717 I
OS 1.065165 1.9301225
OS 1.065097 1.9307331
OS 1.0649836 1.9313033
OS 1.0648249 1.9318334
OS 1.0646208 1.9323231
OS 1.0643713 1.9327726
OS 1.0640765 1.9331819
OS 1.0637364 1.9335508
OS 1.0633509 1.9338795
OS 1.06292 1.934168
OS 1.0713223 1.9344104
OS 1.0709047 1.9340951
OS 1.0705312 1.9337401
OS 1.0702015 1.9333454
OS 1.0699158 1.932911
OS 1.0696741 1.932437
OS 1.0694763 1.9319233
OS 1.0693225 1.9313699
OS 1.0692126 1.9307768
OS 1.0691467 1.9301441
OS 1.0691247 1.9294717
OS 1.0651877 1.9294717
OE
SE
S P 0
OB 1.0834265 1.9379693 I
OS 1.0833911 1.938622
OS 1.0832848 1.939279
OS 1.0831076 1.9399405
OS 1.0828596 1.9406064
OS 1.0825407 1.9412767
OS 1.0821509 1.9419514
OS 1.0816903 1.9426306
OS 1.0811588 1.9433141
OS 1.0805564 1.9440021
OS 1.0798832 1.9446945
OS 1.0909068 1.9446945
OS 1.0902336 1.9440021
OS 1.0890997 1.9426306
OS 1.0886391 1.9419514
OS 1.0882493 1.9412767
OS 1.0879304 1.9406064
OS 1.0876824 1.9399405
OS 1.0875052 1.939279
OS 1.0873989 1.938622
OS 1.0873635 1.9379693
OS 1.0834265 1.9379693
OE
SE
S P 0
OB 1.6146995 1.4843243 I
OS 1.6153522 1.4843597
OS 1.6160092 1.484466
OS 1.6166707 1.4846432
OS 1.6173366 1.4848912
OS 1.6180069 1.4852101
OS 1.6186816 1.4855999
OS 1.6193608 1.4860605
OS 1.6200443 1.486592
OS 1.6207323 1.4871944
OS 1.6214247 1.4878676
OS 1.6214247 1.476844
OS 1.6207323 1.4775172
OS 1.6193608 1.4786511
OS 1.6186816 1.4791117
OS 1.6180069 1.4795015
OS 1.6173366 1.4798204
OS 1.6166707 1.4800684
OS 1.6160092 1.4802456
OS 1.6153522 1.4803519
OS 1.6146995 1.4803873
OS 1.6146995 1.4843243
OE
SE
S P 0
OB 1.6816397 0.4862205 I
OS 1.680987 0.4861851
OS 1.68033 0.4860788
OS 1.6796685 0.4859016
OS 1.6790026 0.4856536
OS 1.6783323 0.4853347
OS 1.6776576 0.4849449
OS 1.6769784 0.4844843
OS 1.6762949 0.4839528
OS 1.6756069 0.4833504
OS 1.6749145 0.4826772
OS 1.6749145 0.4937008
OS 1.6756069 0.4930276
OS 1.6769784 0.4918937
OS 1.6776576 0.4914331
OS 1.6783323 0.4910433
OS 1.6790026 0.4907244
OS 1.6796685 0.4904764
OS 1.68033 0.4902992
OS 1.680987 0.4901929
OS 1.6816397 0.4901575
OS 1.6816397 0.4862205
OE
SE
S P 0
OB 1.7834646 1.2787401 I
OS 1.7834253 1.2794298
OS 1.7833074 1.2800946
OS 1.7831108 1.2807345
OS 1.7828356 1.2813495
OS 1.7824819 1.2819395
OS 1.7820494 1.2825046
OS 1.7815384 1.2830448
OS 1.7809488 1.2835601
OS 1.7802805 1.2840505
OS 1.7795336 1.2845159
OS 1.7902072 1.2872718
OS 1.7896741 1.2863598
OS 1.7884116 1.2838428
OS 1.788103 1.2830768
OS 1.7876541 1.2816545
OS 1.7875138 1.2809981
OS 1.7874297 1.2803783
OS 1.7874016 1.279795
OS 1.7834646 1.2787401
OE
SE
S P 0
OB 2.8872124 2.2823484 I
OS 2.8872478 2.2816957
OS 2.8873541 2.2810387
OS 2.8875313 2.2803772
OS 2.8877793 2.2797113
OS 2.8880982 2.279041
OS 2.888488 2.2783663
OS 2.8889486 2.2776871
OS 2.8894801 2.2770036
OS 2.8900825 2.2763156
OS 2.8907557 2.2756232
OS 2.8797321 2.2756232
OS 2.8804053 2.2763156
OS 2.8815392 2.2776871
OS 2.8819998 2.2783663
OS 2.8823896 2.279041
OS 2.8827085 2.2797113
OS 2.8829565 2.2803772
OS 2.8831337 2.2810387
OS 2.88324 2.2816957
OS 2.8832754 2.2823484
OS 2.8872124 2.2823484
OE
SE
S P 0
OB 2.5423397 2.5978764 I
OS 2.5418531 2.5983129
OS 2.5413134 2.5987023
OS 2.5407204 2.5990448
OS 2.5400741 2.5993402
OS 2.5393747 2.5995887
OS 2.5386219 2.5997902
OS 2.537816 2.5999447
OS 2.5369568 2.6000523
OS 2.5360444 2.6001128
OS 2.5350787 2.6001264
OS 2.5428736 2.6079213
OS 2.5428872 2.6069556
OS 2.5430553 2.605184
OS 2.5432098 2.6043781
OS 2.5434113 2.6036253
OS 2.5436598 2.6029259
OS 2.5439552 2.6022796
OS 2.5442977 2.6016866
OS 2.5446871 2.6011469
OS 2.5451236 2.6006603
OS 2.5423397 2.5978764
OE
SE
S P 0
OB 2.3370315 2.3936516 I
OS 2.3369961 2.3943043
OS 2.3368898 2.3949613
OS 2.3367126 2.3956228
OS 2.3364646 2.3962887
OS 2.3361457 2.396959
OS 2.3357559 2.3976337
OS 2.3352953 2.3983129
OS 2.3347638 2.3989964
OS 2.3341614 2.3996844
OS 2.3334882 2.4003768
OS 2.3445118 2.4003768
OS 2.3438386 2.3996844
OS 2.3427047 2.3983129
OS 2.3422441 2.3976337
OS 2.3418543 2.396959
OS 2.3415354 2.3962887
OS 2.3412874 2.3956228
OS 2.3411102 2.3949613
OS 2.3410039 2.3943043
OS 2.3409685 2.3936516
OS 2.3370315 2.3936516
OE
SE
S P 0
OB 2.3409685 2.3341988 I
OS 2.3410039 2.3335461
OS 2.3411102 2.3328891
OS 2.3412874 2.3322276
OS 2.3415354 2.3315617
OS 2.3418543 2.3308914
OS 2.3422441 2.3302167
OS 2.3427047 2.3295375
OS 2.3432362 2.328854
OS 2.3438386 2.328166
OS 2.3445118 2.3274736
OS 2.3334882 2.3274736
OS 2.3341614 2.328166
OS 2.3352953 2.3295375
OS 2.3357559 2.3302167
OS 2.3361457 2.3308914
OS 2.3364646 2.3315617
OS 2.3367126 2.3322276
OS 2.3368898 2.3328891
OS 2.3369961 2.3335461
OS 2.3370315 2.3341988
OS 2.3409685 2.3341988
OE
SE
S P 0
OB 2.3170315 2.3936516 I
OS 2.3169961 2.3943043
OS 2.3168898 2.3949613
OS 2.3167126 2.3956228
OS 2.3164646 2.3962887
OS 2.3161457 2.396959
OS 2.3157559 2.3976337
OS 2.3152953 2.3983129
OS 2.3147638 2.3989964
OS 2.3141614 2.3996844
OS 2.3134882 2.4003768
OS 2.3245118 2.4003768
OS 2.3238386 2.3996844
OS 2.3227047 2.3983129
OS 2.3222441 2.3976337
OS 2.3218543 2.396959
OS 2.3215354 2.3962887
OS 2.3212874 2.3956228
OS 2.3211102 2.3949613
OS 2.3210039 2.3943043
OS 2.3209685 2.3936516
OS 2.3170315 2.3936516
OE
SE
S P 0
OB 2.3209685 2.3341988 I
OS 2.3210039 2.3335461
OS 2.3211102 2.3328891
OS 2.3212874 2.3322276
OS 2.3215354 2.3315617
OS 2.3218543 2.3308914
OS 2.3222441 2.3302167
OS 2.3227047 2.3295375
OS 2.3232362 2.328854
OS 2.3238386 2.328166
OS 2.3245118 2.3274736
OS 2.3134882 2.3274736
OS 2.3141614 2.328166
OS 2.3152953 2.3295375
OS 2.3157559 2.3302167
OS 2.3161457 2.3308914
OS 2.3164646 2.3315617
OS 2.3167126 2.3322276
OS 2.3168898 2.3328891
OS 2.3169961 2.3335461
OS 2.3170315 2.3341988
OS 2.3209685 2.3341988
OE
SE
S P 0
OB 2.2970315 2.3936516 I
OS 2.2969961 2.3943043
OS 2.2968898 2.3949613
OS 2.2967126 2.3956228
OS 2.2964646 2.3962887
OS 2.2961457 2.396959
OS 2.2957559 2.3976337
OS 2.2952953 2.3983129
OS 2.2947638 2.3989964
OS 2.2941614 2.3996844
OS 2.2934882 2.4003768
OS 2.3045118 2.4003768
OS 2.3038386 2.3996844
OS 2.3027047 2.3983129
OS 2.3022441 2.3976337
OS 2.3018543 2.396959
OS 2.3015354 2.3962887
OS 2.3012874 2.3956228
OS 2.3011102 2.3949613
OS 2.3010039 2.3943043
OS 2.3009685 2.3936516
OS 2.2970315 2.3936516
OE
SE
S P 0
OB 2.3009685 2.3341988 I
OS 2.3010039 2.3335461
OS 2.3011102 2.3328891
OS 2.3012874 2.3322276
OS 2.3015354 2.3315617
OS 2.3018543 2.3308914
OS 2.3022441 2.3302167
OS 2.3027047 2.3295375
OS 2.3032362 2.328854
OS 2.3038386 2.328166
OS 2.3045118 2.3274736
OS 2.2934882 2.3274736
OS 2.2941614 2.328166
OS 2.2952953 2.3295375
OS 2.2957559 2.3302167
OS 2.2961457 2.3308914
OS 2.2964646 2.3315617
OS 2.2967126 2.3322276
OS 2.2968898 2.3328891
OS 2.2969961 2.3335461
OS 2.2970315 2.3341988
OS 2.3009685 2.3341988
OE
SE
S P 0
OB 2.2775591 2.3935346 I
OS 2.2775223 2.3941991
OS 2.2774118 2.3948601
OS 2.2772277 2.3955176
OS 2.27697 2.3961714
OS 2.2766387 2.3968218
OS 2.2762337 2.3974686
OS 2.2757551 2.3981118
OS 2.2752028 2.3987515
OS 2.2745769 2.3993876
OS 2.2738774 2.4000202
OS 2.2848762 2.4007588
OS 2.284234 2.4000072
OS 2.2831523 2.3985416
OS 2.2827129 2.3978276
OS 2.2823411 2.3971262
OS 2.2820369 2.3964374
OS 2.2818003 2.3957611
OS 2.2816313 2.3950974
OS 2.2815299 2.3944463
OS 2.2814961 2.3938077
OS 2.2775591 2.3935346
OE
SE
S P 0
OB 2.2814961 2.3340427 I
OS 2.2815299 2.3334041
OS 2.2816313 2.332753
OS 2.2818003 2.3320893
OS 2.2820369 2.331413
OS 2.2823411 2.3307242
OS 2.2827129 2.3300228
OS 2.2831523 2.3293088
OS 2.2836594 2.3285823
OS 2.2848762 2.3270916
OS 2.2738774 2.3278302
OS 2.2745769 2.3284628
OS 2.2752028 2.3290989
OS 2.2757551 2.3297386
OS 2.2762337 2.3303818
OS 2.2766387 2.3310286
OS 2.27697 2.331679
OS 2.2772277 2.3323328
OS 2.2774118 2.3329903
OS 2.2775223 2.3336513
OS 2.2775591 2.3343158
OS 2.2814961 2.3340427
OE
SE
S P 0
OB 2.3683913 3.3852925 I
OS 2.3679548 3.3848059
OS 2.3675654 3.3842662
OS 2.3672229 3.3836732
OS 2.3669275 3.3830269
OS 2.366679 3.3823275
OS 2.3664775 3.3815747
OS 2.366323 3.3807688
OS 2.3662154 3.3799096
OS 2.3661549 3.3789972
OS 2.3661413 3.3780315
OS 2.3583464 3.3858264
OS 2.3593121 3.38584
OS 2.3610837 3.3860081
OS 2.3618896 3.3861626
OS 2.3626424 3.3863641
OS 2.3633418 3.3866126
OS 2.3639881 3.386908
OS 2.3645811 3.3872505
OS 2.3651208 3.3876399
OS 2.3656074 3.3880764
OS 2.3683913 3.3852925
OE
SE
S P 0
OB 3.4655194 3.7699685 I
OS 3.4661857 3.7700055
OS 3.4668472 3.7701166
OS 3.4675038 3.7703016
OS 3.4681557 3.7705607
OS 3.4688027 3.7708939
OS 3.4694449 3.771301
OS 3.4700823 3.7717822
OS 3.4707149 3.7723374
OS 3.4713427 3.7729667
OS 3.4719657 3.77367
OS 3.4728219 3.7626797
OS 3.4720609 3.7633165
OS 3.4705805 3.7643891
OS 3.4698611 3.7648248
OS 3.4691556 3.7651935
OS 3.468464 3.7654952
OS 3.4677863 3.7657298
OS 3.4671224 3.7658974
OS 3.4664724 3.765998
OS 3.4658363 3.7660315
OS 3.4655194 3.7699685
OE
SE
S P 0
OB 0.2343226 2.9477559 I
OS 0.2331222 2.9477232
OS 0.2319807 2.9476252
OS 0.2308981 2.9474618
OS 0.2298745 2.9472331
OS 0.2289098 2.946939
OS 0.228004 2.9465795
OS 0.2271572 2.9461547
OS 0.2263693 2.9456646
OS 0.2256403 2.9451091
OS 0.2249702 2.9444882
OS 0.2249702 2.9610236
OS 0.2256403 2.9604027
OS 0.2263693 2.9598472
OS 0.2271572 2.9593571
OS 0.228004 2.9589323
OS 0.2289098 2.9585728
OS 0.2298745 2.9582787
OS 0.2308981 2.95805
OS 0.2319807 2.9578866
OS 0.2331222 2.9577886
OS 0.2343226 2.9577559
OS 0.2343226 2.9477559
OE
SE
S P 0
OB 0.6081988 2.981378 I
OS 0.6093991 2.9814107
OS 0.6105406 2.9815086
OS 0.6116232 2.9816719
OS 0.6126469 2.9819006
OS 0.6136118 2.9821945
OS 0.6145177 2.9825538
OS 0.6153647 2.9829783
OS 0.6161529 2.9834682
OS 0.6168821 2.9840234
OS 0.6175525 2.984644
OS 0.6175441 2.9681086
OS 0.6168743 2.9687298
OS 0.6161456 2.9692856
OS 0.6153579 2.969776
OS 0.6145112 2.970201
OS 0.6136056 2.9705606
OS 0.6126411 2.9708549
OS 0.6116175 2.9710838
OS 0.610535 2.9712472
OS 0.6093936 2.9713453
OS 0.6081931 2.971378
OS 0.6081988 2.981378
OE
SE
S P 0
OB 3.8087024 3.7600271 I
OS 3.8093551 3.7600625
OS 3.8100121 3.7601688
OS 3.8106736 3.760346
OS 3.8113395 3.760594
OS 3.8120098 3.7609129
OS 3.8126845 3.7613027
OS 3.8133637 3.7617633
OS 3.8140472 3.7622948
OS 3.8147352 3.7628972
OS 3.8154276 3.7635704
OS 3.8154276 3.7525468
OS 3.8147352 3.75322
OS 3.8133637 3.7543539
OS 3.8126845 3.7548145
OS 3.8120098 3.7552043
OS 3.8113395 3.7555232
OS 3.8106736 3.7557712
OS 3.8100121 3.7559484
OS 3.8093551 3.7560547
OS 3.8087024 3.7560901
OS 3.8087024 3.7600271
OE
SE
S P 0
OB 2.7023484 3.4780315 I
OS 2.7016957 3.4779961
OS 2.7010387 3.4778898
OS 2.7003772 3.4777126
OS 2.6997113 3.4774646
OS 2.699041 3.4771457
OS 2.6983663 3.4767559
OS 2.6976871 3.4762953
OS 2.6970036 3.4757638
OS 2.6963156 3.4751614
OS 2.6956232 3.4744882
OS 2.6956232 3.4855118
OS 2.6963156 3.4848386
OS 2.6976871 3.4837047
OS 2.6983663 3.4832441
OS 2.699041 3.4828543
OS 2.6997113 3.4825354
OS 2.7003772 3.4822874
OS 2.7010387 3.4821102
OS 2.7016957 3.4820039
OS 2.7023484 3.4819685
OS 2.7023484 3.4780315
OE
SE
S P 0
OB 3.3675386 3.2360315 I
OS 3.3668648 3.2359937
OS 3.3662016 3.2358801
OS 3.365549 3.2356909
OS 3.364907 3.235426
OS 3.3642756 3.2350854
OS 3.3636548 3.2346691
OS 3.3630446 3.2341771
OS 3.362445 3.2336094
OS 3.361856 3.232966
OS 3.3612776 3.232247
OS 3.3598776 3.2431813
OS 3.3606819 3.2425709
OS 3.3622302 3.2415428
OS 3.3629743 3.2411251
OS 3.3636983 3.2407717
OS 3.3644023 3.2404825
OS 3.3650862 3.2402577
OS 3.36575 3.240097
OS 3.3663937 3.2400006
OS 3.3670174 3.2399685
OS 3.3675386 3.2360315
OE
SE
S P 0
OB 8.1530056 2.7716525 I
OS 8.1536583 2.7716879
OS 8.1543153 2.7717942
OS 8.1549768 2.7719714
OS 8.1556427 2.7722194
OS 8.156313 2.7725383
OS 8.1569877 2.7729281
OS 8.1576669 2.7733887
OS 8.1583504 2.7739202
OS 8.1590384 2.7745226
OS 8.1597308 2.7751958
OS 8.1597308 2.7641722
OS 8.1590384 2.7648454
OS 8.1576669 2.7659793
OS 8.1569877 2.7664399
OS 8.156313 2.7668297
OS 8.1556427 2.7671486
OS 8.1549768 2.7673966
OS 8.1543153 2.7675738
OS 8.1536583 2.7676801
OS 8.1530056 2.7677155
OS 8.1530056 2.7716525
OE
SE
S P 0
OB 11.7678562 2.7345336 I
OS 11.7683428 2.7340971
OS 11.7688825 2.7337077
OS 11.7694755 2.7333652
OS 11.7701218 2.7330698
OS 11.7708212 2.7328213
OS 11.771574 2.7326198
OS 11.7723799 2.7324653
OS 11.7732391 2.7323577
OS 11.7741515 2.7322972
OS 11.7751172 2.7322836
OS 11.7673223 2.7244887
OS 11.7673087 2.7254544
OS 11.7671406 2.727226
OS 11.7669861 2.7280319
OS 11.7667846 2.7287847
OS 11.7665361 2.7294841
OS 11.7662407 2.7301304
OS 11.7658982 2.7307234
OS 11.7655088 2.7312631
OS 11.7650723 2.7317497
OS 11.7678562 2.7345336
OE
SE
S P 0
OB 2.1437015 1.8183601 I
OS 2.1436661 1.8190128
OS 2.1435598 1.8196698
OS 2.1433826 1.8203313
OS 2.1431346 1.8209972
OS 2.1428157 1.8216675
OS 2.1424259 1.8223422
OS 2.1419653 1.8230214
OS 2.1414338 1.8237049
OS 2.1408314 1.8243929
OS 2.1401582 1.8250853
OS 2.1511818 1.8250853
OS 2.1505086 1.8243929
OS 2.1493747 1.8230214
OS 2.1489141 1.8223422
OS 2.1485243 1.8216675
OS 2.1482054 1.8209972
OS 2.1479574 1.8203313
OS 2.1477802 1.8196698
OS 2.1476739 1.8190128
OS 2.1476385 1.8183601
OS 2.1437015 1.8183601
OE
SE
S P 0
OB 1.4803155 2.0447376 I
OS 1.4802801 2.0453903
OS 1.4801738 2.0460473
OS 1.4799966 2.0467088
OS 1.4797486 2.0473747
OS 1.4794297 2.048045
OS 1.4790399 2.0487197
OS 1.4785793 2.0493989
OS 1.4780478 2.0500824
OS 1.4774454 2.0507704
OS 1.4767722 2.0514628
OS 1.4877958 2.0514628
OS 1.4871226 2.0507704
OS 1.4859887 2.0493989
OS 1.4855281 2.0487197
OS 1.4851383 2.048045
OS 1.4848194 2.0473747
OS 1.4845714 2.0467088
OS 1.4843942 2.0460473
OS 1.4842879 2.0453903
OS 1.4842525 2.0447376
OS 1.4803155 2.0447376
OE
SE
S P 0
OB 12.8399042 2.7798095 I
OS 12.8403908 2.779373
OS 12.8409305 2.7789836
OS 12.8415235 2.7786411
OS 12.8421698 2.7783457
OS 12.8428692 2.7780972
OS 12.843622 2.7778957
OS 12.8444279 2.7777412
OS 12.8452871 2.7776336
OS 12.8461995 2.7775731
OS 12.8471652 2.7775595
OS 12.8393703 2.7697646
OS 12.8393567 2.7707303
OS 12.8391886 2.7725019
OS 12.8390341 2.7733078
OS 12.8388326 2.7740606
OS 12.8385841 2.77476
OS 12.8382887 2.7754063
OS 12.8379462 2.7759993
OS 12.8375568 2.776539
OS 12.8371203 2.7770256
OS 12.8399042 2.7798095
OE
SE
S P 0
OB 3.3413484 3.1970315 I
OS 3.3406957 3.1969961
OS 3.3400387 3.1968898
OS 3.3393772 3.1967126
OS 3.3387113 3.1964646
OS 3.338041 3.1961457
OS 3.3373663 3.1957559
OS 3.3366871 3.1952953
OS 3.3360036 3.1947638
OS 3.3353156 3.1941614
OS 3.3346232 3.1934882
OS 3.3346232 3.2045118
OS 3.3353156 3.2038386
OS 3.3366871 3.2027047
OS 3.3373663 3.2022441
OS 3.338041 3.2018543
OS 3.3387113 3.2015354
OS 3.3393772 3.2012874
OS 3.3400387 3.2011102
OS 3.3406957 3.2010039
OS 3.3413484 3.2009685
OS 3.3413484 3.1970315
OE
SE
S P 0
OB 8.1628476 2.7500005 I
OS 8.1635266 2.7500346
OS 8.1642014 2.750137
OS 8.1648719 2.7503076
OS 8.1655382 2.7505465
OS 8.1662003 2.7508537
OS 8.1668582 2.751229
OS 8.1675119 2.7516727
OS 8.1681614 2.7521846
OS 8.1688066 2.7527647
OS 8.1694477 2.7534131
OS 8.1694477 2.7426509
OS 8.1688066 2.7432993
OS 8.1681614 2.7438794
OS 8.1675119 2.7443913
OS 8.1668582 2.744835
OS 8.1662003 2.7452103
OS 8.1655382 2.7455175
OS 8.1648719 2.7457564
OS 8.1642014 2.745927
OS 8.1635266 2.7460294
OS 8.1628476 2.7460635
OS 8.1628476 2.7500005
OE
SE
S P 0
OB 3.4637138 2.1785633 I
OS 3.4633225 2.1781326
OS 3.4629442 2.1776361
OS 3.4625791 2.1770738
OS 3.462227 2.1764458
OS 3.461888 2.1757521
OS 3.4612493 2.1741673
OS 3.4609496 2.1732763
OS 3.4603894 2.1712971
OS 3.4548394 2.1808216
OS 3.455694 2.1806188
OS 3.4565109 2.1804897
OS 3.4572902 2.1804343
OS 3.4580318 2.1804525
OS 3.4587359 2.1805444
OS 3.4594023 2.18071
OS 3.4600311 2.1809493
OS 3.4606223 2.1812622
OS 3.4611759 2.1816488
OS 3.4616918 2.1821091
OS 3.4637138 2.1785633
OE
SE
S P 0
OB 9.3530055 2.7716525 I
OS 9.3536582 2.7716879
OS 9.3543152 2.7717942
OS 9.3549767 2.7719714
OS 9.3556426 2.7722194
OS 9.3563129 2.7725383
OS 9.3569876 2.7729281
OS 9.3576668 2.7733887
OS 9.3583503 2.7739202
OS 9.3590383 2.7745226
OS 9.3597307 2.7751958
OS 9.3597307 2.7641722
OS 9.3590383 2.7648454
OS 9.3576668 2.7659793
OS 9.3569876 2.7664399
OS 9.3563129 2.7668297
OS 9.3556426 2.7671486
OS 9.3549767 2.7673966
OS 9.3543152 2.7675738
OS 9.3536582 2.7676801
OS 9.3530055 2.7677155
OS 9.3530055 2.7716525
OE
SE
S P 0
OB 1.4940955 2.0270216 I
OS 1.4940601 2.0276743
OS 1.4939538 2.0283313
OS 1.4937766 2.0289928
OS 1.4935286 2.0296587
OS 1.4932097 2.030329
OS 1.4928199 2.0310037
OS 1.4923593 2.0316829
OS 1.4918278 2.0323664
OS 1.4912254 2.0330544
OS 1.4905522 2.0337468
OS 1.5015758 2.0337468
OS 1.5009026 2.0330544
OS 1.4997687 2.0316829
OS 1.4993081 2.0310037
OS 1.4989183 2.030329
OS 1.4985994 2.0296587
OS 1.4983514 2.0289928
OS 1.4981742 2.0283313
OS 1.4980679 2.0276743
OS 1.4980325 2.0270216
OS 1.4940955 2.0270216
OE
SE
S P 0
OB 12.8595902 2.7798095 I
OS 12.8600768 2.779373
OS 12.8606165 2.7789836
OS 12.8612095 2.7786411
OS 12.8618558 2.7783457
OS 12.8625552 2.7780972
OS 12.863308 2.7778957
OS 12.8641139 2.7777412
OS 12.8649731 2.7776336
OS 12.8658855 2.7775731
OS 12.8668512 2.7775595
OS 12.8590563 2.7697646
OS 12.8590427 2.7707303
OS 12.8588746 2.7725019
OS 12.8587201 2.7733078
OS 12.8585186 2.7740606
OS 12.8582701 2.77476
OS 12.8579747 2.7754063
OS 12.8576322 2.7759993
OS 12.8572428 2.776539
OS 12.8568063 2.7770256
OS 12.8595902 2.7798095
OE
SE
S P 0
OB 12.9628475 2.7500004 I
OS 12.9635265 2.7500345
OS 12.9642013 2.7501369
OS 12.9648718 2.7503075
OS 12.9655381 2.7505464
OS 12.9662002 2.7508536
OS 12.9668581 2.7512289
OS 12.9675118 2.7516726
OS 12.9681613 2.7521845
OS 12.9688065 2.7527646
OS 12.9694476 2.753413
OS 12.9694476 2.7426508
OS 12.9688065 2.7432992
OS 12.9681613 2.7438793
OS 12.9675118 2.7443912
OS 12.9668581 2.7448349
OS 12.9662002 2.7452102
OS 12.9655381 2.7455174
OS 12.9648718 2.7457563
OS 12.9642013 2.7459269
OS 12.9635265 2.7460293
OS 12.9628475 2.7460634
OS 12.9628475 2.7500004
OE
SE
S P 0
OB 11.6399042 2.7798096 I
OS 11.6403908 2.7793731
OS 11.6409305 2.7789837
OS 11.6415235 2.7786412
OS 11.6421698 2.7783458
OS 11.6428692 2.7780973
OS 11.643622 2.7778958
OS 11.6444279 2.7777413
OS 11.6452871 2.7776337
OS 11.6461995 2.7775732
OS 11.6471652 2.7775596
OS 11.6393703 2.7697647
OS 11.6393567 2.7707304
OS 11.6391886 2.772502
OS 11.6390341 2.7733079
OS 11.6388326 2.7740607
OS 11.6385841 2.7747601
OS 11.6382887 2.7754064
OS 11.6379462 2.7759994
OS 11.6375568 2.7765391
OS 11.6371203 2.7770257
OS 11.6399042 2.7798096
OE
SE
S P 0
OB 2.1003935 1.8262341 I
OS 2.1003581 1.8268868
OS 2.1002518 1.8275438
OS 2.1000746 1.8282053
OS 2.0998266 1.8288712
OS 2.0995077 1.8295415
OS 2.0991179 1.8302162
OS 2.0986573 1.8308954
OS 2.0981258 1.8315789
OS 2.0975234 1.8322669
OS 2.0968502 1.8329593
OS 2.1078738 1.8329593
OS 2.1072006 1.8322669
OS 2.1060667 1.8308954
OS 2.1056061 1.8302162
OS 2.1052163 1.8295415
OS 2.1048974 1.8288712
OS 2.1046494 1.8282053
OS 2.1044722 1.8275438
OS 2.1043659 1.8268868
OS 2.1043305 1.8262341
OS 2.1003935 1.8262341
OE
SE
S P 0
OB 2.1220475 1.8222981 I
OS 2.1220121 1.8229508
OS 2.1219058 1.8236078
OS 2.1217286 1.8242693
OS 2.1214806 1.8249352
OS 2.1211617 1.8256055
OS 2.1207719 1.8262802
OS 2.1203113 1.8269594
OS 2.1197798 1.8276429
OS 2.1191774 1.8283309
OS 2.1185042 1.8290233
OS 2.1295278 1.8290233
OS 2.1288546 1.8283309
OS 2.1277207 1.8269594
OS 2.1272601 1.8262802
OS 2.1268703 1.8256055
OS 2.1265514 1.8249352
OS 2.1263034 1.8242693
OS 2.1261262 1.8236078
OS 2.1260199 1.8229508
OS 2.1259845 1.8222981
OS 2.1220475 1.8222981
OE
SE
S P 0
OB 11.6595902 2.7798096 I
OS 11.6600768 2.7793731
OS 11.6606165 2.7789837
OS 11.6612095 2.7786412
OS 11.6618558 2.7783458
OS 11.6625552 2.7780973
OS 11.663308 2.7778958
OS 11.6641139 2.7777413
OS 11.6649731 2.7776337
OS 11.6658855 2.7775732
OS 11.6668512 2.7775596
OS 11.6590563 2.7697647
OS 11.6590427 2.7707304
OS 11.6588746 2.772502
OS 11.6587201 2.7733079
OS 11.6585186 2.7740607
OS 11.6582701 2.7747601
OS 11.6579747 2.7754064
OS 11.6576322 2.7759994
OS 11.6572428 2.7765391
OS 11.6568063 2.7770257
OS 11.6595902 2.7798096
OE
SE
S P 0
OB 11.7628475 2.7500005 I
OS 11.7635265 2.7500346
OS 11.7642013 2.750137
OS 11.7648718 2.7503076
OS 11.7655381 2.7505465
OS 11.7662002 2.7508537
OS 11.7668581 2.751229
OS 11.7675118 2.7516727
OS 11.7681613 2.7521846
OS 11.7688065 2.7527647
OS 11.7694476 2.7534131
OS 11.7694476 2.7426509
OS 11.7688065 2.7432993
OS 11.7681613 2.7438794
OS 11.7675118 2.7443913
OS 11.7668581 2.744835
OS 11.7662002 2.7452103
OS 11.7655381 2.7455175
OS 11.7648718 2.7457564
OS 11.7642013 2.745927
OS 11.7635265 2.7460294
OS 11.7628475 2.7460635
OS 11.7628475 2.7500005
OE
SE
S P 0
OB 2.1653535 1.8144241 I
OS 2.1653181 1.8150768
OS 2.1652118 1.8157338
OS 2.1650346 1.8163953
OS 2.1647866 1.8170612
OS 2.1644677 1.8177315
OS 2.1640779 1.8184062
OS 2.1636173 1.8190854
OS 2.1630858 1.8197689
OS 2.1624834 1.8204569
OS 2.1618102 1.8211493
OS 2.1728338 1.8211493
OS 2.1721606 1.8204569
OS 2.1710267 1.8190854
OS 2.1705661 1.8184062
OS 2.1701763 1.8177315
OS 2.1698574 1.8170612
OS 2.1696094 1.8163953
OS 2.1694322 1.8157338
OS 2.1693259 1.8150768
OS 2.1692905 1.8144241
OS 2.1653535 1.8144241
OE
SE
S P 0
OB 3.6951633 2.1175761 I
OS 3.6947268 2.1170895
OS 3.6943374 2.1165498
OS 3.6939949 2.1159568
OS 3.6936995 2.1153105
OS 3.693451 2.1146111
OS 3.6932495 2.1138583
OS 3.693095 2.1130524
OS 3.6929874 2.1121932
OS 3.6929269 2.1112808
OS 3.6929133 2.1103151
OS 3.6851184 2.11811
OS 3.6860841 2.1181236
OS 3.6878557 2.1182917
OS 3.6886616 2.1184462
OS 3.6894144 2.1186477
OS 3.6901138 2.1188962
OS 3.6907601 2.1191916
OS 3.6913531 2.1195341
OS 3.6918928 2.1199235
OS 3.6923794 2.12036
OS 3.6951633 2.1175761
OE
SE
S P 0
OB 9.3678562 2.7345336 I
OS 9.3683428 2.7340971
OS 9.3688825 2.7337077
OS 9.3694755 2.7333652
OS 9.3701218 2.7330698
OS 9.3708212 2.7328213
OS 9.371574 2.7326198
OS 9.3723799 2.7324653
OS 9.3732391 2.7323577
OS 9.3741515 2.7322972
OS 9.3751172 2.7322836
OS 9.3673223 2.7244887
OS 9.3673087 2.7254544
OS 9.3671406 2.727226
OS 9.3669861 2.7280319
OS 9.3667846 2.7287847
OS 9.3665361 2.7294841
OS 9.3662407 2.7301304
OS 9.3658982 2.7307234
OS 9.3655088 2.7312631
OS 9.3650723 2.7317497
OS 9.3678562 2.7345336
OE
SE
S P 0
OB 2.7160017 2.0095624 I
OS 2.7155151 2.0099989
OS 2.7149754 2.0103883
OS 2.7143824 2.0107308
OS 2.7137361 2.0110262
OS 2.7130367 2.0112747
OS 2.7122839 2.0114762
OS 2.711478 2.0116307
OS 2.7106188 2.0117383
OS 2.7097064 2.0117988
OS 2.7087407 2.0118124
OS 2.7165356 2.0196073
OS 2.7165492 2.0186416
OS 2.7167173 2.01687
OS 2.7168718 2.0160641
OS 2.7170733 2.0153113
OS 2.7173218 2.0146119
OS 2.7176172 2.0139656
OS 2.7179597 2.0133726
OS 2.7183491 2.0128329
OS 2.7187856 2.0123463
OS 2.7160017 2.0095624
OE
SE
S P 0
OB 10.5678562 2.7345336 I
OS 10.5683428 2.7340971
OS 10.5688825 2.7337077
OS 10.5694755 2.7333652
OS 10.5701218 2.7330698
OS 10.5708212 2.7328213
OS 10.571574 2.7326198
OS 10.5723799 2.7324653
OS 10.5732391 2.7323577
OS 10.5741515 2.7322972
OS 10.5751172 2.7322836
OS 10.5673223 2.7244887
OS 10.5673087 2.7254544
OS 10.5671406 2.727226
OS 10.5669861 2.7280319
OS 10.5667846 2.7287847
OS 10.5665361 2.7294841
OS 10.5662407 2.7301304
OS 10.5658982 2.7307234
OS 10.5655088 2.7312631
OS 10.5650723 2.7317497
OS 10.5678562 2.7345336
OE
SE
S P 0
OB 3.714848 2.1175759 I
OS 3.7144116 2.1170894
OS 3.7140222 2.1165497
OS 3.7136797 2.1159567
OS 3.7133842 2.1153104
OS 3.7131357 2.1146109
OS 3.7129342 2.1138582
OS 3.7127797 2.1130523
OS 3.7126722 2.1121931
OS 3.7126116 2.1112807
OS 3.712598 2.110315
OS 3.7048033 2.11811
OS 3.7057689 2.1181236
OS 3.7075405 2.1182916
OS 3.7083465 2.1184461
OS 3.7090992 2.1186476
OS 3.7097987 2.1188961
OS 3.7104449 2.1191916
OS 3.7110379 2.119534
OS 3.7115777 2.1199235
OS 3.7120642 2.1203599
OS 3.714848 2.1175759
OE
SE
S P 0
OB 9.2595902 2.7798096 I
OS 9.2600768 2.7793731
OS 9.2606165 2.7789837
OS 9.2612095 2.7786412
OS 9.2618558 2.7783458
OS 9.2625552 2.7780973
OS 9.263308 2.7778958
OS 9.2641139 2.7777413
OS 9.2649731 2.7776337
OS 9.2658855 2.7775732
OS 9.2668512 2.7775596
OS 9.2590563 2.7697647
OS 9.2590427 2.7707304
OS 9.2588746 2.772502
OS 9.2587201 2.7733079
OS 9.2585186 2.7740607
OS 9.2582701 2.7747601
OS 9.2579747 2.7754064
OS 9.2576322 2.7759994
OS 9.2572428 2.7765391
OS 9.2568063 2.7770257
OS 9.2595902 2.7798096
OE
SE
S P 0
OB 1.5078735 2.0112736 I
OS 1.5078381 2.0119263
OS 1.5077318 2.0125833
OS 1.5075546 2.0132448
OS 1.5073066 2.0139107
OS 1.5069877 2.014581
OS 1.5065979 2.0152557
OS 1.5061373 2.0159349
OS 1.5056058 2.0166184
OS 1.5050034 2.0173064
OS 1.5043302 2.0179988
OS 1.5153538 2.0179988
OS 1.5146806 2.0173064
OS 1.5135467 2.0159349
OS 1.5130861 2.0152557
OS 1.5126963 2.014581
OS 1.5123774 2.0139107
OS 1.5121294 2.0132448
OS 1.5119522 2.0125833
OS 1.5118459 2.0119263
OS 1.5118105 2.0112736
OS 1.5078735 2.0112736
OE
SE
S P 0
OB 12.9678562 2.7345335 I
OS 12.9683428 2.734097
OS 12.9688825 2.7337076
OS 12.9694755 2.7333651
OS 12.9701218 2.7330697
OS 12.9708212 2.7328212
OS 12.971574 2.7326197
OS 12.9723799 2.7324652
OS 12.9732391 2.7323576
OS 12.9741515 2.7322971
OS 12.9751172 2.7322835
OS 12.9673223 2.7244886
OS 12.9673087 2.7254543
OS 12.9671406 2.7272259
OS 12.9669861 2.7280318
OS 12.9667846 2.7287846
OS 12.9665361 2.729484
OS 12.9662407 2.7301303
OS 12.9658982 2.7307233
OS 12.9655088 2.731263
OS 12.9650723 2.7317496
OS 12.9678562 2.7345335
OE
SE
S P 0
OB 2.769685 2.0464576 I
OS 2.7696457 2.0471473
OS 2.7695278 2.0478121
OS 2.7693312 2.048452
OS 2.7690561 2.049067
OS 2.7687023 2.0496571
OS 2.7682699 2.0502223
OS 2.7677589 2.0507626
OS 2.7671692 2.0512779
OS 2.766501 2.0517684
OS 2.7657541 2.052234
OS 2.776428 2.0549885
OS 2.7758949 2.0540765
OS 2.7746322 2.0515597
OS 2.7743235 2.0507938
OS 2.7738745 2.0493715
OS 2.7737342 2.0487151
OS 2.7736501 2.0480953
OS 2.773622 2.0475119
OS 2.769685 2.0464576
OE
SE
S P 0
OB 9.2807094 2.2795284 I
OS 9.2806832 2.280218
OS 9.2806044 2.2808747
OS 9.2804732 2.2814985
OS 9.2802895 2.2820893
OS 9.2800534 2.2826473
OS 9.2797647 2.2831723
OS 9.2794235 2.2836644
OS 9.2790299 2.2841236
OS 9.2785838 2.2845498
OS 9.2780852 2.2849431
OS 9.2872706 2.2849431
OS 9.286772 2.2845498
OS 9.2863259 2.2841236
OS 9.2859323 2.2836644
OS 9.2855911 2.2831723
OS 9.2853024 2.2826473
OS 9.2850663 2.2820893
OS 9.2848826 2.2814985
OS 9.2847514 2.2808747
OS 9.2846726 2.280218
OS 9.2846464 2.2795284
OS 9.2807094 2.2795284
OE
SE
S P 0
OB 3.4635936 3.1320477 I
OS 3.4630465 3.1325451
OS 3.462505 3.1329371
OS 3.4619693 3.1332239
OS 3.4614393 3.1334055
OS 3.4609149 3.1334817
OS 3.4603963 3.1334526
OS 3.4598835 3.1333183
OS 3.4593763 3.1330786
OS 3.4588748 3.1327337
OS 3.4583791 3.1322835
OS 3.4591051 3.1424523
OS 3.4593403 3.142151
OS 3.4605665 3.140768
OS 3.4653625 3.1358466
OS 3.4635936 3.1320477
OE
SE
S P 0
OB 8.0595903 2.7798096 I
OS 8.0600769 2.7793731
OS 8.0606166 2.7789837
OS 8.0612096 2.7786412
OS 8.0618559 2.7783458
OS 8.0625553 2.7780973
OS 8.0633081 2.7778958
OS 8.064114 2.7777413
OS 8.0649732 2.7776337
OS 8.0658856 2.7775732
OS 8.0668513 2.7775596
OS 8.0590564 2.7697647
OS 8.0590428 2.7707304
OS 8.0588747 2.772502
OS 8.0587202 2.7733079
OS 8.0585187 2.7740607
OS 8.0582702 2.7747601
OS 8.0579748 2.7754064
OS 8.0576323 2.7759994
OS 8.0572429 2.7765391
OS 8.0568064 2.7770257
OS 8.0595903 2.7798096
OE
SE
S P 0
OB 10.5628475 2.7500005 I
OS 10.5635265 2.7500346
OS 10.5642013 2.750137
OS 10.5648718 2.7503076
OS 10.5655381 2.7505465
OS 10.5662002 2.7508537
OS 10.5668581 2.751229
OS 10.5675118 2.7516727
OS 10.5681613 2.7521846
OS 10.5688065 2.7527647
OS 10.5694476 2.7534131
OS 10.5694476 2.7426509
OS 10.5688065 2.7432993
OS 10.5681613 2.7438794
OS 10.5675118 2.7443913
OS 10.5668581 2.744835
OS 10.5662002 2.7452103
OS 10.5655381 2.7455175
OS 10.5648718 2.7457564
OS 10.5642013 2.745927
OS 10.5635265 2.7460294
OS 10.5628475 2.7460635
OS 10.5628475 2.7500005
OE
SE
S P 0
OB 2.730315 2.0073378 I
OS 2.7302757 2.0080531
OS 2.7301578 2.0087144
OS 2.7299613 2.0093217
OS 2.7296862 2.0098749
OS 2.7293324 2.0103742
OS 2.7289001 2.0108194
OS 2.7283892 2.0112106
OS 2.7277997 2.0115478
OS 2.7271315 2.011831
OS 2.7263848 2.0120602
OS 2.7358283 2.0172332
OS 2.7355288 2.0162929
OS 2.7345042 2.0122326
OS 2.7343939 2.0115488
OS 2.7342678 2.0103095
OS 2.734252 2.009754
OS 2.730315 2.0073378
OE
SE
S P 0
OB 10.4595902 2.7798096 I
OS 10.4600768 2.7793731
OS 10.4606165 2.7789837
OS 10.4612095 2.7786412
OS 10.4618558 2.7783458
OS 10.4625552 2.7780973
OS 10.463308 2.7778958
OS 10.4641139 2.7777413
OS 10.4649731 2.7776337
OS 10.4658855 2.7775732
OS 10.4668512 2.7775596
OS 10.4590563 2.7697647
OS 10.4590427 2.7707304
OS 10.4588746 2.772502
OS 10.4587201 2.7733079
OS 10.4585186 2.7740607
OS 10.4582701 2.7747601
OS 10.4579747 2.7754064
OS 10.4576322 2.7759994
OS 10.4572428 2.7765391
OS 10.4568063 2.7770257
OS 10.4595902 2.7798096
OE
SE
S P 0
OB 2.7066935 1.9876516 I
OS 2.7066581 1.9883043
OS 2.7065518 1.9889613
OS 2.7063746 1.9896228
OS 2.7061266 1.9902887
OS 2.7058077 1.990959
OS 2.7054179 1.9916337
OS 2.7049573 1.9923129
OS 2.7044258 1.9929964
OS 2.7038234 1.9936844
OS 2.7031502 1.9943768
OS 2.7141738 1.9943768
OS 2.7135006 1.9936844
OS 2.7123667 1.9923129
OS 2.7119061 1.9916337
OS 2.7115163 1.990959
OS 2.7111974 1.9902887
OS 2.7109494 1.9896228
OS 2.7107722 1.9889613
OS 2.7106659 1.9883043
OS 2.7106305 1.9876516
OS 2.7066935 1.9876516
OE
SE
S P 0
OB 3.6754783 2.1175761 I
OS 3.6750418 2.1170895
OS 3.6746524 2.1165498
OS 3.6743099 2.1159568
OS 3.6740145 2.1153105
OS 3.673766 2.1146111
OS 3.6735645 2.1138583
OS 3.67341 2.1130524
OS 3.6733024 2.1121932
OS 3.6732419 2.1112808
OS 3.6732283 2.1103151
OS 3.6654334 2.11811
OS 3.6663991 2.1181236
OS 3.6681707 2.1182917
OS 3.6689766 2.1184462
OS 3.6697294 2.1186477
OS 3.6704288 2.1188962
OS 3.6710751 2.1191916
OS 3.6716681 2.1195341
OS 3.6722078 2.1199235
OS 3.6726944 2.12036
OS 3.6754783 2.1175761
OE
SE
S P 0
OB 9.3628475 2.7500005 I
OS 9.3635265 2.7500346
OS 9.3642013 2.750137
OS 9.3648718 2.7503076
OS 9.3655381 2.7505465
OS 9.3662002 2.7508537
OS 9.3668581 2.751229
OS 9.3675118 2.7516727
OS 9.3681613 2.7521846
OS 9.3688065 2.7527647
OS 9.3694476 2.7534131
OS 9.3694476 2.7426509
OS 9.3688065 2.7432993
OS 9.3681613 2.7438794
OS 9.3675118 2.7443913
OS 9.3668581 2.744835
OS 9.3662002 2.7452103
OS 9.3655381 2.7455175
OS 9.3648718 2.7457564
OS 9.3642013 2.745927
OS 9.3635265 2.7460294
OS 9.3628475 2.7460635
OS 9.3628475 2.7500005
OE
SE
S P 0
OB 3.3553484 3.1770315 I
OS 3.3546957 3.1769961
OS 3.3540387 3.1768898
OS 3.3533772 3.1767126
OS 3.3527113 3.1764646
OS 3.352041 3.1761457
OS 3.3513663 3.1757559
OS 3.3506871 3.1752953
OS 3.3500036 3.1747638
OS 3.3493156 3.1741614
OS 3.3486232 3.1734882
OS 3.3486232 3.1845118
OS 3.3493156 3.1838386
OS 3.3506871 3.1827047
OS 3.3513663 3.1822441
OS 3.352041 3.1818543
OS 3.3527113 3.1815354
OS 3.3533772 3.1812874
OS 3.3540387 3.1811102
OS 3.3546957 3.1810039
OS 3.3553484 3.1809685
OS 3.3553484 3.1770315
OE
SE
S P 0
OB 8.1678563 2.7345336 I
OS 8.1683429 2.7340971
OS 8.1688826 2.7337077
OS 8.1694756 2.7333652
OS 8.1701219 2.7330698
OS 8.1708213 2.7328213
OS 8.1715741 2.7326198
OS 8.17238 2.7324653
OS 8.1732392 2.7323577
OS 8.1741516 2.7322972
OS 8.1751173 2.7322836
OS 8.1673224 2.7244887
OS 8.1673088 2.7254544
OS 8.1671407 2.727226
OS 8.1669862 2.7280319
OS 8.1667847 2.7287847
OS 8.1665362 2.7294841
OS 8.1662408 2.7301304
OS 8.1658983 2.7307234
OS 8.1655089 2.7312631
OS 8.1650724 2.7317497
OS 8.1678563 2.7345336
OE
SE
S P 0
OB 2.7356857 2.0292464 I
OS 2.7351991 2.0296829
OS 2.7346594 2.0300723
OS 2.7340664 2.0304148
OS 2.7334201 2.0307102
OS 2.7327207 2.0309587
OS 2.7319679 2.0311602
OS 2.731162 2.0313147
OS 2.7303028 2.0314223
OS 2.7293904 2.0314828
OS 2.7284247 2.0314964
OS 2.7362196 2.0392913
OS 2.7362332 2.0383256
OS 2.7364013 2.036554
OS 2.7365558 2.0357481
OS 2.7367573 2.0349953
OS 2.7370058 2.0342959
OS 2.7373012 2.0336496
OS 2.7376437 2.0330566
OS 2.7380331 2.0325169
OS 2.7384696 2.0320303
OS 2.7356857 2.0292464
OE
SE
S P 0
OB 10.5530055 2.7716525 I
OS 10.5536582 2.7716879
OS 10.5543152 2.7717942
OS 10.5549767 2.7719714
OS 10.5556426 2.7722194
OS 10.5563129 2.7725383
OS 10.5569876 2.7729281
OS 10.5576668 2.7733887
OS 10.5583503 2.7739202
OS 10.5590383 2.7745226
OS 10.5597307 2.7751958
OS 10.5597307 2.7641722
OS 10.5590383 2.7648454
OS 10.5576668 2.7659793
OS 10.5569876 2.7664399
OS 10.5563129 2.7668297
OS 10.5556426 2.7671486
OS 10.5549767 2.7673966
OS 10.5543152 2.7675738
OS 10.5536582 2.7676801
OS 10.5530055 2.7677155
OS 10.5530055 2.7716525
OE
SE
S P 0
OB 11.7530055 2.7716525 I
OS 11.7536582 2.7716879
OS 11.7543152 2.7717942
OS 11.7549767 2.7719714
OS 11.7556426 2.7722194
OS 11.7563129 2.7725383
OS 11.7569876 2.7729281
OS 11.7576668 2.7733887
OS 11.7583503 2.7739202
OS 11.7590383 2.7745226
OS 11.7597307 2.7751958
OS 11.7597307 2.7641722
OS 11.7590383 2.7648454
OS 11.7576668 2.7659793
OS 11.7569876 2.7664399
OS 11.7563129 2.7668297
OS 11.7556426 2.7671486
OS 11.7549767 2.7673966
OS 11.7543152 2.7675738
OS 11.7536582 2.7676801
OS 11.7530055 2.7677155
OS 11.7530055 2.7716525
OE
SE
S P 0
OB 2.1870075 1.8104861 I
OS 2.1869721 1.8111388
OS 2.1868658 1.8117958
OS 2.1866886 1.8124573
OS 2.1864406 1.8131232
OS 2.1861217 1.8137935
OS 2.1857319 1.8144682
OS 2.1852713 1.8151474
OS 2.1847398 1.8158309
OS 2.1841374 1.8165189
OS 2.1834642 1.8172113
OS 2.1944878 1.8172113
OS 2.1938146 1.8165189
OS 2.1926807 1.8151474
OS 2.1922201 1.8144682
OS 2.1918303 1.8137935
OS 2.1915114 1.8131232
OS 2.1912634 1.8124573
OS 2.1910862 1.8117958
OS 2.1909799 1.8111388
OS 2.1909445 1.8104861
OS 2.1870075 1.8104861
OE
SE
S P 0
OB 3.3483484 3.2550315 I
OS 3.3476957 3.2549961
OS 3.3470387 3.2548898
OS 3.3463772 3.2547126
OS 3.3457113 3.2544646
OS 3.345041 3.2541457
OS 3.3443663 3.2537559
OS 3.3436871 3.2532953
OS 3.3430036 3.2527638
OS 3.3423156 3.2521614
OS 3.3416232 3.2514882
OS 3.3416232 3.2625118
OS 3.3423156 3.2618386
OS 3.3436871 3.2607047
OS 3.3443663 3.2602441
OS 3.345041 3.2598543
OS 3.3457113 3.2595354
OS 3.3463772 3.2592874
OS 3.3470387 3.2591102
OS 3.3476957 3.2590039
OS 3.3483484 3.2589685
OS 3.3483484 3.2550315
OE
SE
S P 0
OB 8.1777003 2.7798096 I
OS 8.1781869 2.7793731
OS 8.1787266 2.7789837
OS 8.1793196 2.7786412
OS 8.1799659 2.7783458
OS 8.1806653 2.7780973
OS 8.1814181 2.7778958
OS 8.182224 2.7777413
OS 8.1830832 2.7776337
OS 8.1839956 2.7775732
OS 8.1849613 2.7775596
OS 8.1771664 2.7697647
OS 8.1771528 2.7707304
OS 8.1769847 2.772502
OS 8.1768302 2.7733079
OS 8.1766287 2.7740607
OS 8.1763802 2.7747601
OS 8.1760848 2.7754064
OS 8.1757423 2.7759994
OS 8.1753529 2.7765391
OS 8.1749164 2.7770257
OS 8.1777003 2.7798096
OE
SE
S P 0
OB 1.5472435 1.9935576 I
OS 1.5472081 1.9942103
OS 1.5471018 1.9948673
OS 1.5469246 1.9955288
OS 1.5466766 1.9961947
OS 1.5463577 1.996865
OS 1.5459679 1.9975397
OS 1.5455073 1.9982189
OS 1.5449758 1.9989024
OS 1.5443734 1.9995904
OS 1.5437002 2.0002828
OS 1.5547238 2.0002828
OS 1.5540506 1.9995904
OS 1.5529167 1.9982189
OS 1.5524561 1.9975397
OS 1.5520663 1.996865
OS 1.5517474 1.9961947
OS 1.5514994 1.9955288
OS 1.5513222 1.9948673
OS 1.5512159 1.9942103
OS 1.5511805 1.9935576
OS 1.5472435 1.9935576
OE
SE
S P 0
OB 12.9530055 2.7716524 I
OS 12.9536582 2.7716878
OS 12.9543152 2.7717941
OS 12.9549767 2.7719713
OS 12.9556426 2.7722193
OS 12.9563129 2.7725382
OS 12.9569876 2.772928
OS 12.9576668 2.7733886
OS 12.9583503 2.7739201
OS 12.9590383 2.7745225
OS 12.9597307 2.7751957
OS 12.9597307 2.7641721
OS 12.9590383 2.7648453
OS 12.9576668 2.7659792
OS 12.9569876 2.7664398
OS 12.9563129 2.7668296
OS 12.9556426 2.7671485
OS 12.9549767 2.7673965
OS 12.9543152 2.7675737
OS 12.9536582 2.76768
OS 12.9530055 2.7677154
OS 12.9530055 2.7716524
OE
SE
S P 0
OB 3.4626885 2.1870079 I
OS 3.462133 2.1869921
OS 3.4608937 2.186866
OS 3.4602099 2.1867556
OS 3.4579019 2.1862353
OS 3.4561494 2.1857308
OS 3.455209 2.1854312
OS 3.4603816 2.1948752
OS 3.4606108 2.1941284
OS 3.4608941 2.1934603
OS 3.4612313 2.1928707
OS 3.4616226 2.1923598
OS 3.4620678 2.1919275
OS 3.4625671 2.1915737
OS 3.4631204 2.1912986
OS 3.4637277 2.1911021
OS 3.464389 2.1909842
OS 3.4651043 2.1909449
OS 3.4626885 2.1870079
OE
SE
S P 0
OB 9.3777002 2.7798096 I
OS 9.3781868 2.7793731
OS 9.3787265 2.7789837
OS 9.3793195 2.7786412
OS 9.3799658 2.7783458
OS 9.3806652 2.7780973
OS 9.381418 2.7778958
OS 9.3822239 2.7777413
OS 9.3830831 2.7776337
OS 9.3839955 2.7775732
OS 9.3849612 2.7775596
OS 9.3771663 2.7697647
OS 9.3771527 2.7707304
OS 9.3769846 2.772502
OS 9.3768301 2.7733079
OS 9.3766286 2.7740607
OS 9.3763801 2.7747601
OS 9.3760847 2.7754064
OS 9.3757422 2.7759994
OS 9.3753528 2.7765391
OS 9.3749163 2.7770257
OS 9.3777002 2.7798096
OE
SE
S P 0
OB 2.75 2.0270215 I
OS 2.7499607 2.0277368
OS 2.7498428 2.0283981
OS 2.7496463 2.0290054
OS 2.7493711 2.0295587
OS 2.7490174 2.030058
OS 2.7485851 2.0305033
OS 2.7480741 2.0308946
OS 2.7474846 2.0312319
OS 2.7468164 2.0315152
OS 2.7460697 2.0317444
OS 2.755514 2.0369165
OS 2.7552144 2.0359761
OS 2.7541893 2.0319155
OS 2.7540789 2.0312317
OS 2.7539528 2.0299924
OS 2.753937 2.0294369
OS 2.75 2.0270215
OE
SE
S P 0
OB 10.5777002 2.7798096 I
OS 10.5781868 2.7793731
OS 10.5787265 2.7789837
OS 10.5793195 2.7786412
OS 10.5799658 2.7783458
OS 10.5806652 2.7780973
OS 10.581418 2.7778958
OS 10.5822239 2.7777413
OS 10.5830831 2.7776337
OS 10.5839955 2.7775732
OS 10.5849612 2.7775596
OS 10.5771663 2.7697647
OS 10.5771527 2.7707304
OS 10.5769846 2.772502
OS 10.5768301 2.7733079
OS 10.5766286 2.7740607
OS 10.5763801 2.7747601
OS 10.5760847 2.7754064
OS 10.5757422 2.7759994
OS 10.5753528 2.7765391
OS 10.5749163 2.7770257
OS 10.5777002 2.7798096
OE
SE
S P 0
OB 10.5530055 2.2795285 I
OS 10.5536582 2.2795639
OS 10.5543152 2.2796702
OS 10.5549767 2.2798474
OS 10.5556426 2.2800954
OS 10.5563129 2.2804143
OS 10.5569876 2.2808041
OS 10.5576668 2.2812647
OS 10.5583503 2.2817962
OS 10.5590383 2.2823986
OS 10.5597307 2.2830718
OS 10.5597307 2.2720482
OS 10.5590383 2.2727214
OS 10.5576668 2.2738553
OS 10.5569876 2.2743159
OS 10.5563129 2.2747057
OS 10.5556426 2.2750246
OS 10.5549767 2.2752726
OS 10.5543152 2.2754498
OS 10.5536582 2.2755561
OS 10.5530055 2.2755915
OS 10.5530055 2.2795285
OE
SE
S P 0
OB 2.230315 1.7632422 I
OS 2.2302796 1.7638949
OS 2.2301733 1.7645519
OS 2.2299961 1.7652134
OS 2.2297481 1.7658793
OS 2.2294292 1.7665496
OS 2.2290394 1.7672243
OS 2.2285788 1.7679035
OS 2.2280473 1.768587
OS 2.2274449 1.769275
OS 2.2267717 1.7699674
OS 2.2377953 1.7699674
OS 2.2371221 1.769275
OS 2.2359882 1.7679035
OS 2.2355276 1.7672243
OS 2.2351378 1.7665496
OS 2.2348189 1.7658793
OS 2.2345709 1.7652134
OS 2.2343937 1.7645519
OS 2.2342874 1.7638949
OS 2.234252 1.7632422
OS 2.230315 1.7632422
OE
SE
S P 0
OB 12.8484252 3.0978878 I
OS 12.8483898 3.0985405
OS 12.8482835 3.0991975
OS 12.8481063 3.099859
OS 12.8478583 3.1005249
OS 12.8475394 3.1011952
OS 12.8471496 3.1018699
OS 12.846689 3.1025491
OS 12.8461575 3.1032326
OS 12.8455551 3.1039206
OS 12.8448819 3.104613
OS 12.8559055 3.104613
OS 12.8552323 3.1039206
OS 12.8540984 3.1025491
OS 12.8536378 3.1018699
OS 12.853248 3.1011952
OS 12.8529291 3.1005249
OS 12.8526811 3.099859
OS 12.8525039 3.0991975
OS 12.8523976 3.0985405
OS 12.8523622 3.0978878
OS 12.8484252 3.0978878
OE
SE
S P 0
OB 12.9673224 2.2899083 I
OS 12.9673578 2.2892556
OS 12.9674641 2.2885986
OS 12.9676413 2.2879371
OS 12.9678893 2.2872712
OS 12.9682082 2.2866009
OS 12.968598 2.2859262
OS 12.9690586 2.285247
OS 12.9695901 2.2845635
OS 12.9701925 2.2838755
OS 12.9708657 2.2831831
OS 12.9598421 2.2831831
OS 12.9605153 2.2838755
OS 12.9616492 2.285247
OS 12.9621098 2.2859262
OS 12.9624996 2.2866009
OS 12.9628185 2.2872712
OS 12.9630665 2.2879371
OS 12.9632437 2.2885986
OS 12.96335 2.2892556
OS 12.9633854 2.2899083
OS 12.9673224 2.2899083
OE
SE
S P 0
OB 1.5905515 1.9856836 I
OS 1.5905161 1.9863363
OS 1.5904098 1.9869933
OS 1.5902326 1.9876548
OS 1.5899846 1.9883207
OS 1.5896657 1.988991
OS 1.5892759 1.9896657
OS 1.5888153 1.9903449
OS 1.5882838 1.9910284
OS 1.5876814 1.9917164
OS 1.5870082 1.9924088
OS 1.5980318 1.9924088
OS 1.5973586 1.9917164
OS 1.5962247 1.9903449
OS 1.5957641 1.9896657
OS 1.5953743 1.988991
OS 1.5950554 1.9883207
OS 1.5948074 1.9876548
OS 1.5946302 1.9869933
OS 1.5945239 1.9863363
OS 1.5944885 1.9856836
OS 1.5905515 1.9856836
OE
SE
S P 0
OB 11.7530055 2.2795285 I
OS 11.7536582 2.2795639
OS 11.7543152 2.2796702
OS 11.7549767 2.2798474
OS 11.7556426 2.2800954
OS 11.7563129 2.2804143
OS 11.7569876 2.2808041
OS 11.7576668 2.2812647
OS 11.7583503 2.2817962
OS 11.7590383 2.2823986
OS 11.7597307 2.2830718
OS 11.7597307 2.2720482
OS 11.7590383 2.2727214
OS 11.7576668 2.2738553
OS 11.7569876 2.2743159
OS 11.7563129 2.2747057
OS 11.7556426 2.2750246
OS 11.7549767 2.2752726
OS 11.7543152 2.2754498
OS 11.7536582 2.2755561
OS 11.7530055 2.2755915
OS 11.7530055 2.2795285
OE
SE
S P 0
OB 1.5688975 1.9896196 I
OS 1.5688621 1.9902723
OS 1.5687558 1.9909293
OS 1.5685786 1.9915908
OS 1.5683306 1.9922567
OS 1.5680117 1.992927
OS 1.5676219 1.9936017
OS 1.5671613 1.9942809
OS 1.5666298 1.9949644
OS 1.5660274 1.9956524
OS 1.5653542 1.9963448
OS 1.5763778 1.9963448
OS 1.5757046 1.9956524
OS 1.5745707 1.9942809
OS 1.5741101 1.9936017
OS 1.5737203 1.992927
OS 1.5734014 1.9922567
OS 1.5731534 1.9915908
OS 1.5729762 1.9909293
OS 1.5728699 1.9902723
OS 1.5728345 1.9896196
OS 1.5688975 1.9896196
OE
SE
S P 0
OB 12.9777002 2.7798095 I
OS 12.9781868 2.779373
OS 12.9787265 2.7789836
OS 12.9793195 2.7786411
OS 12.9799658 2.7783457
OS 12.9806652 2.7780972
OS 12.981418 2.7778957
OS 12.9822239 2.7777412
OS 12.9830831 2.7776336
OS 12.9839955 2.7775731
OS 12.9849612 2.7775595
OS 12.9771663 2.7697646
OS 12.9771527 2.7707303
OS 12.9769846 2.7725019
OS 12.9768301 2.7733078
OS 12.9766286 2.7740606
OS 12.9763801 2.77476
OS 12.9760847 2.7754063
OS 12.9757422 2.7759993
OS 12.9753528 2.776539
OS 12.9749163 2.7770256
OS 12.9777002 2.7798095
OE
SE
S P 0
OB 3.8047953 2.2238759 I
OS 3.8043892 2.2234273
OS 3.8040055 2.2229159
OS 3.8036443 2.2223419
OS 3.8033054 2.2217051
OS 3.8029889 2.2210056
OS 3.8026948 2.2202433
OS 3.8021739 2.2185308
OS 3.801947 2.2175804
OS 3.8017426 2.2165673
OS 3.7955872 2.2257124
OS 3.7964747 2.2255592
OS 3.7973202 2.2254737
OS 3.7981237 2.2254557
OS 3.7988854 2.2255054
OS 3.7996051 2.2256227
OS 3.8002829 2.2258076
OS 3.8009188 2.2260601
OS 3.8015127 2.2263801
OS 3.8020647 2.2267679
OS 3.8025748 2.2272232
OS 3.8047953 2.2238759
OE
SE
S P 0
OB 8.1530056 2.2795285 I
OS 8.1536583 2.2795639
OS 8.1543153 2.2796702
OS 8.1549768 2.2798474
OS 8.1556427 2.2800954
OS 8.156313 2.2804143
OS 8.1569877 2.2808041
OS 8.1576669 2.2812647
OS 8.1583504 2.2817962
OS 8.1590384 2.2823986
OS 8.1597308 2.2830718
OS 8.1597308 2.2720482
OS 8.1590384 2.2727214
OS 8.1576669 2.2738553
OS 8.1569877 2.2743159
OS 8.156313 2.2747057
OS 8.1556427 2.2750246
OS 8.1549768 2.2752726
OS 8.1543153 2.2754498
OS 8.1536583 2.2755561
OS 8.1530056 2.2755915
OS 8.1530056 2.2795285
OE
SE
S P 0
OB 3.806 2.2370315 I
OS 3.8054342 2.2370131
OS 3.8049131 2.2369578
OS 3.8044368 2.2368658
OS 3.8040052 2.2367369
OS 3.8036184 2.2365711
OS 3.8032763 2.2363686
OS 3.802979 2.2361292
OS 3.8027264 2.235853
OS 3.8025186 2.2355399
OS 3.8023555 2.23519
OS 3.8014103 2.2425725
OS 3.8016621 2.2422678
OS 3.80196 2.2419951
OS 3.8023039 2.2417545
OS 3.8026938 2.2415459
OS 3.8031298 2.2413695
OS 3.8036118 2.2412251
OS 3.8041398 2.2411129
OS 3.8047138 2.2410327
OS 3.8053339 2.2409845
OS 3.806 2.2409685
OS 3.806 2.2370315
OE
SE
S P 0
OB 8.0807095 2.2795284 I
OS 8.0806833 2.280218
OS 8.0806045 2.2808747
OS 8.0804733 2.2814985
OS 8.0802896 2.2820893
OS 8.0800534 2.2826473
OS 8.0797648 2.2831723
OS 8.0794236 2.2836644
OS 8.07903 2.2841236
OS 8.0785839 2.2845498
OS 8.0780853 2.2849431
OS 8.0872707 2.2849431
OS 8.0867721 2.2845498
OS 8.086326 2.2841236
OS 8.0859324 2.2836644
OS 8.0855912 2.2831723
OS 8.0853026 2.2826473
OS 8.0850664 2.2820893
OS 8.0848827 2.2814985
OS 8.0847515 2.2808747
OS 8.0846727 2.280218
OS 8.0846465 2.2795284
OS 8.0807095 2.2795284
OE
SE
S P 0
OB 11.7777002 2.7798096 I
OS 11.7781868 2.7793731
OS 11.7787265 2.7789837
OS 11.7793195 2.7786412
OS 11.7799658 2.7783458
OS 11.7806652 2.7780973
OS 11.781418 2.7778958
OS 11.7822239 2.7777413
OS 11.7830831 2.7776337
OS 11.7839955 2.7775732
OS 11.7849612 2.7775596
OS 11.7771663 2.7697647
OS 11.7771527 2.7707304
OS 11.7769846 2.772502
OS 11.7768301 2.7733079
OS 11.7766286 2.7740607
OS 11.7763801 2.7747601
OS 11.7760847 2.7754064
OS 11.7757422 2.7759994
OS 11.7753528 2.7765391
OS 11.7749163 2.7770257
OS 11.7777002 2.7798096
OE
SE
S P 0
OB 2.2066935 1.8028764 I
OS 2.2066581 1.8035291
OS 2.2065518 1.8041861
OS 2.2063746 1.8048476
OS 2.2061266 1.8055135
OS 2.2058077 1.8061838
OS 2.2054179 1.8068585
OS 2.2049573 1.8075377
OS 2.2044258 1.8082212
OS 2.2038234 1.8089092
OS 2.2031502 1.8096016
OS 2.2141738 1.8096016
OS 2.2135006 1.8089092
OS 2.2123667 1.8075377
OS 2.2119061 1.8068585
OS 2.2115163 1.8061838
OS 2.2111974 1.8055135
OS 2.2109494 1.8048476
OS 2.2107722 1.8041861
OS 2.2106659 1.8035291
OS 2.2106305 1.8028764
OS 2.2066935 1.8028764
OE
SE
S P 0
OB 2.7553717 2.0489324 I
OS 2.7548851 2.0493689
OS 2.7543454 2.0497583
OS 2.7537524 2.0501008
OS 2.7531061 2.0503962
OS 2.7524067 2.0506447
OS 2.7516539 2.0508462
OS 2.750848 2.0510007
OS 2.7499888 2.0511083
OS 2.7490764 2.0511688
OS 2.7481107 2.0511824
OS 2.7559056 2.0589773
OS 2.7559192 2.0580116
OS 2.7560873 2.05624
OS 2.7562418 2.0554341
OS 2.7564433 2.0546813
OS 2.7566918 2.0539819
OS 2.7569872 2.0533356
OS 2.7573297 2.0527426
OS 2.7577191 2.0522029
OS 2.7581556 2.0517163
OS 2.7553717 2.0489324
OE
SE
S P 0
OB 9.3530055 2.2795285 I
OS 9.3536582 2.2795639
OS 9.3543152 2.2796702
OS 9.3549767 2.2798474
OS 9.3556426 2.2800954
OS 9.3563129 2.2804143
OS 9.3569876 2.2808041
OS 9.3576668 2.2812647
OS 9.3583503 2.2817962
OS 9.3590383 2.2823986
OS 9.3597307 2.2830718
OS 9.3597307 2.2720482
OS 9.3590383 2.2727214
OS 9.3576668 2.2738553
OS 9.3569876 2.2743159
OS 9.3563129 2.2747057
OS 9.3556426 2.2750246
OS 9.3549767 2.2752726
OS 9.3543152 2.2754498
OS 9.3536582 2.2755561
OS 9.3530055 2.2755915
OS 9.3530055 2.2795285
OE
SE
S P 0
OB 2.4951236 3.4573397 I
OS 2.4946871 3.4568531
OS 2.4942977 3.4563134
OS 2.4939552 3.4557204
OS 2.4936598 3.4550741
OS 2.4934113 3.4543747
OS 2.4932098 3.4536219
OS 2.4930553 3.452816
OS 2.4929477 3.4519568
OS 2.4928872 3.4510444
OS 2.4928736 3.4500787
OS 2.4850787 3.4578736
OS 2.4860444 3.4578872
OS 2.487816 3.4580553
OS 2.4886219 3.4582098
OS 2.4893747 3.4584113
OS 2.4900741 3.4586598
OS 2.4907204 3.4589552
OS 2.4913134 3.4592977
OS 2.4918531 3.4596871
OS 2.4923397 3.4601236
OS 2.4951236 3.4573397
OE
SE
S P 0
OB 2.8390296 3.6515748 I
OS 2.8396823 3.6516102
OS 2.8403393 3.6517165
OS 2.8410008 3.6518937
OS 2.8416667 3.6521417
OS 2.842337 3.6524606
OS 2.8430117 3.6528504
OS 2.8436909 3.653311
OS 2.8443744 3.6538425
OS 2.8450624 3.6544449
OS 2.8457548 3.6551181
OS 2.8457548 3.6440945
OS 2.8450624 3.6447677
OS 2.8436909 3.6459016
OS 2.8430117 3.6463622
OS 2.842337 3.646752
OS 2.8416667 3.6470709
OS 2.8410008 3.6473189
OS 2.8403393 3.6474961
OS 2.8396823 3.6476024
OS 2.8390296 3.6476378
OS 2.8390296 3.6515748
OE
SE
S P 0
OB 0.2343225 2.979252 I
OS 0.2331221 2.9792193
OS 0.2319806 2.9791213
OS 0.230898 2.9789579
OS 0.2298744 2.9787292
OS 0.2289097 2.9784351
OS 0.2280039 2.9780756
OS 0.2271571 2.9776508
OS 0.2263692 2.9771607
OS 0.2256402 2.9766052
OS 0.2249701 2.9759843
OS 0.2249701 2.9925197
OS 0.2256402 2.9918988
OS 0.2263692 2.9913433
OS 0.2271571 2.9908532
OS 0.2280039 2.9904284
OS 0.2289097 2.9900689
OS 0.2298744 2.9897748
OS 0.230898 2.9895461
OS 0.2319806 2.9893827
OS 0.2331221 2.9892847
OS 0.2343225 2.989252
OS 0.2343225 2.979252
OE
SE
S P 0
OB 0.528622 2.7225115 I
OS 0.5286547 2.7213111
OS 0.5287527 2.7201696
OS 0.5289161 2.719087
OS 0.5291448 2.7180634
OS 0.5294389 2.7170987
OS 0.5297984 2.7161929
OS 0.5302232 2.7153461
OS 0.5307133 2.7145582
OS 0.5312688 2.7138292
OS 0.5318897 2.7131591
OS 0.5153543 2.7131591
OS 0.5159752 2.7138292
OS 0.5165307 2.7145582
OS 0.5170208 2.7153461
OS 0.5174456 2.7161929
OS 0.5178051 2.7170987
OS 0.5180992 2.7180634
OS 0.5183279 2.719087
OS 0.5184913 2.7201696
OS 0.5185893 2.7213111
OS 0.518622 2.7225115
OS 0.528622 2.7225115
OE
SE
S P 0
OB 0.5058349 2.7097244 I
OS 0.5070353 2.7097571
OS 0.5081768 2.7098551
OS 0.5092594 2.7100185
OS 0.510283 2.7102472
OS 0.5112477 2.7105413
OS 0.5121535 2.7109008
OS 0.5130003 2.7113256
OS 0.5137882 2.7118157
OS 0.5145172 2.7123712
OS 0.5151873 2.7129921
OS 0.5151873 2.6964567
OS 0.5145172 2.6970776
OS 0.5137882 2.6976331
OS 0.5130003 2.6981232
OS 0.5121535 2.698548
OS 0.5112477 2.6989075
OS 0.510283 2.6992016
OS 0.5092594 2.6994303
OS 0.5081768 2.6995937
OS 0.5070353 2.6996917
OS 0.5058349 2.6997244
OS 0.5058349 2.7097244
OE
SE
S P 0
OB 0.3957416 2.6997244 I
OS 0.3945412 2.6996917
OS 0.3933997 2.6995936
OS 0.3923172 2.6994302
OS 0.3912937 2.6992013
OS 0.3903291 2.6989071
OS 0.3894234 2.6985475
OS 0.3885768 2.6981225
OS 0.3877891 2.6976321
OS 0.3870603 2.6970763
OS 0.3863905 2.6964552
OS 0.386383 2.7129906
OS 0.3870533 2.71237
OS 0.3877825 2.7118147
OS 0.3885706 2.7113248
OS 0.3894176 2.7109002
OS 0.3903236 2.7105409
OS 0.3912884 2.710247
OS 0.3923121 2.7100184
OS 0.3933947 2.709855
OS 0.3945361 2.7097571
OS 0.3957365 2.7097244
OS 0.3957416 2.6997244
OE
SE
S P 0
OB 0.6664173 2.9056538 I
OS 0.6651472 2.8919657
OS 0.6530041 2.9015625
OS 0.6536526 2.901658
OS 0.6542328 2.9018822
OS 0.6547448 2.902235
OS 0.6551885 2.9027164
OS 0.655564 2.9033265
OS 0.6558712 2.9040652
OS 0.6561101 2.9049325
OS 0.6562808 2.9059285
OS 0.6563832 2.9070531
OS 0.6564173 2.9083064
OS 0.6664173 2.9056538
OE
SE
S P 0
OB 0.6353212 2.8937008 I
OS 0.6365253 2.8937362
OS 0.6376636 2.8938423
OS 0.638736 2.8940192
OS 0.6397426 2.8942669
OS 0.6406833 2.8945853
OS 0.6415581 2.8949745
OS 0.6423671 2.8954344
OS 0.6431101 2.8959651
OS 0.6437873 2.8965666
OS 0.6443987 2.8972388
OS 0.6458869 2.8807705
OS 0.6451717 2.8813273
OS 0.6444028 2.8818254
OS 0.6435803 2.882265
OS 0.6427042 2.8826459
OS 0.6417744 2.8829682
OS 0.6407909 2.883232
OS 0.6397538 2.8834371
OS 0.6386631 2.8835836
OS 0.6375187 2.8836715
OS 0.6363206 2.8837008
OS 0.6353212 2.8937008
OE
SE
S P 0
OB 0.4193619 2.5816142 I
OS 0.4181615 2.5815815
OS 0.41702 2.5814835
OS 0.4159374 2.5813201
OS 0.4149138 2.5810914
OS 0.4139491 2.5807973
OS 0.4130433 2.5804378
OS 0.4121965 2.580013
OS 0.4114086 2.5795229
OS 0.4106796 2.5789674
OS 0.4100095 2.5783465
OS 0.4100095 2.5948819
OS 0.4106796 2.594261
OS 0.4114086 2.5937055
OS 0.4121965 2.5932154
OS 0.4130433 2.5927906
OS 0.4139491 2.5924311
OS 0.4149138 2.592137
OS 0.4159374 2.5919083
OS 0.41702 2.5917449
OS 0.4181615 2.5916469
OS 0.4193619 2.5916142
OS 0.4193619 2.5816142
OE
SE
S P 0
OB 0.4917611 2.6484385 I
OS 0.4925868 2.6493104
OS 0.4933247 2.6501869
OS 0.4939746 2.6510679
OS 0.4945367 2.6519534
OS 0.4950109 2.6528435
OS 0.4953972 2.6537382
OS 0.4956956 2.6546374
OS 0.4959061 2.6555411
OS 0.4960288 2.6564494
OS 0.4960636 2.6573622
OS 0.5077559 2.6456699
OS 0.5068431 2.6456351
OS 0.5059348 2.6455124
OS 0.5050311 2.6453019
OS 0.5041319 2.6450035
OS 0.5032372 2.6446172
OS 0.5023471 2.644143
OS 0.5014616 2.6435809
OS 0.5005806 2.642931
OS 0.4997041 2.6421931
OS 0.4988322 2.6413674
OS 0.4917611 2.6484385
OE
SE
S P 0
OB 2.8208662 1.984252 I
OS 2.8208573 1.9846471
OS 2.8207864 1.9853179
OS 2.8207244 1.9855935
OS 2.8206446 1.9858292
OS 2.8205471 1.9860251
OS 2.8204319 1.9861811
OS 2.820299 1.9862972
OS 2.8201483 1.9863735
OS 2.8199799 1.98641
OS 2.825408 1.9879307
OS 2.8252931 1.9878129
OS 2.8251903 1.9876396
OS 2.8250996 1.9874108
OS 2.8250209 1.9871263
OS 2.8249544 1.9867862
OS 2.8249 1.9863905
OS 2.8248274 1.9854324
OS 2.8248032 1.984252
OS 2.8208662 1.984252
OE
SE
S P 0
OB 9.1955255 2.2736225 I
OS 9.1961782 2.2736579
OS 9.1968352 2.2737642
OS 9.1974967 2.2739414
OS 9.1981626 2.2741894
OS 9.1988329 2.2745083
OS 9.1995076 2.2748981
OS 9.2001868 2.2753587
OS 9.2008703 2.2758902
OS 9.2015583 2.2764926
OS 9.2022507 2.2771658
OS 9.2022507 2.2661422
OS 9.2015583 2.2668154
OS 9.2001868 2.2679493
OS 9.1995076 2.2684099
OS 9.1988329 2.2687997
OS 9.1981626 2.2691186
OS 9.1974967 2.2693666
OS 9.1968352 2.2695438
OS 9.1961782 2.2696501
OS 9.1955255 2.2696855
OS 9.1955255 2.2736225
OE
SE
S P 0
OB 3.4712426 2.3653831 I
OS 3.470706 2.3653651
OS 3.47012 2.3653112
OS 3.4687992 2.3650954
OS 3.4680646 2.3649335
OS 3.4655634 2.3642321
OS 3.4636483 2.3635847
OS 3.468537 2.3732789
OS 3.4688013 2.3725268
OS 3.4691152 2.3718538
OS 3.469479 2.3712599
OS 3.4698924 2.3707453
OS 3.4703555 2.3703098
OS 3.4708684 2.3699535
OS 3.471431 2.3696764
OS 3.4720433 2.3694785
OS 3.4727054 2.3693597
OS 3.4734171 2.3693201
OS 3.4712426 2.3653831
OE
SE
S P 0
OB 7.9955256 2.2736225 I
OS 7.9961783 2.2736579
OS 7.9968353 2.2737642
OS 7.9974968 2.2739414
OS 7.9981627 2.2741894
OS 7.998833 2.2745083
OS 7.9995077 2.2748981
OS 8.0001869 2.2753587
OS 8.0008704 2.2758902
OS 8.0015584 2.2764926
OS 8.0022508 2.2771658
OS 8.0022508 2.2661422
OS 8.0015584 2.2668154
OS 8.0001869 2.2679493
OS 7.9995077 2.2684099
OS 7.998833 2.2687997
OS 7.9981627 2.2691186
OS 7.9974968 2.2693666
OS 7.9968353 2.2695438
OS 7.9961783 2.2696501
OS 7.9955256 2.2696855
OS 7.9955256 2.2736225
OE
SE
S P 0
OB 12.7854075 3.0978816 I
OS 12.7853724 3.0985412
OS 12.7852671 3.0992029
OS 12.7850916 3.0998668
OS 12.7848459 3.1005329
OS 12.78453 3.1012011
OS 12.7841438 3.1018715
OS 12.7836875 3.102544
OS 12.783161 3.1032187
OS 12.7825643 3.1038955
OS 12.7818973 3.1045746
OS 12.7928547 3.1045746
OS 12.7921877 3.1038955
OS 12.791591 3.1032187
OS 12.7910645 3.102544
OS 12.7906082 3.1018715
OS 12.790222 3.1012011
OS 12.7899061 3.1005329
OS 12.7896604 3.0998668
OS 12.7894849 3.0992029
OS 12.7893796 3.0985412
OS 12.7893445 3.0978816
OS 12.7854075 3.0978816
OE
SE
S P 0
OB 12.8202202 2.2817775 I
OS 12.8207068 2.281341
OS 12.8212465 2.2809516
OS 12.8218395 2.2806091
OS 12.8224858 2.2803137
OS 12.8231852 2.2800652
OS 12.823938 2.2798637
OS 12.8247439 2.2797092
OS 12.8256031 2.2796016
OS 12.8265155 2.2795411
OS 12.8274812 2.2795275
OS 12.8196863 2.2717326
OS 12.8196727 2.2726983
OS 12.8195046 2.2744699
OS 12.8193501 2.2752758
OS 12.8191486 2.2760286
OS 12.8189001 2.276728
OS 12.8186047 2.2773743
OS 12.8182622 2.2779673
OS 12.8178728 2.278507
OS 12.8174363 2.2789936
OS 12.8202202 2.2817775
OE
SE
S P 0
OB 1.6771655 1.9699356 I
OS 1.6771301 1.9705883
OS 1.6770238 1.9712453
OS 1.6768466 1.9719068
OS 1.6765986 1.9725727
OS 1.6762797 1.973243
OS 1.6758899 1.9739177
OS 1.6754293 1.9745969
OS 1.6748978 1.9752804
OS 1.6742954 1.9759684
OS 1.6736222 1.9766608
OS 1.6846458 1.9766608
OS 1.6839726 1.9759684
OS 1.6828387 1.9745969
OS 1.6823781 1.9739177
OS 1.6819883 1.973243
OS 1.6816694 1.9725727
OS 1.6814214 1.9719068
OS 1.6812442 1.9712453
OS 1.6811379 1.9705883
OS 1.6811025 1.9699356
OS 1.6771655 1.9699356
OE
SE
S P 0
OB 11.6174363 2.2643143 I
OS 11.6178728 2.2648009
OS 11.6182622 2.2653406
OS 11.6186047 2.2659336
OS 11.6189001 2.2665799
OS 11.6191486 2.2672793
OS 11.6193501 2.2680321
OS 11.6195046 2.268838
OS 11.6196122 2.2696972
OS 11.6196727 2.2706096
OS 11.6196863 2.2715753
OS 11.6274812 2.2637804
OS 11.6265155 2.2637668
OS 11.6247439 2.2635987
OS 11.623938 2.2634442
OS 11.6231852 2.2632427
OS 11.6224858 2.2629942
OS 11.6218395 2.2626988
OS 11.6212465 2.2623563
OS 11.6207068 2.2619669
OS 11.6202202 2.2615304
OS 11.6174363 2.2643143
OE
SE
S P 0
OB 2.2578735 1.8518256 I
OS 2.2578381 1.8524783
OS 2.2577318 1.8531353
OS 2.2575546 1.8537968
OS 2.2573066 1.8544627
OS 2.2569877 1.855133
OS 2.2565979 1.8558077
OS 2.2561373 1.8564869
OS 2.2556058 1.8571704
OS 2.2550034 1.8578584
OS 2.2543302 1.8585508
OS 2.2653538 1.8585508
OS 2.2646806 1.8578584
OS 2.2635467 1.8564869
OS 2.2630861 1.8558077
OS 2.2626963 1.855133
OS 2.2623774 1.8544627
OS 2.2621294 1.8537968
OS 2.2619522 1.8531353
OS 2.2618459 1.8524783
OS 2.2618105 1.8518256
OS 2.2578735 1.8518256
OE
SE
S P 0
OB 10.4174363 2.2643143 I
OS 10.4178728 2.2648009
OS 10.4182622 2.2653406
OS 10.4186047 2.2659336
OS 10.4189001 2.2665799
OS 10.4191486 2.2672793
OS 10.4193501 2.2680321
OS 10.4195046 2.268838
OS 10.4196122 2.2696972
OS 10.4196727 2.2706096
OS 10.4196863 2.2715753
OS 10.4274812 2.2637804
OS 10.4265155 2.2637668
OS 10.4247439 2.2635987
OS 10.423938 2.2634442
OS 10.4231852 2.2632427
OS 10.4224858 2.2629942
OS 10.4218395 2.2626988
OS 10.4212465 2.2623563
OS 10.4207068 2.2619669
OS 10.4202202 2.2615304
OS 10.4174363 2.2643143
OE
SE
S P 0
OB 2.8065523 1.9859394 I
OS 2.8060657 1.9863759
OS 2.805526 1.9867653
OS 2.804933 1.9871078
OS 2.8042867 1.9874032
OS 2.8035873 1.9876517
OS 2.8028345 1.9878532
OS 2.8020286 1.9880077
OS 2.8011694 1.9881153
OS 2.800257 1.9881758
OS 2.7992913 1.9881894
OS 2.8070862 1.9959843
OS 2.8070998 1.9950186
OS 2.8072679 1.993247
OS 2.8074224 1.9924411
OS 2.8076239 1.9916883
OS 2.8078724 1.9909889
OS 2.8081678 1.9903426
OS 2.8085103 1.9897496
OS 2.8088997 1.9892099
OS 2.8093362 1.9887233
OS 2.8065523 1.9859394
OE
SE
S P 0
OB 9.2174363 2.2643143 I
OS 9.2178728 2.2648009
OS 9.2182622 2.2653406
OS 9.2186047 2.2659336
OS 9.2189001 2.2665799
OS 9.2191486 2.2672793
OS 9.2193501 2.2680321
OS 9.2195046 2.268838
OS 9.2196122 2.2696972
OS 9.2196727 2.2706096
OS 9.2196863 2.2715753
OS 9.2274812 2.2637804
OS 9.2265155 2.2637668
OS 9.2247439 2.2635987
OS 9.223938 2.2634442
OS 9.2231852 2.2632427
OS 9.2224858 2.2629942
OS 9.2218395 2.2626988
OS 9.2212465 2.2623563
OS 9.2207068 2.2619669
OS 9.2202202 2.2615304
OS 9.2174363 2.2643143
OE
SE
S P 0
OB 3.4703919 2.3576081 I
OS 3.4699507 2.3571379
OS 3.4695683 2.3566688
OS 3.4692448 2.3562007
OS 3.4689801 2.3557337
OS 3.4687743 2.3552676
OS 3.4686274 2.3548026
OS 3.4685392 2.3543386
OS 3.46851 2.3538756
OS 3.4685396 2.3534137
OS 3.468628 2.3529528
OS 3.4629528 2.358628
OS 3.4634137 2.3585396
OS 3.4638756 2.35851
OS 3.4643386 2.3585392
OS 3.4648026 2.3586274
OS 3.4652676 2.3587743
OS 3.4657337 2.3589801
OS 3.4662007 2.3592448
OS 3.4666688 2.3595683
OS 3.4671379 2.3599507
OS 3.4676081 2.3603919
OS 3.4703919 2.3576081
OE
SE
S P 0
OB 8.0174364 2.2643143 I
OS 8.0178729 2.2648009
OS 8.0182623 2.2653406
OS 8.0186048 2.2659336
OS 8.0189002 2.2665799
OS 8.0191487 2.2672793
OS 8.0193502 2.2680321
OS 8.0195047 2.268838
OS 8.0196123 2.2696972
OS 8.0196728 2.2706096
OS 8.0196864 2.2715753
OS 8.0274813 2.2637804
OS 8.0265156 2.2637668
OS 8.024744 2.2635987
OS 8.0239381 2.2634442
OS 8.0231853 2.2632427
OS 8.0224859 2.2629942
OS 8.0218396 2.2626988
OS 8.0212466 2.2623563
OS 8.0207069 2.2619669
OS 8.0202203 2.2615304
OS 8.0174364 2.2643143
OE
SE
S P 0
OB 12.8011555 3.1136296 I
OS 12.8011201 3.1142823
OS 12.8010138 3.1149393
OS 12.8008366 3.1156008
OS 12.8005886 3.1162667
OS 12.8002697 3.116937
OS 12.7998799 3.1176117
OS 12.7994193 3.1182909
OS 12.7988878 3.1189744
OS 12.7982854 3.1196624
OS 12.7976122 3.1203548
OS 12.8086358 3.1203548
OS 12.8079626 3.1196624
OS 12.8068287 3.1182909
OS 12.8063681 3.1176117
OS 12.8059783 3.116937
OS 12.8056594 3.1162667
OS 12.8054114 3.1156008
OS 12.8052342 3.1149393
OS 12.8051279 3.1142823
OS 12.8050925 3.1136296
OS 12.8011555 3.1136296
OE
SE
S P 0
OB 12.8280942 2.3014621 I
OS 12.8285808 2.3010256
OS 12.8291205 2.3006362
OS 12.8297135 2.3002937
OS 12.8303598 2.2999983
OS 12.8310592 2.2997498
OS 12.831812 2.2995483
OS 12.8326179 2.2993938
OS 12.8334771 2.2992862
OS 12.8343895 2.2992257
OS 12.8353552 2.2992121
OS 12.8275603 2.2914172
OS 12.8275467 2.2923829
OS 12.8273786 2.2941545
OS 12.8272241 2.2949604
OS 12.8270226 2.2957132
OS 12.8267741 2.2964126
OS 12.8264787 2.2970589
OS 12.8261362 2.2976519
OS 12.8257468 2.2981916
OS 12.8253103 2.2986782
OS 12.8280942 2.3014621
OE
SE
S P 0
OB 1.6555115 1.9738716 I
OS 1.6554761 1.9745243
OS 1.6553698 1.9751813
OS 1.6551926 1.9758428
OS 1.6549446 1.9765087
OS 1.6546257 1.977179
OS 1.6542359 1.9778537
OS 1.6537753 1.9785329
OS 1.6532438 1.9792164
OS 1.6526414 1.9799044
OS 1.6519682 1.9805968
OS 1.6629918 1.9805968
OS 1.6623186 1.9799044
OS 1.6611847 1.9785329
OS 1.6607241 1.9778537
OS 1.6603343 1.977179
OS 1.6600154 1.9765087
OS 1.6597674 1.9758428
OS 1.6595902 1.9751813
OS 1.6594839 1.9745243
OS 1.6594485 1.9738716
OS 1.6555115 1.9738716
OE
SE
S P 0
OB 11.6419151 2.2820736 I
OS 11.6414613 2.2825014
OS 11.6410129 2.2828719
OS 11.6405699 2.2831851
OS 11.6401323 2.2834411
OS 11.6397001 2.2836397
OS 11.6392732 2.2837811
OS 11.6388517 2.2838653
OS 11.6384355 2.2838921
OS 11.6380248 2.2838617
OS 11.6376194 2.283774
OS 11.6429985 2.2891531
OS 11.6429108 2.2887477
OS 11.6428804 2.288337
OS 11.6429072 2.2879208
OS 11.6429914 2.2874993
OS 11.6431328 2.2870724
OS 11.6433314 2.2866402
OS 11.6435874 2.2862026
OS 11.6439006 2.2857596
OS 11.6442711 2.2853112
OS 11.6446989 2.2848574
OS 11.6419151 2.2820736
OE
SE
S P 0
OB 10.4419151 2.2820736 I
OS 10.4414613 2.2825014
OS 10.4410129 2.2828719
OS 10.4405699 2.2831851
OS 10.4401323 2.2834411
OS 10.4397001 2.2836397
OS 10.4392732 2.2837811
OS 10.4388517 2.2838653
OS 10.4384355 2.2838921
OS 10.4380248 2.2838617
OS 10.4376194 2.283774
OS 10.4429985 2.2891531
OS 10.4429108 2.2887477
OS 10.4428804 2.288337
OS 10.4429072 2.2879208
OS 10.4429914 2.2874993
OS 10.4431328 2.2870724
OS 10.4433314 2.2866402
OS 10.4435874 2.2862026
OS 10.4439006 2.2857596
OS 10.4442711 2.2853112
OS 10.4446989 2.2848574
OS 10.4419151 2.2820736
OE
SE
S P 0
OB 2.8050196 1.967489 I
OS 2.8044875 1.9679651
OS 2.8039358 1.9683493
OS 2.8033643 1.9686414
OS 2.802773 1.9688415
OS 2.8021621 1.9689496
OS 2.8015314 1.9689657
OS 2.800881 1.9688898
OS 2.8002108 1.9687219
OS 2.799521 1.9684619
OS 2.7988114 1.9681099
OS 2.8020873 1.9784308
OS 2.802541 1.9775132
OS 2.8046719 1.973795
OS 2.8050707 1.9732254
OS 2.8058407 1.97226
OS 2.806212 1.9718643
OS 2.8050196 1.967489
OE
SE
S P 0
OB 9.2419151 2.2820736 I
OS 9.2414613 2.2825014
OS 9.2410129 2.2828719
OS 9.2405699 2.2831851
OS 9.2401323 2.2834411
OS 9.2397001 2.2836397
OS 9.2392732 2.2837811
OS 9.2388517 2.2838653
OS 9.2384355 2.2838921
OS 9.2380248 2.2838617
OS 9.2376194 2.283774
OS 9.2429985 2.2891531
OS 9.2429108 2.2887477
OS 9.2428804 2.288337
OS 9.2429072 2.2879208
OS 9.2429914 2.2874993
OS 9.2431328 2.2870724
OS 9.2433314 2.2866402
OS 9.2435874 2.2862026
OS 9.2439006 2.2857596
OS 9.2442711 2.2853112
OS 9.2446989 2.2848574
OS 9.2419151 2.2820736
OE
SE
S P 0
OB 3.355793 2.2789933 I
OS 3.3553565 2.2785067
OS 3.3549671 2.277967
OS 3.3546246 2.277374
OS 3.3543292 2.2767277
OS 3.3540807 2.2760283
OS 3.3538792 2.2752755
OS 3.3537247 2.2744696
OS 3.3536171 2.2736104
OS 3.3535566 2.272698
OS 3.353543 2.2717323
OS 3.3457481 2.2795272
OS 3.3467138 2.2795408
OS 3.3484854 2.2797089
OS 3.3492913 2.2798634
OS 3.3500441 2.2800649
OS 3.3507435 2.2803134
OS 3.3513898 2.2806088
OS 3.3519828 2.2809513
OS 3.3525225 2.2813407
OS 3.3530091 2.2817772
OS 3.355793 2.2789933
OE
SE
S P 0
OB 8.0419152 2.2820736 I
OS 8.0414614 2.2825014
OS 8.041013 2.2828719
OS 8.04057 2.2831851
OS 8.0401324 2.2834411
OS 8.0397002 2.2836397
OS 8.0392733 2.2837811
OS 8.0388518 2.2838653
OS 8.0384356 2.2838921
OS 8.0380249 2.2838617
OS 8.0376195 2.283774
OS 8.0429986 2.2891531
OS 8.0429109 2.2887477
OS 8.0428805 2.288337
OS 8.0429073 2.2879208
OS 8.0429915 2.2874993
OS 8.0431329 2.2870724
OS 8.0433315 2.2866402
OS 8.0435875 2.2862026
OS 8.0439007 2.2857596
OS 8.0442712 2.2853112
OS 8.044699 2.2848574
OS 8.0419152 2.2820736
OE
SE
S P 0
OB 12.8169035 3.0978816 I
OS 12.8168681 3.0985343
OS 12.8167618 3.0991913
OS 12.8165846 3.0998528
OS 12.8163366 3.1005187
OS 12.8160177 3.101189
OS 12.8156279 3.1018637
OS 12.8151673 3.1025429
OS 12.8146358 3.1032264
OS 12.8140334 3.1039144
OS 12.8133602 3.1046068
OS 12.8243838 3.1046068
OS 12.8237106 3.1039144
OS 12.8225767 3.1025429
OS 12.8221161 3.1018637
OS 12.8217263 3.101189
OS 12.8214074 3.1005187
OS 12.8211594 3.0998528
OS 12.8209822 3.0991913
OS 12.8208759 3.0985343
OS 12.8208405 3.0978816
OS 12.8169035 3.0978816
OE
SE
S P 0
OB 12.8517153 2.3014621 I
OS 12.8522019 2.3010256
OS 12.8527416 2.3006362
OS 12.8533346 2.3002937
OS 12.8539809 2.2999983
OS 12.8546803 2.2997498
OS 12.8554331 2.2995483
OS 12.856239 2.2993938
OS 12.8570982 2.2992862
OS 12.8580106 2.2992257
OS 12.8589763 2.2992121
OS 12.8511814 2.2914172
OS 12.8511678 2.2923829
OS 12.8509997 2.2941545
OS 12.8508452 2.2949604
OS 12.8506437 2.2957132
OS 12.8503952 2.2964126
OS 12.8500998 2.2970589
OS 12.8497573 2.2976519
OS 12.8493679 2.2981916
OS 12.8489314 2.2986782
OS 12.8517153 2.3014621
OE
SE
S P 0
OB 1.6338575 1.9778096 I
OS 1.6338221 1.9784623
OS 1.6337158 1.9791193
OS 1.6335386 1.9797808
OS 1.6332906 1.9804467
OS 1.6329717 1.981117
OS 1.6325819 1.9817917
OS 1.6321213 1.9824709
OS 1.6315898 1.9831544
OS 1.6309874 1.9838424
OS 1.6303142 1.9845348
OS 1.6413378 1.9845348
OS 1.6406646 1.9838424
OS 1.6395307 1.9824709
OS 1.6390701 1.9817917
OS 1.6386803 1.981117
OS 1.6383614 1.9804467
OS 1.6381134 1.9797808
OS 1.6379362 1.9791193
OS 1.6378299 1.9784623
OS 1.6377945 1.9778096
OS 1.6338575 1.9778096
OE
SE
S P 0
OB 11.6570865 2.2789902 I
OS 11.6570511 2.2796429
OS 11.6569448 2.2802999
OS 11.6567676 2.2809614
OS 11.6565196 2.2816273
OS 11.6562007 2.2822976
OS 11.6558109 2.2829723
OS 11.6553503 2.2836515
OS 11.6548188 2.284335
OS 11.6542164 2.285023
OS 11.6535432 2.2857154
OS 11.6645668 2.2857154
OS 11.6638936 2.285023
OS 11.6627597 2.2836515
OS 11.6622991 2.2829723
OS 11.6619093 2.2822976
OS 11.6615904 2.2816273
OS 11.6613424 2.2809614
OS 11.6611652 2.2802999
OS 11.6610589 2.2796429
OS 11.6610235 2.2789902
OS 11.6570865 2.2789902
OE
SE
S P 0
OB 2.2362215 1.8518256 I
OS 2.2361861 1.8524783
OS 2.2360798 1.8531353
OS 2.2359026 1.8537968
OS 2.2356546 1.8544627
OS 2.2353357 1.855133
OS 2.2349459 1.8558077
OS 2.2344853 1.8564869
OS 2.2339538 1.8571704
OS 2.2333514 1.8578584
OS 2.2326782 1.8585508
OS 2.2437018 1.8585508
OS 2.2430286 1.8578584
OS 2.2418947 1.8564869
OS 2.2414341 1.8558077
OS 2.2410443 1.855133
OS 2.2407254 1.8544627
OS 2.2404774 1.8537968
OS 2.2403002 1.8531353
OS 2.2401939 1.8524783
OS 2.2401585 1.8518256
OS 2.2362215 1.8518256
OE
SE
S P 0
OB 10.4570865 2.2789902 I
OS 10.4570511 2.2796429
OS 10.4569448 2.2802999
OS 10.4567676 2.2809614
OS 10.4565196 2.2816273
OS 10.4562007 2.2822976
OS 10.4558109 2.2829723
OS 10.4553503 2.2836515
OS 10.4548188 2.284335
OS 10.4542164 2.285023
OS 10.4535432 2.2857154
OS 10.4645668 2.2857154
OS 10.4638936 2.285023
OS 10.4627597 2.2836515
OS 10.4622991 2.2829723
OS 10.4619093 2.2822976
OS 10.4615904 2.2816273
OS 10.4613424 2.2809614
OS 10.4611652 2.2802999
OS 10.4610589 2.2796429
OS 10.4610235 2.2789902
OS 10.4570865 2.2789902
OE
SE
S P 0
OB 2.7760177 2.0700836 I
OS 2.7755558 2.0705004
OS 2.7750339 2.0708871
OS 2.7744519 2.0712437
OS 2.7738099 2.0715702
OS 2.7731079 2.0718665
OS 2.7723458 2.0721327
OS 2.7715237 2.0723688
OS 2.7696994 2.0727506
OS 2.7686972 2.0728963
OS 2.7774763 2.0795632
OS 2.7773697 2.0786494
OS 2.7773249 2.0777812
OS 2.777342 2.0769585
OS 2.7774211 2.0761813
OS 2.777562 2.0754497
OS 2.7777649 2.0747635
OS 2.7780296 2.0741228
OS 2.7783563 2.0735276
OS 2.7787449 2.0729779
OS 2.7791953 2.0724737
OS 2.7760177 2.0700836
OE
SE
S P 0
OB 9.2570865 2.2789902 I
OS 9.2570511 2.2796429
OS 9.2569448 2.2802999
OS 9.2567676 2.2809614
OS 9.2565196 2.2816273
OS 9.2562007 2.2822976
OS 9.2558109 2.2829723
OS 9.2553503 2.2836515
OS 9.2548188 2.284335
OS 9.2542164 2.285023
OS 9.2535432 2.2857154
OS 9.2645668 2.2857154
OS 9.2638936 2.285023
OS 9.2627597 2.2836515
OS 9.2622991 2.2829723
OS 9.2619093 2.2822976
OS 9.2615904 2.2816273
OS 9.2613424 2.2809614
OS 9.2611652 2.2802999
OS 9.2610589 2.2796429
OS 9.2610235 2.2789902
OS 9.2570865 2.2789902
OE
SE
S P 0
OB 3.3762654 2.2789933 I
OS 3.3758289 2.2785067
OS 3.3754395 2.277967
OS 3.375097 2.277374
OS 3.3748016 2.2767277
OS 3.3745531 2.2760283
OS 3.3743516 2.2752755
OS 3.3741971 2.2744696
OS 3.3740895 2.2736104
OS 3.374029 2.272698
OS 3.3740154 2.2717323
OS 3.3662205 2.2795272
OS 3.3671862 2.2795408
OS 3.3689578 2.2797089
OS 3.3697637 2.2798634
OS 3.3705165 2.2800649
OS 3.3712159 2.2803134
OS 3.3718622 2.2806088
OS 3.3724552 2.2809513
OS 3.3729949 2.2813407
OS 3.3734815 2.2817772
OS 3.3762654 2.2789933
OE
SE
S P 0
OB 8.0570866 2.2789902 I
OS 8.0570512 2.2796429
OS 8.0569449 2.2802999
OS 8.0567677 2.2809614
OS 8.0565197 2.2816273
OS 8.0562008 2.2822976
OS 8.055811 2.2829723
OS 8.0553504 2.2836515
OS 8.0548189 2.284335
OS 8.0542165 2.285023
OS 8.0535433 2.2857154
OS 8.0645669 2.2857154
OS 8.0638937 2.285023
OS 8.0627598 2.2836515
OS 8.0622992 2.2829723
OS 8.0619094 2.2822976
OS 8.0615905 2.2816273
OS 8.0613425 2.2809614
OS 8.0611653 2.2802999
OS 8.061059 2.2796429
OS 8.0610236 2.2789902
OS 8.0570866 2.2789902
OE
SE
S P 0
OB 12.8326515 3.1136296 I
OS 12.8326161 3.1142823
OS 12.8325098 3.1149393
OS 12.8323326 3.1156008
OS 12.8320846 3.1162667
OS 12.8317657 3.116937
OS 12.8313759 3.1176117
OS 12.8309153 3.1182909
OS 12.8303838 3.1189744
OS 12.8297814 3.1196624
OS 12.8291082 3.1203548
OS 12.8401318 3.1203548
OS 12.8394586 3.1196624
OS 12.8383247 3.1182909
OS 12.8378641 3.1176117
OS 12.8374743 3.116937
OS 12.8371554 3.1162667
OS 12.8369074 3.1156008
OS 12.8367302 3.1149393
OS 12.8366239 3.1142823
OS 12.8365885 3.1136296
OS 12.8326515 3.1136296
OE
SE
S P 0
OB 12.8753382 2.3014625 I
OS 12.8758248 2.301026
OS 12.8763645 2.3006366
OS 12.8769575 2.3002941
OS 12.8776038 2.2999987
OS 12.8783032 2.2997502
OS 12.879056 2.2995487
OS 12.8798619 2.2993942
OS 12.8807211 2.2992866
OS 12.8816335 2.2992261
OS 12.8825992 2.2992125
OS 12.8748043 2.2914176
OS 12.8747907 2.2923833
OS 12.8746226 2.2941549
OS 12.8744681 2.2949608
OS 12.8742666 2.2957136
OS 12.8740181 2.296413
OS 12.8737227 2.2970593
OS 12.8733802 2.2976523
OS 12.8729908 2.298192
OS 12.8725543 2.2986786
OS 12.8753382 2.3014625
OE
SE
S P 0
OB 1.6122055 1.9817456 I
OS 1.6121701 1.9823983
OS 1.6120638 1.9830553
OS 1.6118866 1.9837168
OS 1.6116386 1.9843827
OS 1.6113197 1.985053
OS 1.6109299 1.9857277
OS 1.6104693 1.9864069
OS 1.6099378 1.9870904
OS 1.6093354 1.9877784
OS 1.6086622 1.9884708
OS 1.6196858 1.9884708
OS 1.6190126 1.9877784
OS 1.6178787 1.9864069
OS 1.6174181 1.9857277
OS 1.6170283 1.985053
OS 1.6167094 1.9843827
OS 1.6164614 1.9837168
OS 1.6162842 1.9830553
OS 1.6161779 1.9823983
OS 1.6161425 1.9817456
OS 1.6122055 1.9817456
OE
SE
S P 0
OB 11.6807094 2.2795284 I
OS 11.6806832 2.280218
OS 11.6806044 2.2808747
OS 11.6804732 2.2814985
OS 11.6802895 2.2820893
OS 11.6800534 2.2826473
OS 11.6797647 2.2831723
OS 11.6794235 2.2836644
OS 11.6790299 2.2841236
OS 11.6785838 2.2845498
OS 11.6780852 2.2849431
OS 11.6872706 2.2849431
OS 11.686772 2.2845498
OS 11.6863259 2.2841236
OS 11.6859323 2.2836644
OS 11.6855911 2.2831723
OS 11.6853024 2.2826473
OS 11.6850663 2.2820893
OS 11.6848826 2.2814985
OS 11.6847514 2.2808747
OS 11.6846726 2.280218
OS 11.6846464 2.2795284
OS 11.6807094 2.2795284
OE
SE
S P 0
OB 10.4807094 2.2795284 I
OS 10.4806832 2.280218
OS 10.4806044 2.2808747
OS 10.4804732 2.2814985
OS 10.4802895 2.2820893
OS 10.4800534 2.2826473
OS 10.4797647 2.2831723
OS 10.4794235 2.2836644
OS 10.4790299 2.2841236
OS 10.4785838 2.2845498
OS 10.4780852 2.2849431
OS 10.4872706 2.2849431
OS 10.486772 2.2845498
OS 10.4863259 2.2841236
OS 10.4859323 2.2836644
OS 10.4855911 2.2831723
OS 10.4853024 2.2826473
OS 10.4850663 2.2820893
OS 10.4848826 2.2814985
OS 10.4847514 2.2808747
OS 10.4846726 2.280218
OS 10.4846464 2.2795284
OS 10.4807094 2.2795284
OE
SE
S P 0
OB 12.769685 3.1136359 I
OS 12.7696496 3.1142886
OS 12.7695433 3.1149456
OS 12.7693661 3.1156071
OS 12.7691181 3.116273
OS 12.7687992 3.1169433
OS 12.7684094 3.117618
OS 12.7679488 3.1182972
OS 12.7674173 3.1189807
OS 12.7668149 3.1196687
OS 12.7661417 3.1203611
OS 12.7771653 3.1203611
OS 12.7764921 3.1196687
OS 12.7753582 3.1182972
OS 12.7748976 3.117618
OS 12.7745078 3.1169433
OS 12.7741889 3.116273
OS 12.7739409 3.1156071
OS 12.7737637 3.1149456
OS 12.7736574 3.1142886
OS 12.773622 3.1136359
OS 12.769685 3.1136359
OE
SE
S P 0
OB 1.6988195 1.9659976 I
OS 1.6987841 1.9666503
OS 1.6986778 1.9673073
OS 1.6985006 1.9679688
OS 1.6982526 1.9686347
OS 1.6979337 1.969305
OS 1.6975439 1.9699797
OS 1.6970833 1.9706589
OS 1.6965518 1.9713424
OS 1.6959494 1.9720304
OS 1.6952762 1.9727228
OS 1.7062998 1.9727228
OS 1.7056266 1.9720304
OS 1.7044927 1.9706589
OS 1.7040321 1.9699797
OS 1.7036423 1.969305
OS 1.7033234 1.9686347
OS 1.7030754 1.9679688
OS 1.7028982 1.9673073
OS 1.7027919 1.9666503
OS 1.7027565 1.9659976
OS 1.6988195 1.9659976
OE
SE
S P 0
OB 11.5955255 2.2736225 I
OS 11.5961782 2.2736579
OS 11.5968352 2.2737642
OS 11.5974967 2.2739414
OS 11.5981626 2.2741894
OS 11.5988329 2.2745083
OS 11.5995076 2.2748981
OS 11.6001868 2.2753587
OS 11.6008703 2.2758902
OS 11.6015583 2.2764926
OS 11.6022507 2.2771658
OS 11.6022507 2.2661422
OS 11.6015583 2.2668154
OS 11.6001868 2.2679493
OS 11.5995076 2.2684099
OS 11.5988329 2.2687997
OS 11.5981626 2.2691186
OS 11.5974967 2.2693666
OS 11.5968352 2.2695438
OS 11.5961782 2.2696501
OS 11.5955255 2.2696855
OS 11.5955255 2.2736225
OE
SE
S P 0
OB 10.3955255 2.2736225 I
OS 10.3961782 2.2736579
OS 10.3968352 2.2737642
OS 10.3974967 2.2739414
OS 10.3981626 2.2741894
OS 10.3988329 2.2745083
OS 10.3995076 2.2748981
OS 10.4001868 2.2753587
OS 10.4008703 2.2758902
OS 10.4015583 2.2764926
OS 10.4022507 2.2771658
OS 10.4022507 2.2661422
OS 10.4015583 2.2668154
OS 10.4001868 2.2679493
OS 10.3995076 2.2684099
OS 10.3988329 2.2687997
OS 10.3981626 2.2691186
OS 10.3974967 2.2693666
OS 10.3968352 2.2695438
OS 10.3961782 2.2696501
OS 10.3955255 2.2696855
OS 10.3955255 2.2736225
OE
SE
S P 0
OB 2.2814961 1.8104862 I
OS 2.2814607 1.8111389
OS 2.2813544 1.8117959
OS 2.2811772 1.8124574
OS 2.2809292 1.8131233
OS 2.2806103 1.8137936
OS 2.2802205 1.8144683
OS 2.2797599 1.8151475
OS 2.2792284 1.815831
OS 2.278626 1.816519
OS 2.2779528 1.8172114
OS 2.2889764 1.8172114
OS 2.2883032 1.816519
OS 2.2871693 1.8151475
OS 2.2867087 1.8144683
OS 2.2863189 1.8137936
OS 2.286 1.8131233
OS 2.285752 1.8124574
OS 2.2855748 1.8117959
OS 2.2854685 1.8111389
OS 2.2854331 1.8104862
OS 2.2814961 1.8104862
OE
SE
S P 0
OB 3.0401578 3.0228992 I
OS 3.0598428 2.978469
OS 3.0401578 2.919438
OS 3.039764 2.9269188
OS 3.0385829 2.9336132
OS 3.0366144 2.9395211
OS 3.0338585 2.9446426
OS 3.0303152 2.9489777
OS 3.0259845 2.9525263
OS 3.0208664 2.9552885
OS 3.0149609 2.9572642
OS 3.008268 2.9584535
OS 3.0007877 2.9588564
OS 3.0007877 2.9982265
OS 3.008268 2.9984646
OS 3.0149609 2.999198
OS 3.0208664 3.0004268
OS 3.0259845 3.002151
OS 3.0303152 3.0043706
OS 3.0338585 3.0070855
OS 3.0366144 3.0102959
OS 3.0385829 3.0140016
OS 3.039764 3.0182027
OS 3.0401578 3.0228992
OE
SE
S P 0
OB 3.0401578 3.0228992 I
OS 3.0795278 2.9788836
OS 3.0795278 2.9395135
OS 3.0401578 2.9207711
OS 3.0397958 2.9408676
OS 3.0391522 2.950348
OS 3.0387098 2.953913
OS 3.0381869 2.9566946
OS 3.0375836 2.9586927
OS 3.0368998 2.9599074
OS 3.0361356 2.9603386
OS 3.038066 2.9996614
OS 3.0384634 2.9998753
OS 3.038819 3.000558
OS 3.0391328 3.0017097
OS 3.0401368 3.0184655
OS 3.0401578 3.0228992
OE
SE
S P 0
OB 3.1889321 3.742126 I
OS 3.189825 3.7421319
OS 3.1930624 3.7423385
OS 3.1934645 3.7424153
OS 3.1937848 3.7425039
OS 3.1940233 3.7426043
OS 3.1941799 3.7427165
OS 3.1941799 3.7316929
OS 3.1940233 3.7318051
OS 3.1937848 3.7319055
OS 3.1934645 3.7319941
OS 3.1930624 3.7320709
OS 3.1925785 3.7321358
OS 3.1913654 3.7322303
OS 3.1889321 3.7322834
OS 3.1889321 3.742126
OE
SE
S P 0
OB 3.0351655 3.7322834 I
OS 3.0342765 3.7322752
OS 3.0315239 3.7320763
OS 3.0310365 3.7319851
OS 3.0306294 3.7318774
OS 3.0303026 3.7317531
OS 3.0300562 3.7316122
OS 3.02989 3.7314548
OS 3.0285121 3.7423919
OS 3.028623 3.7423414
OS 3.0288212 3.7422962
OS 3.0291069 3.7422563
OS 3.0299406 3.7421924
OS 3.032657 3.7421286
OS 3.0335546 3.742126
OS 3.0351655 3.7322834
OE
SE
S P 0
OB 1.5573502 2.2207243 I
OS 1.5676728 2.2311625
OS 1.6067931 2.2758296
OS 1.6095107 2.2802805
OS 1.6111418 2.2838761
OS 1.6116864 2.2866163
OS 1.651081 2.2472217
OS 1.6483408 2.2466771
OS 1.6447452 2.245046
OS 1.6402943 2.2423284
OS 1.6349881 2.2385245
OS 1.6218097 2.2276572
OS 1.5956272 2.2032081
OS 1.585189 2.1928855
OS 1.5573502 2.2207243
OE
SE
S P 0
OB 1.7461313 2.2220929 I
OS 1.7356932 2.2324155
OS 1.6910261 2.2715358
OS 1.6865752 2.2742534
OS 1.6829796 2.2758844
OS 1.6802394 2.2764291
OS 1.719634 2.3158237
OS 1.7201786 2.3130834
OS 1.7218097 2.3094879
OS 1.7245273 2.305037
OS 1.7283312 2.2997308
OS 1.7391985 2.2865524
OS 1.7636476 2.2603699
OS 1.7739702 2.2499317
OS 1.7461313 2.2220929
OE
SE
S P 0
OB 1.7461313 2.2220929 I
OS 1.7356932 2.2324155
OS 1.6910261 2.2715358
OS 1.6865752 2.2742534
OS 1.6829796 2.2758844
OS 1.6802394 2.2764291
OS 1.719634 2.3158237
OS 1.7201786 2.3130834
OS 1.7218097 2.3094879
OS 1.7245273 2.305037
OS 1.7283312 2.2997308
OS 1.7391985 2.2865524
OS 1.7636476 2.2603699
OS 1.7739702 2.2499317
OS 1.7461313 2.2220929
OE
SE
S P 0
OB 1.8018121 2.8749999 I
OS 1.7871321 2.8749181
OS 1.7278854 2.8709959
OS 1.7228165 2.8697703
OS 1.7191207 2.8683812
OS 1.7167979 2.8668286
OS 1.7167979 2.9225412
OS 1.7191207 2.9209886
OS 1.7228165 2.9195995
OS 1.7278854 2.9183739
OS 1.7343273 2.9173116
OS 1.7513301 2.9156774
OS 1.7871321 2.9144517
OS 1.8018121 2.91437
OS 1.8018121 2.8749999
OE
SE
S P 0
OB 1.4872047 2.1988189 I
OS 1.4895958 2.1988779
OS 1.4941196 2.19935
OS 1.4962523 2.1997632
OS 1.4982988 2.2002943
OS 1.5002592 2.2009435
OS 1.5021334 2.2017107
OS 1.5039215 2.202596
OS 1.5056234 2.2035992
OS 1.5072392 2.2047206
OS 1.5072392 2.1732322
OS 1.5056234 2.1743536
OS 1.5039215 2.1753568
OS 1.5021334 2.1762421
OS 1.5002592 2.1770093
OS 1.4982988 2.1776585
OS 1.4962523 2.1781896
OS 1.4941196 2.1786028
OS 1.4919008 2.1788978
OS 1.4895958 2.1790749
OS 1.4872047 2.1791339
OS 1.4872047 2.1988189
OE
SE
S P 0
OB 4.5109075 3.9329786 I
OS 4.5115368 3.9336149
OS 4.5139208 3.9363346
OS 4.5140862 3.9366049
OS 4.5141852 3.9368229
OS 4.514218 3.9369886
OS 4.5219538 3.9291351
OS 4.5217811 3.9291045
OS 4.5215569 3.9290074
OS 4.5212812 3.9288438
OS 4.520954 3.9286138
OS 4.5201452 3.9279545
OS 4.5191303 3.9270293
OS 4.5179094 3.9258384
OS 4.5109075 3.9329786
OE
SE
S P 0
OB 12.6751715 3.1136296 I
OS 12.6751361 3.1142823
OS 12.6750298 3.1149393
OS 12.6748526 3.1156008
OS 12.6746046 3.1162667
OS 12.6742857 3.116937
OS 12.6738959 3.1176117
OS 12.6734353 3.1182909
OS 12.6729038 3.1189744
OS 12.6723014 3.1196624
OS 12.6716282 3.1203548
OS 12.6826518 3.1203548
OS 12.6819786 3.1196624
OS 12.6808447 3.1182909
OS 12.6803841 3.1176117
OS 12.6799943 3.116937
OS 12.6796754 3.1162667
OS 12.6794274 3.1156008
OS 12.6792502 3.1149393
OS 12.6791439 3.1142823
OS 12.6791085 3.1136296
OS 12.6751715 3.1136296
OE
SE
S P 0
OB 10.3493522 2.3329576 I
OS 10.3498388 2.3325211
OS 10.3503785 2.3321317
OS 10.3509715 2.3317892
OS 10.3516178 2.3314938
OS 10.3523172 2.3312453
OS 10.35307 2.3310438
OS 10.3538759 2.3308893
OS 10.3547351 2.3307817
OS 10.3556475 2.3307212
OS 10.3566132 2.3307076
OS 10.3488183 2.3229127
OS 10.3488047 2.3238784
OS 10.3486366 2.32565
OS 10.3484821 2.3264559
OS 10.3482806 2.3272087
OS 10.3480321 2.3279081
OS 10.3477367 2.3285544
OS 10.3473942 2.3291474
OS 10.3470048 2.3296871
OS 10.3465683 2.3301737
OS 10.3493522 2.3329576
OE
SE
S P 0
OB 2.2952755 1.8498556 I
OS 2.2952401 1.8505083
OS 2.2951338 1.8511653
OS 2.2949566 1.8518268
OS 2.2947086 1.8524927
OS 2.2943897 1.853163
OS 2.2939999 1.8538377
OS 2.2935393 1.8545169
OS 2.2930078 1.8552004
OS 2.2924054 1.8558884
OS 2.2917322 1.8565808
OS 2.3027558 1.8565808
OS 2.3020826 1.8558884
OS 2.3009487 1.8545169
OS 2.3004881 1.8538377
OS 2.3000983 1.853163
OS 2.2997794 1.8524927
OS 2.2995314 1.8518268
OS 2.2993542 1.8511653
OS 2.2992479 1.8505083
OS 2.2992125 1.8498556
OS 2.2952755 1.8498556
OE
SE
S P 0
OB 2.8799015 2.0425115 I
OS 2.8732958 2.0487689
OS 2.8834646 2.0494949
OS 2.8830144 2.0489992
OS 2.8826695 2.0484977
OS 2.8824298 2.0479905
OS 2.8822955 2.0474777
OS 2.8822664 2.0469591
OS 2.8823426 2.0464347
OS 2.8825242 2.0459047
OS 2.882811 2.045369
OS 2.883203 2.0448275
OS 2.8837004 2.0442804
OS 2.8799015 2.0425115
OE
SE
S P 0
OB 9.1485383 2.4336043 I
OS 9.1489748 2.4340909
OS 9.1493642 2.4346306
OS 9.1497067 2.4352236
OS 9.1500021 2.4358699
OS 9.1502506 2.4365693
OS 9.1504521 2.4373221
OS 9.1506066 2.438128
OS 9.1507142 2.4389872
OS 9.1507747 2.4398996
OS 9.1507883 2.4408653
OS 9.1585832 2.4330704
OS 9.1576175 2.4330568
OS 9.1558459 2.4328887
OS 9.15504 2.4327342
OS 9.1542872 2.4325327
OS 9.1535878 2.4322842
OS 9.1529415 2.4319888
OS 9.1523485 2.4316463
OS 9.1518088 2.4312569
OS 9.1513222 2.4308204
OS 9.1485383 2.4336043
OE
SE
S P 0
OB 10.3485383 2.4336043 I
OS 10.3489748 2.4340909
OS 10.3493642 2.4346306
OS 10.3497067 2.4352236
OS 10.3500021 2.4358699
OS 10.3502506 2.4365693
OS 10.3504521 2.4373221
OS 10.3506066 2.438128
OS 10.3507142 2.4389872
OS 10.3507747 2.4398996
OS 10.3507883 2.4408653
OS 10.3585832 2.4330704
OS 10.3576175 2.4330568
OS 10.3558459 2.4328887
OS 10.35504 2.4327342
OS 10.3542872 2.4325327
OS 10.3535878 2.4322842
OS 10.3529415 2.4319888
OS 10.3523485 2.4316463
OS 10.3518088 2.4312569
OS 10.3513222 2.4308204
OS 10.3485383 2.4336043
OE
SE
S P 0
OB 2.3641735 1.8262336 I
OS 2.3641381 1.8268863
OS 2.3640318 1.8275433
OS 2.3638546 1.8282048
OS 2.3636066 1.8288707
OS 2.3632877 1.829541
OS 2.3628979 1.8302157
OS 2.3624373 1.8308949
OS 2.3619058 1.8315784
OS 2.3613034 1.8322664
OS 2.3606302 1.8329588
OS 2.3716538 1.8329588
OS 2.3709806 1.8322664
OS 2.3698467 1.8308949
OS 2.3693861 1.8302157
OS 2.3689963 1.829541
OS 2.3686774 1.8288707
OS 2.3684294 1.8282048
OS 2.3682522 1.8275433
OS 2.3681459 1.8268863
OS 2.3681105 1.8262336
OS 2.3641735 1.8262336
OE
SE
S P 0
OB 3.4645105 2.4720315 I
OS 3.4637731 2.471996
OS 3.4631132 2.4718896
OS 3.4625307 2.4717122
OS 3.4620258 2.4714639
OS 3.4615983 2.4711446
OS 3.4612483 2.4707544
OS 3.4609757 2.4702932
OS 3.4607807 2.469761
OS 3.4606631 2.4691579
OS 3.460623 2.4684839
OS 3.4540038 2.4762724
OS 3.4544337 2.4762147
OS 3.456364 2.4760779
OS 3.4631071 2.4759685
OS 3.4645105 2.4720315
OE
SE
S P 0
OB 7.9493523 2.3329576 I
OS 7.9498389 2.3325211
OS 7.9503786 2.3321317
OS 7.9509716 2.3317892
OS 7.9516179 2.3314938
OS 7.9523173 2.3312453
OS 7.9530701 2.3310438
OS 7.953876 2.3308893
OS 7.9547352 2.3307817
OS 7.9556476 2.3307212
OS 7.9566133 2.3307076
OS 7.9488184 2.3229127
OS 7.9488048 2.3238784
OS 7.9486367 2.32565
OS 7.9484822 2.3264559
OS 7.9482807 2.3272087
OS 7.9480322 2.3279081
OS 7.9477368 2.3285544
OS 7.9473943 2.3291474
OS 7.9470049 2.3296871
OS 7.9465684 2.3301737
OS 7.9493523 2.3329576
OE
SE
S P 0
OB 9.1458543 2.3482681 I
OS 9.1464015 2.3477707
OS 9.1469429 2.3473786
OS 9.1474787 2.3470918
OS 9.1480087 2.3469103
OS 9.148533 2.3468341
OS 9.1490517 2.3468631
OS 9.1495646 2.3469975
OS 9.1500718 2.3472371
OS 9.1505733 2.347582
OS 9.1510692 2.3480322
OS 9.1503425 2.3378633
OS 9.1501072 2.3381649
OS 9.1488807 2.3395483
OS 9.1440853 2.3444693
OS 9.1458543 2.3482681
OE
SE
S P 0
OB 1.7421255 1.9581236 I
OS 1.7420901 1.9587763
OS 1.7419838 1.9594333
OS 1.7418066 1.9600948
OS 1.7415586 1.9607607
OS 1.7412397 1.961431
OS 1.7408499 1.9621057
OS 1.7403893 1.9627849
OS 1.7398578 1.9634684
OS 1.7392554 1.9641564
OS 1.7385822 1.9648488
OS 1.7496058 1.9648488
OS 1.7489326 1.9641564
OS 1.7477987 1.9627849
OS 1.7473381 1.9621057
OS 1.7469483 1.961431
OS 1.7466294 1.9607607
OS 1.7463814 1.9600948
OS 1.7462042 1.9594333
OS 1.7460979 1.9587763
OS 1.7460625 1.9581236
OS 1.7421255 1.9581236
OE
SE
S P 0
OB 11.5458543 2.3482681 I
OS 11.5464015 2.3477707
OS 11.5469429 2.3473786
OS 11.5474787 2.3470918
OS 11.5480087 2.3469103
OS 11.548533 2.3468341
OS 11.5490517 2.3468631
OS 11.5495646 2.3469975
OS 11.5500718 2.3472371
OS 11.5505733 2.347582
OS 11.5510692 2.3480322
OS 11.5503425 2.3378633
OS 11.5501072 2.3381649
OS 11.5488807 2.3395483
OS 11.5440853 2.3444693
OS 11.5458543 2.3482681
OE
SE
S P 0
OB 3.4647394 2.5846405 I
OS 3.4640867 2.5846051
OS 3.4634297 2.5844988
OS 3.4627682 2.5843216
OS 3.4621023 2.5840736
OS 3.461432 2.5837547
OS 3.4607573 2.5833649
OS 3.4600781 2.5829043
OS 3.4593946 2.5823728
OS 3.4587066 2.5817704
OS 3.4580142 2.5810972
OS 3.4580142 2.5921208
OS 3.4587066 2.5914476
OS 3.4600781 2.5903137
OS 3.4607573 2.5898531
OS 3.461432 2.5894633
OS 3.4621023 2.5891444
OS 3.4627682 2.5888964
OS 3.4634297 2.5887192
OS 3.4640867 2.5886129
OS 3.4647394 2.5885775
OS 3.4647394 2.5846405
OE
SE
S P 0
OB 7.9493523 2.3723276 I
OS 7.9498389 2.3718911
OS 7.9503786 2.3715017
OS 7.9509716 2.3711592
OS 7.9516179 2.3708638
OS 7.9523173 2.3706153
OS 7.9530701 2.3704138
OS 7.953876 2.3702593
OS 7.9547352 2.3701517
OS 7.9556476 2.3700912
OS 7.9566133 2.3700776
OS 7.9488184 2.3622827
OS 7.9488048 2.3632484
OS 7.9486367 2.36502
OS 7.9484822 2.3658259
OS 7.9482807 2.3665787
OS 7.9480322 2.3672781
OS 7.9477368 2.3679244
OS 7.9473943 2.3685174
OS 7.9470049 2.3690571
OS 7.9465684 2.3695437
OS 7.9493523 2.3723276
OE
SE
S P 0
OB 12.7263644 3.0976235 I
OS 12.719743 3.103869
OS 12.7299183 3.104629
OS 12.7294688 3.1041302
OS 12.7291244 3.103626
OS 12.7288852 3.1031164
OS 12.7287511 3.1026015
OS 12.7287222 3.1020813
OS 12.7287986 3.1015557
OS 12.72898 3.1010248
OS 12.7292667 3.1004885
OS 12.7296586 3.0999469
OS 12.7301556 3.0994
OS 12.7263644 3.0976235
OE
SE
S P 0
OB 12.7668155 2.3695436 I
OS 12.766379 2.369057
OS 12.7659896 2.3685173
OS 12.7656471 2.3679243
OS 12.7653517 2.367278
OS 12.7651032 2.3665786
OS 12.7649017 2.3658258
OS 12.7647472 2.3650199
OS 12.7646396 2.3641607
OS 12.7645791 2.3632483
OS 12.7645655 2.3622826
OS 12.7567706 2.3700775
OS 12.7577363 2.3700911
OS 12.7595079 2.3702592
OS 12.7603138 2.3704137
OS 12.7610666 2.3706152
OS 12.761766 2.3708637
OS 12.7624123 2.3711591
OS 12.7630053 2.3715016
OS 12.763545 2.371891
OS 12.7640316 2.3723275
OS 12.7668155 2.3695436
OE
SE
S P 0
OB 12.7381635 3.1136296 I
OS 12.7381281 3.1142823
OS 12.7380218 3.1149393
OS 12.7378446 3.1156008
OS 12.7375966 3.1162667
OS 12.7372777 3.116937
OS 12.7368879 3.1176117
OS 12.7364273 3.1182909
OS 12.7358958 3.1189744
OS 12.7352934 3.1196624
OS 12.7346202 3.1203548
OS 12.7456438 3.1203548
OS 12.7449706 3.1196624
OS 12.7438367 3.1182909
OS 12.7433761 3.1176117
OS 12.7429863 3.116937
OS 12.7426674 3.1162667
OS 12.7424194 3.1156008
OS 12.7422422 3.1149393
OS 12.7421359 3.1142823
OS 12.7421005 3.1136296
OS 12.7381635 3.1136296
OE
SE
S P 0
OB 12.7668155 2.3498596 I
OS 12.766379 2.349373
OS 12.7659896 2.3488333
OS 12.7656471 2.3482403
OS 12.7653517 2.347594
OS 12.7651032 2.3468946
OS 12.7649017 2.3461418
OS 12.7647472 2.3453359
OS 12.7646396 2.3444767
OS 12.7645791 2.3435643
OS 12.7645655 2.3425986
OS 12.7567706 2.3503935
OS 12.7577363 2.3504071
OS 12.7595079 2.3505752
OS 12.7603138 2.3507297
OS 12.7610666 2.3509312
OS 12.761766 2.3511797
OS 12.7624123 2.3514751
OS 12.7630053 2.3518176
OS 12.763545 2.352207
OS 12.7640316 2.3526435
OS 12.7668155 2.3498596
OE
SE
S P 0
OB 2.8262373 2.0056244 I
OS 2.8257507 2.0060609
OS 2.825211 2.0064503
OS 2.824618 2.0067928
OS 2.8239717 2.0070882
OS 2.8232723 2.0073367
OS 2.8225195 2.0075382
OS 2.8217136 2.0076927
OS 2.8208544 2.0078003
OS 2.819942 2.0078608
OS 2.8189763 2.0078744
OS 2.8267712 2.0156693
OS 2.8267848 2.0147036
OS 2.8269529 2.012932
OS 2.8271074 2.0121261
OS 2.8273089 2.0113733
OS 2.8275574 2.0106739
OS 2.8278528 2.0100276
OS 2.8281953 2.0094346
OS 2.8285847 2.0088949
OS 2.8290212 2.0084083
OS 2.8262373 2.0056244
OE
SE
S P 0
OB 9.1493522 2.3329576 I
OS 9.1498388 2.3325211
OS 9.1503785 2.3321317
OS 9.1509715 2.3317892
OS 9.1516178 2.3314938
OS 9.1523172 2.3312453
OS 9.15307 2.3310438
OS 9.1538759 2.3308893
OS 9.1547351 2.3307817
OS 9.1556475 2.3307212
OS 9.1566132 2.3307076
OS 9.1488183 2.3229127
OS 9.1488047 2.3238784
OS 9.1486366 2.32565
OS 9.1484821 2.3264559
OS 9.1482806 2.3272087
OS 9.1480321 2.3279081
OS 9.1477367 2.3285544
OS 9.1473942 2.3291474
OS 9.1470048 2.3296871
OS 9.1465683 2.3301737
OS 9.1493522 2.3329576
OE
SE
S P 0
OB 1.8287395 1.9443436 I
OS 1.8287041 1.9449963
OS 1.8285978 1.9456533
OS 1.8284206 1.9463148
OS 1.8281726 1.9469807
OS 1.8278537 1.947651
OS 1.8274639 1.9483257
OS 1.8270033 1.9490049
OS 1.8264718 1.9496884
OS 1.8258694 1.9503764
OS 1.8251962 1.9510688
OS 1.8362198 1.9510688
OS 1.8355466 1.9503764
OS 1.8344127 1.9490049
OS 1.8339521 1.9483257
OS 1.8335623 1.947651
OS 1.8332434 1.9469807
OS 1.8329954 1.9463148
OS 1.8328182 1.9456533
OS 1.8327119 1.9449963
OS 1.8326765 1.9443436
OS 1.8287395 1.9443436
OE
SE
S P 0
OB 11.5485383 2.4336043 I
OS 11.5489748 2.4340909
OS 11.5493642 2.4346306
OS 11.5497067 2.4352236
OS 11.5500021 2.4358699
OS 11.5502506 2.4365693
OS 11.5504521 2.4373221
OS 11.5506066 2.438128
OS 11.5507142 2.4389872
OS 11.5507747 2.4398996
OS 11.5507883 2.4408653
OS 11.5585832 2.4330704
OS 11.5576175 2.4330568
OS 11.5558459 2.4328887
OS 11.55504 2.4327342
OS 11.5542872 2.4325327
OS 11.5535878 2.4322842
OS 11.5529415 2.4319888
OS 11.5523485 2.4316463
OS 11.5518088 2.4312569
OS 11.5513222 2.4308204
OS 11.5485383 2.4336043
OE
SE
S P 0
OB 1.7637795 1.9541876 I
OS 1.7637441 1.9548403
OS 1.7636378 1.9554973
OS 1.7634606 1.9561588
OS 1.7632126 1.9568247
OS 1.7628937 1.957495
OS 1.7625039 1.9581697
OS 1.7620433 1.9588489
OS 1.7615118 1.9595324
OS 1.7609094 1.9602204
OS 1.7602362 1.9609128
OS 1.7712598 1.9609128
OS 1.7705866 1.9602204
OS 1.7694527 1.9588489
OS 1.7689921 1.9581697
OS 1.7686023 1.957495
OS 1.7682834 1.9568247
OS 1.7680354 1.9561588
OS 1.7678582 1.9554973
OS 1.7677519 1.9548403
OS 1.7677165 1.9541876
OS 1.7637795 1.9541876
OE
SE
S P 0
OB 11.5443437 2.3641731 I
OS 11.5449963 2.3642085
OS 11.5456533 2.3643148
OS 11.5463148 2.364492
OS 11.5469807 2.36474
OS 11.547651 2.3650589
OS 11.5483258 2.3654486
OS 11.549005 2.3659092
OS 11.5496886 2.3664407
OS 11.5503767 2.367043
OS 11.5510692 2.3677162
OS 11.5510683 2.3566926
OS 11.550376 2.3573659
OS 11.5490045 2.3584998
OS 11.5483254 2.3589605
OS 11.5476507 2.3593502
OS 11.5469804 2.3596691
OS 11.5463145 2.3599172
OS 11.5456531 2.3600944
OS 11.544996 2.3602007
OS 11.5443434 2.3602361
OS 11.5443437 2.3641731
OE
SE
S P 0
OB 12.7608046 3.0991763 I
OS 12.7603893 3.0995547
OS 12.759906 3.0999271
OS 12.7593546 3.1002938
OS 12.7587352 3.1006546
OS 12.7572922 3.1013586
OS 12.7564687 3.1017018
OS 12.7535898 3.1026964
OS 12.7633663 3.1077896
OS 12.7631295 3.106961
OS 12.7629705 3.1061667
OS 12.7628894 3.1054068
OS 12.7628861 3.1046812
OS 12.7629606 3.1039898
OS 12.763113 3.1033328
OS 12.7633432 3.1027102
OS 12.7636512 3.1021218
OS 12.764037 3.1015677
OS 12.7645007 3.101048
OS 12.7608046 3.0991763
OE
SE
S P 0
OB 7.9458544 2.3482681 I
OS 7.9464016 2.3477707
OS 7.946943 2.3473786
OS 7.9474788 2.3470918
OS 7.9480088 2.3469103
OS 7.9485331 2.3468341
OS 7.9490518 2.3468631
OS 7.9495647 2.3469975
OS 7.9500719 2.3472371
OS 7.9505734 2.347582
OS 7.9510693 2.3480322
OS 7.9503426 2.3378633
OS 7.9501073 2.3381649
OS 7.9488808 2.3395483
OS 7.9440854 2.3444693
OS 7.9458544 2.3482681
OE
SE
S P 0
OB 1.7204715 1.9620616 I
OS 1.7204361 1.9627143
OS 1.7203298 1.9633713
OS 1.7201526 1.9640328
OS 1.7199046 1.9646987
OS 1.7195857 1.965369
OS 1.7191959 1.9660437
OS 1.7187353 1.9667229
OS 1.7182038 1.9674064
OS 1.7176014 1.9680944
OS 1.7169282 1.9687868
OS 1.7279518 1.9687868
OS 1.7272786 1.9680944
OS 1.7261447 1.9667229
OS 1.7256841 1.9660437
OS 1.7252943 1.965369
OS 1.7249754 1.9646987
OS 1.7247274 1.9640328
OS 1.7245502 1.9633713
OS 1.7244439 1.9627143
OS 1.7244085 1.9620616
OS 1.7204715 1.9620616
OE
SE
S P 0
OB 11.5493522 2.3329576 I
OS 11.5498388 2.3325211
OS 11.5503785 2.3321317
OS 11.5509715 2.3317892
OS 11.5516178 2.3314938
OS 11.5523172 2.3312453
OS 11.55307 2.3310438
OS 11.5538759 2.3308893
OS 11.5547351 2.3307817
OS 11.5556475 2.3307212
OS 11.5566132 2.3307076
OS 11.5488183 2.3229127
OS 11.5488047 2.3238784
OS 11.5486366 2.32565
OS 11.5484821 2.3264559
OS 11.5482806 2.3272087
OS 11.5480321 2.3279081
OS 11.5477367 2.3285544
OS 11.5473942 2.3291474
OS 11.5470048 2.3296871
OS 11.5465683 2.3301737
OS 11.5493522 2.3329576
OE
SE
S P 0
OB 2.8459224 2.0253095 I
OS 2.8454358 2.025746
OS 2.8448961 2.0261354
OS 2.8443031 2.0264779
OS 2.8436568 2.0267733
OS 2.8429574 2.0270218
OS 2.8422046 2.0272233
OS 2.8413987 2.0273778
OS 2.8405395 2.0274854
OS 2.8396271 2.0275459
OS 2.8386614 2.0275595
OS 2.8464563 2.0353544
OS 2.8464699 2.0343887
OS 2.846638 2.0326171
OS 2.8467925 2.0318112
OS 2.846994 2.0310584
OS 2.8472425 2.030359
OS 2.8475379 2.0297127
OS 2.8478804 2.0291197
OS 2.8482698 2.02858
OS 2.8487063 2.0280934
OS 2.8459224 2.0253095
OE
SE
S P 0
OB 9.1443437 2.3641732 I
OS 9.1449963 2.3642086
OS 9.1456534 2.3643149
OS 9.1463148 2.3644921
OS 9.1469807 2.3647401
OS 9.1476511 2.365059
OS 9.1483258 2.3654487
OS 9.149005 2.3659093
OS 9.1496887 2.3664408
OS 9.1503767 2.3670431
OS 9.1510692 2.3677163
OS 9.1510682 2.3566927
OS 9.1503759 2.357366
OS 9.1490045 2.3584999
OS 9.1483254 2.3589605
OS 9.1476507 2.3593503
OS 9.1469804 2.3596692
OS 9.1463145 2.3599173
OS 9.145653 2.3600945
OS 9.144996 2.3602008
OS 9.1443434 2.3602362
OS 9.1443437 2.3641732
OE
SE
S P 0
OB 10.3443437 2.3641733 I
OS 10.3449963 2.3642087
OS 10.3456534 2.364315
OS 10.3463149 2.3644922
OS 10.3469808 2.3647402
OS 10.3476511 2.3650591
OS 10.3483259 2.3654488
OS 10.3490051 2.3659094
OS 10.3496887 2.3664409
OS 10.3503768 2.3670432
OS 10.3510693 2.3677164
OS 10.3510682 2.3566928
OS 10.3503759 2.357366
OS 10.3490044 2.3585
OS 10.3483253 2.3589606
OS 10.3476506 2.3593504
OS 10.3469804 2.3596693
OS 10.3463145 2.3599174
OS 10.345653 2.3600946
OS 10.344996 2.3602009
OS 10.3443433 2.3602363
OS 10.3443437 2.3641733
OE
SE
S P 0
OB 2.322834 1.8497054 I
OS 2.3227991 1.850353
OS 2.3226946 1.8510081
OS 2.3225203 1.8516706
OS 2.3222764 1.8523406
OS 2.3219627 1.8530181
OS 2.3215794 1.8537029
OS 2.3211263 1.8543952
OS 2.3206035 1.855095
OS 2.3200111 1.8558022
OS 2.3193489 1.8565169
OS 2.330369 1.8562404
OS 2.3296854 1.8555703
OS 2.3290737 1.8549016
OS 2.328534 1.8542343
OS 2.3280663 1.8535685
OS 2.3276705 1.8529041
OS 2.3273467 1.8522411
OS 2.3270948 1.8515795
OS 2.3269149 1.8509194
OS 2.326807 1.8502607
OS 2.326771 1.8496033
OS 2.322834 1.8497054
OE
SE
S P 0
OB 1.7854295 1.9541836 I
OS 1.7853941 1.9548363
OS 1.7852878 1.9554933
OS 1.7851106 1.9561548
OS 1.7848626 1.9568207
OS 1.7845437 1.957491
OS 1.7841539 1.9581657
OS 1.7836933 1.9588449
OS 1.7831618 1.9595284
OS 1.7825594 1.9602164
OS 1.7818862 1.9609088
OS 1.7929098 1.9609088
OS 1.7922366 1.9602164
OS 1.7911027 1.9588449
OS 1.7906421 1.9581657
OS 1.7902523 1.957491
OS 1.7899334 1.9568207
OS 1.7896854 1.9561548
OS 1.7895082 1.9554933
OS 1.7894019 1.9548363
OS 1.7893665 1.9541836
OS 1.7854295 1.9541836
OE
SE
S P 0
OB 11.5465683 2.3765183 I
OS 11.5470048 2.3770049
OS 11.5473942 2.3775446
OS 11.5477367 2.3781376
OS 11.5480321 2.3787839
OS 11.5482806 2.3794833
OS 11.5484821 2.3802361
OS 11.5486366 2.381042
OS 11.5487442 2.3819012
OS 11.5488047 2.3828136
OS 11.5488183 2.3837793
OS 11.5566132 2.3759844
OS 11.5556475 2.3759708
OS 11.5538759 2.3758027
OS 11.55307 2.3756482
OS 11.5523172 2.3754467
OS 11.5516178 2.3751982
OS 11.5509715 2.3749028
OS 11.5503785 2.3745603
OS 11.5498388 2.3741709
OS 11.5493522 2.3737344
OS 11.5465683 2.3765183
OE
SE
S P 0
OB 12.7066929 3.1136359 I
OS 12.7066575 3.1142886
OS 12.7065512 3.1149456
OS 12.706374 3.1156071
OS 12.706126 3.116273
OS 12.7058071 3.1169433
OS 12.7054173 3.117618
OS 12.7049567 3.1182972
OS 12.7044252 3.1189807
OS 12.7038228 3.1196687
OS 12.7031496 3.1203611
OS 12.7141732 3.1203611
OS 12.7135 3.1196687
OS 12.7123661 3.1182972
OS 12.7119055 3.117618
OS 12.7115157 3.1169433
OS 12.7111968 3.116273
OS 12.7109488 3.1156071
OS 12.7107716 3.1149456
OS 12.7106653 3.1142886
OS 12.7106299 3.1136359
OS 12.7066929 3.1136359
OE
SE
S P 0
OB 12.7668155 2.3911976 I
OS 12.766379 2.390711
OS 12.7659896 2.3901713
OS 12.7656471 2.3895783
OS 12.7653517 2.388932
OS 12.7651032 2.3882326
OS 12.7649017 2.3874798
OS 12.7647472 2.3866739
OS 12.7646396 2.3858147
OS 12.7645791 2.3849023
OS 12.7645655 2.3839366
OS 12.7567706 2.3917315
OS 12.7577363 2.3917451
OS 12.7595079 2.3919132
OS 12.7603138 2.3920677
OS 12.7610666 2.3922692
OS 12.761766 2.3925177
OS 12.7624123 2.3928131
OS 12.7630053 2.3931556
OS 12.763545 2.393545
OS 12.7640316 2.3939815
OS 12.7668155 2.3911976
OE
SE
S P 0
OB 12.6948621 3.0976296 I
OS 12.6882564 3.103887
OS 12.6984252 3.104613
OS 12.697975 3.1041173
OS 12.6976301 3.1036158
OS 12.6973904 3.1031086
OS 12.6972561 3.1025958
OS 12.697227 3.1020772
OS 12.6973032 3.1015528
OS 12.6974848 3.1010228
OS 12.6977716 3.1004871
OS 12.6981636 3.0999456
OS 12.698661 3.0993985
OS 12.6948621 3.0976296
OE
SE
S P 0
OB 12.7687855 2.4285996 I
OS 12.768349 2.428113
OS 12.7679596 2.4275733
OS 12.7676171 2.4269803
OS 12.7673217 2.426334
OS 12.7670732 2.4256346
OS 12.7668717 2.4248818
OS 12.7667172 2.4240759
OS 12.7666096 2.4232167
OS 12.7665491 2.4223043
OS 12.7665355 2.4213386
OS 12.7587406 2.4291335
OS 12.7597063 2.4291471
OS 12.7614779 2.4293152
OS 12.7622838 2.4294697
OS 12.7630366 2.4296712
OS 12.763736 2.4299197
OS 12.7643823 2.4302151
OS 12.7649753 2.4305576
OS 12.765515 2.430947
OS 12.7660016 2.4313835
OS 12.7687855 2.4285996
OE
SE
S P 0
OB 3.2797248 2.7833067 I
OS 3.279024 2.7832782
OS 3.2783504 2.7831925
OS 3.2777039 2.7830498
OS 3.2770847 2.7828499
OS 3.2764927 2.782593
OS 3.2759279 2.782279
OS 3.2753902 2.7819079
OS 3.2748798 2.7814797
OS 3.2743965 2.7809944
OS 3.2739404 2.780452
OS 3.2739404 2.7900984
OS 3.2743965 2.789556
OS 3.2748798 2.7890707
OS 3.2753902 2.7886425
OS 3.2759279 2.7882714
OS 3.2764927 2.7879574
OS 3.2770847 2.7877005
OS 3.2777039 2.7875006
OS 3.2783504 2.7873579
OS 3.279024 2.7872722
OS 3.2797248 2.7872437
OS 3.2797248 2.7833067
OE
SE
S P 0
OB 7.9485384 2.4336043 I
OS 7.9489749 2.4340909
OS 7.9493643 2.4346306
OS 7.9497068 2.4352236
OS 7.9500022 2.4358699
OS 7.9502507 2.4365693
OS 7.9504522 2.4373221
OS 7.9506067 2.438128
OS 7.9507143 2.4389872
OS 7.9507748 2.4398996
OS 7.9507884 2.4408653
OS 7.9585833 2.4330704
OS 7.9576176 2.4330568
OS 7.955846 2.4328887
OS 7.9550401 2.4327342
OS 7.9542873 2.4325327
OS 7.9535879 2.4322842
OS 7.9529416 2.4319888
OS 7.9523486 2.4316463
OS 7.9518089 2.4312569
OS 7.9513223 2.4308204
OS 7.9485384 2.4336043
OE
SE
S P 0
OB 9.1465683 2.3765183 I
OS 9.1470048 2.3770049
OS 9.1473942 2.3775446
OS 9.1477367 2.3781376
OS 9.1480321 2.3787839
OS 9.1482806 2.3794833
OS 9.1484821 2.3802361
OS 9.1486366 2.381042
OS 9.1487442 2.3819012
OS 9.1488047 2.3828136
OS 9.1488183 2.3837793
OS 9.1566132 2.3759844
OS 9.1556475 2.3759708
OS 9.1538759 2.3758027
OS 9.15307 2.3756482
OS 9.1523172 2.3754467
OS 9.1516178 2.3751982
OS 9.1509715 2.3749028
OS 9.1503785 2.3745603
OS 9.1498388 2.3741709
OS 9.1493522 2.3737344
OS 9.1465683 2.3765183
OE
SE
S P 0
OB 3.4651043 2.6043307 I
OS 3.4644516 2.6042953
OS 3.4637946 2.604189
OS 3.4631331 2.6040118
OS 3.4624672 2.6037638
OS 3.4617969 2.6034449
OS 3.4611222 2.6030551
OS 3.460443 2.6025945
OS 3.4597595 2.602063
OS 3.4590715 2.6014606
OS 3.4583791 2.6007874
OS 3.4583791 2.611811
OS 3.4590715 2.6111378
OS 3.460443 2.6100039
OS 3.4611222 2.6095433
OS 3.4617969 2.6091535
OS 3.4624672 2.6088346
OS 3.4631331 2.6085866
OS 3.4637946 2.6084094
OS 3.4644516 2.6083031
OS 3.4651043 2.6082677
OS 3.4651043 2.6043307
OE
SE
S P 0
OB 1.8070875 1.9463136 I
OS 1.8070521 1.9469663
OS 1.8069458 1.9476233
OS 1.8067686 1.9482848
OS 1.8065206 1.9489507
OS 1.8062017 1.949621
OS 1.8058119 1.9502957
OS 1.8053513 1.9509749
OS 1.8048198 1.9516584
OS 1.8042174 1.9523464
OS 1.8035442 1.9530388
OS 1.8145678 1.9530388
OS 1.8138946 1.9523464
OS 1.8127607 1.9509749
OS 1.8123001 1.9502957
OS 1.8119103 1.949621
OS 1.8115914 1.9489507
OS 1.8113434 1.9482848
OS 1.8111662 1.9476233
OS 1.8110599 1.9469663
OS 1.8110245 1.9463136
OS 1.8070875 1.9463136
OE
SE
S P 0
OB 11.5485383 2.4139204 I
OS 11.5489747 2.4144069
OS 11.5493642 2.4149467
OS 11.5497066 2.4155397
OS 11.5500021 2.4161859
OS 11.5502506 2.4168854
OS 11.5504521 2.4176381
OS 11.5506066 2.418444
OS 11.5507142 2.4193032
OS 11.5507747 2.4202156
OS 11.5507883 2.4211813
OS 11.5585831 2.4133864
OS 11.5576175 2.4133728
OS 11.5558459 2.4132048
OS 11.5550399 2.4130502
OS 11.5542872 2.4128487
OS 11.5535877 2.4126003
OS 11.5529415 2.4123048
OS 11.5523485 2.4119623
OS 11.5518087 2.4115729
OS 11.5513222 2.4111365
OS 11.5485383 2.4139204
OE
SE
S P 0
OB 10.3458543 2.3482681 I
OS 10.3464015 2.3477707
OS 10.3469429 2.3473786
OS 10.3474787 2.3470918
OS 10.3480087 2.3469103
OS 10.348533 2.3468341
OS 10.3490517 2.3468631
OS 10.3495646 2.3469975
OS 10.3500718 2.3472371
OS 10.3505733 2.347582
OS 10.3510692 2.3480322
OS 10.3503425 2.3378633
OS 10.3501072 2.3381649
OS 10.3488807 2.3395483
OS 10.3440853 2.3444693
OS 10.3458543 2.3482681
OE
SE
S P 0
OB 2.3149615 1.8085176 I
OS 2.3149261 1.8091703
OS 2.3148198 1.8098273
OS 2.3146426 1.8104888
OS 2.3143946 1.8111547
OS 2.3140757 1.811825
OS 2.3136859 1.8124997
OS 2.3132253 1.8131789
OS 2.3126938 1.8138624
OS 2.3120914 1.8145504
OS 2.3114182 1.8152428
OS 2.3224418 1.8152428
OS 2.3217686 1.8145504
OS 2.3206347 1.8131789
OS 2.3201741 1.8124997
OS 2.3197843 1.811825
OS 2.3194654 1.8111547
OS 2.3192174 1.8104888
OS 2.3190402 1.8098273
OS 2.3189339 1.8091703
OS 2.3188985 1.8085176
OS 2.3149615 1.8085176
OE
SE
S P 0
OB 3.280065 2.7628343 I
OS 3.2794123 2.7627989
OS 3.2787553 2.7626926
OS 3.2780938 2.7625154
OS 3.2774279 2.7622674
OS 3.2767576 2.7619485
OS 3.2760829 2.7615587
OS 3.2754037 2.7610981
OS 3.2747202 2.7605666
OS 3.2740322 2.7599642
OS 3.2733398 2.759291
OS 3.2733398 2.7703146
OS 3.2740322 2.7696414
OS 3.2754037 2.7685075
OS 3.2760829 2.7680469
OS 3.2767576 2.7676571
OS 3.2774279 2.7673382
OS 3.2780938 2.7670902
OS 3.2787553 2.766913
OS 3.2794123 2.7668067
OS 3.280065 2.7667713
OS 3.280065 2.7628343
OE
SE
S P 0
OB 7.9485384 2.4139204 I
OS 7.9489748 2.4144069
OS 7.9493643 2.4149467
OS 7.9497067 2.4155397
OS 7.9500022 2.4161859
OS 7.9502507 2.4168854
OS 7.9504522 2.4176381
OS 7.9506067 2.418444
OS 7.9507143 2.4193032
OS 7.9507748 2.4202156
OS 7.9507884 2.4211813
OS 7.9585832 2.4133864
OS 7.9576176 2.4133728
OS 7.955846 2.4132048
OS 7.95504 2.4130502
OS 7.9542873 2.4128487
OS 7.9535878 2.4126003
OS 7.9529416 2.4123048
OS 7.9523486 2.4119623
OS 7.9518088 2.4115729
OS 7.9513223 2.4111365
OS 7.9485384 2.4139204
OE
SE
S P 0
OB 2.8656074 2.0449945 I
OS 2.8651208 2.045431
OS 2.8645811 2.0458204
OS 2.8639881 2.0461629
OS 2.8633418 2.0464583
OS 2.8626424 2.0467068
OS 2.8618896 2.0469083
OS 2.8610837 2.0470628
OS 2.8602245 2.0471704
OS 2.8593121 2.0472309
OS 2.8583464 2.0472445
OS 2.8661413 2.0550394
OS 2.8661549 2.0540737
OS 2.866323 2.0523021
OS 2.8664775 2.0514962
OS 2.866679 2.0507434
OS 2.8669275 2.050044
OS 2.8672229 2.0493977
OS 2.8675654 2.0488047
OS 2.8679548 2.048265
OS 2.8683913 2.0477784
OS 2.8656074 2.0449945
OE
SE
S P 0
OB 9.1485383 2.4139204 I
OS 9.1489747 2.4144069
OS 9.1493642 2.4149467
OS 9.1497066 2.4155397
OS 9.1500021 2.4161859
OS 9.1502506 2.4168854
OS 9.1504521 2.4176381
OS 9.1506066 2.418444
OS 9.1507142 2.4193032
OS 9.1507747 2.4202156
OS 9.1507883 2.4211813
OS 9.1585831 2.4133864
OS 9.1576175 2.4133728
OS 9.1558459 2.4132048
OS 9.1550399 2.4130502
OS 9.1542872 2.4128487
OS 9.1535877 2.4126003
OS 9.1529415 2.4123048
OS 9.1523485 2.4119623
OS 9.1518087 2.4115729
OS 9.1513222 2.4111365
OS 9.1485383 2.4139204
OE
SE
S P 0
OB 10.3485383 2.4139204 I
OS 10.3489747 2.4144069
OS 10.3493642 2.4149467
OS 10.3497066 2.4155397
OS 10.3500021 2.4161859
OS 10.3502506 2.4168854
OS 10.3504521 2.4176381
OS 10.3506066 2.418444
OS 10.3507142 2.4193032
OS 10.3507747 2.4202156
OS 10.3507883 2.4211813
OS 10.3585831 2.4133864
OS 10.3576175 2.4133728
OS 10.3558459 2.4132048
OS 10.3550399 2.4130502
OS 10.3542872 2.4128487
OS 10.3535877 2.4126003
OS 10.3529415 2.4123048
OS 10.3523485 2.4119623
OS 10.3518087 2.4115729
OS 10.3513222 2.4111365
OS 10.3485383 2.4139204
OE
SE
S P 0
OB 2.3503935 1.8515672 I
OS 2.3503571 1.8522282
OS 2.3502479 1.8528882
OS 2.3500658 1.8535471
OS 2.3498109 1.8542049
OS 2.3494833 1.8548616
OS 2.3490828 1.8555173
OS 2.3486094 1.8561719
OS 2.3480633 1.8568255
OS 2.3474443 1.857478
OS 2.3467525 1.8581294
OS 2.3577645 1.8586362
OS 2.357112 1.8579031
OS 2.3560132 1.8564668
OS 2.3555667 1.8557637
OS 2.355189 1.8550705
OS 2.3548799 1.8543873
OS 2.3546396 1.8537141
OS 2.3544679 1.8530509
OS 2.3543648 1.8523976
OS 2.3543305 1.8517544
OS 2.3503935 1.8515672
OE
SE
S P 0
OB 10.3465683 2.3765183 I
OS 10.3470048 2.3770049
OS 10.3473942 2.3775446
OS 10.3477367 2.3781376
OS 10.3480321 2.3787839
OS 10.3482806 2.3794833
OS 10.3484821 2.3802361
OS 10.3486366 2.381042
OS 10.3487442 2.3819012
OS 10.3488047 2.3828136
OS 10.3488183 2.3837793
OS 10.3566132 2.3759844
OS 10.3556475 2.3759708
OS 10.3538759 2.3758027
OS 10.35307 2.3756482
OS 10.3523172 2.3754467
OS 10.3516178 2.3751982
OS 10.3509715 2.3749028
OS 10.3503785 2.3745603
OS 10.3498388 2.3741709
OS 10.3493522 2.3737344
OS 10.3465683 2.3765183
OE
SE
S P 0
OB 2.3384953 1.8259841 I
OS 2.3384561 1.8266725
OS 2.3383384 1.8273373
OS 2.3381424 1.8279784
OS 2.3378679 1.828596
OS 2.3375149 1.8291898
OS 2.3370836 1.82976
OS 2.3365738 1.8303066
OS 2.3359855 1.8308296
OS 2.3353189 1.8313289
OS 2.3345738 1.8318045
OS 2.345278 1.834439
OS 2.3447373 1.8335367
OS 2.3434567 1.8310394
OS 2.3431437 1.830277
OS 2.3426884 1.8288569
OS 2.3425461 1.8281994
OS 2.3424608 1.8275768
OS 2.3424323 1.8269892
OS 2.3384953 1.8259841
OE
SE
S P 0
OB 1.1703706 4.2154094 I
OS 1.1803706 4.2124805
OS 1.1804413 4.2105098
OS 1.1806534 4.2085976
OS 1.181007 4.2067441
OS 1.181502 4.2049491
OS 1.1821384 4.2032127
OS 1.1829162 4.2015349
OS 1.1838354 4.1999156
OS 1.1848961 4.198355
OS 1.1860982 4.1968529
OS 1.1874417 4.1954094
OS 1.1803706 4.1883383
OS 1.1789271 4.1896818
OS 1.177425 4.1908839
OS 1.1758644 4.1919446
OS 1.1742451 4.1928638
OS 1.1725673 4.1936416
OS 1.1708309 4.194278
OS 1.1690359 4.194773
OS 1.1671824 4.1951266
OS 1.1652702 4.1953387
OS 1.1632995 4.1954094
OS 1.1603706 4.2054094
OS 1.1622706 4.2055094
OS 1.1639706 4.2058094
OS 1.1654706 4.2063094
OS 1.1667706 4.2070094
OS 1.1678706 4.2079094
OS 1.1687706 4.2090094
OS 1.1694706 4.2103094
OS 1.1699706 4.2118094
OS 1.1702706 4.2135094
OS 1.1703706 4.2154094
OE
SE
S P 0
OB 1.4113706 4.4596022 I
OS 1.4113655 4.4604969
OS 1.4111198 4.464109
OS 1.411043 4.4644183
OS 1.410956 4.4646441
OS 1.4108588 4.4647862
OS 1.4218824 4.4647862
OS 1.4217852 4.4646441
OS 1.4216982 4.4644183
OS 1.4216214 4.464109
OS 1.4215548 4.463716
OS 1.4214525 4.4626792
OS 1.4213911 4.461308
OS 1.4213706 4.4596022
OS 1.4113706 4.4596022
OE
SE
S P 0
OB 1.1541778 4.1954094 I
OS 1.1532831 4.1954043
OS 1.149671 4.1951586
OS 1.1493617 4.1950818
OS 1.1491359 4.1949948
OS 1.1489938 4.1948976
OS 1.1489938 4.2059212
OS 1.1491359 4.205824
OS 1.1493617 4.205737
OS 1.149671 4.2056602
OS 1.150064 4.2055936
OS 1.1511008 4.2054913
OS 1.152472 4.2054299
OS 1.1541778 4.2054094
OS 1.1541778 4.1954094
OE
SE
S P 0
OB 1.3032643 4.0795867 I
OS 1.3039006 4.0789577
OS 1.3066284 4.0765773
OS 1.3069014 4.0764129
OS 1.3071226 4.0763148
OS 1.3072919 4.076283
OS 1.299497 4.0684881
OS 1.2994652 4.0686574
OS 1.2993671 4.0688786
OS 1.2992027 4.0691516
OS 1.2989718 4.0694765
OS 1.2983111 4.070282
OS 1.2973849 4.0712951
OS 1.2961933 4.0725157
OS 1.3032643 4.0795867
OE
SE
S P 0
OB 1.3114769 4.0572321 I
OS 1.3108406 4.0578611
OS 1.3081128 4.0602415
OS 1.3078398 4.0604059
OS 1.3076186 4.060504
OS 1.3074493 4.0605358
OS 1.3152442 4.0683307
OS 1.315276 4.0681614
OS 1.3153741 4.0679402
OS 1.3155385 4.0676672
OS 1.3157694 4.0673423
OS 1.3164301 4.0665368
OS 1.3173563 4.0655237
OS 1.3185479 4.0643031
OS 1.3114769 4.0572321
OE
SE
S P 0
OB 1.1484769 4.3272321 I
OS 1.1478406 4.3278611
OS 1.1451128 4.3302415
OS 1.1448398 4.3304059
OS 1.1446186 4.330504
OS 1.1444493 4.3305358
OS 1.1522442 4.3383307
OS 1.152276 4.3381614
OS 1.1523741 4.3379402
OS 1.1525385 4.3376672
OS 1.1527694 4.3373423
OS 1.1534301 4.3365368
OS 1.1543563 4.3355237
OS 1.1555479 4.3343031
OS 1.1484769 4.3272321
OE
SE
S P 0
OB 1.3523706 4.4596022 I
OS 1.3523655 4.4604969
OS 1.3521198 4.464109
OS 1.352043 4.4644183
OS 1.351956 4.4646441
OS 1.3518588 4.4647862
OS 1.3628824 4.4647862
OS 1.3627852 4.4646441
OS 1.3626982 4.4644183
OS 1.3626214 4.464109
OS 1.3625548 4.463716
OS 1.3624525 4.4626792
OS 1.3623911 4.461308
OS 1.3623706 4.4596022
OS 1.3523706 4.4596022
OE
SE
S P 0
OB 1.4623706 4.1162166 I
OS 1.4623757 4.1153219
OS 1.4626214 4.1117098
OS 1.4626982 4.1114005
OS 1.4627852 4.1111747
OS 1.4628824 4.1110326
OS 1.4518588 4.1110326
OS 1.451956 4.1111747
OS 1.452043 4.1114005
OS 1.4521198 4.1117098
OS 1.4521864 4.1121028
OS 1.4522887 4.1131396
OS 1.4523501 4.1145108
OS 1.4523706 4.1162166
OS 1.4623706 4.1162166
OE
SE
S P 0
OB 3.0882086 2.5576738 I
OS 3.0877176 2.5571307
OS 3.0873294 2.5565863
OS 3.087044 2.5560406
OS 3.0868614 2.5554937
OS 3.0867817 2.5549455
OS 3.0868048 2.554396
OS 3.0869307 2.5538452
OS 3.0871595 2.5532932
OS 3.0874911 2.5527399
OS 3.0879256 2.5521853
OS 3.0776534 2.5535656
OS 3.0781907 2.5539359
OS 3.0800058 2.5553553
OS 3.0813853 2.5565589
OS 3.0845507 2.5595836
OS 3.0882086 2.5576738
OE
SE
S P 0
OB 3.1045195 2.562551 I
OS 3.104531 2.5620095
OS 3.1046234 2.5610659
OS 3.1047042 2.5606638
OS 3.1048082 2.5603083
OS 3.1049352 2.5599993
OS 3.1050853 2.5597367
OS 3.1052585 2.5595207
OS 3.1054548 2.5593512
OS 3.1056742 2.5592281
OS 3.0994278 2.5592281
OS 3.0996472 2.5593512
OS 3.0998435 2.5595207
OS 3.1000167 2.5597367
OS 3.1001668 2.5599993
OS 3.1002938 2.5603083
OS 3.1003978 2.5606638
OS 3.1004786 2.5610659
OS 3.1005363 2.5615144
OS 3.100571 2.5620095
OS 3.1005825 2.562551
OS 3.1045195 2.562551
OE
SE
S P 0
OB 1.2637795 2.2789896 I
OS 1.2637441 2.2796423
OS 1.2636378 2.2802993
OS 1.2634606 2.2809608
OS 1.2632126 2.2816267
OS 1.2628937 2.282297
OS 1.2625039 2.2829717
OS 1.2620433 2.2836509
OS 1.2615118 2.2843344
OS 1.2609094 2.2850224
OS 1.2602362 2.2857148
OS 1.2712598 2.2857148
OS 1.2705866 2.2850224
OS 1.2694527 2.2836509
OS 1.2689921 2.2829717
OS 1.2686023 2.282297
OS 1.2682834 2.2816267
OS 1.2680354 2.2809608
OS 1.2678582 2.2802993
OS 1.2677519 2.2796423
OS 1.2677165 2.2789896
OS 1.2637795 2.2789896
OE
SE
S P 0
OB 12.7465683 2.5714002 I
OS 12.7470048 2.5718868
OS 12.7473942 2.5724265
OS 12.7477367 2.5730195
OS 12.7480321 2.5736658
OS 12.7482806 2.5743652
OS 12.7484821 2.575118
OS 12.7486366 2.5759239
OS 12.7487442 2.5767831
OS 12.7488047 2.5776955
OS 12.7488183 2.5786612
OS 12.7566132 2.5708663
OS 12.7556475 2.5708527
OS 12.7538759 2.5706846
OS 12.75307 2.5705301
OS 12.7523172 2.5703286
OS 12.7516178 2.5700801
OS 12.7509715 2.5697847
OS 12.7503785 2.5694422
OS 12.7498388 2.5690528
OS 12.7493522 2.5686163
OS 12.7465683 2.5714002
OE
SE
S P 0
OB 1.9311015 1.9148176 I
OS 1.9310661 1.9154703
OS 1.9309598 1.9161273
OS 1.9307826 1.9167888
OS 1.9305346 1.9174547
OS 1.9302157 1.918125
OS 1.9298259 1.9187997
OS 1.9293653 1.9194789
OS 1.9288338 1.9201624
OS 1.9282314 1.9208504
OS 1.9275582 1.9215428
OS 1.9385818 1.9215428
OS 1.9379086 1.9208504
OS 1.9367747 1.9194789
OS 1.9363141 1.9187997
OS 1.9359243 1.918125
OS 1.9356054 1.9174547
OS 1.9353574 1.9167888
OS 1.9351802 1.9161273
OS 1.9350739 1.9154703
OS 1.9350385 1.9148176
OS 1.9311015 1.9148176
OE
SE
S P 0
OB 11.5465683 2.5714003 I
OS 11.5470048 2.5718869
OS 11.5473942 2.5724266
OS 11.5477367 2.5730196
OS 11.5480321 2.5736659
OS 11.5482806 2.5743653
OS 11.5484821 2.5751181
OS 11.5486366 2.575924
OS 11.5487442 2.5767832
OS 11.5488047 2.5776956
OS 11.5488183 2.5786613
OS 11.5566132 2.5708664
OS 11.5556475 2.5708528
OS 11.5538759 2.5706847
OS 11.55307 2.5705302
OS 11.5523172 2.5703287
OS 11.5516178 2.5700802
OS 11.5509715 2.5697848
OS 11.5503785 2.5694423
OS 11.5498388 2.5690529
OS 11.5493522 2.5686164
OS 11.5465683 2.5714003
OE
SE
S P 0
OB 2.4330715 1.9108796 I
OS 2.4330361 1.9115323
OS 2.4329298 1.9121893
OS 2.4327526 1.9128508
OS 2.4325046 1.9135167
OS 2.4321857 1.914187
OS 2.4317959 1.9148617
OS 2.4313353 1.9155409
OS 2.4308038 1.9162244
OS 2.4302014 1.9169124
OS 2.4295282 1.9176048
OS 2.4405518 1.9176048
OS 2.4398786 1.9169124
OS 2.4387447 1.9155409
OS 2.4382841 1.9148617
OS 2.4378943 1.914187
OS 2.4375754 1.9135167
OS 2.4373274 1.9128508
OS 2.4371502 1.9121893
OS 2.4370439 1.9115323
OS 2.4370085 1.9108796
OS 2.4330715 1.9108796
OE
SE
S P 0
OB 10.3465683 2.5714003 I
OS 10.3470048 2.5718869
OS 10.3473942 2.5724266
OS 10.3477367 2.5730196
OS 10.3480321 2.5736659
OS 10.3482806 2.5743653
OS 10.3484821 2.5751181
OS 10.3486366 2.575924
OS 10.3487442 2.5767832
OS 10.3488047 2.5776956
OS 10.3488183 2.5786613
OS 10.3566132 2.5708664
OS 10.3556475 2.5708528
OS 10.3538759 2.5706847
OS 10.35307 2.5705302
OS 10.3523172 2.5703287
OS 10.3516178 2.5700802
OS 10.3509715 2.5697848
OS 10.3503785 2.5694423
OS 10.3498388 2.5690529
OS 10.3493522 2.5686164
OS 10.3465683 2.5714003
OE
SE
S P 0
OB 2.9246625 2.1040496 I
OS 2.9241759 2.1044861
OS 2.9236362 2.1048755
OS 2.9230432 2.105218
OS 2.9223969 2.1055134
OS 2.9216975 2.1057619
OS 2.9209447 2.1059634
OS 2.9201388 2.1061179
OS 2.9192796 2.1062255
OS 2.9183672 2.106286
OS 2.9174015 2.1062996
OS 2.9251964 2.1140945
OS 2.92521 2.1131288
OS 2.9253781 2.1113572
OS 2.9255326 2.1105513
OS 2.9257341 2.1097985
OS 2.9259826 2.1090991
OS 2.926278 2.1084528
OS 2.9266205 2.1078598
OS 2.9270099 2.1073201
OS 2.9274464 2.1068335
OS 2.9246625 2.1040496
OE
SE
S P 0
OB 9.1465683 2.5714003 I
OS 9.1470048 2.5718869
OS 9.1473942 2.5724266
OS 9.1477367 2.5730196
OS 9.1480321 2.5736659
OS 9.1482806 2.5743653
OS 9.1484821 2.5751181
OS 9.1486366 2.575924
OS 9.1487442 2.5767832
OS 9.1488047 2.5776956
OS 9.1488183 2.5786613
OS 9.1566132 2.5708664
OS 9.1556475 2.5708528
OS 9.1538759 2.5706847
OS 9.15307 2.5705302
OS 9.1523172 2.5703287
OS 9.1516178 2.5700802
OS 9.1509715 2.5697848
OS 9.1503785 2.5694423
OS 9.1498388 2.5690529
OS 9.1493522 2.5686164
OS 9.1465683 2.5714003
OE
SE
S P 0
OB 3.4651043 2.8208661 I
OS 3.4644516 2.8208307
OS 3.4637946 2.8207244
OS 3.4631331 2.8205472
OS 3.4624672 2.8202992
OS 3.4617969 2.8199803
OS 3.4611222 2.8195905
OS 3.460443 2.8191299
OS 3.4597595 2.8185984
OS 3.4590715 2.817996
OS 3.4583791 2.8173228
OS 3.4583791 2.8283464
OS 3.4590715 2.8276732
OS 3.460443 2.8265393
OS 3.4611222 2.8260787
OS 3.4617969 2.8256889
OS 3.4624672 2.82537
OS 3.4631331 2.825122
OS 3.4637946 2.8249448
OS 3.4644516 2.8248385
OS 3.4651043 2.8248031
OS 3.4651043 2.8208661
OE
SE
S P 0
OB 7.9465684 2.5714003 I
OS 7.9470049 2.5718869
OS 7.9473943 2.5724266
OS 7.9477368 2.5730196
OS 7.9480322 2.5736659
OS 7.9482807 2.5743653
OS 7.9484822 2.5751181
OS 7.9486367 2.575924
OS 7.9487443 2.5767832
OS 7.9488048 2.5776956
OS 7.9488184 2.5786613
OS 7.9566133 2.5708664
OS 7.9556476 2.5708528
OS 7.953876 2.5706847
OS 7.9530701 2.5705302
OS 7.9523173 2.5703287
OS 7.9516179 2.5700802
OS 7.9509716 2.5697848
OS 7.9503786 2.5694423
OS 7.9498389 2.5690529
OS 7.9493523 2.5686164
OS 7.9465684 2.5714003
OE
SE
S P 0
OB 1.2499995 2.2967076 I
OS 1.2499641 2.2973603
OS 1.2498578 2.2980173
OS 1.2496806 2.2986788
OS 1.2494326 2.2993447
OS 1.2491137 2.300015
OS 1.2487239 2.3006897
OS 1.2482633 2.3013689
OS 1.2477318 2.3020524
OS 1.2471294 2.3027404
OS 1.2464562 2.3034328
OS 1.2574798 2.3034328
OS 1.2568066 2.3027404
OS 1.2556727 2.3013689
OS 1.2552121 2.3006897
OS 1.2548223 2.300015
OS 1.2545034 2.2993447
OS 1.2542554 2.2986788
OS 1.2540782 2.2980173
OS 1.2539719 2.2973603
OS 1.2539365 2.2967076
OS 1.2499995 2.2967076
OE
SE
S P 0
OB 12.7465692 2.5517102 I
OS 12.7470057 2.5521968
OS 12.7473951 2.5527365
OS 12.7477376 2.5533295
OS 12.748033 2.5539758
OS 12.7482815 2.5546752
OS 12.748483 2.555428
OS 12.7486375 2.5562339
OS 12.7487451 2.5570931
OS 12.7488056 2.5580055
OS 12.7488192 2.5589712
OS 12.7566141 2.5511763
OS 12.7556484 2.5511627
OS 12.7538768 2.5509946
OS 12.7530709 2.5508401
OS 12.7523181 2.5506386
OS 12.7516187 2.5503901
OS 12.7509724 2.5500947
OS 12.7503794 2.5497522
OS 12.7498397 2.5493628
OS 12.7493531 2.5489263
OS 12.7465692 2.5517102
OE
SE
S P 0
OB 1.9133815 1.9305616 I
OS 1.9133461 1.9312143
OS 1.9132398 1.9318713
OS 1.9130626 1.9325328
OS 1.9128146 1.9331987
OS 1.9124957 1.933869
OS 1.9121059 1.9345437
OS 1.9116453 1.9352229
OS 1.9111138 1.9359064
OS 1.9105114 1.9365944
OS 1.9098382 1.9372868
OS 1.9208618 1.9372868
OS 1.9201886 1.9365944
OS 1.9190547 1.9352229
OS 1.9185941 1.9345437
OS 1.9182043 1.933869
OS 1.9178854 1.9331987
OS 1.9176374 1.9325328
OS 1.9174602 1.9318713
OS 1.9173539 1.9312143
OS 1.9173185 1.9305616
OS 1.9133815 1.9305616
OE
SE
S P 0
OB 11.5465692 2.5517103 I
OS 11.5470057 2.5521969
OS 11.5473951 2.5527366
OS 11.5477376 2.5533296
OS 11.548033 2.5539759
OS 11.5482815 2.5546753
OS 11.548483 2.5554281
OS 11.5486375 2.556234
OS 11.5487451 2.5570932
OS 11.5488056 2.5580056
OS 11.5488192 2.5589713
OS 11.5566141 2.5511764
OS 11.5556484 2.5511628
OS 11.5538768 2.5509947
OS 11.5530709 2.5508402
OS 11.5523181 2.5506387
OS 11.5516187 2.5503902
OS 11.5509724 2.5500948
OS 11.5503794 2.5497523
OS 11.5498397 2.5493629
OS 11.5493531 2.5489264
OS 11.5465692 2.5517103
OE
SE
S P 0
OB 10.3465692 2.5517103 I
OS 10.3470057 2.5521969
OS 10.3473951 2.5527366
OS 10.3477376 2.5533296
OS 10.348033 2.5539759
OS 10.3482815 2.5546753
OS 10.348483 2.5554281
OS 10.3486375 2.556234
OS 10.3487451 2.5570932
OS 10.3488056 2.5580056
OS 10.3488192 2.5589713
OS 10.3566141 2.5511764
OS 10.3556484 2.5511628
OS 10.3538768 2.5509947
OS 10.3530709 2.5508402
OS 10.3523181 2.5506387
OS 10.3516187 2.5503902
OS 10.3509724 2.5500948
OS 10.3503794 2.5497523
OS 10.3498397 2.5493629
OS 10.3493531 2.5489264
OS 10.3465692 2.5517103
OE
SE
S P 0
OB 2.4192913 1.8338576 I
OS 2.419252 1.8345473
OS 2.4191341 1.8352121
OS 2.4189375 1.835852
OS 2.4186624 1.836467
OS 2.4183086 1.8370571
OS 2.4178762 1.8376222
OS 2.4173652 1.8381625
OS 2.4167755 1.8386778
OS 2.4161073 1.8391683
OS 2.4153604 1.8396338
OS 2.4260342 1.8423887
OS 2.4255011 1.8414767
OS 2.4242384 1.8389599
OS 2.4239298 1.838194
OS 2.4234808 1.8367717
OS 2.4233405 1.8361153
OS 2.4232564 1.8354954
OS 2.4232283 1.8349121
OS 2.4192913 1.8338576
OE
SE
S P 0
OB 2.9192913 2.0821398 I
OS 2.919252 2.0828551
OS 2.9191341 2.0835164
OS 2.9189376 2.0841237
OS 2.9186625 2.084677
OS 2.9183087 2.0851763
OS 2.9178764 2.0856215
OS 2.9173655 2.0860128
OS 2.9167759 2.08635
OS 2.9161078 2.0866333
OS 2.915361 2.0868625
OS 2.924805 2.0920351
OS 2.9245054 2.0910947
OS 2.9234806 2.0870342
OS 2.9233702 2.0863504
OS 2.9232441 2.0851111
OS 2.9232283 2.0845556
OS 2.9192913 2.0821398
OE
SE
S P 0
OB 9.1465692 2.5517103 I
OS 9.1470057 2.5521969
OS 9.1473951 2.5527366
OS 9.1477376 2.5533296
OS 9.148033 2.5539759
OS 9.1482815 2.5546753
OS 9.148483 2.5554281
OS 9.1486375 2.556234
OS 9.1487451 2.5570932
OS 9.1488056 2.5580056
OS 9.1488192 2.5589713
OS 9.1566141 2.5511764
OS 9.1556484 2.5511628
OS 9.1538768 2.5509947
OS 9.1530709 2.5508402
OS 9.1523181 2.5506387
OS 9.1516187 2.5503902
OS 9.1509724 2.5500948
OS 9.1503794 2.5497523
OS 9.1498397 2.5493629
OS 9.1493531 2.5489264
OS 9.1465692 2.5517103
OE
SE
S P 0
OB 3.4651043 2.7814961 I
OS 3.4644516 2.7814607
OS 3.4637946 2.7813544
OS 3.4631331 2.7811772
OS 3.4624672 2.7809292
OS 3.4617969 2.7806103
OS 3.4611222 2.7802205
OS 3.460443 2.7797599
OS 3.4597595 2.7792284
OS 3.4590715 2.778626
OS 3.4583791 2.7779528
OS 3.4583791 2.7889764
OS 3.4590715 2.7883032
OS 3.460443 2.7871693
OS 3.4611222 2.7867087
OS 3.4617969 2.7863189
OS 3.4624672 2.786
OS 3.4631331 2.785752
OS 3.4637946 2.7855748
OS 3.4644516 2.7854685
OS 3.4651043 2.7854331
OS 3.4651043 2.7814961
OE
SE
S P 0
OB 7.9465693 2.5517103 I
OS 7.9470058 2.5521969
OS 7.9473952 2.5527366
OS 7.9477377 2.5533296
OS 7.9480331 2.5539759
OS 7.9482816 2.5546753
OS 7.9484831 2.5554281
OS 7.9486376 2.556234
OS 7.9487452 2.5570932
OS 7.9488057 2.5580056
OS 7.9488193 2.5589713
OS 7.9566142 2.5511764
OS 7.9556485 2.5511628
OS 7.9538769 2.5509947
OS 7.953071 2.5508402
OS 7.9523182 2.5506387
OS 7.9516188 2.5503902
OS 7.9509725 2.5500948
OS 7.9503795 2.5497523
OS 7.9498398 2.5493629
OS 7.9493532 2.5489264
OS 7.9465693 2.5517103
OE
SE
S P 0
OB 1.2283475 2.2986756 I
OS 1.2283121 2.2993283
OS 1.2282058 2.2999853
OS 1.2280286 2.3006468
OS 1.2277806 2.3013127
OS 1.2274617 2.301983
OS 1.2270719 2.3026577
OS 1.2266113 2.3033369
OS 1.2260798 2.3040204
OS 1.2254774 2.3047084
OS 1.2248042 2.3054008
OS 1.2358278 2.3054008
OS 1.2351546 2.3047084
OS 1.2340207 2.3033369
OS 1.2335601 2.3026577
OS 1.2331703 2.301983
OS 1.2328514 2.3013127
OS 1.2326034 2.3006468
OS 1.2324262 2.2999853
OS 1.2323199 2.2993283
OS 1.2322845 2.2986756
OS 1.2283475 2.2986756
OE
SE
S P 0
OB 12.7461669 2.531628 I
OS 12.7465886 2.532096
OS 12.7469764 2.5326227
OS 12.7473302 2.5332079
OS 12.74765 2.5338518
OS 12.7479358 2.5345543
OS 12.7481877 2.5353154
OS 12.7484056 2.5361351
OS 12.7485895 2.5370134
OS 12.7488554 2.5389458
OS 12.7557795 2.5303682
OS 12.7548531 2.5304497
OS 12.7539741 2.5304724
OS 12.7531423 2.5304364
OS 12.7523578 2.5303415
OS 12.7516206 2.5301878
OS 12.7509307 2.5299753
OS 12.7502881 2.529704
OS 12.7496927 2.5293738
OS 12.7491446 2.5289849
OS 12.7486439 2.5285372
OS 12.7461669 2.531628
OE
SE
S P 0
OB 1.8917315 1.9305656 I
OS 1.8916961 1.9312183
OS 1.8915898 1.9318753
OS 1.8914126 1.9325368
OS 1.8911646 1.9332027
OS 1.8908457 1.933873
OS 1.8904559 1.9345477
OS 1.8899953 1.9352269
OS 1.8894638 1.9359104
OS 1.8888614 1.9365984
OS 1.8881882 1.9372908
OS 1.8992118 1.9372908
OS 1.8985386 1.9365984
OS 1.8974047 1.9352269
OS 1.8969441 1.9345477
OS 1.8965543 1.933873
OS 1.8962354 1.9332027
OS 1.8959874 1.9325368
OS 1.8958102 1.9318753
OS 1.8957039 1.9312183
OS 1.8956685 1.9305656
OS 1.8917315 1.9305656
OE
SE
S P 0
OB 11.5461669 2.531628 I
OS 11.5465886 2.532096
OS 11.5469764 2.5326227
OS 11.5473302 2.5332079
OS 11.54765 2.5338518
OS 11.5479358 2.5345543
OS 11.5481877 2.5353154
OS 11.5484056 2.5361351
OS 11.5485895 2.5370134
OS 11.5488554 2.5389458
OS 11.5557795 2.5303682
OS 11.5548531 2.5304497
OS 11.5539741 2.5304724
OS 11.5531423 2.5304364
OS 11.5523578 2.5303415
OS 11.5516206 2.5301878
OS 11.5509307 2.5299753
OS 11.5502881 2.529704
OS 11.5496927 2.5293738
OS 11.5491446 2.5289849
OS 11.5486439 2.5285372
OS 11.5461669 2.531628
OE
SE
S P 0
OB 2.4041201 1.9167459 I
OS 2.404548 1.9171998
OS 2.4049186 1.9176483
OS 2.4052319 1.9180915
OS 2.4054879 1.9185293
OS 2.4056866 1.9189618
OS 2.4058281 1.919389
OS 2.4059122 1.9198108
OS 2.4059391 1.9202272
OS 2.4059086 1.9206384
OS 2.4058209 1.9210441
OS 2.4112021 1.9156629
OS 2.4107964 1.9157506
OS 2.4103852 1.9157811
OS 2.4099688 1.9157542
OS 2.409547 1.9156701
OS 2.4091198 1.9155286
OS 2.4086873 1.9153299
OS 2.4082495 1.9150739
OS 2.4078063 1.9147606
OS 2.4073578 1.91439
OS 2.4069039 1.9139621
OS 2.4041201 1.9167459
OE
SE
S P 0
OB 10.3459408 2.5314019 I
OS 10.34635 2.5318543
OS 10.3467346 2.5323687
OS 10.3470947 2.5329451
OS 10.3474303 2.5335835
OS 10.3477415 2.5342839
OS 10.3480281 2.5350463
OS 10.3485277 2.5367571
OS 10.3487408 2.5377056
OS 10.3489294 2.538716
OS 10.3552235 2.5296659
OS 10.3543288 2.5298069
OS 10.353477 2.5298817
OS 10.3526681 2.5298905
OS 10.3519021 2.5298331
OS 10.351179 2.5297096
OS 10.3504988 2.52952
OS 10.3498615 2.5292643
OS 10.3492672 2.5289424
OS 10.3487157 2.5285545
OS 10.3482071 2.5281004
OS 10.3459408 2.5314019
OE
SE
S P 0
OB 2.9049775 2.0843651 I
OS 2.9044909 2.0848016
OS 2.9039512 2.085191
OS 2.9033582 2.0855335
OS 2.9027119 2.0858289
OS 2.9020125 2.0860774
OS 2.9012597 2.0862789
OS 2.9004538 2.0864334
OS 2.8995946 2.086541
OS 2.8986822 2.0866015
OS 2.8977165 2.0866151
OS 2.9055114 2.09441
OS 2.905525 2.0934443
OS 2.9056931 2.0916727
OS 2.9058476 2.0908668
OS 2.9060491 2.090114
OS 2.9062976 2.0894146
OS 2.906593 2.0887683
OS 2.9069355 2.0881753
OS 2.9073249 2.0876356
OS 2.9077614 2.087149
OS 2.9049775 2.0843651
OE
SE
S P 0
OB 9.1470698 2.5325207 I
OS 9.1474972 2.5329958
OS 9.1478859 2.5335278
OS 9.1482359 2.5341164
OS 9.1485471 2.5347619
OS 9.1488197 2.5354641
OS 9.1490535 2.5362231
OS 9.1492486 2.5370388
OS 9.149405 2.5379113
OS 9.1496015 2.5398266
OS 9.1568432 2.5315153
OS 9.1559019 2.5315641
OS 9.1550101 2.5315581
OS 9.1541677 2.5314974
OS 9.1533747 2.5313819
OS 9.1526313 2.5312116
OS 9.1519373 2.5309866
OS 9.1512927 2.5307069
OS 9.1506977 2.5303723
OS 9.150152 2.529983
OS 9.1496559 2.529539
OS 9.1470698 2.5325207
OE
SE
S P 0
OB 3.4651043 2.761811 I
OS 3.4644516 2.7617756
OS 3.4637946 2.7616693
OS 3.4631331 2.7614921
OS 3.4624672 2.7612441
OS 3.4617969 2.7609252
OS 3.4611222 2.7605354
OS 3.460443 2.7600748
OS 3.4597595 2.7595433
OS 3.4590715 2.7589409
OS 3.4583791 2.7582677
OS 3.4583791 2.7692913
OS 3.4590715 2.7686181
OS 3.460443 2.7674842
OS 3.4611222 2.7670236
OS 3.4617969 2.7666338
OS 3.4624672 2.7663149
OS 3.4631331 2.7660669
OS 3.4637946 2.7658897
OS 3.4644516 2.7657834
OS 3.4651043 2.765748
OS 3.4651043 2.761811
OE
SE
S P 0
OB 7.9465534 2.5320253 I
OS 7.9469899 2.5325119
OS 7.9473793 2.5330516
OS 7.9477218 2.5336446
OS 7.9480172 2.5342909
OS 7.9482657 2.5349903
OS 7.9484672 2.5357431
OS 7.9486217 2.536549
OS 7.9487293 2.5374082
OS 7.9487898 2.5383206
OS 7.9488034 2.5392863
OS 7.9565983 2.5314914
OS 7.9556326 2.5314778
OS 7.953861 2.5313097
OS 7.9530551 2.5311552
OS 7.9523023 2.5309537
OS 7.9516029 2.5307052
OS 7.9509566 2.5304098
OS 7.9503636 2.5300673
OS 7.9498239 2.5296779
OS 7.9493373 2.5292414
OS 7.9465534 2.5320253
OE
SE
S P 0
OB 12.7485383 2.4729762 I
OS 12.7489748 2.4734628
OS 12.7493642 2.4740025
OS 12.7497067 2.4745955
OS 12.7500021 2.4752418
OS 12.7502506 2.4759412
OS 12.7504521 2.476694
OS 12.7506066 2.4774999
OS 12.7507142 2.4783591
OS 12.7507747 2.4792715
OS 12.7507883 2.4802372
OS 12.7585832 2.4724423
OS 12.7576175 2.4724287
OS 12.7558459 2.4722606
OS 12.75504 2.4721061
OS 12.7542872 2.4719046
OS 12.7535878 2.4716561
OS 12.7529415 2.4713607
OS 12.7523485 2.4710182
OS 12.7518088 2.4706288
OS 12.7513222 2.4701923
OS 12.7485383 2.4729762
OE
SE
S P 0
OB 2.6844296 1.2997559 I
OS 2.6840492 1.299353
OS 2.6832642 1.2983875
OS 2.6828595 1.297825
OS 2.6815968 1.2958182
OS 2.6807145 1.2942143
OS 2.6802611 1.2933325
OS 2.6772103 1.3036665
OS 2.6779028 1.3033022
OS 2.6785776 1.3030314
OS 2.6792347 1.3028542
OS 2.6798742 1.3027706
OS 2.6804959 1.3027805
OS 2.6811 1.3028841
OS 2.6816865 1.3030811
OS 2.6822552 1.3033718
OS 2.6828063 1.303756
OS 2.6833397 1.3042338
OS 2.6844296 1.2997559
OE
SE
S P 0
OB 2.8996063 2.0624547 I
OS 2.899567 2.06317
OS 2.8994491 2.0638313
OS 2.8992526 2.0644386
OS 2.8989775 2.0649919
OS 2.8986237 2.0654912
OS 2.8981914 2.0659364
OS 2.8976805 2.0663277
OS 2.8970909 2.0666649
OS 2.8964228 2.0669482
OS 2.895676 2.0671774
OS 2.90512 2.07235
OS 2.9048204 2.0714096
OS 2.9037956 2.0673491
OS 2.9036852 2.0666653
OS 2.9035591 2.065426
OS 2.9035433 2.0648705
OS 2.8996063 2.0624547
OE
SE
S P 0
OB 9.1485383 2.4729763 I
OS 9.1489748 2.4734629
OS 9.1493642 2.4740026
OS 9.1497067 2.4745956
OS 9.1500021 2.4752419
OS 9.1502506 2.4759413
OS 9.1504521 2.4766941
OS 9.1506066 2.4775
OS 9.1507142 2.4783592
OS 9.1507747 2.4792716
OS 9.1507883 2.4802373
OS 9.1585832 2.4724424
OS 9.1576175 2.4724288
OS 9.1558459 2.4722607
OS 9.15504 2.4721062
OS 9.1542872 2.4719047
OS 9.1535878 2.4716562
OS 9.1529415 2.4713608
OS 9.1523485 2.4710183
OS 9.1518088 2.4706289
OS 9.1513222 2.4701924
OS 9.1485383 2.4729763
OE
SE
S P 0
OB 3.4651043 2.7224409 I
OS 3.4644516 2.7224055
OS 3.4637946 2.7222992
OS 3.4631331 2.722122
OS 3.4624672 2.721874
OS 3.4617969 2.7215551
OS 3.4611222 2.7211653
OS 3.460443 2.7207047
OS 3.4597595 2.7201732
OS 3.4590715 2.7195708
OS 3.4583791 2.7188976
OS 3.4583791 2.7299212
OS 3.4590715 2.729248
OS 3.460443 2.7281141
OS 3.4611222 2.7276535
OS 3.4617969 2.7272637
OS 3.4624672 2.7269448
OS 3.4631331 2.7266968
OS 3.4637946 2.7265196
OS 3.4644516 2.7264133
OS 3.4651043 2.7263779
OS 3.4651043 2.7224409
OE
SE
S P 0
OB 7.9485384 2.4729763 I
OS 7.9489749 2.4734629
OS 7.9493643 2.4740026
OS 7.9497068 2.4745956
OS 7.9500022 2.4752419
OS 7.9502507 2.4759413
OS 7.9504522 2.4766941
OS 7.9506067 2.4775
OS 7.9507143 2.4783592
OS 7.9507748 2.4792716
OS 7.9507884 2.4802373
OS 7.9585833 2.4724424
OS 7.9576176 2.4724288
OS 7.955846 2.4722607
OS 7.9550401 2.4721062
OS 7.9542873 2.4719047
OS 7.9535879 2.4716562
OS 7.9529416 2.4713608
OS 7.9523486 2.4710183
OS 7.9518089 2.4706289
OS 7.9513223 2.4701924
OS 7.9485384 2.4729763
OE
SE
S P 0
OB 12.7485383 2.4532902 I
OS 12.7489748 2.4537768
OS 12.7493642 2.4543165
OS 12.7497067 2.4549095
OS 12.7500021 2.4555558
OS 12.7502506 2.4562552
OS 12.7504521 2.457008
OS 12.7506066 2.4578139
OS 12.7507142 2.4586731
OS 12.7507747 2.4595855
OS 12.7507883 2.4605512
OS 12.7585832 2.4527563
OS 12.7576175 2.4527427
OS 12.7558459 2.4525746
OS 12.75504 2.4524201
OS 12.7542872 2.4522186
OS 12.7535878 2.4519701
OS 12.7529415 2.4516747
OS 12.7523485 2.4513322
OS 12.7518088 2.4509428
OS 12.7513222 2.4505063
OS 12.7485383 2.4532902
OE
SE
S P 0
OB 2.6930316 1.2768647 I
OS 2.6925951 1.2763781
OS 2.6922057 1.2758384
OS 2.6918632 1.2752454
OS 2.6915678 1.2745991
OS 2.6913193 1.2738997
OS 2.6911178 1.2731469
OS 2.6909633 1.272341
OS 2.6908557 1.2714818
OS 2.6907952 1.2705694
OS 2.6907816 1.2696037
OS 2.6829867 1.2773986
OS 2.6839524 1.2774122
OS 2.685724 1.2775803
OS 2.6865299 1.2777348
OS 2.6872827 1.2779363
OS 2.6879821 1.2781848
OS 2.6886284 1.2784802
OS 2.6892214 1.2788227
OS 2.6897611 1.2792121
OS 2.6902477 1.2796486
OS 2.6930316 1.2768647
OE
SE
S P 0
OB 1.8503935 1.9404076 I
OS 1.8503581 1.9410603
OS 1.8502518 1.9417173
OS 1.8500746 1.9423788
OS 1.8498266 1.9430447
OS 1.8495077 1.943715
OS 1.8491179 1.9443897
OS 1.8486573 1.9450689
OS 1.8481258 1.9457524
OS 1.8475234 1.9464404
OS 1.8468502 1.9471328
OS 1.8578738 1.9471328
OS 1.8572006 1.9464404
OS 1.8560667 1.9450689
OS 1.8556061 1.9443897
OS 1.8552163 1.943715
OS 1.8548974 1.9430447
OS 1.8546494 1.9423788
OS 1.8544722 1.9417173
OS 1.8543659 1.9410603
OS 1.8543305 1.9404076
OS 1.8503935 1.9404076
OE
SE
S P 0
OB 11.5485383 2.4532903 I
OS 11.5489748 2.4537769
OS 11.5493642 2.4543166
OS 11.5497067 2.4549096
OS 11.5500021 2.4555559
OS 11.5502506 2.4562553
OS 11.5504521 2.4570081
OS 11.5506066 2.457814
OS 11.5507142 2.4586732
OS 11.5507747 2.4595856
OS 11.5507883 2.4605513
OS 11.5585832 2.4527564
OS 11.5576175 2.4527428
OS 11.5558459 2.4525747
OS 11.55504 2.4524202
OS 11.5542872 2.4522187
OS 11.5535878 2.4519702
OS 11.5529415 2.4516748
OS 11.5523485 2.4513323
OS 11.5518088 2.4509429
OS 11.5513222 2.4505064
OS 11.5485383 2.4532903
OE
SE
S P 0
OB 10.3485383 2.4532903 I
OS 10.3489748 2.4537769
OS 10.3493642 2.4543166
OS 10.3497067 2.4549096
OS 10.3500021 2.4555559
OS 10.3502506 2.4562553
OS 10.3504521 2.4570081
OS 10.3506066 2.457814
OS 10.3507142 2.4586732
OS 10.3507747 2.4595856
OS 10.3507883 2.4605513
OS 10.3585832 2.4527564
OS 10.3576175 2.4527428
OS 10.3558459 2.4525747
OS 10.35504 2.4524202
OS 10.3542872 2.4522187
OS 10.3535878 2.4519702
OS 10.3529415 2.4516748
OS 10.3523485 2.4513323
OS 10.3518088 2.4509429
OS 10.3513222 2.4505064
OS 10.3485383 2.4532903
OE
SE
S P 0
OB 2.3779535 1.8518256 I
OS 2.3779181 1.8524783
OS 2.3778118 1.8531353
OS 2.3776346 1.8537968
OS 2.3773866 1.8544627
OS 2.3770677 1.855133
OS 2.3766779 1.8558077
OS 2.3762173 1.8564869
OS 2.3756858 1.8571704
OS 2.3750834 1.8578584
OS 2.3744102 1.8585508
OS 2.3854338 1.8585508
OS 2.3847606 1.8578584
OS 2.3836267 1.8564869
OS 2.3831661 1.8558077
OS 2.3827763 1.855133
OS 2.3824574 1.8544627
OS 2.3822094 1.8537968
OS 2.3820322 1.8531353
OS 2.3819259 1.8524783
OS 2.3818905 1.8518256
OS 2.3779535 1.8518256
OE
SE
S P 0
OB 2.8852925 2.0646795 I
OS 2.8848059 2.065116
OS 2.8842662 2.0655054
OS 2.8836732 2.0658479
OS 2.8830269 2.0661433
OS 2.8823275 2.0663918
OS 2.8815747 2.0665933
OS 2.8807688 2.0667478
OS 2.8799096 2.0668554
OS 2.8789972 2.0669159
OS 2.8780315 2.0669295
OS 2.8858264 2.0747244
OS 2.88584 2.0737587
OS 2.8860081 2.0719871
OS 2.8861626 2.0711812
OS 2.8863641 2.0704284
OS 2.8866126 2.069729
OS 2.886908 2.0690827
OS 2.8872505 2.0684897
OS 2.8876399 2.06795
OS 2.8880764 2.0674634
OS 2.8852925 2.0646795
OE
SE
S P 0
OB 9.1485383 2.4532903 I
OS 9.1489748 2.4537769
OS 9.1493642 2.4543166
OS 9.1497067 2.4549096
OS 9.1500021 2.4555559
OS 9.1502506 2.4562553
OS 9.1504521 2.4570081
OS 9.1506066 2.457814
OS 9.1507142 2.4586732
OS 9.1507747 2.4595856
OS 9.1507883 2.4605513
OS 9.1585832 2.4527564
OS 9.1576175 2.4527428
OS 9.1558459 2.4525747
OS 9.15504 2.4524202
OS 9.1542872 2.4522187
OS 9.1535878 2.4519702
OS 9.1529415 2.4516748
OS 9.1523485 2.4513323
OS 9.1518088 2.4509429
OS 9.1513222 2.4505064
OS 9.1485383 2.4532903
OE
SE
S P 0
OB 2.4246627 1.7753093 I
OS 2.4241761 1.7757458
OS 2.4236364 1.7761352
OS 2.4230434 1.7764777
OS 2.4223971 1.7767731
OS 2.4216977 1.7770216
OS 2.4209449 1.7772231
OS 2.420139 1.7773776
OS 2.4192798 1.7774852
OS 2.4183674 1.7775457
OS 2.4174017 1.7775593
OS 2.4251966 1.7853542
OS 2.4252102 1.7843885
OS 2.4253783 1.7826169
OS 2.4255328 1.781811
OS 2.4257343 1.7810582
OS 2.4259828 1.7803588
OS 2.4262782 1.7797125
OS 2.4266207 1.7791195
OS 2.4270101 1.7785798
OS 2.4274466 1.7780932
OS 2.4246627 1.7753093
OE
SE
S P 0
OB 10.3485383 2.4729763 I
OS 10.3489748 2.4734629
OS 10.3493642 2.4740026
OS 10.3497067 2.4745956
OS 10.3500021 2.4752419
OS 10.3502506 2.4759413
OS 10.3504521 2.4766941
OS 10.3506066 2.4775
OS 10.3507142 2.4783592
OS 10.3507747 2.4792716
OS 10.3507883 2.4802373
OS 10.3585832 2.4724424
OS 10.3576175 2.4724288
OS 10.3558459 2.4722607
OS 10.35504 2.4721062
OS 10.3542872 2.4719047
OS 10.3535878 2.4716562
OS 10.3529415 2.4713608
OS 10.3523485 2.4710183
OS 10.3518088 2.4706289
OS 10.3513222 2.4701924
OS 10.3485383 2.4729763
OE
SE
S P 0
OB 3.4651043 2.7027559 I
OS 3.4644516 2.7027205
OS 3.4637946 2.7026142
OS 3.4631331 2.702437
OS 3.4624672 2.702189
OS 3.4617969 2.7018701
OS 3.4611222 2.7014803
OS 3.460443 2.7010197
OS 3.4597595 2.7004882
OS 3.4590715 2.6998858
OS 3.4583791 2.6992126
OS 3.4583791 2.7102362
OS 3.4590715 2.709563
OS 3.460443 2.7084291
OS 3.4611222 2.7079685
OS 3.4617969 2.7075787
OS 3.4624672 2.7072598
OS 3.4631331 2.7070118
OS 3.4637946 2.7068346
OS 3.4644516 2.7067283
OS 3.4651043 2.7066929
OS 3.4651043 2.7027559
OE
SE
S P 0
OB 7.9485384 2.4532903 I
OS 7.9489749 2.4537769
OS 7.9493643 2.4543166
OS 7.9497068 2.4549096
OS 7.9500022 2.4555559
OS 7.9502507 2.4562553
OS 7.9504522 2.4570081
OS 7.9506067 2.457814
OS 7.9507143 2.4586732
OS 7.9507748 2.4595856
OS 7.9507884 2.4605513
OS 7.9585833 2.4527564
OS 7.9576176 2.4527428
OS 7.955846 2.4525747
OS 7.9550401 2.4524202
OS 7.9542873 2.4522187
OS 7.9535879 2.4519702
OS 7.9529416 2.4516748
OS 7.9523486 2.4513323
OS 7.9518089 2.4509429
OS 7.9513223 2.4505064
OS 7.9485384 2.4532903
OE
SE
S P 0
OB 1.8720475 1.9364696 I
OS 1.8720121 1.9371223
OS 1.8719058 1.9377793
OS 1.8717286 1.9384408
OS 1.8714806 1.9391067
OS 1.8711617 1.939777
OS 1.8707719 1.9404517
OS 1.8703113 1.9411309
OS 1.8697798 1.9418144
OS 1.8691774 1.9425024
OS 1.8685042 1.9431948
OS 1.8795278 1.9431948
OS 1.8788546 1.9425024
OS 1.8777207 1.9411309
OS 1.8772601 1.9404517
OS 1.8768703 1.939777
OS 1.8765514 1.9391067
OS 1.8763034 1.9384408
OS 1.8761262 1.9377793
OS 1.8760199 1.9371223
OS 1.8759845 1.9364696
OS 1.8720475 1.9364696
OE
SE
S P 0
OB 11.5485383 2.4729763 I
OS 11.5489748 2.4734629
OS 11.5493642 2.4740026
OS 11.5497067 2.4745956
OS 11.5500021 2.4752419
OS 11.5502506 2.4759413
OS 11.5504521 2.4766941
OS 11.5506066 2.4775
OS 11.5507142 2.4783592
OS 11.5507747 2.4792716
OS 11.5507883 2.4802373
OS 11.5585832 2.4724424
OS 11.5576175 2.4724288
OS 11.5558459 2.4722607
OS 11.55504 2.4721062
OS 11.5542872 2.4719047
OS 11.5535878 2.4716562
OS 11.5529415 2.4713608
OS 11.5523485 2.4710183
OS 11.5518088 2.4706289
OS 11.5513222 2.4701924
OS 11.5485383 2.4729763
OE
SE
S P 0
OB 2.9389764 2.1018248 I
OS 2.9389371 2.1025401
OS 2.9388192 2.1032014
OS 2.9386227 2.1038087
OS 2.9383476 2.104362
OS 2.9379938 2.1048613
OS 2.9375615 2.1053065
OS 2.9370506 2.1056978
OS 2.936461 2.106035
OS 2.9357929 2.1063183
OS 2.9350461 2.1065475
OS 2.9444901 2.1117201
OS 2.9441905 2.1107797
OS 2.9431657 2.1067192
OS 2.9430553 2.1060354
OS 2.9429292 2.1047961
OS 2.9429134 2.1042406
OS 2.9389764 2.1018248
OE
SE
S P 0
OB 9.1465683 2.5910863 I
OS 9.1470048 2.5915729
OS 9.1473942 2.5921126
OS 9.1477367 2.5927056
OS 9.1480321 2.5933519
OS 9.1482806 2.5940513
OS 9.1484821 2.5948041
OS 9.1486366 2.59561
OS 9.1487442 2.5964692
OS 9.1488047 2.5973816
OS 9.1488183 2.5983473
OS 9.1566132 2.5905524
OS 9.1556475 2.5905388
OS 9.1538759 2.5903707
OS 9.15307 2.5902162
OS 9.1523172 2.5900147
OS 9.1516178 2.5897662
OS 9.1509715 2.5894708
OS 9.1503785 2.5891283
OS 9.1498388 2.5887389
OS 9.1493522 2.5883024
OS 9.1465683 2.5910863
OE
SE
S P 0
OB 11.5465683 2.5910863 I
OS 11.5470048 2.5915729
OS 11.5473942 2.5921126
OS 11.5477367 2.5927056
OS 11.5480321 2.5933519
OS 11.5482806 2.5940513
OS 11.5484821 2.5948041
OS 11.5486366 2.59561
OS 11.5487442 2.5964692
OS 11.5488047 2.5973816
OS 11.5488183 2.5983473
OS 11.5566132 2.5905524
OS 11.5556475 2.5905388
OS 11.5538759 2.5903707
OS 11.55307 2.5902162
OS 11.5523172 2.5900147
OS 11.5516178 2.5897662
OS 11.5509715 2.5894708
OS 11.5503785 2.5891283
OS 11.5498388 2.5887389
OS 11.5493522 2.5883024
OS 11.5465683 2.5910863
OE
SE
S P 0
OB 1.9488195 1.8518256 I
OS 1.9487841 1.8524783
OS 1.9486778 1.8531353
OS 1.9485006 1.8537968
OS 1.9482526 1.8544627
OS 1.9479337 1.855133
OS 1.9475439 1.8558077
OS 1.9470833 1.8564869
OS 1.9465518 1.8571704
OS 1.9459494 1.8578584
OS 1.9452762 1.8585508
OS 1.9562998 1.8585508
OS 1.9556266 1.8578584
OS 1.9544927 1.8564869
OS 1.9540321 1.8558077
OS 1.9536423 1.855133
OS 1.9533234 1.8544627
OS 1.9530754 1.8537968
OS 1.9528982 1.8531353
OS 1.9527919 1.8524783
OS 1.9527565 1.8518256
OS 1.9488195 1.8518256
OE
SE
S P 0
OB 3.4718438 2.8301965 I
OS 3.4713409 2.8306458
OS 3.4707919 2.8310346
OS 3.4701966 2.8313626
OS 3.4695551 2.83163
OS 3.4688673 2.8318368
OS 3.4681333 2.8319828
OS 3.4673531 2.8320682
OS 3.4665267 2.832093
OS 3.465654 2.8320571
OS 3.4647351 2.8319605
OS 3.4715068 2.840659
OS 3.4716404 2.8396594
OS 3.4720027 2.8378386
OS 3.4722314 2.8370174
OS 3.4724918 2.8362557
OS 3.4727839 2.8355534
OS 3.4731076 2.8349105
OS 3.4734631 2.8343272
OS 3.4738503 2.8338033
OS 3.4742692 2.8333388
OS 3.4718438 2.8301965
OE
SE
S P 0
OB 7.9465684 2.5910863 I
OS 7.9470049 2.5915729
OS 7.9473943 2.5921126
OS 7.9477368 2.5927056
OS 7.9480322 2.5933519
OS 7.9482807 2.5940513
OS 7.9484822 2.5948041
OS 7.9486367 2.59561
OS 7.9487443 2.5964692
OS 7.9488048 2.5973816
OS 7.9488184 2.5983473
OS 7.9566133 2.5905524
OS 7.9556476 2.5905388
OS 7.953876 2.5903707
OS 7.9530701 2.5902162
OS 7.9523173 2.5900147
OS 7.9516179 2.5897662
OS 7.9509716 2.5894708
OS 7.9503786 2.5891283
OS 7.9498389 2.5887389
OS 7.9493523 2.5883024
OS 7.9465684 2.5910863
OE
SE
S P 0
OB 10.3465683 2.5910863 I
OS 10.3470048 2.5915729
OS 10.3473942 2.5921126
OS 10.3477367 2.5927056
OS 10.3480321 2.5933519
OS 10.3482806 2.5940513
OS 10.3484821 2.5948041
OS 10.3486366 2.59561
OS 10.3487442 2.5964692
OS 10.3488047 2.5973816
OS 10.3488183 2.5983473
OS 10.3566132 2.5905524
OS 10.3556475 2.5905388
OS 10.3538759 2.5903707
OS 10.35307 2.5902162
OS 10.3523172 2.5900147
OS 10.3516178 2.5897662
OS 10.3509715 2.5894708
OS 10.3503785 2.5891283
OS 10.3498388 2.5887389
OS 10.3493522 2.5883024
OS 10.3465683 2.5910863
OE
SE
S P 0
OB 2.4468495 1.8341076 I
OS 2.4468141 1.8347603
OS 2.4467078 1.8354173
OS 2.4465306 1.8360788
OS 2.4462826 1.8367447
OS 2.4459637 1.837415
OS 2.4455739 1.8380897
OS 2.4451133 1.8387689
OS 2.4445818 1.8394524
OS 2.4439794 1.8401404
OS 2.4433062 1.8408328
OS 2.4543298 1.8408328
OS 2.4536566 1.8401404
OS 2.4525227 1.8387689
OS 2.4520621 1.8380897
OS 2.4516723 1.837415
OS 2.4513534 1.8367447
OS 2.4511054 1.8360788
OS 2.4509282 1.8354173
OS 2.4508219 1.8347603
OS 2.4507865 1.8341076
OS 2.4468495 1.8341076
OE
SE
S P 0
OB 2.1729565 1.228344 I
OS 2.1723732 1.2283159
OS 2.1717534 1.2282318
OS 2.171097 1.2280915
OS 2.1704041 1.2278951
OS 2.1696747 1.2276426
OS 2.1681063 1.2269693
OS 2.1672673 1.2265484
OS 2.1654797 1.2255384
OS 2.1682356 1.236212
OS 2.168701 1.2354651
OS 2.1691914 1.2347968
OS 2.1697067 1.2342072
OS 2.1702469 1.2336962
OS 2.170812 1.2332637
OS 2.171402 1.23291
OS 2.172017 1.2326348
OS 2.1726569 1.2324382
OS 2.1733217 1.2323203
OS 2.1740114 1.232281
OS 2.1729565 1.228344
OE
SE
S P 0
OB 2.6476378 1.2435571 I
OS 2.6476024 1.2442098
OS 2.6474961 1.2448668
OS 2.6473189 1.2455283
OS 2.6470709 1.2461942
OS 2.646752 1.2468645
OS 2.6463622 1.2475392
OS 2.6459016 1.2482184
OS 2.6453701 1.2489019
OS 2.6447677 1.2495899
OS 2.6440945 1.2502823
OS 2.6551181 1.2502823
OS 2.6544449 1.2495899
OS 2.653311 1.2482184
OS 2.6528504 1.2475392
OS 2.6524606 1.2468645
OS 2.6521417 1.2461942
OS 2.6518937 1.2455283
OS 2.6517165 1.2448668
OS 2.6516102 1.2442098
OS 2.6515748 1.2435571
OS 2.6476378 1.2435571
OE
SE
S P 0
OB 2.8781236 2.2273397 I
OS 2.8776871 2.2268531
OS 2.8772977 2.2263134
OS 2.8769552 2.2257204
OS 2.8766598 2.2250741
OS 2.8764113 2.2243747
OS 2.8762098 2.2236219
OS 2.8760553 2.222816
OS 2.8759477 2.2219568
OS 2.8758872 2.2210444
OS 2.8758736 2.2200787
OS 2.8680787 2.2278736
OS 2.8690444 2.2278872
OS 2.870816 2.2280553
OS 2.8716219 2.2282098
OS 2.8723747 2.2284113
OS 2.8730741 2.2286598
OS 2.8737204 2.2289552
OS 2.8743134 2.2292977
OS 2.8748531 2.2296871
OS 2.8753397 2.2301236
OS 2.8781236 2.2273397
OE
SE
S P 0
OB 2.8761356 2.84549 I
OS 2.8757465 2.845863
OS 2.8750187 2.8464624
OS 2.87468 2.8466887
OS 2.8743582 2.846866
OS 2.8740532 2.8469945
OS 2.8737649 2.847074
OS 2.8734935 2.8471047
OS 2.8732389 2.8470864
OS 2.8730012 2.8470191
OS 2.8773903 2.8514082
OS 2.877323 2.8511705
OS 2.8773047 2.8509159
OS 2.8773354 2.8506445
OS 2.8774149 2.8503562
OS 2.8775434 2.8500512
OS 2.8777207 2.8497294
OS 2.877947 2.8493907
OS 2.8782223 2.8490352
OS 2.8785464 2.8486629
OS 2.8789194 2.8482738
OS 2.8761356 2.84549
OE
SE
S P 0
OB 2.1965799 1.2401575 I
OS 2.1959965 1.2401294
OS 2.1953766 1.2400452
OS 2.1947202 1.2399049
OS 2.1940273 1.2397084
OS 2.193298 1.2394558
OS 2.1917298 1.2387822
OS 2.190891 1.2383612
OS 2.1891039 1.2373508
OS 2.1918563 1.2480252
OS 2.192322 1.2472784
OS 2.1928126 1.2466102
OS 2.1933281 1.2460206
OS 2.1938685 1.2455096
OS 2.1944338 1.2450772
OS 2.195024 1.2447234
OS 2.195639 1.2444483
OS 2.1962789 1.2442517
OS 2.1969437 1.2441338
OS 2.1976334 1.2440945
OS 2.1965799 1.2401575
OE
SE
S P 0
OB 2.6173229 1.2440945 I
OS 2.6180126 1.2441338
OS 2.6186774 1.2442517
OS 2.6193173 1.2444483
OS 2.6199323 1.2447235
OS 2.6205223 1.2450772
OS 2.6210874 1.2455097
OS 2.6216276 1.2460207
OS 2.6221429 1.2466103
OS 2.6226333 1.2472786
OS 2.6230987 1.2480255
OS 2.6258546 1.2373519
OS 2.6249426 1.237885
OS 2.6224256 1.2391475
OS 2.6216596 1.2394561
OS 2.6202373 1.239905
OS 2.6195809 1.2400453
OS 2.6189611 1.2401294
OS 2.6183778 1.2401575
OS 2.6173229 1.2440945
OE
SE
S P 0
OB 2.1777027 1.257874 I
OS 2.17705 1.2578386
OS 2.176393 1.2577323
OS 2.1757315 1.2575551
OS 2.1750656 1.2573071
OS 2.1743953 1.2569882
OS 2.1737206 1.2565984
OS 2.1730414 1.2561378
OS 2.1723579 1.2556063
OS 2.1716699 1.2550039
OS 2.1709775 1.2543307
OS 2.1709775 1.2653543
OS 2.1716699 1.2646811
OS 2.1730414 1.2635472
OS 2.1737206 1.2630866
OS 2.1743953 1.2626968
OS 2.1750656 1.2623779
OS 2.1757315 1.2621299
OS 2.176393 1.2619527
OS 2.17705 1.2618464
OS 2.1777027 1.261811
OS 2.1777027 1.257874
OE
SE
S P 0
OB 2.6006325 1.2513919 I
OS 2.6010275 1.2517945
OS 2.6021611 1.2531104
OS 2.6023329 1.2533658
OS 2.60246 1.2535917
OS 2.6025426 1.2537881
OS 2.6025805 1.2539552
OS 2.6025737 1.2540927
OS 2.6054738 1.249635
OS 2.6053478 1.2497048
OS 2.6052041 1.2497363
OS 2.6050426 1.2497294
OS 2.6048635 1.2496842
OS 2.6046666 1.2496007
OS 2.604452 1.2494788
OS 2.6042196 1.2493186
OS 2.6039696 1.2491201
OS 2.6037018 1.2488832
OS 2.6034163 1.2486081
OS 2.6006325 1.2513919
OE
SE
S P 0
OB 2.2027504 1.2622286 I
OS 2.2022777 1.2626541
OS 2.2017475 1.2630425
OS 2.2011599 1.2633939
OS 2.200515 1.2637081
OS 2.1998125 1.2639853
OS 2.1990527 1.2642254
OS 2.1982355 1.2644285
OS 2.1973608 1.2645944
OS 2.1954392 1.2648151
OS 2.2038452 1.2719467
OS 2.2037848 1.2710105
OS 2.2037807 1.270123
OS 2.2038327 1.2692842
OS 2.2039409 1.2684941
OS 2.2041053 1.2677528
OS 2.2043259 1.2670601
OS 2.2046027 1.2664161
OS 2.2049357 1.2658209
OS 2.2053249 1.2652744
OS 2.2057702 1.2647766
OS 2.2027504 1.2622286
OE
SE
S P 0
OB 1.4448815 2.2337156 I
OS 1.4448461 2.2343683
OS 1.4447398 2.2350253
OS 1.4445626 2.2356868
OS 1.4443146 2.2363527
OS 1.4439957 2.237023
OS 1.4436059 2.2376977
OS 1.4431453 2.2383769
OS 1.4426138 2.2390604
OS 1.4420114 2.2397484
OS 1.4413382 2.2404408
OS 1.4523618 2.2404408
OS 1.4516886 2.2397484
OS 1.4505547 2.2383769
OS 1.4500941 2.2376977
OS 1.4497043 2.237023
OS 1.4493854 2.2363527
OS 1.4491374 2.2356868
OS 1.4489602 2.2350253
OS 1.4488539 2.2343683
OS 1.4488185 2.2337156
OS 1.4448815 2.2337156
OE
SE
S P 0
OB 12.7977503 2.7623462 I
OS 12.7981868 2.7628328
OS 12.7985762 2.7633725
OS 12.7989187 2.7639655
OS 12.7992141 2.7646118
OS 12.7994626 2.7653112
OS 12.7996641 2.766064
OS 12.7998186 2.7668699
OS 12.7999262 2.7677291
OS 12.7999867 2.7686415
OS 12.8000003 2.7696072
OS 12.8077952 2.7618123
OS 12.8068295 2.7617987
OS 12.8050579 2.7616306
OS 12.804252 2.7614761
OS 12.8034992 2.7612746
OS 12.8027998 2.7610261
OS 12.8021535 2.7607307
OS 12.8015605 2.7603882
OS 12.8010208 2.7599988
OS 12.8005342 2.7595623
OS 12.7977503 2.7623462
OE
SE
S P 0
OB 2.0354335 1.8380453 I
OS 2.0353981 1.838698
OS 2.0352918 1.839355
OS 2.0351146 1.8400165
OS 2.0348666 1.8406824
OS 2.0345477 1.8413527
OS 2.0341579 1.8420274
OS 2.0336973 1.8427066
OS 2.0331658 1.8433901
OS 2.0325634 1.8440781
OS 2.0318902 1.8447705
OS 2.0429138 1.8447705
OS 2.0422406 1.8440781
OS 2.0411067 1.8427066
OS 2.0406461 1.8420274
OS 2.0402563 1.8413527
OS 2.0399374 1.8406824
OS 2.0396894 1.8400165
OS 2.0395122 1.839355
OS 2.0394059 1.838698
OS 2.0393705 1.8380453
OS 2.0354335 1.8380453
OE
SE
S P 0
OB 11.5465692 2.6895107 I
OS 11.5470057 2.6899973
OS 11.5473951 2.690537
OS 11.5477376 2.69113
OS 11.548033 2.6917763
OS 11.5482815 2.6924757
OS 11.548483 2.6932285
OS 11.5486375 2.6940344
OS 11.5487451 2.6948936
OS 11.5488056 2.695806
OS 11.5488192 2.6967717
OS 11.5566141 2.6889768
OS 11.5556484 2.6889632
OS 11.5538768 2.6887951
OS 11.5530709 2.6886406
OS 11.5523181 2.6884391
OS 11.5516187 2.6881906
OS 11.5509724 2.6878952
OS 11.5503794 2.6875527
OS 11.5498397 2.6871633
OS 11.5493531 2.6867268
OS 11.5465692 2.6895107
OE
SE
S P 0
OB 11.6215588 2.7804376 I
OS 11.6220112 2.7800284
OS 11.6225257 2.7796438
OS 11.6231021 2.7792836
OS 11.6237405 2.7789481
OS 11.6244409 2.778637
OS 11.6252034 2.7783505
OS 11.6269141 2.7778511
OS 11.6278625 2.7776381
OS 11.6288729 2.7774498
OS 11.619824 2.771154
OS 11.6199648 2.7720488
OS 11.6200395 2.7729007
OS 11.6200481 2.7737097
OS 11.6199907 2.7744757
OS 11.6198671 2.7751988
OS 11.6196775 2.7758791
OS 11.6194217 2.7765164
OS 11.6190999 2.7771107
OS 11.6187119 2.7776622
OS 11.6182579 2.7781708
OS 11.6215588 2.7804376
OE
SE
S P 0
OB 2.0787395 1.8301721 I
OS 2.0787041 1.8308248
OS 2.0785978 1.8314818
OS 2.0784206 1.8321433
OS 2.0781726 1.8328092
OS 2.0778537 1.8334795
OS 2.0774639 1.8341542
OS 2.0770033 1.8348334
OS 2.0764718 1.8355169
OS 2.0758694 1.8362049
OS 2.0751962 1.8368973
OS 2.0862198 1.8368973
OS 2.0855466 1.8362049
OS 2.0844127 1.8348334
OS 2.0839521 1.8341542
OS 2.0835623 1.8334795
OS 2.0832434 1.8328092
OS 2.0829954 1.8321433
OS 2.0828182 1.8314818
OS 2.0827119 1.8308248
OS 2.0826765 1.8301721
OS 2.0787395 1.8301721
OE
SE
S P 0
OB 10.3465692 2.6895107 I
OS 10.3470057 2.6899973
OS 10.3473951 2.690537
OS 10.3477376 2.69113
OS 10.348033 2.6917763
OS 10.3482815 2.6924757
OS 10.348483 2.6932285
OS 10.3486375 2.6940344
OS 10.3487451 2.6948936
OS 10.3488056 2.695806
OS 10.3488192 2.6967717
OS 10.3566141 2.6889768
OS 10.3556484 2.6889632
OS 10.3538768 2.6887951
OS 10.3530709 2.6886406
OS 10.3523181 2.6884391
OS 10.3516187 2.6881906
OS 10.3509724 2.6878952
OS 10.3503794 2.6875527
OS 10.3498397 2.6871633
OS 10.3493531 2.6867268
OS 10.3465692 2.6895107
OE
SE
S P 0
OB 2.6715264 1.9516738 I
OS 2.6711615 1.952022
OS 2.6708117 1.9523218
OS 2.6704771 1.9525731
OS 2.6701576 1.952776
OS 2.6698532 1.9529304
OS 2.669564 1.9530364
OS 2.6692898 1.9530939
OS 2.6690309 1.953103
OS 2.668787 1.9530637
OS 2.6685583 1.9529759
OS 2.6725408 1.9577338
OS 2.6724959 1.9574925
OS 2.6725002 1.957232
OS 2.6725539 1.9569524
OS 2.6726568 1.9566535
OS 2.6728091 1.9563355
OS 2.6730107 1.9559983
OS 2.6732616 1.9556419
OS 2.6735618 1.9552663
OS 2.6743102 1.9544576
OS 2.6715264 1.9516738
OE
SE
S P 0
OB 3.7739031 2.1175759 I
OS 3.7734666 2.1170893
OS 3.7730772 2.1165496
OS 3.7727347 2.1159566
OS 3.7724393 2.1153103
OS 3.7721908 2.1146109
OS 3.7719893 2.1138581
OS 3.7718348 2.1130522
OS 3.7717272 2.112193
OS 3.7716667 2.1112806
OS 3.7716531 2.1103149
OS 3.7638582 2.1181098
OS 3.7648239 2.1181234
OS 3.7665955 2.1182915
OS 3.7674014 2.118446
OS 3.7681542 2.1186475
OS 3.7688536 2.118896
OS 3.7694999 2.1191914
OS 3.7700929 2.1195339
OS 3.7706326 2.1199233
OS 3.7711192 2.1203598
OS 3.7739031 2.1175759
OE
SE
S P 0
OB 9.1977503 2.7623463 I
OS 9.1981868 2.7628329
OS 9.1985762 2.7633726
OS 9.1989187 2.7639656
OS 9.1992141 2.7646119
OS 9.1994626 2.7653113
OS 9.1996641 2.7660641
OS 9.1998186 2.76687
OS 9.1999262 2.7677292
OS 9.1999867 2.7686416
OS 9.2000003 2.7696073
OS 9.2077952 2.7618124
OS 9.2068295 2.7617988
OS 9.2050579 2.7616307
OS 9.204252 2.7614762
OS 9.2034992 2.7612747
OS 9.2027998 2.7610262
OS 9.2021535 2.7607308
OS 9.2015605 2.7603883
OS 9.2010208 2.7599989
OS 9.2005342 2.7595624
OS 9.1977503 2.7623463
OE
SE
S P 0
OB 10.4215588 2.7804376 I
OS 10.4220112 2.7800284
OS 10.4225257 2.7796438
OS 10.4231021 2.7792836
OS 10.4237405 2.7789481
OS 10.4244409 2.778637
OS 10.4252034 2.7783505
OS 10.4269141 2.7778511
OS 10.4278625 2.7776381
OS 10.4288729 2.7774498
OS 10.419824 2.771154
OS 10.4199648 2.7720488
OS 10.4200395 2.7729007
OS 10.4200481 2.7737097
OS 10.4199907 2.7744757
OS 10.4198671 2.7751988
OS 10.4196775 2.7758791
OS 10.4194217 2.7765164
OS 10.4190999 2.7771107
OS 10.4187119 2.7776622
OS 10.4182579 2.7781708
OS 10.4215588 2.7804376
OE
SE
S P 0
OB 2.6855763 1.967413 I
OS 2.6855375 1.9680962
OS 2.6854212 1.9687607
OS 2.6852273 1.9694066
OS 2.6849559 1.9700338
OS 2.6846069 1.9706423
OS 2.6841803 1.9712321
OS 2.6836762 1.9718033
OS 2.6830945 1.9723558
OS 2.6824353 1.9728896
OS 2.6816985 1.9734048
OS 2.6925079 1.9755675
OS 2.6919389 1.9747027
OS 2.6909806 1.9730604
OS 2.6905914 1.9722829
OS 2.6899924 1.9708152
OS 2.6897828 1.9701249
OS 2.6896331 1.9694638
OS 2.6895432 1.9688318
OS 2.6895133 1.9682289
OS 2.6855763 1.967413
OE
SE
S P 0
OB 3.4600956 2.9898764 I
OS 3.459609 2.9903129
OS 3.4590693 2.9907023
OS 3.4584763 2.9910448
OS 3.45783 2.9913402
OS 3.4571306 2.9915887
OS 3.4563778 2.9917902
OS 3.4555719 2.9919447
OS 3.4547127 2.9920523
OS 3.4538003 2.9921128
OS 3.4528346 2.9921264
OS 3.4606295 2.9999213
OS 3.4606431 2.9989556
OS 3.4608112 2.997184
OS 3.4609657 2.9963781
OS 3.4611672 2.9956253
OS 3.4614157 2.9949259
OS 3.4617111 2.9942796
OS 3.4620536 2.9936866
OS 3.462443 2.9931469
OS 3.4628795 2.9926603
OS 3.4600956 2.9898764
OE
SE
S P 0
OB 7.9977504 2.7623463 I
OS 7.9981869 2.7628329
OS 7.9985763 2.7633726
OS 7.9989188 2.7639656
OS 7.9992142 2.7646119
OS 7.9994627 2.7653113
OS 7.9996642 2.7660641
OS 7.9998187 2.76687
OS 7.9999263 2.7677292
OS 7.9999868 2.7686416
OS 8.0000004 2.7696073
OS 8.0077953 2.7618124
OS 8.0068296 2.7617988
OS 8.005058 2.7616307
OS 8.0042521 2.7614762
OS 8.0034993 2.7612747
OS 8.0027999 2.7610262
OS 8.0021536 2.7607308
OS 8.0015606 2.7603883
OS 8.0010209 2.7599989
OS 8.0005343 2.7595624
OS 7.9977504 2.7623463
OE
SE
S P 0
OB 3.4600956 3.0095614 I
OS 3.459609 3.0099979
OS 3.4590693 3.0103873
OS 3.4584763 3.0107298
OS 3.45783 3.0110252
OS 3.4571306 3.0112737
OS 3.4563778 3.0114752
OS 3.4555719 3.0116297
OS 3.4547127 3.0117373
OS 3.4538003 3.0117978
OS 3.4528346 3.0118114
OS 3.4606295 3.0196063
OS 3.4606431 3.0186406
OS 3.4608112 3.016869
OS 3.4609657 3.0160631
OS 3.4611672 3.0153103
OS 3.4614157 3.0146109
OS 3.4617111 3.0139646
OS 3.4620536 3.0133716
OS 3.462443 3.0128319
OS 3.4628795 3.0123453
OS 3.4600956 3.0095614
OE
SE
S P 0
OB 8.0215589 2.7804376 I
OS 8.0220113 2.7800284
OS 8.0225258 2.7796438
OS 8.0231022 2.7792836
OS 8.0237406 2.7789481
OS 8.024441 2.778637
OS 8.0252035 2.7783505
OS 8.0269142 2.7778511
OS 8.0278626 2.7776381
OS 8.028873 2.7774498
OS 8.0198241 2.771154
OS 8.0199649 2.7720488
OS 8.0200396 2.7729007
OS 8.0200482 2.7737097
OS 8.0199908 2.7744757
OS 8.0198672 2.7751988
OS 8.0196776 2.7758791
OS 8.0194218 2.7765164
OS 8.0191 2.7771107
OS 8.018712 2.7776622
OS 8.018258 2.7781708
OS 8.0215589 2.7804376
OE
SE
S P 0
OB 3.7542181 2.1175759 I
OS 3.7537816 2.1170893
OS 3.7533922 2.1165496
OS 3.7530497 2.1159566
OS 3.7527543 2.1153103
OS 3.7525058 2.1146109
OS 3.7523043 2.1138581
OS 3.7521498 2.1130522
OS 3.7520422 2.112193
OS 3.7519817 2.1112806
OS 3.7519681 2.1103149
OS 3.7441732 2.1181098
OS 3.7451389 2.1181234
OS 3.7469105 2.1182915
OS 3.7477164 2.118446
OS 3.7484692 2.1186475
OS 3.7491686 2.118896
OS 3.7498149 2.1191914
OS 3.7504079 2.1195339
OS 3.7509476 2.1199233
OS 3.7514342 2.1203598
OS 3.7542181 2.1175759
OE
SE
S P 0
OB 9.2215588 2.7804376 I
OS 9.2220112 2.7800284
OS 9.2225257 2.7796438
OS 9.2231021 2.7792836
OS 9.2237405 2.7789481
OS 9.2244409 2.778637
OS 9.2252034 2.7783505
OS 9.2269141 2.7778511
OS 9.2278625 2.7776381
OS 9.2288729 2.7774498
OS 9.219824 2.771154
OS 9.2199648 2.7720488
OS 9.2200395 2.7729007
OS 9.2200481 2.7737097
OS 9.2199907 2.7744757
OS 9.2198671 2.7751988
OS 9.2196775 2.7758791
OS 9.2194217 2.7765164
OS 9.2190999 2.7771107
OS 9.2187119 2.7776622
OS 9.2182579 2.7781708
OS 9.2215588 2.7804376
OE
SE
S P 0
OB 3.734533 2.1175761 I
OS 3.7340965 2.1170895
OS 3.7337071 2.1165498
OS 3.7333646 2.1159568
OS 3.7330692 2.1153105
OS 3.7328207 2.1146111
OS 3.7326192 2.1138583
OS 3.7324647 2.1130524
OS 3.7323571 2.1121932
OS 3.7322966 2.1112808
OS 3.732283 2.1103151
OS 3.7244881 2.11811
OS 3.7254538 2.1181236
OS 3.7272254 2.1182917
OS 3.7280313 2.1184462
OS 3.7287841 2.1186477
OS 3.7294835 2.1188962
OS 3.7301298 2.1191916
OS 3.7307228 2.1195341
OS 3.7312625 2.1199235
OS 3.7317491 2.12036
OS 3.734533 2.1175761
OE
SE
S P 0
OB 9.2399042 2.7798096 I
OS 9.2403908 2.7793731
OS 9.2409305 2.7789837
OS 9.2415235 2.7786412
OS 9.2421698 2.7783458
OS 9.2428692 2.7780973
OS 9.243622 2.7778958
OS 9.2444279 2.7777413
OS 9.2452871 2.7776337
OS 9.2461995 2.7775732
OS 9.2471652 2.7775596
OS 9.2393703 2.7697647
OS 9.2393567 2.7707304
OS 9.2391886 2.772502
OS 9.2390341 2.7733079
OS 9.2388326 2.7740607
OS 9.2385841 2.7747601
OS 9.2382887 2.7754064
OS 9.2379462 2.7759994
OS 9.2375568 2.7765391
OS 9.2371203 2.7770257
OS 9.2399042 2.7798096
OE
SE
S P 0
OB 10.3977503 2.7623463 I
OS 10.3981868 2.7628329
OS 10.3985762 2.7633726
OS 10.3989187 2.7639656
OS 10.3992141 2.7646119
OS 10.3994626 2.7653113
OS 10.3996641 2.7660641
OS 10.3998186 2.76687
OS 10.3999262 2.7677292
OS 10.3999867 2.7686416
OS 10.4000003 2.7696073
OS 10.4077952 2.7618124
OS 10.4068295 2.7617988
OS 10.4050579 2.7616307
OS 10.404252 2.7614762
OS 10.4034992 2.7612747
OS 10.4027998 2.7610262
OS 10.4021535 2.7607308
OS 10.4015605 2.7603883
OS 10.4010208 2.7599989
OS 10.4005342 2.7595624
OS 10.3977503 2.7623463
OE
SE
S P 0
OB 2.6293484 2.0031185 I
OS 2.6286957 2.0030831
OS 2.6280387 2.0029768
OS 2.6273772 2.0027996
OS 2.6267113 2.0025516
OS 2.626041 2.0022327
OS 2.6253663 2.0018429
OS 2.6246871 2.0013823
OS 2.6240036 2.0008508
OS 2.6233156 2.0002484
OS 2.6226232 1.9995752
OS 2.6226232 2.0105988
OS 2.6233156 2.0099256
OS 2.6246871 2.0087917
OS 2.6253663 2.0083311
OS 2.626041 2.0079413
OS 2.6267113 2.0076224
OS 2.6273772 2.0073744
OS 2.6280387 2.0071972
OS 2.6286957 2.0070909
OS 2.6293484 2.0070555
OS 2.6293484 2.0031185
OE
SE
S P 0
OB 1.4251975 2.2376516 I
OS 1.4251621 2.2383043
OS 1.4250558 2.2389613
OS 1.4248786 2.2396228
OS 1.4246306 2.2402887
OS 1.4243117 2.240959
OS 1.4239219 2.2416337
OS 1.4234613 2.2423129
OS 1.4229298 2.2429964
OS 1.4223274 2.2436844
OS 1.4216542 2.2443768
OS 1.4326778 2.2443768
OS 1.4320046 2.2436844
OS 1.4308707 2.2423129
OS 1.4304101 2.2416337
OS 1.4300203 2.240959
OS 1.4297014 2.2402887
OS 1.4294534 2.2396228
OS 1.4292762 2.2389613
OS 1.4291699 2.2383043
OS 1.4291345 2.2376516
OS 1.4251975 2.2376516
OE
SE
S P 0
OB 12.7465692 2.6895106 I
OS 12.7470057 2.6899972
OS 12.7473951 2.6905369
OS 12.7477376 2.6911299
OS 12.748033 2.6917762
OS 12.7482815 2.6924756
OS 12.748483 2.6932284
OS 12.7486375 2.6940343
OS 12.7487451 2.6948935
OS 12.7488056 2.6958059
OS 12.7488192 2.6967716
OS 12.7566141 2.6889767
OS 12.7556484 2.6889631
OS 12.7538768 2.688795
OS 12.7530709 2.6886405
OS 12.7523181 2.688439
OS 12.7516187 2.6881905
OS 12.7509724 2.6878951
OS 12.7503794 2.6875526
OS 12.7498397 2.6871632
OS 12.7493531 2.6867267
OS 12.7465692 2.6895106
OE
SE
S P 0
OB 3.464567 3.1161417 I
OS 3.4638774 3.1161155
OS 3.4632206 3.1160367
OS 3.4625968 3.1159055
OS 3.4620058 3.1157217
OS 3.4614478 3.1154855
OS 3.4609227 3.1151968
OS 3.4604305 3.1148556
OS 3.4599712 3.1144618
OS 3.4595448 3.1140156
OS 3.4591513 3.1135169
OS 3.4591513 3.1227035
OS 3.4595448 3.1222048
OS 3.4599712 3.1217586
OS 3.4604305 3.1213648
OS 3.4609227 3.1210236
OS 3.4614478 3.1207349
OS 3.4620058 3.1204987
OS 3.4625968 3.1203149
OS 3.4632206 3.1201837
OS 3.4638774 3.1201049
OS 3.464567 3.1200787
OS 3.464567 3.1161417
OE
SE
S P 0
OB 8.0399043 2.7798096 I
OS 8.0403909 2.7793731
OS 8.0409306 2.7789837
OS 8.0415236 2.7786412
OS 8.0421699 2.7783458
OS 8.0428693 2.7780973
OS 8.0436221 2.7778958
OS 8.044428 2.7777413
OS 8.0452872 2.7776337
OS 8.0461996 2.7775732
OS 8.0471653 2.7775596
OS 8.0393704 2.7697647
OS 8.0393568 2.7707304
OS 8.0391887 2.772502
OS 8.0390342 2.7733079
OS 8.0388327 2.7740607
OS 8.0385842 2.7747601
OS 8.0382888 2.7754064
OS 8.0379463 2.7759994
OS 8.0375569 2.7765391
OS 8.0371204 2.7770257
OS 8.0399043 2.7798096
OE
SE
S P 0
OB 1.2854335 2.2770216 I
OS 1.2853981 2.2776743
OS 1.2852918 2.2783313
OS 1.2851146 2.2789928
OS 1.2848666 2.2796587
OS 1.2845477 2.280329
OS 1.2841579 2.2810037
OS 1.2836973 2.2816829
OS 1.2831658 2.2823664
OS 1.2825634 2.2830544
OS 1.2818902 2.2837468
OS 1.2929138 2.2837468
OS 1.2922406 2.2830544
OS 1.2911067 2.2816829
OS 1.2906461 2.2810037
OS 1.2902563 2.280329
OS 1.2899374 2.2796587
OS 1.2896894 2.2789928
OS 1.2895122 2.2783313
OS 1.2894059 2.2776743
OS 1.2893705 2.2770216
OS 1.2854335 2.2770216
OE
SE
S P 0
OB 12.7465683 2.5910862 I
OS 12.7470048 2.5915728
OS 12.7473942 2.5921125
OS 12.7477367 2.5927055
OS 12.7480321 2.5933518
OS 12.7482806 2.5940512
OS 12.7484821 2.594804
OS 12.7486366 2.5956099
OS 12.7487442 2.5964691
OS 12.7488047 2.5973815
OS 12.7488183 2.5983472
OS 12.7566132 2.5905523
OS 12.7556475 2.5905387
OS 12.7538759 2.5903706
OS 12.75307 2.5902161
OS 12.7523172 2.5900146
OS 12.7516178 2.5897661
OS 12.7509715 2.5894707
OS 12.7503785 2.5891282
OS 12.7498388 2.5887388
OS 12.7493522 2.5883023
OS 12.7465683 2.5910862
OE
SE
S P 0
OB 11.5977503 2.7623463 I
OS 11.5981868 2.7628329
OS 11.5985762 2.7633726
OS 11.5989187 2.7639656
OS 11.5992141 2.7646119
OS 11.5994626 2.7653113
OS 11.5996641 2.7660641
OS 11.5998186 2.76687
OS 11.5999262 2.7677292
OS 11.5999867 2.7686416
OS 11.6000003 2.7696073
OS 11.6077952 2.7618124
OS 11.6068295 2.7617988
OS 11.6050579 2.7616307
OS 11.604252 2.7614762
OS 11.6034992 2.7612747
OS 11.6027998 2.7610262
OS 11.6021535 2.7607308
OS 11.6015605 2.7603883
OS 11.6010208 2.7599989
OS 11.6005342 2.7595624
OS 11.5977503 2.7623463
OE
SE
S P 0
OB 2.0570875 1.8341081 I
OS 2.0570521 1.8347608
OS 2.0569458 1.8354178
OS 2.0567686 1.8360793
OS 2.0565206 1.8367452
OS 2.0562017 1.8374155
OS 2.0558119 1.8380902
OS 2.0553513 1.8387694
OS 2.0548198 1.8394529
OS 2.0542174 1.8401409
OS 2.0535442 1.8408333
OS 2.0645678 1.8408333
OS 2.0638946 1.8401409
OS 2.0627607 1.8387694
OS 2.0623001 1.8380902
OS 2.0619103 1.8374155
OS 2.0615914 1.8367452
OS 2.0613434 1.8360793
OS 2.0611662 1.8354178
OS 2.0610599 1.8347608
OS 2.0610245 1.8341081
OS 2.0570875 1.8341081
OE
SE
S P 0
OB 10.4399042 2.7798096 I
OS 10.4403908 2.7793731
OS 10.4409305 2.7789837
OS 10.4415235 2.7786412
OS 10.4421698 2.7783458
OS 10.4428692 2.7780973
OS 10.443622 2.7778958
OS 10.4444279 2.7777413
OS 10.4452871 2.7776337
OS 10.4461995 2.7775732
OS 10.4471652 2.7775596
OS 10.4393703 2.7697647
OS 10.4393567 2.7707304
OS 10.4391886 2.772502
OS 10.4390341 2.7733079
OS 10.4388326 2.7740607
OS 10.4385841 2.7747601
OS 10.4382887 2.7754064
OS 10.4379462 2.7759994
OS 10.4375568 2.7765391
OS 10.4371203 2.7770257
OS 10.4399042 2.7798096
OE
SE
S P 0
OB 2.6283484 2.0280315 I
OS 2.6276957 2.0279961
OS 2.6270387 2.0278898
OS 2.6263772 2.0277126
OS 2.6257113 2.0274646
OS 2.625041 2.0271457
OS 2.6243663 2.0267559
OS 2.6236871 2.0262953
OS 2.6230036 2.0257638
OS 2.6223156 2.0251614
OS 2.6216232 2.0244882
OS 2.6216232 2.0355118
OS 2.6223156 2.0348386
OS 2.6236871 2.0337047
OS 2.6243663 2.0332441
OS 2.625041 2.0328543
OS 2.6257113 2.0325354
OS 2.6263772 2.0322874
OS 2.6270387 2.0321102
OS 2.6276957 2.0320039
OS 2.6283484 2.0319685
OS 2.6283484 2.0280315
OE
SE
S P 0
OB 3.7935882 2.1175759 I
OS 3.7931517 2.1170893
OS 3.7927623 2.1165496
OS 3.7924198 2.1159566
OS 3.7921244 2.1153103
OS 3.7918759 2.1146109
OS 3.7916744 2.1138581
OS 3.7915199 2.1130522
OS 3.7914123 2.112193
OS 3.7913518 2.1112806
OS 3.7913382 2.1103149
OS 3.7835433 2.1181098
OS 3.784509 2.1181234
OS 3.7862806 2.1182915
OS 3.7870865 2.118446
OS 3.7878393 2.1186475
OS 3.7885387 2.118896
OS 3.789185 2.1191914
OS 3.789778 2.1195339
OS 3.7903177 2.1199233
OS 3.7908043 2.1203598
OS 3.7935882 2.1175759
OE
SE
S P 0
OB 9.1465692 2.6895107 I
OS 9.1470057 2.6899973
OS 9.1473951 2.690537
OS 9.1477376 2.69113
OS 9.148033 2.6917763
OS 9.1482815 2.6924757
OS 9.148483 2.6932285
OS 9.1486375 2.6940344
OS 9.1487451 2.6948936
OS 9.1488056 2.695806
OS 9.1488192 2.6967717
OS 9.1566141 2.6889768
OS 9.1556484 2.6889632
OS 9.1538768 2.6887951
OS 9.1530709 2.6886406
OS 9.1523181 2.6884391
OS 9.1516187 2.6881906
OS 9.1509724 2.6878952
OS 9.1503794 2.6875527
OS 9.1498397 2.6871633
OS 9.1493531 2.6867268
OS 9.1465692 2.6895107
OE
SE
S P 0
OB 2.9586614 2.1215104 I
OS 2.9586221 2.1222257
OS 2.9585042 2.122887
OS 2.9583077 2.1234943
OS 2.9580326 2.1240475
OS 2.9576788 2.1245468
OS 2.9572465 2.1249921
OS 2.9567356 2.1253833
OS 2.956146 2.1257205
OS 2.9554779 2.1260038
OS 2.9547311 2.126233
OS 2.964175 2.1314056
OS 2.9638754 2.1304653
OS 2.9628507 2.1264048
OS 2.9627403 2.1257211
OS 2.9626142 2.1244818
OS 2.9625984 2.1239263
OS 2.9586614 2.1215104
OE
SE
S P 0
OB 9.1465683 2.6501403 I
OS 9.1470048 2.6506269
OS 9.1473942 2.6511666
OS 9.1477367 2.6517596
OS 9.1480321 2.6524059
OS 9.1482806 2.6531053
OS 9.1484821 2.6538581
OS 9.1486366 2.654664
OS 9.1487442 2.6555232
OS 9.1488047 2.6564356
OS 9.1488183 2.6574013
OS 9.1566132 2.6496064
OS 9.1556475 2.6495928
OS 9.1538759 2.6494247
OS 9.15307 2.6492702
OS 9.1523172 2.6490687
OS 9.1516178 2.6488202
OS 9.1509715 2.6485248
OS 9.1503785 2.6481823
OS 9.1498388 2.6477929
OS 9.1493522 2.6473564
OS 9.1465683 2.6501403
OE
SE
S P 0
OB 2.4940955 1.9108796 I
OS 2.4940601 1.9115323
OS 2.4939538 1.9121893
OS 2.4937766 1.9128508
OS 2.4935286 1.9135167
OS 2.4932097 1.914187
OS 2.4928199 1.9148617
OS 2.4923593 1.9155409
OS 2.4918278 1.9162244
OS 2.4912254 1.9169124
OS 2.4905522 1.9176048
OS 2.5015758 1.9176048
OS 2.5009026 1.9169124
OS 2.4997687 1.9155409
OS 2.4993081 1.9148617
OS 2.4989183 1.914187
OS 2.4985994 1.9135167
OS 2.4983514 1.9128508
OS 2.4981742 1.9121893
OS 2.4980679 1.9115323
OS 2.4980325 1.9108796
OS 2.4940955 1.9108796
OE
SE
S P 0
OB 10.3465692 2.6698257 I
OS 10.3470057 2.6703123
OS 10.3473951 2.670852
OS 10.3477376 2.671445
OS 10.348033 2.6720913
OS 10.3482815 2.6727907
OS 10.348483 2.6735435
OS 10.3486375 2.6743494
OS 10.3487451 2.6752086
OS 10.3488056 2.676121
OS 10.3488192 2.6770867
OS 10.3566141 2.6692918
OS 10.3556484 2.6692782
OS 10.3538768 2.6691101
OS 10.3530709 2.6689556
OS 10.3523181 2.6687541
OS 10.3516187 2.6685056
OS 10.3509724 2.6682102
OS 10.3503794 2.6678677
OS 10.3498397 2.6674783
OS 10.3493531 2.6670418
OS 10.3465692 2.6698257
OE
SE
S P 0
OB 1.4665355 2.2297776 I
OS 1.4665001 2.2304303
OS 1.4663938 2.2310873
OS 1.4662166 2.2317488
OS 1.4659686 2.2324147
OS 1.4656497 2.233085
OS 1.4652599 2.2337597
OS 1.4647993 2.2344389
OS 1.4642678 2.2351224
OS 1.4636654 2.2358104
OS 1.4629922 2.2365028
OS 1.4740158 2.2365028
OS 1.4733426 2.2358104
OS 1.4722087 2.2344389
OS 1.4717481 2.2337597
OS 1.4713583 2.233085
OS 1.4710394 2.2324147
OS 1.4707914 2.2317488
OS 1.4706142 2.2310873
OS 1.4705079 2.2304303
OS 1.4704725 2.2297776
OS 1.4665355 2.2297776
OE
SE
S P 0
OB 12.8215588 2.7804375 I
OS 12.8220112 2.7800283
OS 12.8225257 2.7796437
OS 12.8231021 2.7792835
OS 12.8237405 2.778948
OS 12.8244409 2.7786369
OS 12.8252034 2.7783504
OS 12.8269141 2.777851
OS 12.8278625 2.777638
OS 12.8288729 2.7774497
OS 12.819824 2.7711539
OS 12.8199648 2.7720487
OS 12.8200395 2.7729006
OS 12.8200481 2.7737096
OS 12.8199907 2.7744756
OS 12.8198671 2.7751987
OS 12.8196775 2.775879
OS 12.8194217 2.7765163
OS 12.8190999 2.7771106
OS 12.8187119 2.7776621
OS 12.8182579 2.7781707
OS 12.8215588 2.7804375
OE
SE
S P 0
OB 10.3465683 2.6501403 I
OS 10.3470048 2.6506269
OS 10.3473942 2.6511666
OS 10.3477367 2.6517596
OS 10.3480321 2.6524059
OS 10.3482806 2.6531053
OS 10.3484821 2.6538581
OS 10.3486366 2.654664
OS 10.3487442 2.6555232
OS 10.3488047 2.6564356
OS 10.3488183 2.6574013
OS 10.3566132 2.6496064
OS 10.3556475 2.6495928
OS 10.3538759 2.6494247
OS 10.35307 2.6492702
OS 10.3523172 2.6490687
OS 10.3516178 2.6488202
OS 10.3509715 2.6485248
OS 10.3503785 2.6481823
OS 10.3498388 2.6477929
OS 10.3493522 2.6473564
OS 10.3465683 2.6501403
OE
SE
S P 0
OB 2.4744095 1.8341076 I
OS 2.4743741 1.8347603
OS 2.4742678 1.8354173
OS 2.4740906 1.8360788
OS 2.4738426 1.8367447
OS 2.4735237 1.837415
OS 2.4731339 1.8380897
OS 2.4726733 1.8387689
OS 2.4721418 1.8394524
OS 2.4715394 1.8401404
OS 2.4708662 1.8408328
OS 2.4818898 1.8408328
OS 2.4812166 1.8401404
OS 2.4800827 1.8387689
OS 2.4796221 1.8380897
OS 2.4792323 1.837415
OS 2.4789134 1.8367447
OS 2.4786654 1.8360788
OS 2.4784882 1.8354173
OS 2.4783819 1.8347603
OS 2.4783465 1.8341076
OS 2.4744095 1.8341076
OE
SE
S P 0
OB 11.5465692 2.6698257 I
OS 11.5470057 2.6703123
OS 11.5473951 2.670852
OS 11.5477376 2.671445
OS 11.548033 2.6720913
OS 11.5482815 2.6727907
OS 11.548483 2.6735435
OS 11.5486375 2.6743494
OS 11.5487451 2.6752086
OS 11.5488056 2.676121
OS 11.5488192 2.6770867
OS 11.5566141 2.6692918
OS 11.5556484 2.6692782
OS 11.5538768 2.6691101
OS 11.5530709 2.6689556
OS 11.5523181 2.6687541
OS 11.5516187 2.6685056
OS 11.5509724 2.6682102
OS 11.5503794 2.6678677
OS 11.5498397 2.6674783
OS 11.5493531 2.6670418
OS 11.5465692 2.6698257
OE
SE
S P 0
OB 2.0137795 1.8419823 I
OS 2.0137441 1.842635
OS 2.0136378 1.843292
OS 2.0134606 1.8439535
OS 2.0132126 1.8446194
OS 2.0128937 1.8452897
OS 2.0125039 1.8459644
OS 2.0120433 1.8466436
OS 2.0115118 1.8473271
OS 2.0109094 1.8480151
OS 2.0102362 1.8487075
OS 2.0212598 1.8487075
OS 2.0205866 1.8480151
OS 2.0194527 1.8466436
OS 2.0189921 1.8459644
OS 2.0186023 1.8452897
OS 2.0182834 1.8446194
OS 2.0180354 1.8439535
OS 2.0178582 1.843292
OS 2.0177519 1.842635
OS 2.0177165 1.8419823
OS 2.0137795 1.8419823
OE
SE
S P 0
OB 3.4600956 2.9308213 I
OS 3.459609 2.9312578
OS 3.4590693 2.9316472
OS 3.4584763 2.9319897
OS 3.45783 2.9322851
OS 3.4571306 2.9325336
OS 3.4563778 2.9327351
OS 3.4555719 2.9328896
OS 3.4547127 2.9329972
OS 3.4538003 2.9330577
OS 3.4528346 2.9330713
OS 3.4606295 2.9408662
OS 3.4606431 2.9399005
OS 3.4608112 2.9381289
OS 3.4609657 2.937323
OS 3.4611672 2.9365702
OS 3.4614157 2.9358708
OS 3.4617111 2.9352245
OS 3.4620536 2.9346315
OS 3.462443 2.9340918
OS 3.4628795 2.9336052
OS 3.4600956 2.9308213
OE
SE
S P 0
OB 7.9465693 2.6698257 I
OS 7.9470058 2.6703123
OS 7.9473952 2.670852
OS 7.9477377 2.671445
OS 7.9480331 2.6720913
OS 7.9482816 2.6727907
OS 7.9484831 2.6735435
OS 7.9486376 2.6743494
OS 7.9487452 2.6752086
OS 7.9488057 2.676121
OS 7.9488193 2.6770867
OS 7.9566142 2.6692918
OS 7.9556485 2.6692782
OS 7.9538769 2.6691101
OS 7.953071 2.6689556
OS 7.9523182 2.6687541
OS 7.9516188 2.6685056
OS 7.9509725 2.6682102
OS 7.9503795 2.6678677
OS 7.9498398 2.6674783
OS 7.9493532 2.6670418
OS 7.9465693 2.6698257
OE
SE
S P 0
OB 1.3228355 2.2593056 I
OS 1.3228001 2.2599583
OS 1.3226938 2.2606153
OS 1.3225166 2.2612768
OS 1.3222686 2.2619427
OS 1.3219497 2.262613
OS 1.3215599 2.2632877
OS 1.3210993 2.2639669
OS 1.3205678 2.2646504
OS 1.3199654 2.2653384
OS 1.3192922 2.2660308
OS 1.3303158 2.2660308
OS 1.3296426 2.2653384
OS 1.3285087 2.2639669
OS 1.3280481 2.2632877
OS 1.3276583 2.262613
OS 1.3273394 2.2619427
OS 1.3270914 2.2612768
OS 1.3269142 2.2606153
OS 1.3268079 2.2599583
OS 1.3267725 2.2593056
OS 1.3228355 2.2593056
OE
SE
S P 0
OB 12.7465683 2.6501402 I
OS 12.7470048 2.6506268
OS 12.7473942 2.6511665
OS 12.7477367 2.6517595
OS 12.7480321 2.6524058
OS 12.7482806 2.6531052
OS 12.7484821 2.653858
OS 12.7486366 2.6546639
OS 12.7487442 2.6555231
OS 12.7488047 2.6564355
OS 12.7488183 2.6574012
OS 12.7566132 2.6496063
OS 12.7556475 2.6495927
OS 12.7538759 2.6494246
OS 12.75307 2.6492701
OS 12.7523172 2.6490686
OS 12.7516178 2.6488201
OS 12.7509715 2.6485247
OS 12.7503785 2.6481822
OS 12.7498388 2.6477928
OS 12.7493522 2.6473563
OS 12.7465683 2.6501402
OE
SE
S P 0
OB 3.4600956 2.8914512 I
OS 3.459609 2.8918877
OS 3.4590693 2.8922771
OS 3.4584763 2.8926196
OS 3.45783 2.892915
OS 3.4571306 2.8931635
OS 3.4563778 2.893365
OS 3.4555719 2.8935195
OS 3.4547127 2.8936271
OS 3.4538003 2.8936876
OS 3.4528346 2.8937012
OS 3.4606295 2.9014961
OS 3.4606431 2.9005304
OS 3.4608112 2.8987588
OS 3.4609657 2.8979529
OS 3.4611672 2.8972001
OS 3.4614157 2.8965007
OS 3.4617111 2.8958544
OS 3.4620536 2.8952614
OS 3.462443 2.8947217
OS 3.4628795 2.8942351
OS 3.4600956 2.8914512
OE
SE
S P 0
OB 7.9465684 2.6501403 I
OS 7.9470049 2.6506269
OS 7.9473943 2.6511666
OS 7.9477368 2.6517596
OS 7.9480322 2.6524059
OS 7.9482807 2.6531053
OS 7.9484822 2.6538581
OS 7.9486367 2.654664
OS 7.9487443 2.6555232
OS 7.9488048 2.6564356
OS 7.9488184 2.6574013
OS 7.9566133 2.6496064
OS 7.9556476 2.6495928
OS 7.953876 2.6494247
OS 7.9530701 2.6492702
OS 7.9523173 2.6490687
OS 7.9516179 2.6488202
OS 7.9509716 2.6485248
OS 7.9503786 2.6481823
OS 7.9498389 2.6477929
OS 7.9493523 2.6473564
OS 7.9465684 2.6501403
OE
SE
S P 0
OB 11.5465692 2.6304556 I
OS 11.5470057 2.6309422
OS 11.5473951 2.6314819
OS 11.5477376 2.6320749
OS 11.548033 2.6327212
OS 11.5482815 2.6334206
OS 11.548483 2.6341734
OS 11.5486375 2.6349793
OS 11.5487451 2.6358385
OS 11.5488056 2.6367509
OS 11.5488192 2.6377166
OS 11.5566141 2.6299217
OS 11.5556484 2.6299081
OS 11.5538768 2.62974
OS 11.5530709 2.6295855
OS 11.5523181 2.629384
OS 11.5516187 2.6291355
OS 11.5509724 2.6288401
OS 11.5503794 2.6284976
OS 11.5498397 2.6281082
OS 11.5493531 2.6276717
OS 11.5465692 2.6304556
OE
SE
S P 0
OB 1.9704715 1.8498563 I
OS 1.9704361 1.850509
OS 1.9703298 1.851166
OS 1.9701526 1.8518275
OS 1.9699046 1.8524934
OS 1.9695857 1.8531637
OS 1.9691959 1.8538384
OS 1.9687353 1.8545176
OS 1.9682038 1.8552011
OS 1.9676014 1.8558891
OS 1.9669282 1.8565815
OS 1.9779518 1.8565815
OS 1.9772786 1.8558891
OS 1.9761447 1.8545176
OS 1.9756841 1.8538384
OS 1.9752943 1.8531637
OS 1.9749754 1.8524934
OS 1.9747274 1.8518275
OS 1.9745502 1.851166
OS 1.9744439 1.850509
OS 1.9744085 1.8498563
OS 1.9704715 1.8498563
OE
SE
S P 0
OB 2.4662544 1.9158883 I
OS 2.4666909 1.9163749
OS 2.4670803 1.9169146
OS 2.4674228 1.9175076
OS 2.4677182 1.9181539
OS 2.4679667 1.9188533
OS 2.4681682 1.9196061
OS 2.4683227 1.920412
OS 2.4684303 1.9212712
OS 2.4684908 1.9221836
OS 2.4685044 1.9231493
OS 2.4762993 1.9153544
OS 2.4753336 1.9153408
OS 2.473562 1.9151727
OS 2.4727561 1.9150182
OS 2.4720033 1.9148167
OS 2.4713039 1.9145682
OS 2.4706576 1.9142728
OS 2.4700646 1.9139303
OS 2.4695249 1.9135409
OS 2.4690383 1.9131044
OS 2.4662544 1.9158883
OE
SE
S P 0
OB 10.3465692 2.6304556 I
OS 10.3470057 2.6309422
OS 10.3473951 2.6314819
OS 10.3477376 2.6320749
OS 10.348033 2.6327212
OS 10.3482815 2.6334206
OS 10.348483 2.6341734
OS 10.3486375 2.6349793
OS 10.3487451 2.6358385
OS 10.3488056 2.6367509
OS 10.3488192 2.6377166
OS 10.3566141 2.6299217
OS 10.3556484 2.6299081
OS 10.3538768 2.62974
OS 10.3530709 2.6295855
OS 10.3523181 2.629384
OS 10.3516187 2.6291355
OS 10.3509724 2.6288401
OS 10.3503794 2.6284976
OS 10.3498397 2.6281082
OS 10.3493531 2.6276717
OS 10.3465692 2.6304556
OE
SE
S P 0
OB 2.9443475 2.1237347 I
OS 2.943861 2.1241711
OS 2.9433212 2.1245606
OS 2.9427282 2.124903
OS 2.942082 2.1251985
OS 2.9413825 2.125447
OS 2.9406298 2.1256485
OS 2.9398238 2.125803
OS 2.9389647 2.1259106
OS 2.9380522 2.1259711
OS 2.9370866 2.1259847
OS 2.9448815 2.1337795
OS 2.9448951 2.1328138
OS 2.9450631 2.1310422
OS 2.9452177 2.1302363
OS 2.9454192 2.1294836
OS 2.9456676 2.1287841
OS 2.9459631 2.1281379
OS 2.9463056 2.1275449
OS 2.946695 2.1270051
OS 2.9471314 2.1265186
OS 2.9443475 2.1237347
OE
SE
S P 0
OB 9.1465692 2.6304556 I
OS 9.1470057 2.6309422
OS 9.1473951 2.6314819
OS 9.1477376 2.6320749
OS 9.148033 2.6327212
OS 9.1482815 2.6334206
OS 9.148483 2.6341734
OS 9.1486375 2.6349793
OS 9.1487451 2.6358385
OS 9.1488056 2.6367509
OS 9.1488192 2.6377166
OS 9.1566141 2.6299217
OS 9.1556484 2.6299081
OS 9.1538768 2.62974
OS 9.1530709 2.6295855
OS 9.1523181 2.629384
OS 9.1516187 2.6291355
OS 9.1509724 2.6288401
OS 9.1503794 2.6284976
OS 9.1498397 2.6281082
OS 9.1493531 2.6276717
OS 9.1465692 2.6304556
OE
SE
S P 0
OB 3.4635936 2.8761421 I
OS 3.4630465 2.8766395
OS 3.462505 2.8770316
OS 3.4619693 2.8773184
OS 3.4614392 2.8774999
OS 3.4609149 2.8775761
OS 3.4603963 2.877547
OS 3.4598834 2.8774127
OS 3.4593762 2.8771731
OS 3.4588748 2.8768281
OS 3.458379 2.8763779
OS 3.4591052 2.8865468
OS 3.4593403 2.8862454
OS 3.4605666 2.8848623
OS 3.4653625 2.879941
OS 3.4635936 2.8761421
OE
SE
S P 0
OB 7.9465693 2.6304556 I
OS 7.9470058 2.6309422
OS 7.9473952 2.6314819
OS 7.9477377 2.6320749
OS 7.9480331 2.6327212
OS 7.9482816 2.6334206
OS 7.9484831 2.6341734
OS 7.9486376 2.6349793
OS 7.9487452 2.6358385
OS 7.9488057 2.6367509
OS 7.9488193 2.6377166
OS 7.9566142 2.6299217
OS 7.9556485 2.6299081
OS 7.9538769 2.62974
OS 7.953071 2.6295855
OS 7.9523182 2.629384
OS 7.9516188 2.6291355
OS 7.9509725 2.6288401
OS 7.9503795 2.6284976
OS 7.9498398 2.6281082
OS 7.9493532 2.6276717
OS 7.9465693 2.6304556
OE
SE
S P 0
OB 3.8124155 2.1167183 I
OS 3.8119876 2.1162644
OS 3.811617 2.1158159
OS 3.8113037 2.1153727
OS 3.8110477 2.1149349
OS 3.810849 2.1145024
OS 3.8107075 2.1140752
OS 3.8106234 2.1136534
OS 3.8105965 2.113237
OS 3.810627 2.1128258
OS 3.8107147 2.1124201
OS 3.8053335 2.1178013
OS 3.8057392 2.1177136
OS 3.8061504 2.1176831
OS 3.8065668 2.11771
OS 3.8069886 2.1177941
OS 3.8074158 2.1179356
OS 3.8078483 2.1181343
OS 3.8082861 2.1183903
OS 3.8087293 2.1187036
OS 3.8091778 2.1190742
OS 3.8096317 2.1195021
OS 3.8124155 2.1167183
OE
SE
S P 0
OB 9.1465692 2.6698257 I
OS 9.1470057 2.6703123
OS 9.1473951 2.670852
OS 9.1477376 2.671445
OS 9.148033 2.6720913
OS 9.1482815 2.6727907
OS 9.148483 2.6735435
OS 9.1486375 2.6743494
OS 9.1487451 2.6752086
OS 9.1488056 2.676121
OS 9.1488192 2.6770867
OS 9.1566141 2.6692918
OS 9.1556484 2.6692782
OS 9.1538768 2.6691101
OS 9.1530709 2.6689556
OS 9.1523181 2.6687541
OS 9.1516187 2.6685056
OS 9.1509724 2.6682102
OS 9.1503794 2.6678677
OS 9.1498397 2.6674783
OS 9.1493531 2.6670418
OS 9.1465692 2.6698257
OE
SE
S P 0
OB 1.9921255 1.8459193 I
OS 1.9920901 1.846572
OS 1.9919838 1.847229
OS 1.9918066 1.8478905
OS 1.9915586 1.8485564
OS 1.9912397 1.8492267
OS 1.9908499 1.8499014
OS 1.9903893 1.8505806
OS 1.9898578 1.8512641
OS 1.9892554 1.8519521
OS 1.9885822 1.8526445
OS 1.9996058 1.8526445
OS 1.9989326 1.8519521
OS 1.9977987 1.8505806
OS 1.9973381 1.8499014
OS 1.9969483 1.8492267
OS 1.9966294 1.8485564
OS 1.9963814 1.8478905
OS 1.9962042 1.847229
OS 1.9960979 1.846572
OS 1.9960625 1.8459193
OS 1.9921255 1.8459193
OE
SE
S P 0
OB 11.5465683 2.6501403 I
OS 11.5470048 2.6506269
OS 11.5473942 2.6511666
OS 11.5477367 2.6517596
OS 11.5480321 2.6524059
OS 11.5482806 2.6531053
OS 11.5484821 2.6538581
OS 11.5486366 2.654664
OS 11.5487442 2.6555232
OS 11.5488047 2.6564356
OS 11.5488183 2.6574013
OS 11.5566132 2.6496064
OS 11.5556475 2.6495928
OS 11.5538759 2.6494247
OS 11.55307 2.6492702
OS 11.5523172 2.6490687
OS 11.5516178 2.6488202
OS 11.5509715 2.6485248
OS 11.5503785 2.6481823
OS 11.5498388 2.6477929
OS 11.5493522 2.6473564
OS 11.5465683 2.6501403
OE
SE
S P 0
OB 1.3031307 2.2590474 I
OS 1.296525 2.2653048
OS 1.3066938 2.2660308
OS 1.3062436 2.2655351
OS 1.3058987 2.2650336
OS 1.305659 2.2645264
OS 1.3055247 2.2640136
OS 1.3054956 2.263495
OS 1.3055718 2.2629706
OS 1.3057534 2.2624406
OS 1.3060402 2.2619049
OS 1.3064322 2.2613634
OS 1.3069296 2.2608163
OS 1.3031307 2.2590474
OE
SE
S P 0
OB 12.7465692 2.6304555 I
OS 12.7470057 2.6309421
OS 12.7473951 2.6314818
OS 12.7477376 2.6320748
OS 12.748033 2.6327211
OS 12.7482815 2.6334205
OS 12.748483 2.6341733
OS 12.7486375 2.6349792
OS 12.7487451 2.6358384
OS 12.7488056 2.6367508
OS 12.7488192 2.6377165
OS 12.7566141 2.6299216
OS 12.7556484 2.629908
OS 12.7538768 2.6297399
OS 12.7530709 2.6295854
OS 12.7523181 2.6293839
OS 12.7516187 2.6291354
OS 12.7509724 2.62884
OS 12.7503794 2.6284975
OS 12.7498397 2.6281081
OS 12.7493531 2.6276716
OS 12.7465692 2.6304555
OE
SE
S P 0
OB 3.4600956 2.9505063 I
OS 3.459609 2.9509428
OS 3.4590693 2.9513322
OS 3.4584763 2.9516747
OS 3.45783 2.9519701
OS 3.4571306 2.9522186
OS 3.4563778 2.9524201
OS 3.4555719 2.9525746
OS 3.4547127 2.9526822
OS 3.4538003 2.9527427
OS 3.4528346 2.9527563
OS 3.4606295 2.9605512
OS 3.4606431 2.9595855
OS 3.4608112 2.9578139
OS 3.4609657 2.957008
OS 3.4611672 2.9562552
OS 3.4614157 2.9555558
OS 3.4617111 2.9549095
OS 3.4620536 2.9543165
OS 3.462443 2.9537768
OS 3.4628795 2.9532902
OS 3.4600956 2.9505063
OE
SE
S P 0
OB 7.9465693 2.6895107 I
OS 7.9470058 2.6899973
OS 7.9473952 2.690537
OS 7.9477377 2.69113
OS 7.9480331 2.6917763
OS 7.9482816 2.6924757
OS 7.9484831 2.6932285
OS 7.9486376 2.6940344
OS 7.9487452 2.6948936
OS 7.9488057 2.695806
OS 7.9488193 2.6967717
OS 7.9566142 2.6889768
OS 7.9556485 2.6889632
OS 7.9538769 2.6887951
OS 7.953071 2.6886406
OS 7.9523182 2.6884391
OS 7.9516188 2.6881906
OS 7.9509725 2.6878952
OS 7.9503795 2.6875527
OS 7.9498398 2.6871633
OS 7.9493532 2.6867268
OS 7.9465693 2.6895107
OE
SE
S P 0
OB 1.3498597 2.2457824 I
OS 1.3493731 2.2462189
OS 1.3488334 2.2466083
OS 1.3482404 2.2469508
OS 1.3475941 2.2472462
OS 1.3468947 2.2474947
OS 1.3461419 2.2476962
OS 1.345336 2.2478507
OS 1.3444768 2.2479583
OS 1.3435644 2.2480188
OS 1.3425987 2.2480324
OS 1.3503936 2.2558273
OS 1.3504072 2.2548616
OS 1.3505753 2.25309
OS 1.3507298 2.2522841
OS 1.3509313 2.2515313
OS 1.3511798 2.2508319
OS 1.3514752 2.2501856
OS 1.3518177 2.2495926
OS 1.3522071 2.2490529
OS 1.3526436 2.2485663
OS 1.3498597 2.2457824
OE
SE
S P 0
OB 12.7465692 2.6698256 I
OS 12.7470057 2.6703122
OS 12.7473951 2.6708519
OS 12.7477376 2.6714449
OS 12.748033 2.6720912
OS 12.7482815 2.6727906
OS 12.748483 2.6735434
OS 12.7486375 2.6743493
OS 12.7487451 2.6752085
OS 12.7488056 2.6761209
OS 12.7488192 2.6770866
OS 12.7566141 2.6692917
OS 12.7556484 2.6692781
OS 12.7538768 2.66911
OS 12.7530709 2.6689555
OS 12.7523181 2.668754
OS 12.7516187 2.6685055
OS 12.7509724 2.6682101
OS 12.7503794 2.6678676
OS 12.7498397 2.6674782
OS 12.7493531 2.6670417
OS 12.7465692 2.6698256
OE
SE
S P 0
OB 1.3241788 3.2215354 I
OS 1.3253844 3.2215715
OS 1.3265216 3.2216799
OS 1.3275903 3.2218606
OS 1.3285905 3.2221135
OS 1.3295223 3.2224386
OS 1.3303856 3.2228361
OS 1.3311804 3.2233058
OS 1.3319068 3.2238477
OS 1.3325648 3.2244619
OS 1.3331542 3.2251484
OS 1.3351375 3.2087323
OS 1.3344111 3.2092649
OS 1.3336324 3.2097414
OS 1.3328013 3.2101619
OS 1.3319178 3.2105263
OS 1.330982 3.2108346
OS 1.3299938 3.2110869
OS 1.3289532 3.2112831
OS 1.3278602 3.2114233
OS 1.3267148 3.2115074
OS 1.3255171 3.2115354
OS 1.3241788 3.2215354
OE
SE
S P 0
OB 1.1673934 3.2115354 I
OS 1.166193 3.2115027
OS 1.1650515 3.2114047
OS 1.1639689 3.2112413
OS 1.1629453 3.2110126
OS 1.1619806 3.2107185
OS 1.1610748 3.210359
OS 1.160228 3.2099342
OS 1.1594401 3.2094441
OS 1.1587111 3.2088886
OS 1.158041 3.2082677
OS 1.158041 3.2248031
OS 1.1587111 3.2241822
OS 1.1594401 3.2236267
OS 1.160228 3.2231366
OS 1.1610748 3.2227118
OS 1.1619806 3.2223523
OS 1.1629453 3.2220582
OS 1.1639689 3.2218295
OS 1.1650515 3.2216661
OS 1.166193 3.2215681
OS 1.1673934 3.2215354
OS 1.1673934 3.2115354
OE
SE
S P 0
OB 1.212061 2.6633858 I
OS 1.2127137 2.6634212
OS 1.2133707 2.6635275
OS 1.2140322 2.6637047
OS 1.2146981 2.6639527
OS 1.2153684 2.6642716
OS 1.2160431 2.6646614
OS 1.2167223 2.665122
OS 1.2174058 2.6656535
OS 1.2180938 2.6662559
OS 1.2187862 2.6669291
OS 1.2187862 2.6559055
OS 1.2180938 2.6565787
OS 1.2167223 2.6577126
OS 1.2160431 2.6581732
OS 1.2153684 2.658563
OS 1.2146981 2.6588819
OS 1.2140322 2.6591299
OS 1.2133707 2.6593071
OS 1.2127137 2.6594134
OS 1.212061 2.6594488
OS 1.212061 2.6633858
OE
SE
S P 0
OB 0.5595925 3.7933071 I
OS 0.5589398 3.7932717
OS 0.5582828 3.7931654
OS 0.5576213 3.7929882
OS 0.5569554 3.7927402
OS 0.5562851 3.7924213
OS 0.5556104 3.7920315
OS 0.5549312 3.7915709
OS 0.5542477 3.7910394
OS 0.5535597 3.790437
OS 0.5528673 3.7897638
OS 0.5528673 3.8007874
OS 0.5535597 3.8001142
OS 0.5549312 3.7989803
OS 0.5556104 3.7985197
OS 0.5562851 3.7981299
OS 0.5569554 3.797811
OS 0.5576213 3.797563
OS 0.5582828 3.7973858
OS 0.5589398 3.7972795
OS 0.5595925 3.7972441
OS 0.5595925 3.7933071
OE
SE
S P 0
OB 1.1521514 2.6785573 I
OS 1.1525793 2.6790112
OS 1.1529499 2.6794597
OS 1.1532632 2.6799029
OS 1.1535192 2.6803407
OS 1.1537179 2.6807732
OS 1.1538594 2.6812004
OS 1.1539435 2.6816222
OS 1.1539704 2.6820386
OS 1.1539399 2.6824498
OS 1.1538522 2.6828555
OS 1.1592334 2.6774743
OS 1.1588277 2.677562
OS 1.1584165 2.6775925
OS 1.1580001 2.6775656
OS 1.1575783 2.6774815
OS 1.1571511 2.67734
OS 1.1567186 2.6771413
OS 1.1562808 2.6768853
OS 1.1558376 2.676572
OS 1.1553891 2.6762014
OS 1.1549352 2.6757735
OS 1.1521514 2.6785573
OE
SE
S P 0
OB 0.7457819 3.7761249 I
OS 0.7462184 3.7766115
OS 0.7466078 3.7771512
OS 0.7469503 3.7777442
OS 0.7472457 3.7783905
OS 0.7474942 3.7790899
OS 0.7476957 3.7798427
OS 0.7478502 3.7806486
OS 0.7479578 3.7815078
OS 0.7480183 3.7824202
OS 0.7480319 3.7833859
OS 0.7558268 3.775591
OS 0.7548611 3.7755774
OS 0.7530895 3.7754093
OS 0.7522836 3.7752548
OS 0.7515308 3.7750533
OS 0.7508314 3.7748048
OS 0.7501851 3.7745094
OS 0.7495921 3.7741669
OS 0.7490524 3.7737775
OS 0.7485658 3.773341
OS 0.7457819 3.7761249
OE
SE
S P 0
OB 1.1514847 2.6515748 I
OS 1.1520402 2.6515906
OS 1.1532795 2.6517167
OS 1.1539633 2.6518271
OS 1.1562713 2.6523474
OS 1.1580238 2.6528519
OS 1.1589642 2.6531515
OS 1.1537916 2.6437075
OS 1.1535624 2.6444543
OS 1.1532791 2.6451224
OS 1.1529419 2.645712
OS 1.1525506 2.6462229
OS 1.1521054 2.6466552
OS 1.1516061 2.647009
OS 1.1510528 2.6472841
OS 1.1504455 2.6474806
OS 1.1497842 2.6475985
OS 1.1490689 2.6476378
OS 1.1514847 2.6515748
OE
SE
S P 0
OB 0.4564254 3.7795276 I
OS 0.4558421 3.7794995
OS 0.4552223 3.7794154
OS 0.4545659 3.7792751
OS 0.453873 3.7790787
OS 0.4531436 3.7788262
OS 0.4515752 3.7781529
OS 0.4507362 3.777732
OS 0.4489486 3.776722
OS 0.4517045 3.7873956
OS 0.4521699 3.7866487
OS 0.4526603 3.7859804
OS 0.4531756 3.7853908
OS 0.4537158 3.7848798
OS 0.4542809 3.7844473
OS 0.4548709 3.7840936
OS 0.4554859 3.7838184
OS 0.4561258 3.7836218
OS 0.4567906 3.7835039
OS 0.4574803 3.7834646
OS 0.4564254 3.7795276
OE
SE
S P 0
OB 1.2301571 2.640759 I
OS 1.2296597 2.6402119
OS 1.2292676 2.6396704
OS 1.2289808 2.6391347
OS 1.2287993 2.6386046
OS 1.2287231 2.6380803
OS 1.2287522 2.6375617
OS 1.2288865 2.6370488
OS 1.2291261 2.6365416
OS 1.2294711 2.6360402
OS 1.2299213 2.6355444
OS 1.2197524 2.6362706
OS 1.2200538 2.6365057
OS 1.2214369 2.637732
OS 1.2263582 2.6425279
OS 1.2301571 2.640759
OE
SE
S P 0
OB 0.6658917 3.8090551 I
OS 0.665239 3.8090197
OS 0.664582 3.8089134
OS 0.6639205 3.8087362
OS 0.6632546 3.8084882
OS 0.6625843 3.8081693
OS 0.6619096 3.8077795
OS 0.6612304 3.8073189
OS 0.6605469 3.8067874
OS 0.6598589 3.806185
OS 0.6591665 3.8055118
OS 0.6591665 3.8165354
OS 0.6598589 3.8158622
OS 0.6612304 3.8147283
OS 0.6619096 3.8142677
OS 0.6625843 3.8138779
OS 0.6632546 3.813559
OS 0.6639205 3.813311
OS 0.664582 3.8131338
OS 0.665239 3.8130275
OS 0.6658917 3.8129921
OS 0.6658917 3.8090551
OE
SE
S P 0
OB 1.7609704 0.5320834 I
OS 1.7605339 0.5315968
OS 1.7601445 0.5310571
OS 1.759802 0.5304641
OS 1.7595066 0.5298178
OS 1.7592581 0.5291184
OS 1.7590566 0.5283656
OS 1.7589021 0.5275597
OS 1.7587945 0.5267005
OS 1.758734 0.5257881
OS 1.7587204 0.5248224
OS 1.7509255 0.5326173
OS 1.7518912 0.5326309
OS 1.7536628 0.532799
OS 1.7544687 0.5329535
OS 1.7552215 0.533155
OS 1.7559209 0.5334035
OS 1.7565672 0.5336989
OS 1.7571602 0.5340414
OS 1.7576999 0.5344308
OS 1.7581865 0.5348673
OS 1.7609704 0.5320834
OE
SE
S P 0
OB 1.6672239 1.4331699 I
OS 1.6666789 1.4331668
OS 1.6645275 1.4330164
OS 1.6643554 1.4329695
OS 1.6642367 1.4329162
OS 1.6641712 1.4328567
OS 1.6653316 1.4376047
OS 1.6653574 1.4375101
OS 1.6654194 1.4374255
OS 1.6655178 1.4373508
OS 1.6656526 1.4372861
OS 1.6658236 1.4372314
OS 1.666031 1.4371866
OS 1.6662747 1.4371517
OS 1.6665548 1.4371268
OS 1.6672239 1.4371069
OS 1.6672239 1.4331699
OE
SE
S P 0
OB 1.7052618 1.261811 I
OS 1.7046091 1.2617756
OS 1.7039521 1.2616693
OS 1.7032906 1.2614921
OS 1.7026247 1.2612441
OS 1.7019544 1.2609252
OS 1.7012797 1.2605354
OS 1.7006005 1.2600748
OS 1.699917 1.2595433
OS 1.699229 1.2589409
OS 1.6985366 1.2582677
OS 1.6985366 1.2692913
OS 1.699229 1.2686181
OS 1.7006005 1.2674842
OS 1.7012797 1.2670236
OS 1.7019544 1.2666338
OS 1.7026247 1.2663149
OS 1.7032906 1.2660669
OS 1.7039521 1.2658897
OS 1.7046091 1.2657834
OS 1.7052618 1.265748
OS 1.7052618 1.261811
OE
SE
S P 0
OB 1.712061 1.265748 I
OS 1.7127137 1.2657834
OS 1.7133707 1.2658897
OS 1.7140322 1.2660669
OS 1.7146981 1.2663149
OS 1.7153684 1.2666338
OS 1.7160431 1.2670236
OS 1.7167223 1.2674842
OS 1.7174058 1.2680157
OS 1.7180938 1.2686181
OS 1.7187862 1.2692913
OS 1.7187862 1.2582677
OS 1.7180938 1.2589409
OS 1.7167223 1.2600748
OS 1.7160431 1.2605354
OS 1.7153684 1.2609252
OS 1.7146981 1.2612441
OS 1.7140322 1.2614921
OS 1.7133707 1.2616693
OS 1.7127137 1.2617756
OS 1.712061 1.261811
OS 1.712061 1.265748
OE
SE
S P 0
OB 1.726659 0.5270247 I
OS 1.7262225 0.5265381
OS 1.7258331 0.5259984
OS 1.7254906 0.5254054
OS 1.7251952 0.5247591
OS 1.7249467 0.5240597
OS 1.7247452 0.5233069
OS 1.7245907 0.522501
OS 1.7244831 0.5216418
OS 1.7244226 0.5207294
OS 1.724409 0.5197637
OS 1.7166141 0.5275586
OS 1.7175798 0.5275722
OS 1.7193514 0.5277403
OS 1.7201573 0.5278948
OS 1.7209101 0.5280963
OS 1.7216095 0.5283448
OS 1.7222558 0.5286402
OS 1.7228488 0.5289827
OS 1.7233885 0.5293721
OS 1.7238751 0.5298086
OS 1.726659 0.5270247
OE
SE
S P 0
OB 1.6761755 1.4035433 I
OS 1.6755228 1.4035079
OS 1.6748658 1.4034016
OS 1.6742043 1.4032244
OS 1.6735384 1.4029764
OS 1.6728681 1.4026575
OS 1.6721934 1.4022677
OS 1.6715142 1.4018071
OS 1.6708307 1.4012756
OS 1.6701427 1.4006732
OS 1.6694503 1.4
OS 1.6694503 1.4110236
OS 1.6701427 1.4103504
OS 1.6715142 1.4092165
OS 1.6721934 1.4087559
OS 1.6728681 1.4083661
OS 1.6735384 1.4080472
OS 1.6742043 1.4077992
OS 1.6748658 1.407622
OS 1.6755228 1.4075157
OS 1.6761755 1.4074803
OS 1.6761755 1.4035433
OE
SE
S P 0
OB 1.5205842 1.4665354 I
OS 1.5199315 1.4665
OS 1.5192745 1.4663937
OS 1.518613 1.4662165
OS 1.5179471 1.4659685
OS 1.5172768 1.4656496
OS 1.5166021 1.4652598
OS 1.5159229 1.4647992
OS 1.5152394 1.4642677
OS 1.5145514 1.4636653
OS 1.513859 1.4629921
OS 1.513859 1.4740157
OS 1.5145514 1.4733425
OS 1.5159229 1.4722086
OS 1.5166021 1.471748
OS 1.5172768 1.4713582
OS 1.5179471 1.4710393
OS 1.518613 1.4707913
OS 1.5192745 1.4706141
OS 1.5199315 1.4705078
OS 1.5205842 1.4704724
OS 1.5205842 1.4665354
OE
SE
S P 0
OB 1.6924605 0.5162854 I
OS 1.6924959 0.5156327
OS 1.6926022 0.5149757
OS 1.6927794 0.5143142
OS 1.6930274 0.5136483
OS 1.6933463 0.512978
OS 1.6937361 0.5123033
OS 1.6941967 0.5116241
OS 1.6947282 0.5109406
OS 1.6953306 0.5102526
OS 1.6960038 0.5095602
OS 1.6849802 0.5095602
OS 1.6856534 0.5102526
OS 1.6867873 0.5116241
OS 1.6872479 0.5123033
OS 1.6876377 0.512978
OS 1.6879566 0.5136483
OS 1.6882046 0.5143142
OS 1.6883818 0.5149757
OS 1.6884881 0.5156327
OS 1.6885235 0.5162854
OS 1.6924605 0.5162854
OE
SE
S P 0
OB 1.6836475 1.3804917 I
OS 1.6831931 1.3809199
OS 1.682744 1.3812909
OS 1.6823002 1.3816045
OS 1.6818616 1.3818607
OS 1.6814282 1.3820596
OS 1.681 1.3822012
OS 1.6805771 1.3822854
OS 1.6801594 1.3823123
OS 1.6797469 1.3822819
OS 1.6793397 1.3821941
OS 1.6847289 1.3875833
OS 1.6846411 1.3871761
OS 1.6846107 1.3867636
OS 1.6846376 1.3863459
OS 1.6847218 1.385923
OS 1.6848634 1.3854948
OS 1.6850623 1.3850614
OS 1.6853185 1.3846228
OS 1.6856321 1.384179
OS 1.6860031 1.3837299
OS 1.6864313 1.3832755
OS 1.6836475 1.3804917
OE
SE
S P 0
OB 1.2199351 2.5885827 I
OS 1.2205878 2.5886181
OS 1.2212448 2.5887244
OS 1.2219063 2.5889016
OS 1.2225722 2.5891496
OS 1.2232425 2.5894685
OS 1.2239172 2.5898583
OS 1.2245964 2.5903189
OS 1.2252799 2.5908504
OS 1.2259679 2.5914528
OS 1.2266603 2.592126
OS 1.2266603 2.5811024
OS 1.2259679 2.5817756
OS 1.2245964 2.5829095
OS 1.2239172 2.5833701
OS 1.2232425 2.5837599
OS 1.2225722 2.5840788
OS 1.2219063 2.5843268
OS 1.2212448 2.584504
OS 1.2205878 2.5846103
OS 1.2199351 2.5846457
OS 1.2199351 2.5885827
OE
SE
S P 0
OB 2.4923511 0.5848707 I
OS 2.4922968 0.5860012
OS 2.492134 0.5870422
OS 2.4918627 0.5879938
OS 2.4914828 0.5888559
OS 2.4909944 0.5896286
OS 2.4903975 0.5903119
OS 2.489692 0.5909057
OS 2.488878 0.5914101
OS 2.4879555 0.591825
OS 2.4869244 0.5921505
OS 2.5017148 0.5921505
OS 2.5006837 0.591825
OS 2.4997612 0.5914101
OS 2.4989472 0.5909057
OS 2.4982417 0.5903119
OS 2.4976448 0.5896286
OS 2.4971564 0.5888559
OS 2.4967765 0.5879938
OS 2.4965052 0.5870422
OS 2.4963424 0.5860012
OS 2.4962881 0.5848707
OS 2.4923511 0.5848707
OE
SE
S P 0
OB 1.3338501 2.8799411 I
OS 1.3401075 2.8865468
OS 1.3408335 2.876378
OS 1.3403378 2.8768282
OS 1.3398363 2.8771731
OS 1.3393291 2.8774128
OS 1.3388163 2.8775471
OS 1.3382977 2.8775762
OS 1.3377733 2.8775
OS 1.3372433 2.8773184
OS 1.3367076 2.8770316
OS 1.3361661 2.8766396
OS 1.335619 2.8761422
OS 1.3338501 2.8799411
OE
SE
S P 0
OB 0.8608128 3.463175 I
OS 0.8603279 3.463628
OS 0.8598392 3.4640211
OS 0.8593466 3.4643542
OS 0.8588503 3.4646275
OS 0.8583501 3.4648408
OS 0.857846 3.4649942
OS 0.8573382 3.4650877
OS 0.8568265 3.4651212
OS 0.856311 3.4650949
OS 0.8557917 3.4650086
OS 0.861763 3.4709799
OS 0.8616767 3.4704606
OS 0.8616504 3.4699451
OS 0.8616839 3.4694334
OS 0.8617774 3.4689256
OS 0.8619308 3.4684215
OS 0.8621441 3.4679213
OS 0.8624174 3.467425
OS 0.8627505 3.4669324
OS 0.8631436 3.4664437
OS 0.8635966 3.4659588
OS 0.8608128 3.463175
OE
SE
S P 0
OB 1.3341056 2.4704675 I
OS 1.3347583 2.4705029
OS 1.3354153 2.4706092
OS 1.3360768 2.4707864
OS 1.3367427 2.4710344
OS 1.337413 2.4713533
OS 1.3380877 2.4717431
OS 1.3387669 2.4722037
OS 1.3394504 2.4727352
OS 1.3401384 2.4733376
OS 1.3408308 2.4740108
OS 1.3408308 2.4629872
OS 1.3401384 2.4636604
OS 1.3387669 2.4647943
OS 1.3380877 2.4652549
OS 1.337413 2.4656447
OS 1.3367427 2.4659636
OS 1.3360768 2.4662116
OS 1.3354153 2.4663888
OS 1.3347583 2.4664951
OS 1.3341056 2.4665305
OS 1.3341056 2.4704675
OE
SE
S P 0
OB 2.2679557 0.6593495 I
OS 2.2688635 0.6586715
OS 2.2702978 0.6579266
OS 2.2722586 0.6571149
OS 2.2747457 0.6562363
OS 2.285366 0.6531997
OS 2.3007242 0.6495616
OS 2.2656289 0.6277168
OS 2.2666178 0.6321223
OS 2.2678626 0.6399629
OS 2.2681185 0.6433979
OS 2.26813 0.6465095
OS 2.2678972 0.6492976
OS 2.26742 0.6517622
OS 2.2666985 0.6539033
OS 2.2657326 0.6557209
OS 2.2645223 0.6572151
OS 2.2679557 0.6593495
OE
SE
S P 0
OB 2.863748 2.2824982 I
OS 2.8637878 2.2817917
OS 2.8639073 2.2811286
OS 2.8641064 2.2805089
OS 2.8643851 2.2799326
OS 2.8647434 2.2793997
OS 2.8651814 2.2789101
OS 2.8656991 2.2784639
OS 2.8662964 2.2780611
OS 2.8669733 2.2777017
OS 2.8677298 2.2773857
OS 2.8576901 2.2729267
OS 2.8580931 2.2739574
OS 2.8594717 2.2782486
OS 2.8596201 2.2789343
OS 2.8597898 2.2801334
OS 2.859811 2.2806467
OS 2.863748 2.2824982
OE
SE
S P 0
OB 2.5223397 2.5928764 I
OS 2.5218531 2.5933129
OS 2.5213134 2.5937023
OS 2.5207204 2.5940448
OS 2.5200741 2.5943402
OS 2.5193747 2.5945887
OS 2.5186219 2.5947902
OS 2.517816 2.5949447
OS 2.5169568 2.5950523
OS 2.5160444 2.5951128
OS 2.5150787 2.5951264
OS 2.5228736 2.6029213
OS 2.5228872 2.6019556
OS 2.5230553 2.600184
OS 2.5232098 2.5993781
OS 2.5234113 2.5986253
OS 2.5236598 2.5979259
OS 2.5239552 2.5972796
OS 2.5242977 2.5966866
OS 2.5246871 2.5961469
OS 2.5251236 2.5956603
OS 2.5223397 2.5928764
OE
SE
S P 0
OB 0.8730425 3.254095 I
OS 0.8724953 3.2545924
OS 0.8719539 3.2549845
OS 0.8714181 3.2552713
OS 0.8708881 3.2554528
OS 0.8703638 3.255529
OS 0.8698452 3.2555
OS 0.8693323 3.2553656
OS 0.8688252 3.255126
OS 0.8683237 3.2547811
OS 0.867828 3.2543308
OS 0.8685539 3.2644996
OS 0.868789 3.2641984
OS 0.8700151 3.2628155
OS 0.8748113 3.257894
OS 0.8730425 3.254095
OE
SE
S P 0
OB 1.3346457 2.8051181 I
OS 1.3353353 2.8051443
OS 1.3359921 2.8052231
OS 1.3366159 2.8053543
OS 1.3372068 2.805538
OS 1.3377648 2.8057743
OS 1.3382899 2.806063
OS 1.3387821 2.8064042
OS 1.3392414 2.8067979
OS 1.3396677 2.8072441
OS 1.3400612 2.8077428
OS 1.3400612 2.7985564
OS 1.3396677 2.7990551
OS 1.3392414 2.7995013
OS 1.3387821 2.799895
OS 1.3382899 2.8002362
OS 1.3377648 2.8005249
OS 1.3372068 2.8007612
OS 1.3366159 2.8009449
OS 1.3359921 2.8010761
OS 1.3353353 2.8011549
OS 1.3346457 2.8011811
OS 1.3346457 2.8051181
OE
SE
S P 0
OB 2.1087596 1.0200084 I
OS 2.1092708 1.0195523
OS 2.1098231 1.0191647
OS 2.1104167 1.0188459
OS 2.1110514 1.0185957
OS 2.1117274 1.0184142
OS 2.1124446 1.0183014
OS 2.113203 1.0182572
OS 2.1140027 1.0182817
OS 2.1148435 1.0183749
OS 2.1157256 1.0185368
OS 2.1096716 1.0093243
OS 2.1094556 1.0103392
OS 2.1089609 1.0121793
OS 2.1086823 1.0130045
OS 2.1080624 1.0144652
OS 2.1077212 1.0151007
OS 2.1073591 1.015673
OS 2.1069762 1.0161821
OS 2.1065724 1.0166279
OS 2.1087596 1.0200084
OE
SE
S P 0
OB 2.0309617 1.0922387 I
OS 2.0304752 1.0926751
OS 2.0299354 1.0930645
OS 2.0293424 1.093407
OS 2.0286962 1.0937025
OS 2.0279967 1.0939509
OS 2.027244 1.0941524
OS 2.0264381 1.094307
OS 2.0255789 1.0944145
OS 2.0246665 1.094475
OS 2.0237008 1.0944886
OS 2.0314956 1.1022835
OS 2.0315092 1.1013179
OS 2.0316773 1.0995463
OS 2.0318318 1.0987403
OS 2.0320333 1.0979876
OS 2.0322818 1.0972881
OS 2.0325773 1.0966419
OS 2.0329197 1.0960489
OS 2.0333092 1.0955091
OS 2.0337456 1.0950226
OS 2.0309617 1.0922387
OE
SE
S P 0
OB 1.3365243 2.8287402 I
OS 1.3370798 2.828756
OS 1.3383191 2.8288821
OS 1.3390028 2.8289925
OS 1.3413108 2.8295127
OS 1.3430633 2.8300172
OS 1.3440036 2.8303168
OS 1.338831 2.8208729
OS 1.3386018 2.8216197
OS 1.3383185 2.8222878
OS 1.3379813 2.8228774
OS 1.3375901 2.8233883
OS 1.3371448 2.8238206
OS 1.3366455 2.8241744
OS 1.3360923 2.8244495
OS 1.335485 2.824646
OS 1.3348237 2.8247639
OS 1.3341084 2.8248032
OS 1.3365243 2.8287402
OE
SE
S P 0
OB 0.934757 3.5241551 I
OS 0.9351934 3.5246416
OS 0.9355829 3.5251814
OS 0.9359253 3.5257744
OS 0.9362208 3.5264207
OS 0.9364692 3.5271201
OS 0.9366706 3.5278728
OS 0.9368251 3.5286787
OS 0.9369325 3.5295379
OS 0.936993 3.5304503
OS 0.9370064 3.5314159
OS 0.9448023 3.5236221
OS 0.9438366 3.5236084
OS 0.9420649 3.5234401
OS 0.941259 3.5232855
OS 0.9405063 3.5230839
OS 0.9398068 3.5228354
OS 0.9391605 3.5225399
OS 0.9385675 3.5221974
OS 0.9380278 3.521808
OS 0.9375413 3.5213716
OS 0.934757 3.5241551
OE
SE
S P 0
OB 1.3346457 2.8641732 I
OS 1.3353353 2.8641994
OS 1.3359921 2.8642782
OS 1.3366159 2.8644094
OS 1.3372068 2.8645931
OS 1.3377648 2.8648294
OS 1.3382899 2.8651181
OS 1.3387821 2.8654593
OS 1.3392414 2.865853
OS 1.3396677 2.8662992
OS 1.3400612 2.8667979
OS 1.3400612 2.8576115
OS 1.3396677 2.8581102
OS 1.3392414 2.8585564
OS 1.3387821 2.8589501
OS 1.3382899 2.8592913
OS 1.3377648 2.85958
OS 1.3372068 2.8598163
OS 1.3366159 2.86
OS 1.3359921 2.8601312
OS 1.3353353 2.86021
OS 1.3346457 2.8602362
OS 1.3346457 2.8641732
OE
SE
S P 0
OB 0.8363314 3.4454093 I
OS 0.8367679 3.4458959
OS 0.8371573 3.4464356
OS 0.8374998 3.4470286
OS 0.8377952 3.4476749
OS 0.8380437 3.4483743
OS 0.8382452 3.4491271
OS 0.8383997 3.449933
OS 0.8385073 3.4507922
OS 0.8385678 3.4517046
OS 0.8385814 3.4526703
OS 0.8463763 3.4448754
OS 0.8454106 3.4448618
OS 0.843639 3.4446937
OS 0.8428331 3.4445392
OS 0.8420803 3.4443377
OS 0.8413809 3.4440892
OS 0.8407346 3.4437938
OS 0.8401416 3.4434513
OS 0.8396019 3.4430619
OS 0.8391153 3.4426254
OS 0.8363314 3.4454093
OE
SE
S P 0
OB 1.213269 2.8774703 I
OS 1.2136287 2.8778638
OS 1.2139918 2.8783283
OS 1.2143581 2.8788638
OS 1.2147279 2.8794703
OS 1.2154774 2.8808962
OS 1.2162402 2.8826061
OS 1.2170165 2.8845999
OS 1.221552 2.8745526
OS 1.2207563 2.8748271
OS 1.2199908 2.8750192
OS 1.2192555 2.8751288
OS 1.2185504 2.875156
OS 1.2178755 2.8751008
OS 1.2172309 2.8749631
OS 1.2166164 2.874743
OS 1.2160322 2.8744404
OS 1.2154782 2.8740554
OS 1.2149544 2.8735879
OS 1.213269 2.8774703
OE
SE
S P 0
OB 0.9567543 3.5581783 I
OS 0.9562556 3.5586244
OS 0.9557087 3.5590135
OS 0.9551134 3.5593457
OS 0.9544697 3.559621
OS 0.9537778 3.5598394
OS 0.9530375 3.5600008
OS 0.9522489 3.5601054
OS 0.951412 3.560153
OS 0.9505268 3.5601438
OS 0.9495932 3.5600776
OS 0.9566687 3.5685309
OS 0.956767 3.5675397
OS 0.9570724 3.5657305
OS 0.9572795 3.5649126
OS 0.9575228 3.5641524
OS 0.9578024 3.5634499
OS 0.9581181 3.5628052
OS 0.9584702 3.5622182
OS 0.9588584 3.561689
OS 0.9592829 3.5612175
OS 0.9567543 3.5581783
OE
SE
S P 0
OB 1.3341083 2.8405512 I
OS 1.3348236 2.8405905
OS 1.3354849 2.8407084
OS 1.3360922 2.8409049
OS 1.3366455 2.84118
OS 1.3371448 2.8415338
OS 1.33759 2.8419661
OS 1.3379813 2.842477
OS 1.3383185 2.8430666
OS 1.3386018 2.8437347
OS 1.338831 2.8444815
OS 1.3440036 2.8350375
OS 1.3430632 2.8353371
OS 1.3390027 2.8363619
OS 1.3383189 2.8364723
OS 1.3370796 2.8365984
OS 1.3365241 2.8366142
OS 1.3341083 2.8405512
OE
SE
S P 0
OB 0.8129921 3.3852894 I
OS 0.8129567 3.3859421
OS 0.8128504 3.3865991
OS 0.8126732 3.3872606
OS 0.8124252 3.3879265
OS 0.8121063 3.3885968
OS 0.8117165 3.3892715
OS 0.8112559 3.3899507
OS 0.8107244 3.3906342
OS 0.810122 3.3913222
OS 0.8094488 3.3920146
OS 0.8204724 3.3920146
OS 0.8197992 3.3913222
OS 0.8186653 3.3899507
OS 0.8182047 3.3892715
OS 0.8178149 3.3885968
OS 0.817496 3.3879265
OS 0.817248 3.3872606
OS 0.8170708 3.3865991
OS 0.8169645 3.3859421
OS 0.8169291 3.3852894
OS 0.8129921 3.3852894
OE
SE
S P 0
OB 2.1007128 0.9699377 I
OS 2.1012568 0.9694452
OS 2.1018005 0.9690562
OS 2.1023438 0.9687707
OS 2.1028867 0.9685887
OS 2.1034292 0.9685101
OS 2.1039714 0.9685351
OS 2.1045132 0.9686635
OS 2.1050545 0.9688954
OS 2.1055956 0.9692308
OS 2.1061362 0.9696697
OS 2.1049136 0.9594183
OS 2.1045674 0.9599072
OS 2.10318 0.9616324
OS 2.1012694 0.9637457
OS 2.0988357 0.9662471
OS 2.1007128 0.9699377
OE
SE
S P 0
OB 2.0472782 1.0178045 I
OS 2.0467801 1.0182501
OS 2.0462334 1.0186393
OS 2.0456381 1.018972
OS 2.0449943 1.0192482
OS 2.0443019 1.019468
OS 2.0435609 1.0196313
OS 2.0427714 1.0197382
OS 2.0419333 1.0197886
OS 2.0410466 1.0197826
OS 2.0401114 1.0197201
OS 2.0472224 1.0281434
OS 2.0473166 1.0271533
OS 2.0476153 1.0253457
OS 2.0478198 1.0245282
OS 2.0480611 1.0237682
OS 2.0483392 1.0230658
OS 2.048654 1.0224209
OS 2.0490056 1.0218335
OS 2.0493939 1.0213037
OS 2.0498191 1.0208314
OS 2.0472782 1.0178045
OE
SE
S P 0
OB 4.8199999 4.0826951 I
OS 4.5113874 4.0818914
OS 4.5096609 4.0839896
OS 4.5084387 4.0901341
OS 4.5049581 4.0953432
OS 4.5033724 4.0964027
OS 4.5033724 4.1024162
OS 4.5049581 4.1034757
OS 4.5084387 4.1086848
OS 4.5096609 4.1148294
OS 4.5084387 4.120974
OS 4.5049581 4.1261831
OS 4.5033724 4.1272426
OS 4.5033724 4.1332561
OS 4.5049581 4.1343156
OS 4.5084387 4.1395247
OS 4.5096609 4.1456693
OS 4.5084387 4.1518139
OS 4.5049581 4.157023
OS 4.499749 4.1605036
OS 4.4936044 4.1617258
OS 4.4874598 4.1605036
OS 4.4822507 4.157023
OS 4.4787701 4.1518139
OS 4.4775479 4.1456693
OS 4.4787701 4.1395247
OS 4.4822507 4.1343156
OS 4.4838364 4.1332561
OS 4.4838364 4.1272426
OS 4.4822507 4.1261831
OS 4.4787701 4.120974
OS 4.4775479 4.1148294
OS 4.4787701 4.1086848
OS 4.4822507 4.1034757
OS 4.4838364 4.1024162
OS 4.4838364 4.0964027
OS 4.4822507 4.0953432
OS 4.4787701 4.0901341
OS 4.4775479 4.0839896
OS 4.4757546 4.0817986
OS 4.3101061 4.0813672
OS 4.3074289 4.0863603
OS 4.3089375 4.0886181
OS 4.3101597 4.0947627
OS 4.3089375 4.1009073
OS 4.3054569 4.1061164
OS 4.3002478 4.109597
OS 4.2941032 4.1108192
OS 4.2899605 4.1099952
OS 4.2862262 4.1121919
OS 4.2851827 4.1137548
OS 4.2841743 4.1188245
OS 4.2806937 4.1240336
OS 4.2754846 4.1275142
OS 4.26934 4.1287364
OS 4.2631954 4.1275142
OS 4.2579863 4.1240336
OS 4.2545057 4.1188245
OS 4.2532835 4.1126799
OS 4.2545057 4.1065353
OS 4.2579863 4.1013262
OS 4.2631074 4.0979044
OS 4.263304 4.0967941
OS 4.2635669 4.094249
OS 4.2633826 4.0927104
OS 4.2584947 4.0894444
OS 4.2550141 4.0842353
OS 4.2544148 4.0812222
OS 3.9070591 4.0803176
OS 3.9029535 4.085307
OS 3.9033616 4.0873587
OS 3.9021394 4.0935033
OS 3.8986588 4.0987123
OS 3.8986588 4.1035641
OS 3.9021394 4.1087731
OS 3.9033616 4.1149177
OS 3.9021394 4.1210623
OS 3.8986588 4.1262714
OS 3.8934497 4.129752
OS 3.8873051 4.1309742
OS 3.8811605 4.129752
OS 3.8759514 4.1262714
OS 3.8724708 4.1210623
OS 3.8712486 4.1149177
OS 3.8724708 4.1087731
OS 3.8759514 4.1035641
OS 3.8759514 4.0987123
OS 3.8724708 4.0935033
OS 3.8712486 4.0873587
OS 3.8716729 4.0852255
OS 3.8675828 4.0802148
OS 3.7068832 4.0797963
OS 3.7058179 4.085152
OS 3.7023373 4.0903611
OS 3.6971282 4.0938417
OS 3.6909836 4.0950639
OS 3.6896785 4.0948043
OS 3.6854263 4.0990565
OS 3.6857825 4.1008474
OS 3.685441 4.1025642
OS 3.6882043 4.1053274
OS 3.6898228 4.1061647
OS 3.695381 4.1072703
OS 3.7005901 4.1107509
OS 3.7040707 4.11596
OS 3.7052929 4.1221046
OS 3.7040707 4.1282492
OS 3.7005901 4.1334583
OS 3.695381 4.1369389
OS 3.6892364 4.1381611
OS 3.6830918 4.1369389
OS 3.6778827 4.1334583
OS 3.6744021 4.1282492
OS 3.6731799 4.1221046
OS 3.6735214 4.1203878
OS 3.6707581 4.1176246
OS 3.6691396 4.1167873
OS 3.6635814 4.1156817
OS 3.6583723 4.1122011
OS 3.6548917 4.106992
OS 3.6536695 4.1008474
OS 3.6548917 4.0947028
OS 3.6583723 4.0894937
OS 3.6635814 4.0860131
OS 3.6662868 4.085475
OS 3.669447 4.0800254
OS 3.669312 4.0796985
OS 3.3688635 4.078916
OS 3.3653233 4.082447
OS 3.3653232 4.165
OS 3.3647121 4.1680723
OS 3.3629718 4.1706769
OS 3.3603672 4.1724172
OS 3.3572949 4.1730283
OS 3.22 4.1730283
OS 3.2169277 4.1724172
OS 3.2143231 4.1706769
OS 3.2125828 4.1680723
OS 3.2119717 4.165
OS 3.2119717 4.0785074
OS 3.0948336 4.0782024
OS 3.0923223 4.0803968
OS 3.0921098 4.0812572
OS 3.0925868 4.0861293
OS 3.0963537 4.0886463
OS 3.0998343 4.0938554
OS 3.1010565 4.1
OS 3.0998343 4.1061446
OS 3.0963537 4.1113537
OS 3.0953965 4.1119932
OS 3.0953965 4.1180068
OS 3.0963537 4.1186463
OS 3.0998343 4.1238554
OS 3.1010565 4.13
OS 3.0998343 4.1361446
OS 3.0963537 4.1413537
OS 3.0911446 4.1448343
OS 3.085 4.1460565
OS 3.0788554 4.1448343
OS 3.0736463 4.1413537
OS 3.0701657 4.1361446
OS 3.0689435 4.13
OS 3.0701657 4.1238554
OS 3.0736463 4.1186463
OS 3.0746035 4.1180068
OS 3.0746035 4.1119932
OS 3.0736463 4.1113537
OS 3.0701657 4.1061446
OS 3.0689435 4.1
OS 3.0701657 4.0938554
OS 3.0736463 4.0886463
OS 3.0788554 4.0851657
OS 3.0794422 4.085049
OS 3.0794422 4.079951
OS 3.0788554 4.0798343
OS 3.076341 4.0781542
OS 3.0697894 4.0781372
OS 3.0656839 4.0831266
OS 3.0660565 4.085
OS 3.0648343 4.0911446
OS 3.0613537 4.0963537
OS 3.0583111 4.0983867
OS 3.0583111 4.1041133
OS 3.0613537 4.1061463
OS 3.0648343 4.1113554
OS 3.0660565 4.1175
OS 3.0648343 4.1236446
OS 3.0613537 4.1288537
OS 3.0583111 4.1308867
OS 3.0583111 4.1366133
OS 3.0613537 4.1386463
OS 3.0648343 4.1438554
OS 3.0660565 4.15
OS 3.0648343 4.1561446
OS 3.0613537 4.1613537
OS 3.0561446 4.1648343
OS 3.05 4.1660565
OS 3.0438554 4.1648343
OS 3.0386463 4.1613537
OS 3.0351657 4.1561446
OS 3.0339435 4.15
OS 3.0351657 4.1438554
OS 3.0386463 4.1386463
OS 3.0416889 4.1366133
OS 3.0416889 4.1308867
OS 3.0386463 4.1288537
OS 3.0351657 4.1236446
OS 3.0339435 4.1175
OS 3.0351657 4.1113554
OS 3.0386463 4.1061463
OS 3.0416889 4.1041133
OS 3.0416889 4.0983867
OS 3.0386463 4.0963537
OS 3.0351657 4.0911446
OS 3.0339435 4.085
OS 3.0343324 4.0830449
OS 3.030231 4.0780342
OS 2.7437981 4.0772882
OS 2.7402579 4.0808192
OS 2.7402578 4.2406862
OS 2.7412108 4.2414468
OS 2.7474907 4.2410481
OS 2.7513975 4.2384377
OS 2.7560059 4.237521
OS 2.7606143 4.2384377
OS 2.7645212 4.2410481
OS 2.7671316 4.244955
OS 2.7680483 4.2495634
OS 2.7671316 4.2541718
OS 2.7645212 4.2580787
OS 2.7606143 4.2606891
OS 2.7560059 4.2616058
OS 2.7513975 4.2606891
OS 2.7474907 4.2580787
OS 2.7412108 4.25768
OS 2.7402577 4.2584406
OS 2.7402576 4.3873482
OS 4.53 4.3873482
OS 4.5423332 4.3889719
OS 4.5538259 4.3937323
OS 4.5636949 4.4013051
OS 4.5718387 4.4094489
OS 4.8200001 4.4094489
OS 4.8199999 4.0826951
OE
OB 4.0305118 4.2453872 H
OS 4.0243672 4.244165
OS 4.0191581 4.2406844
OS 4.0156775 4.2354753
OS 4.0144553 4.2293307
OS 4.0156775 4.2231861
OS 4.0191581 4.217977
OS 4.0243672 4.2144964
OS 4.0305118 4.2132742
OS 4.0366564 4.2144964
OS 4.0418655 4.217977
OS 4.0453461 4.2231861
OS 4.0465683 4.2293307
OS 4.0453461 4.2354753
OS 4.0418655 4.2406844
OS 4.0366564 4.244165
OS 4.0305118 4.2453872
OE
OB 3.0984252 4.2010959 H
OS 3.0922806 4.1998737
OS 3.0870715 4.1963931
OS 3.0835909 4.191184
OS 3.0823687 4.1850394
OS 3.0835909 4.1788948
OS 3.0870715 4.1736857
OS 3.0922806 4.1702051
OS 3.0984252 4.1689829
OS 3.1045698 4.1702051
OS 3.1097789 4.1736857
OS 3.1132595 4.1788948
OS 3.1144817 4.1850394
OS 3.1132595 4.191184
OS 3.1097789 4.1963931
OS 3.1045698 4.1998737
OS 3.0984252 4.2010959
OE
OB 4.0456275 4.3167229 H
OS 4.0394829 4.3155007
OS 4.0342738 4.3120201
OS 4.0307932 4.306811
OS 4.029571 4.3006664
OS 4.0307932 4.2945218
OS 4.0342738 4.2893127
OS 4.0394829 4.2858321
OS 4.0456275 4.2846099
OS 4.0517721 4.2858321
OS 4.0569812 4.2893127
OS 4.0604618 4.2945218
OS 4.061684 4.3006664
OS 4.0604618 4.306811
OS 4.0569812 4.3120201
OS 4.0517721 4.3155007
OS 4.0456275 4.3167229
OE
OB 3.4227382 4.3790057 H
OS 3.4165936 4.3777835
OS 3.4113845 4.3743029
OS 3.4079039 4.3690938
OS 3.4066817 4.3629492
OS 3.4079039 4.3568046
OS 3.4113845 4.3515955
OS 3.4165936 4.3481149
OS 3.4227382 4.3468927
OS 3.4288828 4.3481149
OS 3.4340919 4.3515955
OS 3.4375725 4.3568046
OS 3.4387947 4.3629492
OS 3.4375725 4.3690938
OS 3.4340919 4.3743029
OS 3.4288828 4.3777835
OS 3.4227382 4.3790057
OE
OB 4.0456275 4.3670337 H
OS 4.0394829 4.3658115
OS 4.0342738 4.3623309
OS 4.0307932 4.3571218
OS 4.029571 4.3509772
OS 4.0307932 4.3448326
OS 4.0342738 4.3396235
OS 4.0394829 4.3361429
OS 4.0456275 4.3349207
OS 4.0517721 4.3361429
OS 4.0569812 4.3396235
OS 4.0604618 4.3448326
OS 4.061684 4.3509772
OS 4.0604618 4.3571218
OS 4.0569812 4.3623309
OS 4.0517721 4.3658115
OS 4.0456275 4.3670337
OE
SE
S P 0
OB 3.0799998 3.4881889 I
OS 3.08 3.14
OS 3.06 3.12
OS 2.9999999 3.1199998
OS 3 3.2
OS 3.0200001 3.2200001
OS 3.0199998 3.488189
OS 3.0799998 3.4881889
OE
SE
S P 0
OB 6.22 4.58 I
OS 4.6899999 4.5799999
OS 4.6899999 4.7637795
OS 4.8472087 4.7637795
OS 4.847611 4.7627188
OS 4.8480404 4.7587794
OS 4.8436806 4.7558663
OS 4.8402 4.7506572
OS 4.8389778 4.7445126
OS 4.8402 4.738368
OS 4.8436806 4.7331589
OS 4.8488897 4.7296783
OS 4.8550343 4.7284561
OS 4.8611789 4.7296783
OS 4.866388 4.7331589
OS 4.8698686 4.738368
OS 4.8710908 4.7445126
OS 4.8698686 4.7506572
OS 4.866388 4.7558663
OS 4.8620282 4.7587794
OS 4.8624577 4.7627188
OS 4.8628599 4.7637795
OS 5.7283461 4.7637792
OS 5.9045668 4.9399999
OS 6.22 4.94
OS 6.22 4.58
OE
OB 5.0007036 4.6172809 H
OS 4.9960952 4.6163642
OS 4.9921883 4.6137538
OS 4.9895779 4.6098469
OS 4.9886612 4.6052385
OS 4.9895779 4.6006301
OS 4.9921883 4.5967232
OS 4.9960952 4.5941128
OS 5.0007036 4.5931961
OS 5.005312 4.5941128
OS 5.0092189 4.5967232
OS 5.0118293 4.6006301
OS 5.012746 4.6052385
OS 5.0118293 4.6098469
OS 5.0092189 4.6137538
OS 5.005312 4.6163642
OS 5.0007036 4.6172809
OE
OB 6.0201575 4.6183006 H
OS 6.0140129 4.6170784
OS 6.0088038 4.6135978
OS 6.0053232 4.6083887
OS 6.004101 4.6022441
OS 6.0053232 4.5960995
OS 6.0088038 4.5908904
OS 6.0140129 4.5874098
OS 6.0201575 4.5861876
OS 6.0263021 4.5874098
OS 6.0315112 4.5908904
OS 6.0349918 4.5960995
OS 6.036214 4.6022441
OS 6.0349918 4.6083887
OS 6.0315112 4.6135978
OS 6.0263021 4.6170784
OS 6.0201575 4.6183006
OE
OB 5.8335481 4.8106027 H
OS 5.8274035 4.8093805
OS 5.8221944 4.8058999
OS 5.8187138 4.8006908
OS 5.8174916 4.7945462
OS 5.8187138 4.7884016
OS 5.8221944 4.7831925
OS 5.8274035 4.7797119
OS 5.8335481 4.7784897
OS 5.8396927 4.7797119
OS 5.8449018 4.7831925
OS 5.8483824 4.7884016
OS 5.8496046 4.7945462
OS 5.8483824 4.8006908
OS 5.8449018 4.8058999
OS 5.8396927 4.8093805
OS 5.8335481 4.8106027
OE
OB 5.8715988 4.7265049 H
OS 5.8654542 4.7252827
OS 5.8602451 4.7218021
OS 5.8567645 4.716593
OS 5.8555423 4.7104484
OS 5.8567645 4.7043038
OS 5.8602451 4.6990947
OS 5.8654542 4.6956141
OS 5.8715988 4.6943919
OS 5.8777434 4.6956141
OS 5.8829525 4.6990947
OS 5.8864331 4.7043038
OS 5.8876553 4.7104484
OS 5.8864331 4.716593
OS 5.8829525 4.7218021
OS 5.8777434 4.7252827
OS 5.8715988 4.7265049
OE
SE
S P 0
OB 8.0790933 3.2480314 I
OS 8.0836183 3.2450079
OS 8.0897629 3.2437857
OS 8.0959075 3.2450079
OS 8.1004325 3.2480314
OS 8.1499594 3.2480314
OS 8.1544844 3.2450079
OS 8.160629 3.2437857
OS 8.1667736 3.2450079
OS 8.1712986 3.2480314
OS 8.2129552 3.2480314
OS 8.2174793 3.2450085
OS 8.2236239 3.2437863
OS 8.2297685 3.2450085
OS 8.2342926 3.2480314
OS 8.2838213 3.2480314
OS 8.2883454 3.2450085
OS 8.29449 3.2437863
OS 8.3006346 3.2450085
OS 8.3051587 3.2480314
OS 9.2790933 3.2480314
OS 9.2836182 3.2450079
OS 9.2897628 3.2437857
OS 9.2959074 3.2450079
OS 9.3004323 3.2480314
OS 9.3499594 3.2480314
OS 9.3544843 3.2450079
OS 9.3606289 3.2437857
OS 9.3667735 3.2450079
OS 9.3712984 3.2480314
OS 9.4129552 3.2480314
OS 9.4174792 3.2450085
OS 9.4236238 3.2437863
OS 9.4297684 3.2450085
OS 9.4342924 3.2480314
OS 9.4838213 3.2480314
OS 9.4883453 3.2450085
OS 9.4944899 3.2437863
OS 9.5006345 3.2450085
OS 9.5051585 3.2480314
OS 10.4790933 3.2480313
OS 10.4836182 3.2450079
OS 10.4897628 3.2437857
OS 10.4959074 3.2450079
OS 10.5004323 3.2480313
OS 10.5499594 3.2480313
OS 10.5544843 3.2450079
OS 10.5606289 3.2437857
OS 10.5667735 3.2450079
OS 10.5712984 3.2480313
OS 10.6129552 3.2480313
OS 10.6174792 3.2450085
OS 10.6236238 3.2437863
OS 10.6297684 3.2450085
OS 10.6342924 3.2480313
OS 10.6838213 3.2480313
OS 10.6883453 3.2450085
OS 10.6944899 3.2437863
OS 10.7006345 3.2450085
OS 10.7051585 3.2480313
OS 11.6790933 3.2480313
OS 11.6836182 3.2450079
OS 11.6897628 3.2437857
OS 11.6959074 3.2450079
OS 11.7004323 3.2480313
OS 11.7499594 3.2480313
OS 11.7544843 3.2450079
OS 11.7606289 3.2437857
OS 11.7667735 3.2450079
OS 11.7712984 3.2480313
OS 11.8129552 3.2480313
OS 11.8174792 3.2450085
OS 11.8236238 3.2437863
OS 11.8297684 3.2450085
OS 11.8342924 3.2480313
OS 11.8838213 3.2480313
OS 11.8883453 3.2450085
OS 11.8944899 3.2437863
OS 11.9006345 3.2450085
OS 11.9051585 3.2480313
OS 12.8790932 3.2480313
OS 12.8836182 3.2450078
OS 12.8897628 3.2437856
OS 12.8959074 3.2450078
OS 12.9004324 3.2480313
OS 12.9499593 3.2480313
OS 12.9544843 3.2450078
OS 12.9606289 3.2437856
OS 12.9667735 3.2450078
OS 12.9712985 3.2480313
OS 13.0129551 3.2480313
OS 13.0174792 3.2450084
OS 13.0236238 3.2437862
OS 13.0297684 3.2450084
OS 13.0342925 3.2480313
OS 13.0838212 3.2480313
OS 13.0883453 3.2450084
OS 13.0944899 3.2437862
OS 13.1006345 3.2450084
OS 13.1051586 3.2480313
OS 13.1220474 3.2480313
OS 13.1220471 3.1496062
OS 13.108265 3.1496062
OS 13.1069383 3.1520123
OS 13.1062466 3.1546062
OS 13.1093225 3.1592097
OS 13.1105447 3.1653543
OS 13.1093225 3.1714989
OS 13.1058419 3.176708
OS 13.1037666 3.1780947
OS 13.1037666 3.1841082
OS 13.1058444 3.1854965
OS 13.109325 3.1907056
OS 13.1105472 3.1968502
OS 13.109325 3.2029948
OS 13.1058444 3.2082039
OS 13.1006353 3.2116845
OS 13.0944907 3.2129067
OS 13.0883461 3.2116845
OS 13.083137 3.2082039
OS 13.0796564 3.2029948
OS 13.0784342 3.1968502
OS 13.0796564 3.1907056
OS 13.083137 3.1854965
OS 13.0852123 3.1841098
OS 13.0852123 3.1780963
OS 13.0831345 3.176708
OS 13.0796539 3.1714989
OS 13.0784317 3.1653543
OS 13.0796539 3.1592097
OS 13.0827298 3.1546062
OS 13.0820381 3.1520123
OS 13.0807114 3.1496062
OS 13.0373988 3.1496062
OS 13.0360721 3.1520123
OS 13.0353804 3.1546062
OS 13.0384563 3.1592097
OS 13.0396785 3.1653543
OS 13.0384563 3.1714989
OS 13.0349757 3.176708
OS 13.0329005 3.1780946
OS 13.0329005 3.1841081
OS 13.0349783 3.1854965
OS 13.0384589 3.1907056
OS 13.0396811 3.1968502
OS 13.0384589 3.2029948
OS 13.0349783 3.2082039
OS 13.0297692 3.2116845
OS 13.0236246 3.2129067
OS 13.01748 3.2116845
OS 13.0122709 3.2082039
OS 13.0087903 3.2029948
OS 13.0075681 3.1968502
OS 13.0087903 3.1907056
OS 13.0122709 3.1854965
OS 13.0143461 3.1841099
OS 13.0143461 3.1780964
OS 13.0122683 3.176708
OS 13.0087877 3.1714989
OS 13.0075655 3.1653543
OS 13.0087877 3.1592097
OS 13.0118636 3.1546062
OS 13.0111719 3.1520123
OS 13.0098452 3.1496062
OS 12.9744067 3.1496062
OS 12.97308 3.1520123
OS 12.9723883 3.1546062
OS 12.9754642 3.1592097
OS 12.9766864 3.1653543
OS 12.9754642 3.1714989
OS 12.9719836 3.176708
OS 12.9699067 3.1780957
OS 12.9699067 3.1841093
OS 12.9719836 3.185497
OS 12.9754642 3.1907061
OS 12.9766864 3.1968507
OS 12.9754642 3.2029953
OS 12.9719836 3.2082044
OS 12.9667745 3.211685
OS 12.9606299 3.2129072
OS 12.9544853 3.211685
OS 12.9492762 3.2082044
OS 12.9457956 3.2029953
OS 12.9445734 3.1968507
OS 12.9457956 3.1907061
OS 12.9492762 3.185497
OS 12.9513531 3.1841093
OS 12.9513531 3.1780957
OS 12.9492762 3.176708
OS 12.9457956 3.1714989
OS 12.9445734 3.1653543
OS 12.9457956 3.1592097
OS 12.9488715 3.1546062
OS 12.9481798 3.1520123
OS 12.9468531 3.1496062
OS 12.9035406 3.1496062
OS 12.9022139 3.1520123
OS 12.9015222 3.1546062
OS 12.9045981 3.1592097
OS 12.9058203 3.1653543
OS 12.9045981 3.1714989
OS 12.9011175 3.176708
OS 12.8990406 3.1780957
OS 12.8990406 3.1841093
OS 12.9011175 3.185497
OS 12.9045981 3.1907061
OS 12.9058203 3.1968507
OS 12.9045981 3.2029953
OS 12.9011175 3.2082044
OS 12.8959084 3.211685
OS 12.8897638 3.2129072
OS 12.8836192 3.211685
OS 12.8784101 3.2082044
OS 12.8749295 3.2029953
OS 12.8737073 3.1968507
OS 12.8749295 3.1907061
OS 12.8784101 3.185497
OS 12.880487 3.1841093
OS 12.880487 3.1780957
OS 12.8784101 3.176708
OS 12.8749295 3.1714989
OS 12.8737073 3.1653543
OS 12.8749295 3.1592097
OS 12.8780054 3.1546062
OS 12.8773137 3.1520123
OS 12.875987 3.1496062
OS 12.6377953 3.1496062
OS 12.6377952 3.0401971
OS 12.6113045 3.0401971
OS 12.6086318 3.0451971
OS 12.6095509 3.0465727
OS 12.6104676 3.0511811
OS 12.6095509 3.0557895
OS 12.6069405 3.0596964
OS 12.6030336 3.0623068
OS 12.5984252 3.0632235
OS 12.5938168 3.0623068
OS 12.5899099 3.0596964
OS 12.5872995 3.0557895
OS 12.5863828 3.0511811
OS 12.5872995 3.0465727
OS 12.5882186 3.0451971
OS 12.5855459 3.0401971
OS 12.2211466 3.0401971
OS 12.2184739 3.0451971
OS 12.2193936 3.0465736
OS 12.2203103 3.051182
OS 12.2193936 3.0557904
OS 12.2167832 3.0596973
OS 12.2128763 3.0623077
OS 12.2082679 3.0632244
OS 12.2036595 3.0623077
OS 12.1997526 3.0596973
OS 12.1971422 3.0557904
OS 12.1962255 3.051182
OS 12.1971422 3.0465736
OS 12.1980619 3.0451971
OS 12.1953892 3.0401971
OS 11.414454 3.0401971
OS 11.4117814 3.0451971
OS 11.4127005 3.0465727
OS 11.4136172 3.0511811
OS 11.4127005 3.0557895
OS 11.4100901 3.0596964
OS 11.4061832 3.0623068
OS 11.4015748 3.0632235
OS 11.3969664 3.0623068
OS 11.3930595 3.0596964
OS 11.3904491 3.0557895
OS 11.3895324 3.0511811
OS 11.3904491 3.0465727
OS 11.3913682 3.0451971
OS 11.3886956 3.0401971
OS 11.0211465 3.0401971
OS 11.0184739 3.0451971
OS 11.0193936 3.0465736
OS 11.0203103 3.051182
OS 11.0193936 3.0557904
OS 11.0167832 3.0596973
OS 11.0128763 3.0623077
OS 11.0082679 3.0632244
OS 11.0036595 3.0623077
OS 10.9997526 3.0596973
OS 10.9971422 3.0557904
OS 10.9962255 3.051182
OS 10.9971422 3.0465736
OS 10.9980619 3.0451971
OS 10.9953893 3.0401971
OS 10.2136666 3.0401971
OS 10.210994 3.0451971
OS 10.2119131 3.0465727
OS 10.2128298 3.0511811
OS 10.2119131 3.0557895
OS 10.2093027 3.0596964
OS 10.2053958 3.0623068
OS 10.2007874 3.0632235
OS 10.196179 3.0623068
OS 10.1922721 3.0596964
OS 10.1896617 3.0557895
OS 10.188745 3.0511811
OS 10.1896617 3.0465727
OS 10.1905808 3.0451971
OS 10.1879082 3.0401971
OS 9.8211465 3.040197
OS 9.8184739 3.0451971
OS 9.8193936 3.0465736
OS 9.8203103 3.051182
OS 9.8193936 3.0557904
OS 9.8167832 3.0596973
OS 9.8128763 3.0623077
OS 9.8082679 3.0632244
OS 9.8036595 3.0623077
OS 9.7997526 3.0596973
OS 9.7971422 3.0557904
OS 9.7962255 3.051182
OS 9.7971422 3.0465736
OS 9.7980619 3.0451971
OS 9.7953893 3.040197
OS 9.0150514 3.040197
OS 9.011635 3.0451971
OS 9.0120424 3.047245
OS 9.0111257 3.0518534
OS 9.0085153 3.0557603
OS 9.0046084 3.0583707
OS 9 3.0592874
OS 8.9953916 3.0583707
OS 8.9914847 3.0557603
OS 8.9888743 3.0518534
OS 8.9879576 3.047245
OS 8.988365 3.0451971
OS 8.9849486 3.040197
OS 8.8807365 3.040197
OS 8.8781841 3.0433072
OS 8.8772674 3.0479155
OS 8.874657 3.0518224
OS 8.8707501 3.0544328
OS 8.8661417 3.0553495
OS 8.8615333 3.0544328
OS 8.8576264 3.0518224
OS 8.855016 3.0479155
OS 8.8540993 3.0433072
OS 8.8515469 3.040197
OS 8.6211466 3.040197
OS 8.618474 3.0451971
OS 8.6193937 3.0465736
OS 8.6203104 3.051182
OS 8.6193937 3.0557904
OS 8.6167833 3.0596973
OS 8.6128764 3.0623077
OS 8.608268 3.0632244
OS 8.6036596 3.0623077
OS 8.5997527 3.0596973
OS 8.5971423 3.0557904
OS 8.5962256 3.051182
OS 8.5971423 3.0465736
OS 8.598062 3.0451971
OS 8.5953894 3.040197
OS 7.8120918 3.040197
OS 7.8094192 3.0451971
OS 7.8103383 3.0465727
OS 7.811255 3.0511811
OS 7.8103383 3.0557895
OS 7.8077279 3.0596964
OS 7.803821 3.0623068
OS 7.7992126 3.0632235
OS 7.7946042 3.0623068
OS 7.7906973 3.0596964
OS 7.7880869 3.0557895
OS 7.7871702 3.0511811
OS 7.7880869 3.0465727
OS 7.789006 3.0451971
OS 7.7863334 3.040197
OS 7.5951968 3.040197
OS 7.3750004 2.8200001
OS 7.1106732 2.8200001
OS 7.1065306 2.8248034
OS 7.1056139 2.8294117
OS 7.1041914 2.8315407
OS 7.1033952 2.8350395
OS 7.1041914 2.8385383
OS 7.1056139 2.8406673
OS 7.1065306 2.8452757
OS 7.1056139 2.8498841
OS 7.1030035 2.853791
OS 7.0990966 2.8564014
OS 7.0944882 2.8573181
OS 7.0898798 2.8564014
OS 7.0859729 2.853791
OS 7.0833625 2.8498841
OS 7.0824458 2.8452757
OS 7.0833625 2.8406673
OS 7.084785 2.8385383
OS 7.0855812 2.8350395
OS 7.084785 2.8315407
OS 7.0833625 2.8294117
OS 7.0824458 2.8248034
OS 7.0783032 2.8200001
OS 6.9059488 2.8200001
OS 6.9018062 2.8248034
OS 6.9008895 2.8294117
OS 6.899467 2.8315407
OS 6.8986708 2.8350395
OS 6.899467 2.8385383
OS 6.9008895 2.8406673
OS 6.9018062 2.8452757
OS 6.9008895 2.8498841
OS 6.8982791 2.853791
OS 6.8943722 2.8564014
OS 6.8897638 2.8573181
OS 6.8851554 2.8564014
OS 6.8812485 2.853791
OS 6.8786381 2.8498841
OS 6.8777214 2.8452757
OS 6.8786381 2.8406673
OS 6.8800606 2.8385383
OS 6.8808568 2.8350395
OS 6.8800606 2.8315407
OS 6.8786381 2.8294117
OS 6.8777214 2.8248034
OS 6.8735788 2.82
OS 6.8702129 2.82
OS 6.87 2.8200424
OS 6.8697871 2.82
OS 6.0206273 2.82
OS 6.0199164 2.8208662
OS 6.0189997 2.8254745
OS 6.0163893 2.8293814
OS 6.0124824 2.8319918
OS 6.007874 2.8329085
OS 6.0032656 2.8319918
OS 5.9993587 2.8293814
OS 5.9967483 2.8254745
OS 5.9958316 2.8208662
OS 5.9951207 2.82
OS 4.8113786 2.8199998
OS 4.8086495 2.8249155
OS 4.8095662 2.8295237
OS 4.8120001 2.8319576
OS 4.8166084 2.8328743
OS 4.8205153 2.8354847
OS 4.8231257 2.8393916
OS 4.8240424 2.844
OS 4.8231257 2.8486084
OS 4.8205153 2.8525153
OS 4.8166084 2.8551257
OS 4.812 2.8560424
OS 4.8073916 2.8551257
OS 4.8034847 2.8525153
OS 4.8008743 2.8486084
OS 4.7999576 2.8440001
OS 4.7975237 2.8415662
OS 4.7929154 2.8406495
OS 4.7890085 2.8380391
OS 4.7863981 2.8341322
OS 4.7854814 2.8295238
OS 4.7863981 2.8249155
OS 4.783669 2.8199998
OS 4.4434313 2.8199998
OS 4.2849997 2.9784297
OS 4.285 3.0905511
OS 4.4790934 3.0905513
OS 4.4836183 3.0875279
OS 4.4897629 3.0863057
OS 4.4959075 3.0875279
OS 4.5004324 3.0905514
OS 4.5275595 3.0905514
OS 4.5499594 3.0905514
OS 4.5544844 3.0875279
OS 4.560629 3.0863057
OS 4.5667736 3.0875279
OS 4.5712986 3.0905514
OS 4.6129552 3.0905514
OS 4.6174793 3.0875285
OS 4.6236239 3.0863063
OS 4.6297685 3.0875285
OS 4.6342926 3.0905514
OS 4.6838213 3.0905514
OS 4.6883454 3.0875285
OS 4.69449 3.0863063
OS 4.7006346 3.0875285
OS 4.7051587 3.0905514
OS 5.6790936 3.0905512
OS 5.6836183 3.0875279
OS 5.6897629 3.0863057
OS 5.6959075 3.0875279
OS 5.7004322 3.0905512
OS 5.7499597 3.0905512
OS 5.7544844 3.0875279
OS 5.760629 3.0863057
OS 5.7667736 3.0875279
OS 5.7712983 3.0905512
OS 5.8129555 3.0905512
OS 5.8174793 3.0875285
OS 5.8236239 3.0863063
OS 5.8297685 3.0875285
OS 5.8342923 3.0905512
OS 5.8838216 3.0905512
OS 5.8883454 3.0875285
OS 5.89449 3.0863063
OS 5.9006346 3.0875285
OS 5.9051584 3.0905512
OS 6.8790938 3.090551
OS 6.8836183 3.0875279
OS 6.8897629 3.0863057
OS 6.8959075 3.0875279
OS 6.900432 3.090551
OS 6.9499599 3.090551
OS 6.9544844 3.0875279
OS 6.960629 3.0863057
OS 6.9667736 3.0875279
OS 6.9712981 3.090551
OS 7.0129558 3.090551
OS 7.0174793 3.0875285
OS 7.0236239 3.0863063
OS 7.0297685 3.0875285
OS 7.034292 3.090551
OS 7.0838219 3.090551
OS 7.0883454 3.0875285
OS 7.09449 3.0863063
OS 7.1006346 3.0875285
OS 7.1051581 3.090551
OS 7.1899996 3.090551
OS 7.34748 3.2480314
OS 8.0790933 3.2480314
OE
OB 4.6236247 3.0554268 H
OS 4.6174801 3.0542046
OS 4.612271 3.050724
OS 4.6087904 3.0455149
OS 4.6075682 3.0393703
OS 4.6087904 3.0332257
OS 4.612271 3.0280166
OS 4.6143462 3.02663
OS 4.6143462 3.0206165
OS 4.6122684 3.0192281
OS 4.6087878 3.014019
OS 4.6075656 3.0078744
OS 4.6087878 3.0017298
OS 4.6122684 2.9965207
OS 4.6143463 2.9951323
OS 4.6143463 2.9891188
OS 4.612271 2.9877321
OS 4.6087904 2.982523
OS 4.6075682 2.9763784
OS 4.6087904 2.9702338
OS 4.612271 2.9650247
OS 4.6174801 2.9615441
OS 4.6236247 2.9603219
OS 4.6297693 2.9615441
OS 4.6349784 2.9650247
OS 4.638459 2.9702338
OS 4.6396812 2.9763784
OS 4.638459 2.982523
OS 4.6349784 2.9877321
OS 4.6329005 2.9891205
OS 4.6329005 2.995134
OS 4.6349758 2.9965207
OS 4.6384564 3.0017298
OS 4.6396786 3.0078744
OS 4.6384564 3.014019
OS 4.6349758 3.0192281
OS 4.6329006 3.0206147
OS 4.6329006 3.0266282
OS 4.6349784 3.0280166
OS 4.638459 3.0332257
OS 4.6396812 3.0393703
OS 4.638459 3.0455149
OS 4.6349784 3.050724
OS 4.6297693 3.0542046
OS 4.6236247 3.0554268
OE
OB 4.6944908 3.0554268 H
OS 4.6883462 3.0542046
OS 4.6831371 3.050724
OS 4.6796565 3.0455149
OS 4.6784343 3.0393703
OS 4.6796565 3.0332257
OS 4.6831371 3.0280166
OS 4.6852124 3.0266299
OS 4.6852124 3.0206164
OS 4.6831346 3.0192281
OS 4.679654 3.014019
OS 4.6784318 3.0078744
OS 4.679654 3.0017298
OS 4.6831346 2.9965207
OS 4.6852125 2.9951323
OS 4.6852125 2.9891188
OS 4.6831371 2.9877321
OS 4.6796565 2.982523
OS 4.6784343 2.9763784
OS 4.6796565 2.9702338
OS 4.6831371 2.9650247
OS 4.6883462 2.9615441
OS 4.6944908 2.9603219
OS 4.7006354 2.9615441
OS 4.7058445 2.9650247
OS 4.7093251 2.9702338
OS 4.7105473 2.9763784
OS 4.7093251 2.982523
OS 4.7058445 2.9877321
OS 4.7037666 2.9891205
OS 4.7037666 2.995134
OS 4.705842 2.9965207
OS 4.7093226 3.0017298
OS 4.7105448 3.0078744
OS 4.7093226 3.014019
OS 4.705842 3.0192281
OS 4.7037667 3.0206148
OS 4.7037667 3.0266283
OS 4.7058445 3.0280166
OS 4.7093251 3.0332257
OS 4.7105473 3.0393703
OS 4.7093251 3.0455149
OS 4.7058445 3.050724
OS 4.7006354 3.0542046
OS 4.6944908 3.0554268
OE
OB 5.6897639 3.0554273 H
OS 5.6836193 3.0542051
OS 5.6784102 3.0507245
OS 5.6749296 3.0455154
OS 5.6737074 3.0393708
OS 5.6749296 3.0332262
OS 5.6784102 3.0280171
OS 5.6804871 3.0266294
OS 5.6804871 3.0206158
OS 5.6784102 3.0192281
OS 5.6749296 3.014019
OS 5.6737074 3.0078744
OS 5.6749296 3.0017298
OS 5.6784102 2.9965207
OS 5.6804863 2.9951335
OS 5.6804863 2.98912
OS 5.6784092 2.9877321
OS 5.6749286 2.982523
OS 5.6737064 2.9763784
OS 5.6749286 2.9702338
OS 5.6784092 2.9650247
OS 5.6836183 2.9615441
OS 5.6897629 2.9603219
OS 5.6959075 2.9615441
OS 5.7011166 2.9650247
OS 5.7045972 2.9702338
OS 5.7058194 2.9763784
OS 5.7045972 2.982523
OS 5.7011166 2.9877321
OS 5.6990405 2.9891193
OS 5.6990405 2.9951328
OS 5.7011176 2.9965207
OS 5.7045982 3.0017298
OS 5.7058204 3.0078744
OS 5.7045982 3.014019
OS 5.7011176 3.0192281
OS 5.6990407 3.0206158
OS 5.6990407 3.0266294
OS 5.7011176 3.0280171
OS 5.7045982 3.0332262
OS 5.7058204 3.0393708
OS 5.7045982 3.0455154
OS 5.7011176 3.0507245
OS 5.6959085 3.0542051
OS 5.6897639 3.0554273
OE
OB 4.332817 2.9944658 H
OS 4.3282086 2.9935491
OS 4.3243017 2.9909387
OS 4.3216913 2.9870318
OS 4.3213195 2.9851627
OS 4.3195435 2.9817775
OS 4.3161583 2.9800015
OS 4.3142892 2.9796297
OS 4.3103823 2.9770193
OS 4.3077719 2.9731124
OS 4.3068552 2.968504
OS 4.3077719 2.9638956
OS 4.3103823 2.9599887
OS 4.3142892 2.9573783
OS 4.3188976 2.9564616
OS 4.323506 2.9573783
OS 4.3274129 2.9599887
OS 4.3300233 2.9638956
OS 4.3303951 2.9657647
OS 4.3321711 2.9691499
OS 4.3355563 2.9709259
OS 4.3374254 2.9712977
OS 4.3413323 2.9739081
OS 4.3439427 2.977815
OS 4.3448594 2.9824234
OS 4.3439427 2.9870318
OS 4.3413323 2.9909387
OS 4.3374254 2.9935491
OS 4.332817 2.9944658
OE
OB 4.4897639 3.0554273 H
OS 4.4836193 3.0542051
OS 4.4784102 3.0507245
OS 4.4749296 3.0455154
OS 4.4737074 3.0393708
OS 4.4749296 3.0332262
OS 4.4784102 3.0280171
OS 4.4804871 3.0266294
OS 4.4804871 3.0206158
OS 4.4784102 3.0192281
OS 4.4749296 3.014019
OS 4.4737074 3.0078744
OS 4.4749296 3.0017298
OS 4.4784102 2.9965207
OS 4.4804863 2.9951335
OS 4.4804863 2.98912
OS 4.4784092 2.9877321
OS 4.4749286 2.982523
OS 4.4737064 2.9763784
OS 4.4749286 2.9702338
OS 4.4784092 2.9650247
OS 4.4836183 2.9615441
OS 4.4897629 2.9603219
OS 4.4959075 2.9615441
OS 4.5011166 2.9650247
OS 4.5045972 2.9702338
OS 4.5058194 2.9763784
OS 4.5045972 2.982523
OS 4.5011166 2.9877321
OS 4.4990405 2.9891193
OS 4.4990405 2.9951328
OS 4.5011176 2.9965207
OS 4.5045982 3.0017298
OS 4.5058204 3.0078744
OS 4.5045982 3.014019
OS 4.5011176 3.0192281
OS 4.4990407 3.0206158
OS 4.4990407 3.0266294
OS 4.5011176 3.0280171
OS 4.5045982 3.0332262
OS 4.5058204 3.0393708
OS 4.5045982 3.0455154
OS 4.5011176 3.0507245
OS 4.4959085 3.0542051
OS 4.4897639 3.0554273
OE
OB 4.56063 3.0554273 H
OS 4.5544854 3.0542051
OS 4.5492763 3.0507245
OS 4.5457957 3.0455154
OS 4.5445735 3.0393708
OS 4.5457957 3.0332262
OS 4.5492763 3.0280171
OS 4.5513532 3.0266294
OS 4.5513532 3.0206158
OS 4.5492763 3.0192281
OS 4.5457957 3.014019
OS 4.5445735 3.0078744
OS 4.5457957 3.0017298
OS 4.5492763 2.9965207
OS 4.5513524 2.9951335
OS 4.5513524 2.98912
OS 4.5492753 2.9877321
OS 4.5457947 2.982523
OS 4.5445725 2.9763784
OS 4.5457947 2.9702338
OS 4.5492753 2.9650247
OS 4.5544844 2.9615441
OS 4.560629 2.9603219
OS 4.5667736 2.9615441
OS 4.5719827 2.9650247
OS 4.5754633 2.9702338
OS 4.5766855 2.9763784
OS 4.5754633 2.982523
OS 4.5719827 2.9877321
OS 4.5699066 2.9891193
OS 4.5699066 2.9951328
OS 4.5719837 2.9965207
OS 4.5754643 3.0017298
OS 4.5766865 3.0078744
OS 4.5754643 3.014019
OS 4.5719837 3.0192281
OS 4.5699068 3.0206158
OS 4.5699068 3.0266294
OS 4.5719837 3.0280171
OS 4.5754643 3.0332262
OS 4.5766865 3.0393708
OS 4.5754643 3.0455154
OS 4.5719837 3.0507245
OS 4.5667746 3.0542051
OS 4.56063 3.0554273
OE
OB 5.76063 3.0554273 H
OS 5.7544854 3.0542051
OS 5.7492763 3.0507245
OS 5.7457957 3.0455154
OS 5.7445735 3.0393708
OS 5.7457957 3.0332262
OS 5.7492763 3.0280171
OS 5.7513532 3.0266294
OS 5.7513532 3.0206158
OS 5.7492763 3.0192281
OS 5.7457957 3.014019
OS 5.7445735 3.0078744
OS 5.7457957 3.0017298
OS 5.7492763 2.9965207
OS 5.7513524 2.9951335
OS 5.7513524 2.98912
OS 5.7492753 2.9877321
OS 5.7457947 2.982523
OS 5.7445725 2.9763784
OS 5.7457947 2.9702338
OS 5.7492753 2.9650247
OS 5.7544844 2.9615441
OS 5.760629 2.9603219
OS 5.7667736 2.9615441
OS 5.7719827 2.9650247
OS 5.7754633 2.9702338
OS 5.7766855 2.9763784
OS 5.7754633 2.982523
OS 5.7719827 2.9877321
OS 5.7699066 2.9891193
OS 5.7699066 2.9951328
OS 5.7719837 2.9965207
OS 5.7754643 3.0017298
OS 5.7766865 3.0078744
OS 5.7754643 3.014019
OS 5.7719837 3.0192281
OS 5.7699068 3.0206158
OS 5.7699068 3.0266294
OS 5.7719837 3.0280171
OS 5.7754643 3.0332262
OS 5.7766865 3.0393708
OS 5.7754643 3.0455154
OS 5.7719837 3.0507245
OS 5.7667746 3.0542051
OS 5.76063 3.0554273
OE
OB 6.96063 3.0554273 H
OS 6.9544854 3.0542051
OS 6.9492763 3.0507245
OS 6.9457957 3.0455154
OS 6.9445735 3.0393708
OS 6.9457957 3.0332262
OS 6.9492763 3.0280171
OS 6.9513532 3.0266294
OS 6.9513532 3.0206158
OS 6.9492763 3.0192281
OS 6.9457957 3.014019
OS 6.9445735 3.0078744
OS 6.9457957 3.0017298
OS 6.9492763 2.9965207
OS 6.9513524 2.9951335
OS 6.9513524 2.98912
OS 6.9492753 2.9877321
OS 6.9457947 2.982523
OS 6.9445725 2.9763784
OS 6.9457947 2.9702338
OS 6.9492753 2.9650247
OS 6.9544844 2.9615441
OS 6.960629 2.9603219
OS 6.9667736 2.9615441
OS 6.9719827 2.9650247
OS 6.9754633 2.9702338
OS 6.9766855 2.9763784
OS 6.9754633 2.982523
OS 6.9719827 2.9877321
OS 6.9699066 2.9891193
OS 6.9699066 2.9951328
OS 6.9719837 2.9965207
OS 6.9754643 3.0017298
OS 6.9766865 3.0078744
OS 6.9754643 3.014019
OS 6.9719837 3.0192281
OS 6.9699068 3.0206158
OS 6.9699068 3.0266294
OS 6.9719837 3.0280171
OS 6.9754643 3.0332262
OS 6.9766865 3.0393708
OS 6.9754643 3.0455154
OS 6.9719837 3.0507245
OS 6.9667746 3.0542051
OS 6.96063 3.0554273
OE
OB 7.0236247 3.0554268 H
OS 7.0174801 3.0542046
OS 7.012271 3.050724
OS 7.0087904 3.0455149
OS 7.0075682 3.0393703
OS 7.0087904 3.0332257
OS 7.012271 3.0280166
OS 7.0143462 3.02663
OS 7.0143462 3.0206165
OS 7.0122684 3.0192281
OS 7.0087878 3.014019
OS 7.0075656 3.0078744
OS 7.0087878 3.0017298
OS 7.0122684 2.9965207
OS 7.0143463 2.9951323
OS 7.0143463 2.9891188
OS 7.012271 2.9877321
OS 7.0087904 2.982523
OS 7.0075682 2.9763784
OS 7.0087904 2.9702338
OS 7.012271 2.9650247
OS 7.0174801 2.9615441
OS 7.0236247 2.9603219
OS 7.0297693 2.9615441
OS 7.0349784 2.9650247
OS 7.038459 2.9702338
OS 7.0396812 2.9763784
OS 7.038459 2.982523
OS 7.0349784 2.9877321
OS 7.0329005 2.9891205
OS 7.0329005 2.995134
OS 7.0349758 2.9965207
OS 7.0384564 3.0017298
OS 7.0396786 3.0078744
OS 7.0384564 3.014019
OS 7.0349758 3.0192281
OS 7.0329006 3.0206147
OS 7.0329006 3.0266282
OS 7.0349784 3.0280166
OS 7.038459 3.0332257
OS 7.0396812 3.0393703
OS 7.038459 3.0455149
OS 7.0349784 3.050724
OS 7.0297693 3.0542046
OS 7.0236247 3.0554268
OE
OB 7.0944908 3.0554268 H
OS 7.0883462 3.0542046
OS 7.0831371 3.050724
OS 7.0796565 3.0455149
OS 7.0784343 3.0393703
OS 7.0796565 3.0332257
OS 7.0831371 3.0280166
OS 7.0852124 3.0266299
OS 7.0852124 3.0206164
OS 7.0831346 3.0192281
OS 7.079654 3.014019
OS 7.0784318 3.0078744
OS 7.079654 3.0017298
OS 7.0831346 2.9965207
OS 7.0852125 2.9951323
OS 7.0852125 2.9891188
OS 7.0831371 2.9877321
OS 7.0796565 2.982523
OS 7.0784343 2.9763784
OS 7.0796565 2.9702338
OS 7.0831371 2.9650247
OS 7.0883462 2.9615441
OS 7.0944908 2.9603219
OS 7.1006354 2.9615441
OS 7.1058445 2.9650247
OS 7.1093251 2.9702338
OS 7.1105473 2.9763784
OS 7.1093251 2.982523
OS 7.1058445 2.9877321
OS 7.1037666 2.9891205
OS 7.1037666 2.995134
OS 7.105842 2.9965207
OS 7.1093226 3.0017298
OS 7.1105448 3.0078744
OS 7.1093226 3.014019
OS 7.105842 3.0192281
OS 7.1037667 3.0206148
OS 7.1037667 3.0266283
OS 7.1058445 3.0280166
OS 7.1093251 3.0332257
OS 7.1105473 3.0393703
OS 7.1093251 3.0455149
OS 7.1058445 3.050724
OS 7.1006354 3.0542046
OS 7.0944908 3.0554268
OE
OB 5.8236247 3.0554268 H
OS 5.8174801 3.0542046
OS 5.812271 3.050724
OS 5.8087904 3.0455149
OS 5.8075682 3.0393703
OS 5.8087904 3.0332257
OS 5.812271 3.0280166
OS 5.8143462 3.02663
OS 5.8143462 3.0206165
OS 5.8122684 3.0192281
OS 5.8087878 3.014019
OS 5.8075656 3.0078744
OS 5.8087878 3.0017298
OS 5.8122684 2.9965207
OS 5.8143463 2.9951323
OS 5.8143463 2.9891188
OS 5.812271 2.9877321
OS 5.8087904 2.982523
OS 5.8075682 2.9763784
OS 5.8087904 2.9702338
OS 5.812271 2.9650247
OS 5.8174801 2.9615441
OS 5.8236247 2.9603219
OS 5.8297693 2.9615441
OS 5.8349784 2.9650247
OS 5.838459 2.9702338
OS 5.8396812 2.9763784
OS 5.838459 2.982523
OS 5.8349784 2.9877321
OS 5.8329005 2.9891205
OS 5.8329005 2.995134
OS 5.8349758 2.9965207
OS 5.8384564 3.0017298
OS 5.8396786 3.0078744
OS 5.8384564 3.014019
OS 5.8349758 3.0192281
OS 5.8329006 3.0206147
OS 5.8329006 3.0266282
OS 5.8349784 3.0280166
OS 5.838459 3.0332257
OS 5.8396812 3.0393703
OS 5.838459 3.0455149
OS 5.8349784 3.050724
OS 5.8297693 3.0542046
OS 5.8236247 3.0554268
OE
OB 5.8944908 3.0554268 H
OS 5.8883462 3.0542046
OS 5.8831371 3.050724
OS 5.8796565 3.0455149
OS 5.8784343 3.0393703
OS 5.8796565 3.0332257
OS 5.8831371 3.0280166
OS 5.8852124 3.0266299
OS 5.8852124 3.0206164
OS 5.8831346 3.0192281
OS 5.879654 3.014019
OS 5.8784318 3.0078744
OS 5.879654 3.0017298
OS 5.8831346 2.9965207
OS 5.8852125 2.9951323
OS 5.8852125 2.9891188
OS 5.8831371 2.9877321
OS 5.8796565 2.982523
OS 5.8784343 2.9763784
OS 5.8796565 2.9702338
OS 5.8831371 2.9650247
OS 5.8883462 2.9615441
OS 5.8944908 2.9603219
OS 5.9006354 2.9615441
OS 5.9058445 2.9650247
OS 5.9093251 2.9702338
OS 5.9105473 2.9763784
OS 5.9093251 2.982523
OS 5.9058445 2.9877321
OS 5.9037666 2.9891205
OS 5.9037666 2.995134
OS 5.905842 2.9965207
OS 5.9093226 3.0017298
OS 5.9105448 3.0078744
OS 5.9093226 3.014019
OS 5.905842 3.0192281
OS 5.9037667 3.0206148
OS 5.9037667 3.0266283
OS 5.9058445 3.0280166
OS 5.9093251 3.0332257
OS 5.9105473 3.0393703
OS 5.9093251 3.0455149
OS 5.9058445 3.050724
OS 5.9006354 3.0542046
OS 5.8944908 3.0554268
OE
OB 6.8897639 3.0554273 H
OS 6.8836193 3.0542051
OS 6.8784102 3.0507245
OS 6.8749296 3.0455154
OS 6.8737074 3.0393708
OS 6.8749296 3.0332262
OS 6.8784102 3.0280171
OS 6.8804871 3.0266294
OS 6.8804871 3.0206158
OS 6.8784102 3.0192281
OS 6.8749296 3.014019
OS 6.8737074 3.0078744
OS 6.8749296 3.0017298
OS 6.8784102 2.9965207
OS 6.8804863 2.9951335
OS 6.8804863 2.98912
OS 6.8784092 2.9877321
OS 6.8749286 2.982523
OS 6.8737064 2.9763784
OS 6.8749286 2.9702338
OS 6.8784092 2.9650247
OS 6.8836183 2.9615441
OS 6.8897629 2.9603219
OS 6.8959075 2.9615441
OS 6.9011166 2.9650247
OS 6.9045972 2.9702338
OS 6.9058194 2.9763784
OS 6.9045972 2.982523
OS 6.9011166 2.9877321
OS 6.8990405 2.9891193
OS 6.8990405 2.9951328
OS 6.9011176 2.9965207
OS 6.9045982 3.0017298
OS 6.9058204 3.0078744
OS 6.9045982 3.014019
OS 6.9011176 3.0192281
OS 6.8990407 3.0206158
OS 6.8990407 3.0266294
OS 6.9011176 3.0280171
OS 6.9045982 3.0332262
OS 6.9058204 3.0393708
OS 6.9045982 3.0455154
OS 6.9011176 3.0507245
OS 6.8959085 3.0542051
OS 6.8897639 3.0554273
OE
OB 5.515748 2.9982629 H
OS 5.5111396 2.9973462
OS 5.5072327 2.9947358
OS 5.5046223 2.9908289
OS 5.5037056 2.9862205
OS 5.5046223 2.9816121
OS 5.5072327 2.9777053
OS 5.5072327 2.9742633
OS 5.5046223 2.9703565
OS 5.5037056 2.9657481
OS 5.5046223 2.9611397
OS 5.5072327 2.9572328
OS 5.5111396 2.9546224
OS 5.515748 2.9537057
OS 5.5203564 2.9546224
OS 5.5242633 2.9572328
OS 5.5268737 2.9611397
OS 5.5277904 2.9657481
OS 5.5268737 2.9703565
OS 5.5242633 2.9742633
OS 5.5242633 2.9777053
OS 5.5268737 2.9816121
OS 5.5277904 2.9862205
OS 5.5268737 2.9908289
OS 5.5242633 2.9947358
OS 5.5203564 2.9973462
OS 5.515748 2.9982629
OE
OB 4.49 2.8940424 H
OS 4.4853916 2.8931257
OS 4.4814847 2.8905153
OS 4.4788743 2.8866084
OS 4.4779576 2.882
OS 4.4788743 2.8773916
OS 4.4814847 2.8734847
OS 4.4853916 2.8708743
OS 4.49 2.8699576
OS 4.4946084 2.8708743
OS 4.4985153 2.8734847
OS 4.5011257 2.8773916
OS 4.5020424 2.882
OS 4.5011257 2.8866084
OS 4.4985153 2.8905153
OS 4.4946084 2.8931257
OS 4.49 2.8940424
OE
OB 7.094 2.8940424 H
OS 7.0893916 2.8931257
OS 7.0854847 2.8905153
OS 7.0828743 2.8866084
OS 7.0819576 2.882
OS 7.0828743 2.8773916
OS 7.0854847 2.8734847
OS 7.0893916 2.8708743
OS 7.094 2.8699576
OS 7.0986084 2.8708743
OS 7.1025153 2.8734847
OS 7.1051257 2.8773916
OS 7.1060424 2.882
OS 7.1051257 2.8866084
OS 7.1025153 2.8905153
OS 7.0986084 2.8931257
OS 7.094 2.8940424
OE
OB 4.694 2.8950424 H
OS 4.6893916 2.8941257
OS 4.6854847 2.8915153
OS 4.6828743 2.8876084
OS 4.6819576 2.883
OS 4.6828743 2.8783916
OS 4.6854847 2.8744847
OS 4.6893916 2.8718743
OS 4.694 2.8709576
OS 4.6986084 2.8718743
OS 4.7025153 2.8744847
OS 4.7051257 2.8783916
OS 4.7060424 2.883
OS 4.7051257 2.8876084
OS 4.7025153 2.8915153
OS 4.6986084 2.8941257
OS 4.694 2.8950424
OE
OB 5.515748 2.8722787 H
OS 5.5111396 2.871362
OS 5.5072327 2.8687516
OS 5.5046223 2.8648447
OS 5.5037056 2.8602363
OS 5.5046223 2.8556279
OS 5.5072327 2.8517211
OS 5.5072327 2.8482791
OS 5.5046223 2.8443723
OS 5.5037056 2.8397639
OS 5.5046223 2.8351555
OS 5.5072327 2.8312486
OS 5.5111396 2.8286382
OS 5.515748 2.8277215
OS 5.5203564 2.8286382
OS 5.5242633 2.8312486
OS 5.5268737 2.8351555
OS 5.5277904 2.8397639
OS 5.5268737 2.8443723
OS 5.5242633 2.8482791
OS 5.5242633 2.8517211
OS 5.5268737 2.8556279
OS 5.5277904 2.8602363
OS 5.5268737 2.8648447
OS 5.5242633 2.8687516
OS 5.5203564 2.871362
OS 5.515748 2.8722787
OE
OB 4.6065435 2.8726724 H
OS 4.6019351 2.8717557
OS 4.5980282 2.8691453
OS 4.5954178 2.8652384
OS 4.5945011 2.86063
OS 4.5954178 2.8560216
OS 4.5980282 2.8521148
OS 4.5980282 2.8494602
OS 4.5954178 2.8455534
OS 4.5945011 2.840945
OS 4.5954178 2.8363366
OS 4.5980282 2.8324297
OS 4.6019351 2.8298193
OS 4.6065435 2.8289026
OS 4.6111519 2.8298193
OS 4.6150588 2.8324297
OS 4.6176692 2.8363366
OS 4.6185859 2.840945
OS 4.6176692 2.8455534
OS 4.6150588 2.8494602
OS 4.6150588 2.8521148
OS 4.6176692 2.8560216
OS 4.6185859 2.86063
OS 4.6176692 2.8652384
OS 4.6150588 2.8691453
OS 4.6111519 2.8717557
OS 4.6065435 2.8726724
OE
OB 6.007874 2.9037747 H
OS 6.0032656 2.902858
OS 5.9993587 2.9002476
OS 5.9967483 2.8963407
OS 5.9958316 2.8917323
OS 5.9967483 2.8871239
OS 5.9981708 2.8849949
OS 5.998967 2.8814961
OS 5.9981708 2.8779973
OS 5.9967483 2.8758683
OS 5.9958316 2.8712599
OS 5.9967483 2.8666515
OS 5.9993587 2.8627446
OS 6.0032656 2.8601342
OS 6.007874 2.8592175
OS 6.0124824 2.8601342
OS 6.0163893 2.8627446
OS 6.0189997 2.8666515
OS 6.0199164 2.8712599
OS 6.0189997 2.8758683
OS 6.0175772 2.8779973
OS 6.016781 2.8814961
OS 6.0175772 2.8849949
OS 6.0189997 2.8871239
OS 6.0199164 2.8917323
OS 6.0189997 2.8963407
OS 6.0163893 2.9002476
OS 6.0124824 2.902858
OS 6.007874 2.9037747
OE
OB 5.68 2.9140424 H
OS 5.6753916 2.9131257
OS 5.6714847 2.9105153
OS 5.6688743 2.9066084
OS 5.6679576 2.902
OS 5.6688743 2.8973916
OS 5.6714847 2.8934847
OS 5.6753916 2.8908743
OS 5.68 2.8899576
OS 5.6846084 2.8908743
OS 5.6885153 2.8934847
OS 5.6911257 2.8973916
OS 5.6920424 2.902
OS 5.6911257 2.9066084
OS 5.6885153 2.9105153
OS 5.6846084 2.9131257
OS 5.68 2.9140424
OE
OB 6.8897638 2.9510189 H
OS 6.8851554 2.9501022
OS 6.8812485 2.9474918
OS 6.8786381 2.9435849
OS 6.8777214 2.9389765
OS 6.8786381 2.9343681
OS 6.8800606 2.9322391
OS 6.8808568 2.9287403
OS 6.8800606 2.9252415
OS 6.8786381 2.9231125
OS 6.8778189 2.9189941
OS 6.8769932 2.9179992
OS 6.8732413 2.9153976
OS 6.87 2.9160424
OS 6.8653916 2.9151257
OS 6.8614847 2.9125153
OS 6.8588743 2.9086084
OS 6.8579576 2.904
OS 6.8588743 2.8993916
OS 6.8614847 2.8954847
OS 6.8653916 2.8928743
OS 6.87 2.8919576
OS 6.8746084 2.8928743
OS 6.8785153 2.8954847
OS 6.8811257 2.8993916
OS 6.8819449 2.90351
OS 6.8827706 2.9045049
OS 6.8865225 2.9071065
OS 6.8897638 2.9064617
OS 6.8943722 2.9073784
OS 6.8982791 2.9099888
OS 6.9008895 2.9138957
OS 6.9018062 2.9185041
OS 6.9008895 2.9231125
OS 6.899467 2.9252415
OS 6.8986708 2.9287403
OS 6.899467 2.9322391
OS 6.9008895 2.9343681
OS 6.9018062 2.9389765
OS 6.9008895 2.9435849
OS 6.8982791 2.9474918
OS 6.8943722 2.9501022
OS 6.8897638 2.9510189
OE
OB 6.007874 2.9667669 H
OS 6.0032656 2.9658502
OS 5.9993587 2.9632398
OS 5.9967483 2.9593329
OS 5.9958316 2.9547245
OS 5.9967483 2.9501161
OS 5.9981708 2.9479871
OS 5.998967 2.9444883
OS 5.9981708 2.9409895
OS 5.9967483 2.9388605
OS 5.9958316 2.9342521
OS 5.9967483 2.9296437
OS 5.9993587 2.9257368
OS 6.0032656 2.9231264
OS 6.007874 2.9222097
OS 6.0124824 2.9231264
OS 6.0163893 2.9257368
OS 6.0189997 2.9296437
OS 6.0199164 2.9342521
OS 6.0189997 2.9388605
OS 6.0175772 2.9409895
OS 6.016781 2.9444883
OS 6.0175772 2.9479871
OS 6.0189997 2.9501161
OS 6.0199164 2.9547245
OS 6.0189997 2.9593329
OS 6.0163893 2.9632398
OS 6.0124824 2.9658502
OS 6.007874 2.9667669
OE
OB 4.585 2.9460424 H
OS 4.5803916 2.9451257
OS 4.5764847 2.9425153
OS 4.5764401 2.9424486
OS 4.5725158 2.9395158
OS 4.5700328 2.941174
OS 4.5686084 2.9421257
OS 4.564 2.9430424
OS 4.5593916 2.9421257
OS 4.5554847 2.9395153
OS 4.5528743 2.9356084
OS 4.5519576 2.931
OS 4.5528743 2.9263916
OS 4.5554847 2.9224847
OS 4.5593916 2.9198743
OS 4.564 2.9189576
OS 4.5686084 2.9198743
OS 4.5725153 2.9224847
OS 4.5725599 2.9225514
OS 4.5764842 2.9254842
OS 4.5789672 2.923826
OS 4.5803916 2.9228743
OS 4.5839978 2.9221569
OS 4.5849998 2.9219574
OS 4.5850023 2.9172474
OS 4.5843914 2.9171257
OS 4.5804847 2.9145153
OS 4.5778743 2.9106084
OS 4.5769576 2.906
OS 4.5778743 2.9013916
OS 4.5804847 2.8974848
OS 4.5804847 2.8948302
OS 4.5778743 2.8909234
OS 4.5769576 2.886315
OS 4.5778743 2.8817066
OS 4.5804847 2.8777997
OS 4.5843916 2.8751893
OS 4.589 2.8742726
OS 4.5936084 2.8751893
OS 4.5975153 2.8777997
OS 4.6001257 2.8817066
OS 4.6010424 2.886315
OS 4.6001257 2.8909234
OS 4.5975153 2.8948302
OS 4.5975153 2.8974848
OS 4.6001257 2.9013916
OS 4.6010424 2.906
OS 4.6001257 2.9106084
OS 4.5975153 2.9145153
OS 4.5936084 2.9171257
OS 4.5900022 2.9178431
OS 4.5890002 2.9180426
OS 4.5889977 2.9227526
OS 4.5896086 2.9228743
OS 4.5935153 2.9254847
OS 4.5961257 2.9293916
OS 4.5970424 2.934
OS 4.5961257 2.9386084
OS 4.5935153 2.9425153
OS 4.5896084 2.9451257
OS 4.585 2.9460424
OE
OB 5.902 2.9140424 H
OS 5.8973916 2.9131257
OS 5.8934847 2.9105153
OS 5.8908743 2.9066084
OS 5.8899576 2.902
OS 5.8908743 2.8973916
OS 5.8934847 2.8934847
OS 5.8973916 2.8908743
OS 5.902 2.8899576
OS 5.9066084 2.8908743
OS 5.9105153 2.8934847
OS 5.9131257 2.8973916
OS 5.9140424 2.902
OS 5.9131257 2.9066084
OS 5.9105153 2.9105153
OS 5.9066084 2.9131257
OS 5.902 2.9140424
OE
OB 5.515748 2.9352707 H
OS 5.5111396 2.934354
OS 5.5072327 2.9317436
OS 5.5046223 2.9278367
OS 5.5037056 2.9232283
OS 5.5046223 2.9186199
OS 5.5072327 2.9147131
OS 5.5072327 2.9112711
OS 5.5046223 2.9073643
OS 5.5037056 2.9027559
OS 5.5046223 2.8981475
OS 5.5072327 2.8942406
OS 5.5111396 2.8916302
OS 5.515748 2.8907135
OS 5.5203564 2.8916302
OS 5.5242633 2.8942406
OS 5.5268737 2.8981475
OS 5.5277904 2.9027559
OS 5.5268737 2.9073643
OS 5.5242633 2.9112711
OS 5.5242633 2.9147131
OS 5.5268737 2.9186199
OS 5.5277904 2.9232283
OS 5.5268737 2.9278367
OS 5.5242633 2.9317436
OS 5.5203564 2.934354
OS 5.515748 2.9352707
OE
OB 7.0944882 2.9518063 H
OS 7.0898798 2.9508896
OS 7.0859729 2.9482792
OS 7.0833625 2.9443723
OS 7.0824458 2.9397639
OS 7.0833625 2.9351555
OS 7.084785 2.9330265
OS 7.0855812 2.9295277
OS 7.084785 2.9260289
OS 7.0833625 2.9238999
OS 7.0824458 2.9192915
OS 7.0833625 2.9146831
OS 7.0859729 2.9107762
OS 7.0898798 2.9081658
OS 7.0944882 2.9072491
OS 7.0990966 2.9081658
OS 7.1030035 2.9107762
OS 7.1056139 2.9146831
OS 7.1065306 2.9192915
OS 7.1056139 2.9238999
OS 7.1041914 2.9260289
OS 7.1033952 2.9295277
OS 7.1041914 2.9330265
OS 7.1056139 2.9351555
OS 7.1065306 2.9397639
OS 7.1056139 2.9443723
OS 7.1030035 2.9482792
OS 7.0990966 2.9508896
OS 7.0944882 2.9518063
OE
OB 6.007874 3.0297589 H
OS 6.0032656 3.0288422
OS 5.9993587 3.0262318
OS 5.9967483 3.0223249
OS 5.9958316 3.0177165
OS 5.9967483 3.0131081
OS 5.9981708 3.0109791
OS 5.998967 3.0074803
OS 5.9981708 3.0039815
OS 5.9967483 3.0018525
OS 5.9958316 2.9972441
OS 5.9967483 2.9926357
OS 5.9993587 2.9887288
OS 6.0032656 2.9861184
OS 6.007874 2.9852017
OS 6.0124824 2.9861184
OS 6.0163893 2.9887288
OS 6.0189997 2.9926357
OS 6.0199164 2.9972441
OS 6.0189997 3.0018525
OS 6.0175772 3.0039815
OS 6.016781 3.0074803
OS 6.0175772 3.0109791
OS 6.0189997 3.0131081
OS 6.0199164 3.0177165
OS 6.0189997 3.0223249
OS 6.0163893 3.0262318
OS 6.0124824 3.0288422
OS 6.007874 3.0297589
OE
OB 10.4897638 3.2129073 H
OS 10.4836192 3.2116851
OS 10.4784101 3.2082045
OS 10.4749295 3.2029954
OS 10.4737073 3.1968508
OS 10.4749295 3.1907062
OS 10.4784101 3.1854971
OS 10.480487 3.1841094
OS 10.480487 3.1780958
OS 10.4784101 3.1767081
OS 10.4749295 3.171499
OS 10.4737073 3.1653544
OS 10.4749295 3.1592098
OS 10.4784101 3.1540007
OS 10.4804862 3.1526135
OS 10.4804862 3.1466
OS 10.4784091 3.1452121
OS 10.4749285 3.140003
OS 10.4737063 3.1338584
OS 10.4749285 3.1277138
OS 10.4784091 3.1225047
OS 10.4836182 3.1190241
OS 10.4897628 3.1178019
OS 10.4959074 3.1190241
OS 10.5011165 3.1225047
OS 10.5045971 3.1277138
OS 10.5058193 3.1338584
OS 10.5045971 3.140003
OS 10.5011165 3.1452121
OS 10.4990404 3.1465993
OS 10.4990404 3.1526128
OS 10.5011175 3.1540007
OS 10.5045981 3.1592098
OS 10.5058203 3.1653544
OS 10.5045981 3.171499
OS 10.5011175 3.1767081
OS 10.4990406 3.1780958
OS 10.4990406 3.1841094
OS 10.5011175 3.1854971
OS 10.5045981 3.1907062
OS 10.5058203 3.1968508
OS 10.5045981 3.2029954
OS 10.5011175 3.2082045
OS 10.4959084 3.2116851
OS 10.4897638 3.2129073
OE
OB 10.5606299 3.2129073 H
OS 10.5544853 3.2116851
OS 10.5492762 3.2082045
OS 10.5457956 3.2029954
OS 10.5445734 3.1968508
OS 10.5457956 3.1907062
OS 10.5492762 3.1854971
OS 10.5513531 3.1841094
OS 10.5513531 3.1780958
OS 10.5492762 3.1767081
OS 10.5457956 3.171499
OS 10.5445734 3.1653544
OS 10.5457956 3.1592098
OS 10.5492762 3.1540007
OS 10.5513523 3.1526135
OS 10.5513523 3.1466
OS 10.5492752 3.1452121
OS 10.5457946 3.140003
OS 10.5445724 3.1338584
OS 10.5457946 3.1277138
OS 10.5492752 3.1225047
OS 10.5544843 3.1190241
OS 10.5606289 3.1178019
OS 10.5667735 3.1190241
OS 10.5719826 3.1225047
OS 10.5754632 3.1277138
OS 10.5766854 3.1338584
OS 10.5754632 3.140003
OS 10.5719826 3.1452121
OS 10.5699065 3.1465993
OS 10.5699065 3.1526128
OS 10.5719836 3.1540007
OS 10.5754642 3.1592098
OS 10.5766864 3.1653544
OS 10.5754642 3.171499
OS 10.5719836 3.1767081
OS 10.5699067 3.1780958
OS 10.5699067 3.1841094
OS 10.5719836 3.1854971
OS 10.5754642 3.1907062
OS 10.5766864 3.1968508
OS 10.5754642 3.2029954
OS 10.5719836 3.2082045
OS 10.5667745 3.2116851
OS 10.5606299 3.2129073
OE
OB 10.6236246 3.2129068 H
OS 10.61748 3.2116846
OS 10.6122709 3.208204
OS 10.6087903 3.2029949
OS 10.6075681 3.1968503
OS 10.6087903 3.1907057
OS 10.6122709 3.1854966
OS 10.6143461 3.18411
OS 10.6143461 3.1780965
OS 10.6122683 3.1767081
OS 10.6087877 3.171499
OS 10.6075655 3.1653544
OS 10.6087877 3.1592098
OS 10.6122683 3.1540007
OS 10.6143462 3.1526123
OS 10.6143462 3.1465988
OS 10.6122709 3.1452121
OS 10.6087903 3.140003
OS 10.6075681 3.1338584
OS 10.6087903 3.1277138
OS 10.6122709 3.1225047
OS 10.61748 3.1190241
OS 10.6236246 3.1178019
OS 10.6297692 3.1190241
OS 10.6349783 3.1225047
OS 10.6384589 3.1277138
OS 10.6396811 3.1338584
OS 10.6384589 3.140003
OS 10.6349783 3.1452121
OS 10.6329004 3.1466005
OS 10.6329004 3.152614
OS 10.6349757 3.1540007
OS 10.6384563 3.1592098
OS 10.6396785 3.1653544
OS 10.6384563 3.171499
OS 10.6349757 3.1767081
OS 10.6329005 3.1780947
OS 10.6329005 3.1841082
OS 10.6349783 3.1854966
OS 10.6384589 3.1907057
OS 10.6396811 3.1968503
OS 10.6384589 3.2029949
OS 10.6349783 3.208204
OS 10.6297692 3.2116846
OS 10.6236246 3.2129068
OE
OB 9.3606299 3.2129073 H
OS 9.3544853 3.2116851
OS 9.3492762 3.2082045
OS 9.3457956 3.2029954
OS 9.3445734 3.1968508
OS 9.3457956 3.1907062
OS 9.3492762 3.1854971
OS 9.3513531 3.1841094
OS 9.3513531 3.1780958
OS 9.3492762 3.1767081
OS 9.3457956 3.171499
OS 9.3445734 3.1653544
OS 9.3457956 3.1592098
OS 9.3492762 3.1540007
OS 9.3513523 3.1526135
OS 9.3513523 3.1466
OS 9.3492752 3.1452121
OS 9.3457946 3.140003
OS 9.3445724 3.1338584
OS 9.3457946 3.1277138
OS 9.3492752 3.1225047
OS 9.3544843 3.1190241
OS 9.3606289 3.1178019
OS 9.3667735 3.1190241
OS 9.3719826 3.1225047
OS 9.3754632 3.1277138
OS 9.3766854 3.1338584
OS 9.3754632 3.140003
OS 9.3719826 3.1452121
OS 9.3699065 3.1465993
OS 9.3699065 3.1526128
OS 9.3719836 3.1540007
OS 9.3754642 3.1592098
OS 9.3766864 3.1653544
OS 9.3754642 3.171499
OS 9.3719836 3.1767081
OS 9.3699067 3.1780958
OS 9.3699067 3.1841094
OS 9.3719836 3.1854971
OS 9.3754642 3.1907062
OS 9.3766864 3.1968508
OS 9.3754642 3.2029954
OS 9.3719836 3.2082045
OS 9.3667745 3.2116851
OS 9.3606299 3.2129073
OE
OB 9.4236246 3.2129068 H
OS 9.41748 3.2116846
OS 9.4122709 3.208204
OS 9.4087903 3.2029949
OS 9.4075681 3.1968503
OS 9.4087903 3.1907057
OS 9.4122709 3.1854966
OS 9.4143461 3.18411
OS 9.4143461 3.1780965
OS 9.4122683 3.1767081
OS 9.4087877 3.171499
OS 9.4075655 3.1653544
OS 9.4087877 3.1592098
OS 9.4122683 3.1540007
OS 9.4143462 3.1526123
OS 9.4143462 3.1465988
OS 9.4122709 3.1452121
OS 9.4087903 3.140003
OS 9.4075681 3.1338584
OS 9.4087903 3.1277138
OS 9.4122709 3.1225047
OS 9.41748 3.1190241
OS 9.4236246 3.1178019
OS 9.4297692 3.1190241
OS 9.4349783 3.1225047
OS 9.4384589 3.1277138
OS 9.4396811 3.1338584
OS 9.4384589 3.140003
OS 9.4349783 3.1452121
OS 9.4329004 3.1466005
OS 9.4329004 3.152614
OS 9.4349757 3.1540007
OS 9.4384563 3.1592098
OS 9.4396785 3.1653544
OS 9.4384563 3.171499
OS 9.4349757 3.1767081
OS 9.4329005 3.1780947
OS 9.4329005 3.1841082
OS 9.4349783 3.1854966
OS 9.4384589 3.1907057
OS 9.4396811 3.1968503
OS 9.4384589 3.2029949
OS 9.4349783 3.208204
OS 9.4297692 3.2116846
OS 9.4236246 3.2129068
OE
OB 9.4944907 3.2129068 H
OS 9.4883461 3.2116846
OS 9.483137 3.208204
OS 9.4796564 3.2029949
OS 9.4784342 3.1968503
OS 9.4796564 3.1907057
OS 9.483137 3.1854966
OS 9.4852123 3.1841099
OS 9.4852123 3.1780964
OS 9.4831345 3.1767081
OS 9.4796539 3.171499
OS 9.4784317 3.1653544
OS 9.4796539 3.1592098
OS 9.4831345 3.1540007
OS 9.4852124 3.1526123
OS 9.4852124 3.1465988
OS 9.483137 3.1452121
OS 9.4796564 3.140003
OS 9.4784342 3.1338584
OS 9.4796564 3.1277138
OS 9.483137 3.1225047
OS 9.4883461 3.1190241
OS 9.4944907 3.1178019
OS 9.5006353 3.1190241
OS 9.5058444 3.1225047
OS 9.509325 3.1277138
OS 9.5105472 3.1338584
OS 9.509325 3.140003
OS 9.5058444 3.1452121
OS 9.5037665 3.1466005
OS 9.5037665 3.152614
OS 9.5058419 3.1540007
OS 9.5093225 3.1592098
OS 9.5105447 3.1653544
OS 9.5093225 3.171499
OS 9.5058419 3.1767081
OS 9.5037666 3.1780948
OS 9.5037666 3.1841083
OS 9.5058444 3.1854966
OS 9.509325 3.1907057
OS 9.5105472 3.1968503
OS 9.509325 3.2029949
OS 9.5058444 3.208204
OS 9.5006353 3.2116846
OS 9.4944907 3.2129068
OE
OB 10.6944907 3.2129068 H
OS 10.6883461 3.2116846
OS 10.683137 3.208204
OS 10.6796564 3.2029949
OS 10.6784342 3.1968503
OS 10.6796564 3.1907057
OS 10.683137 3.1854966
OS 10.6852123 3.1841099
OS 10.6852123 3.1780964
OS 10.6831345 3.1767081
OS 10.6796539 3.171499
OS 10.6784317 3.1653544
OS 10.6796539 3.1592098
OS 10.6831345 3.1540007
OS 10.6852124 3.1526123
OS 10.6852124 3.1465988
OS 10.683137 3.1452121
OS 10.6796564 3.140003
OS 10.6784342 3.1338584
OS 10.6796564 3.1277138
OS 10.683137 3.1225047
OS 10.6883461 3.1190241
OS 10.6944907 3.1178019
OS 10.7006353 3.1190241
OS 10.7058444 3.1225047
OS 10.709325 3.1277138
OS 10.7105472 3.1338584
OS 10.709325 3.140003
OS 10.7058444 3.1452121
OS 10.7037665 3.1466005
OS 10.7037665 3.152614
OS 10.7058419 3.1540007
OS 10.7093225 3.1592098
OS 10.7105447 3.1653544
OS 10.7093225 3.171499
OS 10.7058419 3.1767081
OS 10.7037666 3.1780948
OS 10.7037666 3.1841083
OS 10.7058444 3.1854966
OS 10.709325 3.1907057
OS 10.7105472 3.1968503
OS 10.709325 3.2029949
OS 10.7058444 3.208204
OS 10.7006353 3.2116846
OS 10.6944907 3.2129068
OE
OB 11.8944907 3.2129068 H
OS 11.8883461 3.2116846
OS 11.883137 3.208204
OS 11.8796564 3.2029949
OS 11.8784342 3.1968503
OS 11.8796564 3.1907057
OS 11.883137 3.1854966
OS 11.8852123 3.1841099
OS 11.8852123 3.1780964
OS 11.8831345 3.1767081
OS 11.8796539 3.171499
OS 11.8784317 3.1653544
OS 11.8796539 3.1592098
OS 11.8831345 3.1540007
OS 11.8852124 3.1526123
OS 11.8852124 3.1465988
OS 11.883137 3.1452121
OS 11.8796564 3.140003
OS 11.8784342 3.1338584
OS 11.8796564 3.1277138
OS 11.883137 3.1225047
OS 11.8883461 3.1190241
OS 11.8944907 3.1178019
OS 11.9006353 3.1190241
OS 11.9058444 3.1225047
OS 11.909325 3.1277138
OS 11.9105472 3.1338584
OS 11.909325 3.140003
OS 11.9058444 3.1452121
OS 11.9037665 3.1466005
OS 11.9037665 3.152614
OS 11.9058419 3.1540007
OS 11.9093225 3.1592098
OS 11.9105447 3.1653544
OS 11.9093225 3.171499
OS 11.9058419 3.1767081
OS 11.9037666 3.1780948
OS 11.9037666 3.1841083
OS 11.9058444 3.1854966
OS 11.909325 3.1907057
OS 11.9105472 3.1968503
OS 11.909325 3.2029949
OS 11.9058444 3.208204
OS 11.9006353 3.2116846
OS 11.8944907 3.2129068
OE
OB 8.6751969 3.1990503 H
OS 8.6705885 3.1981336
OS 8.6666816 3.1955232
OS 8.6640712 3.1916163
OS 8.6631545 3.1870079
OS 8.6640712 3.1823995
OS 8.6666816 3.1784926
OS 8.6705885 3.1758822
OS 8.6751969 3.1749655
OS 8.6798053 3.1758822
OS 8.6837122 3.1784926
OS 8.6863226 3.1823995
OS 8.6872393 3.1870079
OS 8.6863226 3.1916163
OS 8.6837122 3.1955232
OS 8.6798053 3.1981336
OS 8.6751969 3.1990503
OE
OB 8.7962598 3.2364518 H
OS 8.7916514 3.2355351
OS 8.7877445 3.2329247
OS 8.7851341 3.2290178
OS 8.7842174 3.2244094
OS 8.7851341 3.219801
OS 8.7877445 3.2158941
OS 8.7916514 3.2132837
OS 8.7962598 3.212367
OS 8.8008682 3.2132837
OS 8.8047751 3.2158941
OS 8.8073855 3.219801
OS 8.8083022 3.2244094
OS 8.8073855 3.2290178
OS 8.8047751 3.2329247
OS 8.8008682 3.2355351
OS 8.7962598 3.2364518
OE
OB 11.6897638 3.2129073 H
OS 11.6836192 3.2116851
OS 11.6784101 3.2082045
OS 11.6749295 3.2029954
OS 11.6737073 3.1968508
OS 11.6749295 3.1907062
OS 11.6784101 3.1854971
OS 11.680487 3.1841094
OS 11.680487 3.1780958
OS 11.6784101 3.1767081
OS 11.6749295 3.171499
OS 11.6737073 3.1653544
OS 11.6749295 3.1592098
OS 11.6784101 3.1540007
OS 11.6804862 3.1526135
OS 11.6804862 3.1466
OS 11.6784091 3.1452121
OS 11.6749285 3.140003
OS 11.6737063 3.1338584
OS 11.6749285 3.1277138
OS 11.6784091 3.1225047
OS 11.6836182 3.1190241
OS 11.6897628 3.1178019
OS 11.6959074 3.1190241
OS 11.7011165 3.1225047
OS 11.7045971 3.1277138
OS 11.7058193 3.1338584
OS 11.7045971 3.140003
OS 11.7011165 3.1452121
OS 11.6990404 3.1465993
OS 11.6990404 3.1526128
OS 11.7011175 3.1540007
OS 11.7045981 3.1592098
OS 11.7058203 3.1653544
OS 11.7045981 3.171499
OS 11.7011175 3.1767081
OS 11.6990406 3.1780958
OS 11.6990406 3.1841094
OS 11.7011175 3.1854971
OS 11.7045981 3.1907062
OS 11.7058203 3.1968508
OS 11.7045981 3.2029954
OS 11.7011175 3.2082045
OS 11.6959084 3.2116851
OS 11.6897638 3.2129073
OE
OB 11.7606299 3.2129073 H
OS 11.7544853 3.2116851
OS 11.7492762 3.2082045
OS 11.7457956 3.2029954
OS 11.7445734 3.1968508
OS 11.7457956 3.1907062
OS 11.7492762 3.1854971
OS 11.7513531 3.1841094
OS 11.7513531 3.1780958
OS 11.7492762 3.1767081
OS 11.7457956 3.171499
OS 11.7445734 3.1653544
OS 11.7457956 3.1592098
OS 11.7492762 3.1540007
OS 11.7513523 3.1526135
OS 11.7513523 3.1466
OS 11.7492752 3.1452121
OS 11.7457946 3.140003
OS 11.7445724 3.1338584
OS 11.7457946 3.1277138
OS 11.7492752 3.1225047
OS 11.7544843 3.1190241
OS 11.7606289 3.1178019
OS 11.7667735 3.1190241
OS 11.7719826 3.1225047
OS 11.7754632 3.1277138
OS 11.7766854 3.1338584
OS 11.7754632 3.140003
OS 11.7719826 3.1452121
OS 11.7699065 3.1465993
OS 11.7699065 3.1526128
OS 11.7719836 3.1540007
OS 11.7754642 3.1592098
OS 11.7766864 3.1653544
OS 11.7754642 3.171499
OS 11.7719836 3.1767081
OS 11.7699067 3.1780958
OS 11.7699067 3.1841094
OS 11.7719836 3.1854971
OS 11.7754642 3.1907062
OS 11.7766864 3.1968508
OS 11.7754642 3.2029954
OS 11.7719836 3.2082045
OS 11.7667745 3.2116851
OS 11.7606299 3.2129073
OE
OB 11.8236246 3.2129068 H
OS 11.81748 3.2116846
OS 11.8122709 3.208204
OS 11.8087903 3.2029949
OS 11.8075681 3.1968503
OS 11.8087903 3.1907057
OS 11.8122709 3.1854966
OS 11.8143461 3.18411
OS 11.8143461 3.1780965
OS 11.8122683 3.1767081
OS 11.8087877 3.171499
OS 11.8075655 3.1653544
OS 11.8087877 3.1592098
OS 11.8122683 3.1540007
OS 11.8143462 3.1526123
OS 11.8143462 3.1465988
OS 11.8122709 3.1452121
OS 11.8087903 3.140003
OS 11.8075681 3.1338584
OS 11.8087903 3.1277138
OS 11.8122709 3.1225047
OS 11.81748 3.1190241
OS 11.8236246 3.1178019
OS 11.8297692 3.1190241
OS 11.8349783 3.1225047
OS 11.8384589 3.1277138
OS 11.8396811 3.1338584
OS 11.8384589 3.140003
OS 11.8349783 3.1452121
OS 11.8329004 3.1466005
OS 11.8329004 3.152614
OS 11.8349757 3.1540007
OS 11.8384563 3.1592098
OS 11.8396785 3.1653544
OS 11.8384563 3.171499
OS 11.8349757 3.1767081
OS 11.8329005 3.1780947
OS 11.8329005 3.1841082
OS 11.8349783 3.1854966
OS 11.8384589 3.1907057
OS 11.8396811 3.1968503
OS 11.8384589 3.2029949
OS 11.8349783 3.208204
OS 11.8297692 3.2116846
OS 11.8236246 3.2129068
OE
OB 9.2897638 3.2129073 H
OS 9.2836192 3.2116851
OS 9.2784101 3.2082045
OS 9.2749295 3.2029954
OS 9.2737073 3.1968508
OS 9.2749295 3.1907062
OS 9.2784101 3.1854971
OS 9.280487 3.1841094
OS 9.280487 3.1780958
OS 9.2784101 3.1767081
OS 9.2749295 3.171499
OS 9.2737073 3.1653544
OS 9.2749295 3.1592098
OS 9.2784101 3.1540007
OS 9.2804862 3.1526135
OS 9.2804862 3.1466
OS 9.2784091 3.1452121
OS 9.2749285 3.140003
OS 9.2737063 3.1338584
OS 9.2749285 3.1277138
OS 9.2784091 3.1225047
OS 9.2836182 3.1190241
OS 9.2897628 3.1178019
OS 9.2959074 3.1190241
OS 9.3011165 3.1225047
OS 9.3045971 3.1277138
OS 9.3058193 3.1338584
OS 9.3045971 3.140003
OS 9.3011165 3.1452121
OS 9.2990404 3.1465993
OS 9.2990404 3.1526128
OS 9.3011175 3.1540007
OS 9.3045981 3.1592098
OS 9.3058203 3.1653544
OS 9.3045981 3.171499
OS 9.3011175 3.1767081
OS 9.2990406 3.1780958
OS 9.2990406 3.1841094
OS 9.3011175 3.1854971
OS 9.3045981 3.1907062
OS 9.3058203 3.1968508
OS 9.3045981 3.2029954
OS 9.3011175 3.2082045
OS 9.2959084 3.2116851
OS 9.2897638 3.2129073
OE
OB 8.093 3.0830424 H
OS 8.0883916 3.0821257
OS 8.0844847 3.0795153
OS 8.0818743 3.0756084
OS 8.0809576 3.071
OS 8.0818743 3.0663916
OS 8.0844847 3.0624847
OS 8.0883916 3.0598743
OS 8.093 3.0589576
OS 8.0976084 3.0598743
OS 8.1015153 3.0624847
OS 8.1041257 3.0663916
OS 8.1050424 3.071
OS 8.1041257 3.0756084
OS 8.1015153 3.0795153
OS 8.0976084 3.0821257
OS 8.093 3.0830424
OE
OB 9.491 3.0830424 H
OS 9.4863916 3.0821257
OS 9.4824847 3.0795153
OS 9.4798743 3.0756084
OS 9.4789576 3.071
OS 9.4798743 3.0663916
OS 9.4824847 3.0624847
OS 9.4863916 3.0598743
OS 9.491 3.0589576
OS 9.4956084 3.0598743
OS 9.4995153 3.0624847
OS 9.5021257 3.0663916
OS 9.5030424 3.071
OS 9.5021257 3.0756084
OS 9.4995153 3.0795153
OS 9.4956084 3.0821257
OS 9.491 3.0830424
OE
OB 10.492 3.0830424 H
OS 10.4873916 3.0821257
OS 10.4834847 3.0795153
OS 10.4808743 3.0756084
OS 10.4799576 3.071
OS 10.4808743 3.0663916
OS 10.4834847 3.0624847
OS 10.4873916 3.0598743
OS 10.492 3.0589576
OS 10.4966084 3.0598743
OS 10.5005153 3.0624847
OS 10.5031257 3.0663916
OS 10.5040424 3.071
OS 10.5031257 3.0756084
OS 10.5005153 3.0795153
OS 10.4966084 3.0821257
OS 10.492 3.0830424
OE
OB 5.515748 3.0612551 H
OS 5.5111396 3.0603384
OS 5.5072327 3.057728
OS 5.5046223 3.0538211
OS 5.5037056 3.0492127
OS 5.5046223 3.0446043
OS 5.5072327 3.0406975
OS 5.5072327 3.0372555
OS 5.5046223 3.0333487
OS 5.5037056 3.0287403
OS 5.5046223 3.0241319
OS 5.5072327 3.020225
OS 5.5111396 3.0176146
OS 5.515748 3.0166979
OS 5.5203564 3.0176146
OS 5.5242633 3.020225
OS 5.5268737 3.0241319
OS 5.5277904 3.0287403
OS 5.5268737 3.0333487
OS 5.5242633 3.0372555
OS 5.5242633 3.0406975
OS 5.5268737 3.0446043
OS 5.5277904 3.0492127
OS 5.5268737 3.0538211
OS 5.5242633 3.057728
OS 5.5203564 3.0603384
OS 5.515748 3.0612551
OE
OB 9.292 3.0820424 H
OS 9.2873916 3.0811257
OS 9.2834847 3.0785153
OS 9.2808743 3.0746084
OS 9.2799576 3.07
OS 9.2808743 3.0653916
OS 9.2834847 3.0614847
OS 9.2873916 3.0588743
OS 9.292 3.0579576
OS 9.2966084 3.0588743
OS 9.3005153 3.0614847
OS 9.3031257 3.0653916
OS 9.3040424 3.07
OS 9.3031257 3.0746084
OS 9.3005153 3.0785153
OS 9.2966084 3.0811257
OS 9.292 3.0820424
OE
OB 11.693 3.0820424 H
OS 11.6883916 3.0811257
OS 11.6844847 3.0785153
OS 11.6818743 3.0746084
OS 11.6809576 3.07
OS 11.6818743 3.0653916
OS 11.6844847 3.0614847
OS 11.6883916 3.0588743
OS 11.693 3.0579576
OS 11.6976084 3.0588743
OS 11.7015153 3.0614847
OS 11.7041257 3.0653916
OS 11.7050424 3.07
OS 11.7041257 3.0746084
OS 11.7015153 3.0785153
OS 11.6976084 3.0811257
OS 11.693 3.0820424
OE
OB 10.692 3.0830424 H
OS 10.6873916 3.0821257
OS 10.6834847 3.0795153
OS 10.6808743 3.0756084
OS 10.6799576 3.071
OS 10.6808743 3.0663916
OS 10.6834847 3.0624847
OS 10.6873916 3.0598743
OS 10.692 3.0589576
OS 10.6966084 3.0598743
OS 10.7005153 3.0624847
OS 10.7031257 3.0663916
OS 10.7040424 3.071
OS 10.7031257 3.0756084
OS 10.7005153 3.0795153
OS 10.6966084 3.0821257
OS 10.692 3.0830424
OE
OB 8.16063 3.2129073 H
OS 8.1544854 3.2116851
OS 8.1492763 3.2082045
OS 8.1457957 3.2029954
OS 8.1445735 3.1968508
OS 8.1457957 3.1907062
OS 8.1492763 3.1854971
OS 8.1513532 3.1841094
OS 8.1513532 3.1780958
OS 8.1492763 3.1767081
OS 8.1457957 3.171499
OS 8.1445735 3.1653544
OS 8.1457957 3.1592098
OS 8.1492763 3.1540007
OS 8.1513524 3.1526135
OS 8.1513524 3.1466
OS 8.1492753 3.1452121
OS 8.1457947 3.140003
OS 8.1445725 3.1338584
OS 8.1457947 3.1277138
OS 8.1492753 3.1225047
OS 8.1544844 3.1190241
OS 8.160629 3.1178019
OS 8.1667736 3.1190241
OS 8.1719827 3.1225047
OS 8.1754633 3.1277138
OS 8.1766855 3.1338584
OS 8.1754633 3.140003
OS 8.1719827 3.1452121
OS 8.1699066 3.1465993
OS 8.1699066 3.1526128
OS 8.1719837 3.1540007
OS 8.1754643 3.1592098
OS 8.1766865 3.1653544
OS 8.1754643 3.171499
OS 8.1719837 3.1767081
OS 8.1699068 3.1780958
OS 8.1699068 3.1841094
OS 8.1719837 3.1854971
OS 8.1754643 3.1907062
OS 8.1766865 3.1968508
OS 8.1754643 3.2029954
OS 8.1719837 3.2082045
OS 8.1667746 3.2116851
OS 8.16063 3.2129073
OE
OB 8.2236247 3.2129068 H
OS 8.2174801 3.2116846
OS 8.212271 3.208204
OS 8.2087904 3.2029949
OS 8.2075682 3.1968503
OS 8.2087904 3.1907057
OS 8.212271 3.1854966
OS 8.2143462 3.18411
OS 8.2143462 3.1780965
OS 8.2122684 3.1767081
OS 8.2087878 3.171499
OS 8.2075656 3.1653544
OS 8.2087878 3.1592098
OS 8.2122684 3.1540007
OS 8.2143463 3.1526123
OS 8.2143463 3.1465988
OS 8.212271 3.1452121
OS 8.2087904 3.140003
OS 8.2075682 3.1338584
OS 8.2087904 3.1277138
OS 8.212271 3.1225047
OS 8.2174801 3.1190241
OS 8.2236247 3.1178019
OS 8.2297693 3.1190241
OS 8.2349784 3.1225047
OS 8.238459 3.1277138
OS 8.2396812 3.1338584
OS 8.238459 3.140003
OS 8.2349784 3.1452121
OS 8.2329005 3.1466005
OS 8.2329005 3.152614
OS 8.2349758 3.1540007
OS 8.2384564 3.1592098
OS 8.2396786 3.1653544
OS 8.2384564 3.171499
OS 8.2349758 3.1767081
OS 8.2329006 3.1780947
OS 8.2329006 3.1841082
OS 8.2349784 3.1854966
OS 8.238459 3.1907057
OS 8.2396812 3.1968503
OS 8.238459 3.2029949
OS 8.2349784 3.208204
OS 8.2297693 3.2116846
OS 8.2236247 3.2129068
OE
OB 8.2944908 3.2129068 H
OS 8.2883462 3.2116846
OS 8.2831371 3.208204
OS 8.2796565 3.2029949
OS 8.2784343 3.1968503
OS 8.2796565 3.1907057
OS 8.2831371 3.1854966
OS 8.2852124 3.1841099
OS 8.2852124 3.1780964
OS 8.2831346 3.1767081
OS 8.279654 3.171499
OS 8.2784318 3.1653544
OS 8.279654 3.1592098
OS 8.2831346 3.1540007
OS 8.2852125 3.1526123
OS 8.2852125 3.1465988
OS 8.2831371 3.1452121
OS 8.2796565 3.140003
OS 8.2784343 3.1338584
OS 8.2796565 3.1277138
OS 8.2831371 3.1225047
OS 8.2883462 3.1190241
OS 8.2944908 3.1178019
OS 8.3006354 3.1190241
OS 8.3058445 3.1225047
OS 8.3093251 3.1277138
OS 8.3105473 3.1338584
OS 8.3093251 3.140003
OS 8.3058445 3.1452121
OS 8.3037666 3.1466005
OS 8.3037666 3.152614
OS 8.305842 3.1540007
OS 8.3093226 3.1592098
OS 8.3105448 3.1653544
OS 8.3093226 3.171499
OS 8.305842 3.1767081
OS 8.3037667 3.1780948
OS 8.3037667 3.1841083
OS 8.3058445 3.1854966
OS 8.3093251 3.1907057
OS 8.3105473 3.1968503
OS 8.3093251 3.2029949
OS 8.3058445 3.208204
OS 8.3006354 3.2116846
OS 8.2944908 3.2129068
OE
OB 11.891 3.0830424 H
OS 11.8863916 3.0821257
OS 11.8824847 3.0795153
OS 11.8798743 3.0756084
OS 11.8789576 3.071
OS 11.8798743 3.0663916
OS 11.8824847 3.0624847
OS 11.8863916 3.0598743
OS 11.891 3.0589576
OS 11.8956084 3.0598743
OS 11.8995153 3.0624847
OS 11.9021257 3.0663916
OS 11.9030424 3.071
OS 11.9021257 3.0756084
OS 11.8995153 3.0795153
OS 11.8956084 3.0821257
OS 11.891 3.0830424
OE
OB 8.291 3.0840424 H
OS 8.2863916 3.0831257
OS 8.2824847 3.0805153
OS 8.2798743 3.0766084
OS 8.2789576 3.072
OS 8.2798743 3.0673916
OS 8.2824847 3.0634847
OS 8.2863916 3.0608743
OS 8.291 3.0599576
OS 8.2956084 3.0608743
OS 8.2995153 3.0634847
OS 8.3021257 3.0673916
OS 8.3030424 3.072
OS 8.3021257 3.0766084
OS 8.2995153 3.0805153
OS 8.2956084 3.0831257
OS 8.291 3.0840424
OE
OB 8.0897639 3.2129073 H
OS 8.0836193 3.2116851
OS 8.0784102 3.2082045
OS 8.0749296 3.2029954
OS 8.0737074 3.1968508
OS 8.0749296 3.1907062
OS 8.0784102 3.1854971
OS 8.0804871 3.1841094
OS 8.0804871 3.1780958
OS 8.0784102 3.1767081
OS 8.0749296 3.171499
OS 8.0737074 3.1653544
OS 8.0749296 3.1592098
OS 8.0784102 3.1540007
OS 8.0804863 3.1526135
OS 8.0804863 3.1466
OS 8.0784092 3.1452121
OS 8.0749286 3.140003
OS 8.0737064 3.1338584
OS 8.0749286 3.1277138
OS 8.0784092 3.1225047
OS 8.0836183 3.1190241
OS 8.0897629 3.1178019
OS 8.0959075 3.1190241
OS 8.1011166 3.1225047
OS 8.1045972 3.1277138
OS 8.1058194 3.1338584
OS 8.1045972 3.140003
OS 8.1011166 3.1452121
OS 8.0990405 3.1465993
OS 8.0990405 3.1526128
OS 8.1011176 3.1540007
OS 8.1045982 3.1592098
OS 8.1058204 3.1653544
OS 8.1045982 3.171499
OS 8.1011176 3.1767081
OS 8.0990407 3.1780958
OS 8.0990407 3.1841094
OS 8.1011176 3.1854971
OS 8.1045982 3.1907062
OS 8.1058204 3.1968508
OS 8.1045982 3.2029954
OS 8.1011176 3.2082045
OS 8.0959085 3.2116851
OS 8.0897639 3.2129073
OE
SE
S P 0
OB 9.8672029 4.5787974 I
OS 9.8667128 4.5738214
OS 9.8647847 4.5725331
OS 9.8613041 4.567324
OS 9.8600819 4.5611794
OS 9.8613041 4.5550348
OS 9.8647847 4.5498257
OS 9.8699938 4.5463451
OS 9.8761384 4.5451229
OS 9.882283 4.5463451
OS 9.8874921 4.5498257
OS 9.8887804 4.5517538
OS 9.8937564 4.5522439
OS 10.5459996 3.8999996
OS 12.05 3.9
OS 13.15 3.9
OS 13.15 3.2755907
OS 13.0960409 3.2755907
OS 13.0944899 3.2758992
OS 13.0929389 3.2755907
OS 13.0251748 3.2755907
OS 13.0236238 3.2758992
OS 13.0220728 3.2755907
OS 12.9621768 3.2755907
OS 12.9606289 3.2758986
OS 12.959081 3.2755907
OS 12.8913107 3.2755907
OS 12.8897628 3.2758986
OS 12.8882149 3.2755907
OS 11.8960413 3.2755907
OS 11.8944899 3.2758993
OS 11.8929385 3.2755907
OS 11.8251752 3.2755907
OS 11.8236238 3.2758993
OS 11.8220724 3.2755907
OS 11.7621772 3.2755907
OS 11.7606289 3.2758987
OS 11.7590806 3.2755907
OS 11.6913111 3.2755907
OS 11.6897628 3.2758987
OS 11.6882145 3.2755907
OS 10.6960412 3.2755907
OS 10.6944899 3.2758993
OS 10.6929386 3.2755907
OS 10.6251751 3.2755907
OS 10.6236238 3.2758993
OS 10.6220725 3.2755907
OS 10.5621771 3.2755907
OS 10.5606289 3.2758987
OS 10.5590807 3.2755907
OS 10.491311 3.2755907
OS 10.4897628 3.2758987
OS 10.4882146 3.2755907
OS 9.4960411 3.2755908
OS 9.4944899 3.2758993
OS 9.4929387 3.2755908
OS 9.425175 3.2755908
OS 9.4236238 3.2758993
OS 9.4220726 3.2755908
OS 9.362177 3.2755908
OS 9.3606289 3.2758987
OS 9.3590808 3.2755908
OS 9.2913109 3.2755908
OS 9.2897628 3.2758987
OS 9.2882147 3.2755908
OS 8.2960411 3.2755908
OS 8.29449 3.2758993
OS 8.2929389 3.2755908
OS 8.225175 3.2755908
OS 8.2236239 3.2758993
OS 8.2220728 3.2755908
OS 8.162177 3.2755908
OS 8.160629 3.2758987
OS 8.159081 3.2755908
OS 8.0913109 3.2755908
OS 8.0897629 3.2758987
OS 8.0882149 3.2755908
OS 7.3228354 3.2755908
OS 7.1653545 3.1181099
OS 7.0960455 3.1181099
OS 7.09449 3.1184193
OS 7.0929345 3.1181099
OS 7.0251794 3.1181099
OS 7.0236239 3.1184193
OS 7.0220684 3.1181099
OS 6.9621815 3.1181099
OS 6.960629 3.1184187
OS 6.9590766 3.1181099
OS 6.8913153 3.1181099
OS 6.8897629 3.1184187
OS 6.8882105 3.1181099
OS 5.8960453 3.1181099
OS 5.89449 3.1184193
OS 5.8929347 3.1181099
OS 5.8251791 3.11811
OS 5.8236239 3.1184193
OS 5.8220687 3.11811
OS 5.7621812 3.11811
OS 5.760629 3.1184187
OS 5.7590768 3.11811
OS 5.6913151 3.11811
OS 5.6897629 3.1184187
OS 5.6882107 3.11811
OS 4.696045 3.11811
OS 4.69449 3.1184193
OS 4.692935 3.11811
OS 4.6251789 3.11811
OS 4.6236239 3.1184193
OS 4.6220689 3.11811
OS 4.562181 3.11811
OS 4.560629 3.1184187
OS 4.559077 3.11811
OS 4.5399997 3.11811
OS 4.5399997 3.1627195
OS 4.5449997 3.163212
OS 4.5457957 3.1592102
OS 4.5492763 3.1540011
OS 4.5544854 3.1505205
OS 4.56063 3.1492983
OS 4.5667746 3.1505205
OS 4.5719837 3.1540011
OS 4.5754643 3.1592102
OS 4.5766865 3.1653548
OS 4.5754643 3.1714994
OS 4.5719837 3.1767085
OS 4.5699071 3.178096
OS 4.5699071 3.1841096
OS 4.5719837 3.1854971
OS 4.5754643 3.1907062
OS 4.5766865 3.1968508
OS 4.5754643 3.2029954
OS 4.5719837 3.2082045
OS 4.5667746 3.2116851
OS 4.56063 3.2129073
OS 4.5544854 3.2116851
OS 4.5492763 3.2082045
OS 4.5457957 3.2029954
OS 4.5449997 3.1989937
OS 4.5399997 3.1994861
OS 4.5399997 3.2236601
OS 4.5416536 3.2238778
OS 4.5496507 3.2271903
OS 4.5565178 3.2324597
OS 4.5617872 3.2393269
OS 4.5650997 3.2473239
OS 4.5662295 3.2559057
OS 4.5650997 3.2644875
OS 4.5617872 3.2724845
OS 4.5565178 3.2793517
OS 4.5496507 3.2846211
OS 4.5416536 3.2879336
OS 4.5399997 3.2881513
OS 4.5399998 3.7724814
OS 4.5449999 3.7758056
OS 4.5472441 3.7753592
OS 4.5518525 3.7762759
OS 4.5557594 3.7788863
OS 4.5583698 3.7827932
OS 4.5592865 3.7874016
OS 4.5583698 3.79201
OS 4.5557594 3.7959169
OS 4.5518525 3.7985273
OS 4.5472441 3.799444
OS 4.5449999 3.7989976
OS 4.5399998 3.8023218
OS 4.5399999 4.26
OS 4.5399999 4.3886647
OS 4.5423332 4.3889719
OS 4.5538259 4.3937323
OS 4.5636949 4.4013051
OS 4.6505788 4.488189
OS 4.7555309 4.488189
OS 4.7569615 4.4860479
OS 4.7621706 4.4825673
OS 4.7683152 4.4813451
OS 4.7744598 4.4825673
OS 4.7796689 4.4860479
OS 4.7810995 4.488189
OS 4.8224601 4.488189
OS 4.8238907 4.4860479
OS 4.8290998 4.4825673
OS 4.8352444 4.4813451
OS 4.841389 4.4825673
OS 4.845582 4.4853689
OS 4.8505975 4.4838506
OS 4.8509893 4.4831889
OS 4.8506839 4.4816535
OS 4.8519061 4.4755089
OS 4.8553867 4.4702998
OS 4.8605958 4.4668192
OS 4.8667404 4.465597
OS 4.872885 4.4668192
OS 4.8780941 4.4702998
OS 4.8815747 4.4755089
OS 4.8827969 4.4816535
OS 4.8824915 4.4831889
OS 4.886595 4.488189
OS 4.983451 4.488189
OS 4.9846365 4.4859712
OS 4.9856307 4.4831889
OS 4.9845422 4.4777165
OS 4.9857644 4.4715719
OS 4.989245 4.4663628
OS 4.9944541 4.4628822
OS 5.0005987 4.46166
OS 5.0067433 4.4628822
OS 5.0119524 4.4663628
OS 5.015433 4.4715719
OS 5.0166552 4.4777165
OS 5.0155667 4.4831889
OS 5.0165609 4.4859712
OS 5.0177464 4.488189
OS 5.0464431 4.488189
OS 5.0476286 4.4859712
OS 5.0486228 4.4831889
OS 5.0475343 4.4777165
OS 5.0487565 4.4715719
OS 5.0522371 4.4663628
OS 5.0574462 4.4628822
OS 5.0635908 4.46166
OS 5.0697354 4.4628822
OS 5.0749445 4.4663628
OS 5.0784251 4.4715719
OS 5.0796473 4.4777165
OS 5.0785588 4.4831889
OS 5.079553 4.4859712
OS 5.0807385 4.488189
OS 5.2411303 4.488189
OS 5.2443024 4.4843239
OS 5.2439435 4.4825197
OS 5.2451657 4.4763751
OS 5.2486463 4.471166
OS 5.2538554 4.4676854
OS 5.26 4.4664632
OS 5.2661446 4.4676854
OS 5.2713537 4.471166
OS 5.2748343 4.4763751
OS 5.2760565 4.4825197
OS 5.2756976 4.4843239
OS 5.2788697 4.488189
OS 5.9709667 4.488189
OS 5.9733707 4.4845912
OS 5.9785798 4.4811106
OS 5.9847244 4.4798884
OS 5.990869 4.4811106
OS 5.9960781 4.4845912
OS 5.9984821 4.488189
OS 6.0031748 4.488189
OS 6.0058474 4.483189
OS 6.0053232 4.4824044
OS 6.004101 4.4762598
OS 6.0053232 4.4701152
OS 6.0088038 4.4649061
OS 6.0140129 4.4614255
OS 6.0201575 4.4602033
OS 6.0263021 4.4614255
OS 6.0315112 4.4649061
OS 6.0349918 4.4701152
OS 6.036214 4.4762598
OS 6.0356903 4.4788928
OS 6.0391593 4.4843852
OS 6.0392949 4.4844497
OS 6.03991 4.4845363
OS 6.0407322 4.4843023
OS 6.045509 4.4811106
OS 6.0516536 4.4798884
OS 6.0577982 4.4811106
OS 6.062848 4.4844848
OS 6.0635662 4.4843131
OS 6.0675206 4.482346
OS 6.0670931 4.4801968
OS 6.0683153 4.4740522
OS 6.0717959 4.4688431
OS 6.077005 4.4653625
OS 6.0831496 4.4641403
OS 6.0892942 4.4653625
OS 6.0945033 4.4688431
OS 6.0979839 4.4740522
OS 6.0992061 4.4801968
OS 6.0986109 4.4831889
OS 6.1023051 4.488189
OS 6.2630173 4.488189
OS 6.2656899 4.483189
OS 6.2651657 4.4824044
OS 6.2639435 4.4762598
OS 6.2651657 4.4701152
OS 6.2686463 4.4649061
OS 6.2738554 4.4614255
OS 6.28 4.4602033
OS 6.2861446 4.4614255
OS 6.2913537 4.4649061
OS 6.2948343 4.4701152
OS 6.2960565 4.4762598
OS 6.2948343 4.4824044
OS 6.2943101 4.483189
OS 6.2969827 4.488189
OS 7.3538263 4.488189
OS 7.3564435 4.4849999
OS 7.3576657 4.4788554
OS 7.3611463 4.4736463
OS 7.3663554 4.4701657
OS 7.3725 4.4689435
OS 7.3786446 4.4701657
OS 7.3838537 4.4736463
OS 7.3873343 4.4788554
OS 7.3885565 4.4849999
OS 7.3911737 4.488189
OS 7.5788263 4.488189
OS 7.5814435 4.4849999
OS 7.5826657 4.4788554
OS 7.5861463 4.4736463
OS 7.5913554 4.4701657
OS 7.5975 4.4689435
OS 7.6036446 4.4701657
OS 7.6088537 4.4736463
OS 7.6123343 4.4788554
OS 7.6135565 4.4849999
OS 7.6161737 4.488189
OS 7.8038263 4.488189
OS 7.8064435 4.4849999
OS 7.8076657 4.4788554
OS 7.8111463 4.4736463
OS 7.8163554 4.4701657
OS 7.8225 4.4689435
OS 7.8286446 4.4701657
OS 7.8338537 4.4736463
OS 7.8373343 4.4788554
OS 7.8385565 4.4849999
OS 7.8411737 4.488189
OS 7.8788263 4.488189
OS 7.8814435 4.4849999
OS 7.8826657 4.4788554
OS 7.8861463 4.4736463
OS 7.8913554 4.4701657
OS 7.8975 4.4689435
OS 7.9036446 4.4701657
OS 7.9088537 4.4736463
OS 7.9123343 4.4788554
OS 7.9135565 4.4849999
OS 7.9161737 4.488189
OS 7.9538263 4.488189
OS 7.9564435 4.4849999
OS 7.9576657 4.4788554
OS 7.9611463 4.4736463
OS 7.9663554 4.4701657
OS 7.9725 4.4689435
OS 7.9786446 4.4701657
OS 7.9838537 4.4736463
OS 7.9873343 4.4788554
OS 7.9885565 4.4849999
OS 7.9911737 4.488189
OS 8.6145906 4.488189
OS 8.8818563 4.7999995
OS 9.6460004 4.8000003
OS 9.8672029 4.5787974
OE
OB 8.830691 3.4372324 H
OS 8.8260826 3.4363157
OS 8.8221757 3.4337053
OS 8.8195653 3.4297984
OS 8.8186486 3.42519
OS 8.8195653 3.4205816
OS 8.8221757 3.4166747
OS 8.8260826 3.4140643
OS 8.830691 3.4131476
OS 8.8352994 3.4140643
OS 8.8392063 3.4166747
OS 8.8418167 3.4205816
OS 8.8427334 3.42519
OS 8.8418167 3.4297984
OS 8.8392063 3.4337053
OS 8.8352994 3.4363157
OS 8.830691 3.4372324
OE
OB 6.8897638 3.4569243 H
OS 6.8851554 3.4560076
OS 6.8812485 3.4533972
OS 6.8786381 3.4494903
OS 6.8777214 3.444882
OS 6.8740019 3.4411694
OS 6.8693936 3.4402527
OS 6.8654867 3.4376423
OS 6.8628763 3.4337354
OS 6.8625392 3.4320406
OS 6.8594337 3.428948
OS 6.8571823 3.4287884
OS 6.854317 3.4293584
OS 6.8497086 3.4284417
OS 6.8458017 3.4258313
OS 6.8431913 3.4219244
OS 6.8422746 3.4173161
OS 6.8385689 3.4136104
OS 6.8339606 3.4126937
OS 6.8300537 3.4100833
OS 6.8274433 3.4061764
OS 6.8265266 3.401568
OS 6.8274433 3.3969596
OS 6.8300537 3.3930527
OS 6.8339606 3.3904423
OS 6.838569 3.3895256
OS 6.8431774 3.3904423
OS 6.8470843 3.3930527
OS 6.8496947 3.3969596
OS 6.8506114 3.4015679
OS 6.8543171 3.4052736
OS 6.8589254 3.4061903
OS 6.8628323 3.4088007
OS 6.8654427 3.4127076
OS 6.8657798 3.4144024
OS 6.8688853 3.417495
OS 6.8711367 3.4176546
OS 6.874002 3.4170846
OS 6.8786104 3.4180013
OS 6.8825173 3.4206117
OS 6.8851277 3.4245186
OS 6.8860444 3.4291269
OS 6.8897639 3.4328395
OS 6.8943722 3.4337562
OS 6.8982791 3.4363666
OS 6.9008895 3.4402735
OS 6.9018062 3.4448819
OS 6.9008895 3.4494903
OS 6.8982791 3.4533972
OS 6.8943722 3.4560076
OS 6.8897638 3.4569243
OE
OB 11.7330707 3.4465436 H
OS 11.7244889 3.4454138
OS 11.7164918 3.4421013
OS 11.7096247 3.4368319
OS 11.7043553 3.4299648
OS 11.7010428 3.4219677
OS 11.699913 3.4133859
OS 11.7010428 3.4048041
OS 11.7043553 3.396807
OS 11.7096247 3.3899399
OS 11.7164918 3.3846705
OS 11.7244889 3.381358
OS 11.7330707 3.3802282
OS 11.7416525 3.381358
OS 11.7496496 3.3846705
OS 11.7565167 3.3899399
OS 11.7617861 3.396807
OS 11.7650986 3.4048041
OS 11.7662284 3.4133859
OS 11.7650986 3.4219677
OS 11.7617861 3.4299648
OS 11.7565167 3.4368319
OS 11.7496496 3.4421013
OS 11.7416525 3.4454138
OS 11.7330707 3.4465436
OE
OB 8.5748031 3.5071211 H
OS 8.5701947 3.5062044
OS 8.5662878 3.503594
OS 8.5636774 3.4996871
OS 8.5627607 3.4950787
OS 8.5636774 3.4904703
OS 8.5662878 3.4865634
OS 8.569759 3.4842441
OS 8.5699179 3.4825219
OS 8.5692452 3.4790439
OS 8.567242 3.4786454
OS 8.5633351 3.476035
OS 8.5607247 3.4721281
OS 8.559808 3.4675197
OS 8.5607247 3.4629113
OS 8.5633351 3.4590044
OS 8.5650911 3.4578311
OS 8.565353 3.4567589
OS 8.5649026 3.4521494
OS 8.5623508 3.4504444
OS 8.5597404 3.4465375
OS 8.5588237 3.4419291
OS 8.5597404 3.4373207
OS 8.5623508 3.4334138
OS 8.562539 3.4332881
OS 8.5633351 3.4278065
OS 8.5607247 3.4238997
OS 8.559808 3.4192913
OS 8.5607247 3.4146829
OS 8.5633351 3.410776
OS 8.567242 3.4081656
OS 8.5718504 3.4072489
OS 8.5764588 3.4081656
OS 8.5803657 3.410776
OS 8.5829761 3.4146829
OS 8.5838928 3.4192913
OS 8.5829761 3.4238997
OS 8.5803657 3.4278066
OS 8.5801775 3.4279323
OS 8.5793814 3.4334139
OS 8.5819918 3.4373207
OS 8.5829085 3.4419291
OS 8.5819918 3.4465375
OS 8.5793814 3.4504444
OS 8.5776254 3.4516177
OS 8.5773635 3.4526899
OS 8.5778139 3.4572994
OS 8.5803657 3.4590044
OS 8.5829761 3.4629113
OS 8.5838928 3.4675197
OS 8.5829761 3.4721281
OS 8.5803657 3.476035
OS 8.5768945 3.4783543
OS 8.5767356 3.4800765
OS 8.5774083 3.4835545
OS 8.5794115 3.483953
OS 8.5833184 3.4865634
OS 8.5859288 3.4904703
OS 8.5868455 3.4950787
OS 8.5859288 3.4996871
OS 8.5833184 3.503594
OS 8.5794115 3.5062044
OS 8.5748031 3.5071211
OE
OB 8.8156019 3.5094914 H
OS 8.8109935 3.5085747
OS 8.8070866 3.5059643
OS 8.8044762 3.5020574
OS 8.8035595 3.497449
OS 8.8044762 3.4928406
OS 8.8070866 3.4889337
OS 8.8109935 3.4863233
OS 8.8156019 3.4854066
OS 8.8202103 3.4863233
OS 8.8241172 3.4889337
OS 8.8267276 3.4928406
OS 8.8276443 3.497449
OS 8.8267276 3.5020574
OS 8.8241172 3.5059643
OS 8.8202103 3.5085747
OS 8.8156019 3.5094914
OE
OB 7.2165354 3.5396014 H
OS 7.211927 3.5386847
OS 7.2080201 3.5360743
OS 7.2054097 3.5321674
OS 7.204493 3.527559
OS 7.2054097 3.5229506
OS 7.2080201 3.5190437
OS 7.211927 3.5164333
OS 7.2165354 3.5155166
OS 7.2211438 3.5164333
OS 7.2250507 3.5190437
OS 7.2276611 3.5229506
OS 7.2285778 3.527559
OS 7.2276611 3.5321674
OS 7.2250507 3.5360743
OS 7.2211438 3.5386847
OS 7.2165354 3.5396014
OE
OB 8.8818898 3.4805463 H
OS 8.8772814 3.4796296
OS 8.8733745 3.4770192
OS 8.8707641 3.4731123
OS 8.8698474 3.4685039
OS 8.8707641 3.4638955
OS 8.8733745 3.4599886
OS 8.8766159 3.4578229
OS 8.8761596 3.4543298
OS 8.8756404 3.4529189
OS 8.8713759 3.4520706
OS 8.867469 3.4494602
OS 8.8648586 3.4455533
OS 8.8639419 3.4409449
OS 8.8648586 3.4363365
OS 8.867469 3.4324296
OS 8.8713759 3.4298192
OS 8.8759843 3.4289025
OS 8.8805927 3.4298192
OS 8.8844996 3.4324296
OS 8.88711 3.4363365
OS 8.8880267 3.4409449
OS 8.88711 3.4455533
OS 8.8844996 3.4494602
OS 8.8812582 3.4516259
OS 8.8817145 3.455119
OS 8.8822337 3.4565299
OS 8.8864982 3.4573782
OS 8.8904051 3.4599886
OS 8.8930155 3.4638955
OS 8.8939322 3.4685039
OS 8.8930155 3.4731123
OS 8.8904051 3.4770192
OS 8.8864982 3.4796296
OS 8.8818898 3.4805463
OE
OB 4.702 3.4904688 H
OS 4.6973916 3.4895521
OS 4.6934847 3.4869417
OS 4.6908743 3.4830348
OS 4.6899576 3.4784264
OS 4.6908743 3.473818
OS 4.6934847 3.4699111
OS 4.6973916 3.4673007
OS 4.702 3.466384
OS 4.7066084 3.4673007
OS 4.7105153 3.4699111
OS 4.7131257 3.473818
OS 4.7140424 3.4784264
OS 4.7131257 3.4830348
OS 4.7105153 3.4869417
OS 4.7066084 3.4895521
OS 4.702 3.4904688
OE
OB 8.5718504 3.3919637 H
OS 8.567242 3.391047
OS 8.5633351 3.3884366
OS 8.5607247 3.3845297
OS 8.559808 3.3799213
OS 8.5607247 3.3753129
OS 8.5633351 3.371406
OS 8.567242 3.3687956
OS 8.5718504 3.3678789
OS 8.5764588 3.3687956
OS 8.5803657 3.371406
OS 8.5829761 3.3753129
OS 8.5838928 3.3799213
OS 8.5829761 3.3845297
OS 8.5803657 3.3884366
OS 8.5764588 3.391047
OS 8.5718504 3.3919637
OE
OB 8.894685 3.4185385 H
OS 8.8900766 3.4176218
OS 8.8861697 3.4150114
OS 8.8835593 3.4111045
OS 8.8826426 3.4064961
OS 8.8835593 3.4018877
OS 8.885626 3.3987945
OS 8.8849378 3.3953079
OS 8.8840508 3.3933831
OS 8.8822026 3.3930155
OS 8.8782957 3.3904051
OS 8.8756853 3.3864982
OS 8.8747686 3.3818898
OS 8.8756853 3.3772814
OS 8.8782957 3.3733745
OS 8.8822026 3.3707641
OS 8.886811 3.3698474
OS 8.8914194 3.3707641
OS 8.8953263 3.3733745
OS 8.8979367 3.3772814
OS 8.8988534 3.3818898
OS 8.8979367 3.3864982
OS 8.89587 3.3895914
OS 8.8965582 3.393078
OS 8.8974452 3.3950028
OS 8.8992934 3.3953704
OS 8.9032003 3.3979808
OS 8.9058107 3.4018877
OS 8.9067274 3.4064961
OS 8.9058107 3.4111045
OS 8.9032003 3.4150114
OS 8.8992934 3.4176218
OS 8.894685 3.4185385
OE
OB 8.886811 3.3457038 H
OS 8.8822026 3.3447871
OS 8.8782957 3.3421767
OS 8.8756853 3.3382698
OS 8.8747686 3.3336614
OS 8.8756853 3.329053
OS 8.8782957 3.3251461
OS 8.8822026 3.3225357
OS 8.886811 3.321619
OS 8.8914194 3.3225357
OS 8.8953263 3.3251461
OS 8.8979367 3.329053
OS 8.8988534 3.3336614
OS 8.8979367 3.3382698
OS 8.8953263 3.3421767
OS 8.8914194 3.3447871
OS 8.886811 3.3457038
OE
OB 8.5748031 3.3594833 H
OS 8.5701947 3.3585666
OS 8.5662878 3.3559562
OS 8.5636774 3.3520493
OS 8.5627607 3.3474409
OS 8.5636774 3.3428325
OS 8.5662878 3.3389256
OS 8.5701947 3.3363152
OS 8.5748031 3.3353985
OS 8.5794115 3.3363152
OS 8.5833184 3.3389256
OS 8.5859288 3.3428325
OS 8.5868455 3.3474409
OS 8.5859288 3.3520493
OS 8.5833184 3.3559562
OS 8.5794115 3.3585666
OS 8.5748031 3.3594833
OE
OB 9.3330707 3.4465436 H
OS 9.3244889 3.4454138
OS 9.3164918 3.4421013
OS 9.3096247 3.4368319
OS 9.3043553 3.4299648
OS 9.3010428 3.4219677
OS 9.299913 3.4133859
OS 9.3010428 3.4048041
OS 9.3043553 3.396807
OS 9.3096247 3.3899399
OS 9.3164918 3.3846705
OS 9.3244889 3.381358
OS 9.3330707 3.3802282
OS 9.3416525 3.381358
OS 9.3496496 3.3846705
OS 9.3565167 3.3899399
OS 9.3617861 3.396807
OS 9.3650986 3.4048041
OS 9.3662284 3.4133859
OS 9.3650986 3.4219677
OS 9.3617861 3.4299648
OS 9.3565167 3.4368319
OS 9.3496496 3.4421013
OS 9.3416525 3.4454138
OS 9.3330707 3.4465436
OE
OB 10.5330707 3.4465436 H
OS 10.5244889 3.4454138
OS 10.5164918 3.4421013
OS 10.5096247 3.4368319
OS 10.5043553 3.4299648
OS 10.5010428 3.4219677
OS 10.499913 3.4133859
OS 10.5010428 3.4048041
OS 10.5043553 3.396807
OS 10.5096247 3.3899399
OS 10.5164918 3.3846705
OS 10.5244889 3.381358
OS 10.5330707 3.3802282
OS 10.5416525 3.381358
OS 10.5496496 3.3846705
OS 10.5565167 3.3899399
OS 10.5617861 3.396807
OS 10.5650986 3.4048041
OS 10.5662284 3.4133859
OS 10.5650986 3.4219677
OS 10.5617861 3.4299648
OS 10.5565167 3.4368319
OS 10.5496496 3.4421013
OS 10.5416525 3.4454138
OS 10.5330707 3.4465436
OE
OB 12.9330707 3.4465433 H
OS 12.9244889 3.4454135
OS 12.9164919 3.442101
OS 12.9096247 3.4368316
OS 12.9043553 3.4299645
OS 12.9010428 3.4219674
OS 12.899913 3.4133856
OS 12.9010428 3.4048038
OS 12.9043553 3.3968067
OS 12.9096247 3.3899396
OS 12.9164919 3.3846702
OS 12.9244889 3.3813577
OS 12.9330707 3.3802279
OS 12.9416525 3.3813577
OS 12.9496495 3.3846702
OS 12.9565167 3.3899396
OS 12.9617861 3.3968067
OS 12.9650986 3.4048038
OS 12.9662284 3.4133856
OS 12.9650986 3.4219674
OS 12.9617861 3.4299645
OS 12.9565167 3.4368316
OS 12.9496495 3.442101
OS 12.9416525 3.4454135
OS 12.9330707 3.4465433
OE
OB 8.1330709 3.4465436 H
OS 8.1244891 3.4454138
OS 8.116492 3.4421013
OS 8.1096249 3.4368319
OS 8.1043555 3.4299648
OS 8.101043 3.4219677
OS 8.0999132 3.4133859
OS 8.101043 3.4048041
OS 8.1043555 3.396807
OS 8.1096249 3.3899399
OS 8.116492 3.3846705
OS 8.1244891 3.381358
OS 8.1330709 3.3802282
OS 8.1416527 3.381358
OS 8.1496498 3.3846705
OS 8.1565169 3.3899399
OS 8.1617863 3.396807
OS 8.1650988 3.4048041
OS 8.1662286 3.4133859
OS 8.1650988 3.4219677
OS 8.1617863 3.4299648
OS 8.1565169 3.4368319
OS 8.1496498 3.4421013
OS 8.1416527 3.4454138
OS 8.1330709 3.4465436
OE
OB 7.4015748 3.5396014 H
OS 7.3969664 3.5386847
OS 7.3930595 3.5360743
OS 7.3904491 3.5321674
OS 7.3895324 3.527559
OS 7.3904491 3.5229506
OS 7.3930595 3.5190437
OS 7.3969664 3.5164333
OS 7.4015748 3.5155166
OS 7.4061832 3.5164333
OS 7.4100901 3.5190437
OS 7.4127005 3.5229506
OS 7.4136172 3.527559
OS 7.4127005 3.5321674
OS 7.4100901 3.5360743
OS 7.4061832 3.5386847
OS 7.4015748 3.5396014
OE
OB 7.4015748 3.6734597 H
OS 7.3969664 3.672543
OS 7.3930595 3.6699326
OS 7.3904491 3.6660257
OS 7.3895324 3.6614173
OS 7.3904491 3.6568089
OS 7.3930595 3.652902
OS 7.3969664 3.6502916
OS 7.4015748 3.6493749
OS 7.4061832 3.6502916
OS 7.4100901 3.652902
OS 7.4127005 3.6568089
OS 7.4136172 3.6614173
OS 7.4127005 3.6660257
OS 7.4100901 3.6699326
OS 7.4061832 3.672543
OS 7.4015748 3.6734597
OE
OB 5.7244094 3.6853478 H
OS 5.7182648 3.6841256
OS 5.7130557 3.680645
OS 5.7095751 3.6754359
OS 5.7083529 3.6692913
OS 5.7095751 3.6631467
OS 5.7130557 3.6579376
OS 5.7182648 3.654457
OS 5.7244094 3.6532348
OS 5.730554 3.654457
OS 5.7357631 3.6579376
OS 5.7392437 3.6631467
OS 5.7404659 3.6692913
OS 5.7392437 3.6754359
OS 5.7357631 3.680645
OS 5.730554 3.6841256
OS 5.7244094 3.6853478
OE
OB 6.8223542 3.6733731 H
OS 6.8177458 3.6724564
OS 6.8138389 3.669846
OS 6.8112285 3.6659391
OS 6.8103118 3.6613307
OS 6.8112285 3.6567223
OS 6.8138389 3.6528154
OS 6.8177458 3.650205
OS 6.8223542 3.6492883
OS 6.8269626 3.650205
OS 6.8308695 3.6528154
OS 6.8334799 3.6567223
OS 6.8343966 3.6613307
OS 6.8334799 3.6659391
OS 6.8308695 3.669846
OS 6.8269626 3.6724564
OS 6.8223542 3.6733731
OE
OB 7.2165354 3.6734597 H
OS 7.211927 3.672543
OS 7.2080201 3.6699326
OS 7.2054097 3.6660257
OS 7.204493 3.6614173
OS 7.2054097 3.6568089
OS 7.2080201 3.652902
OS 7.211927 3.6502916
OS 7.2165354 3.6493749
OS 7.2211438 3.6502916
OS 7.2250507 3.652902
OS 7.2276611 3.6568089
OS 7.2285778 3.6614173
OS 7.2276611 3.6660257
OS 7.2250507 3.6699326
OS 7.2211438 3.672543
OS 7.2165354 3.6734597
OE
OB 6.6163542 3.7383731 H
OS 6.6117458 3.7374564
OS 6.6078389 3.734846
OS 6.6052285 3.7309391
OS 6.6043118 3.7263307
OS 6.6052285 3.7217223
OS 6.6078389 3.7178154
OS 6.6117458 3.715205
OS 6.6163542 3.7142883
OS 6.6209626 3.715205
OS 6.6248695 3.7178154
OS 6.6274799 3.7217223
OS 6.6283966 3.7263307
OS 6.6274799 3.7309391
OS 6.6248695 3.734846
OS 6.6209626 3.7374564
OS 6.6163542 3.7383731
OE
OB 6.8223542 3.7383731 H
OS 6.8177458 3.7374564
OS 6.8138389 3.734846
OS 6.8112285 3.7309391
OS 6.8103118 3.7263307
OS 6.8112285 3.7217223
OS 6.8138389 3.7178154
OS 6.8177458 3.715205
OS 6.8223542 3.7142883
OS 6.8269626 3.715205
OS 6.8308695 3.7178154
OS 6.8334799 3.7217223
OS 6.8343966 3.7263307
OS 6.8334799 3.7309391
OS 6.8308695 3.734846
OS 6.8269626 3.7374564
OS 6.8223542 3.7383731
OE
OB 7.2165354 3.7364518 H
OS 7.211927 3.7355351
OS 7.2080201 3.7329247
OS 7.2054097 3.7290178
OS 7.204493 3.7244094
OS 7.2054097 3.719801
OS 7.2080201 3.7158941
OS 7.211927 3.7132837
OS 7.2165354 3.712367
OS 7.2211438 3.7132837
OS 7.2250507 3.7158941
OS 7.2276611 3.719801
OS 7.2285778 3.7244094
OS 7.2276611 3.7290178
OS 7.2250507 3.7329247
OS 7.2211438 3.7355351
OS 7.2165354 3.7364518
OE
OB 7.4015748 3.7364518 H
OS 7.3969664 3.7355351
OS 7.3930595 3.7329247
OS 7.3904491 3.7290178
OS 7.3895324 3.7244094
OS 7.3904491 3.719801
OS 7.3930595 3.7158941
OS 7.3969664 3.7132837
OS 7.4015748 3.712367
OS 7.4061832 3.7132837
OS 7.4100901 3.7158941
OS 7.4127005 3.719801
OS 7.4136172 3.7244094
OS 7.4127005 3.7290178
OS 7.4100901 3.7329247
OS 7.4061832 3.7355351
OS 7.4015748 3.7364518
OE
OB 6.8223542 3.5433731 H
OS 6.8177458 3.5424564
OS 6.8138389 3.539846
OS 6.8112285 3.5359391
OS 6.8103118 3.5313307
OS 6.8112285 3.5267223
OS 6.8138389 3.5228154
OS 6.8177458 3.520205
OS 6.8223542 3.5192883
OS 6.8269626 3.520205
OS 6.8308695 3.5228154
OS 6.8334799 3.5267223
OS 6.8343966 3.5313307
OS 6.8334799 3.5359391
OS 6.8308695 3.539846
OS 6.8269626 3.5424564
OS 6.8223542 3.5433731
OE
OB 7.2165354 3.6065305 H
OS 7.211927 3.6056138
OS 7.2080201 3.6030034
OS 7.2054097 3.5990965
OS 7.204493 3.5944881
OS 7.2054097 3.5898797
OS 7.2080201 3.5859728
OS 7.211927 3.5833624
OS 7.2165354 3.5824457
OS 7.2211438 3.5833624
OS 7.2250507 3.5859728
OS 7.2276611 3.5898797
OS 7.2285778 3.5944881
OS 7.2276611 3.5990965
OS 7.2250507 3.6030034
OS 7.2211438 3.6056138
OS 7.2165354 3.6065305
OE
OB 8.7775591 3.5405857 H
OS 8.7729507 3.539669
OS 8.7690438 3.5370586
OS 8.7664334 3.5331517
OS 8.7655167 3.5285433
OS 8.7664334 3.5239349
OS 8.7690438 3.520028
OS 8.7729507 3.5174176
OS 8.7775591 3.5165009
OS 8.7821675 3.5174176
OS 8.7860744 3.520028
OS 8.7886848 3.5239349
OS 8.7896015 3.5285433
OS 8.7886848 3.5331517
OS 8.7860744 3.5370586
OS 8.7821675 3.539669
OS 8.7775591 3.5405857
OE
OB 6.6163542 3.5433731 H
OS 6.6117458 3.5424564
OS 6.6078389 3.539846
OS 6.6052285 3.5359391
OS 6.6043118 3.5313307
OS 6.6052285 3.5267223
OS 6.6078389 3.5228154
OS 6.6117458 3.520205
OS 6.6163542 3.5192883
OS 6.6209626 3.520205
OS 6.6248695 3.5228154
OS 6.6274799 3.5267223
OS 6.6283966 3.5313307
OS 6.6274799 3.5359391
OS 6.6248695 3.539846
OS 6.6209626 3.5424564
OS 6.6163542 3.5433731
OE
OB 6.8223542 3.6083731 H
OS 6.8177458 3.6074564
OS 6.8138389 3.604846
OS 6.8112285 3.6009391
OS 6.8103118 3.5963307
OS 6.8112285 3.5917223
OS 6.8138389 3.5878154
OS 6.8177458 3.585205
OS 6.8223542 3.5842883
OS 6.8269626 3.585205
OS 6.8308695 3.5878154
OS 6.8334799 3.5917223
OS 6.8343966 3.5963307
OS 6.8334799 3.6009391
OS 6.8308695 3.604846
OS 6.8269626 3.6074564
OS 6.8223542 3.6083731
OE
OB 6.6163542 3.6733731 H
OS 6.6117458 3.6724564
OS 6.6078389 3.669846
OS 6.6052285 3.6659391
OS 6.6043118 3.6613307
OS 6.6052285 3.6567223
OS 6.6078389 3.6528154
OS 6.6117458 3.650205
OS 6.6163542 3.6492883
OS 6.6209626 3.650205
OS 6.6248695 3.6528154
OS 6.6274799 3.6567223
OS 6.6283966 3.6613307
OS 6.6274799 3.6659391
OS 6.6248695 3.669846
OS 6.6209626 3.6724564
OS 6.6163542 3.6733731
OE
OB 7.4015748 3.6065305 H
OS 7.3969664 3.6056138
OS 7.3930595 3.6030034
OS 7.3904491 3.5990965
OS 7.3895324 3.5944881
OS 7.3904491 3.5898797
OS 7.3930595 3.5859728
OS 7.3969664 3.5833624
OS 7.4015748 3.5824457
OS 7.4061832 3.5833624
OS 7.4100901 3.5859728
OS 7.4127005 3.5898797
OS 7.4136172 3.5944881
OS 7.4127005 3.5990965
OS 7.4100901 3.6030034
OS 7.4061832 3.6056138
OS 7.4015748 3.6065305
OE
OB 6.6163542 3.6083731 H
OS 6.6117458 3.6074564
OS 6.6078389 3.604846
OS 6.6052285 3.6009391
OS 6.6043118 3.5963307
OS 6.6052285 3.5917223
OS 6.6078389 3.5878154
OS 6.6117458 3.585205
OS 6.6163542 3.5842883
OS 6.6209626 3.585205
OS 6.6248695 3.5878154
OS 6.6274799 3.5917223
OS 6.6283966 3.5963307
OS 6.6274799 3.6009391
OS 6.6248695 3.604846
OS 6.6209626 3.6074564
OS 6.6163542 3.6083731
OE
OB 11.8944899 3.3703873 H
OS 11.8883453 3.3691651
OS 11.8831362 3.3656845
OS 11.8796556 3.3604754
OS 11.8784334 3.3543308
OS 11.8796556 3.3481862
OS 11.8831362 3.3429771
OS 11.8852128 3.3415896
OS 11.8852128 3.335576
OS 11.8831362 3.3341885
OS 11.8796556 3.3289794
OS 11.8784334 3.3228348
OS 11.8796556 3.3166902
OS 11.8831362 3.3114811
OS 11.8883453 3.3080005
OS 11.8944899 3.3067783
OS 11.9006345 3.3080005
OS 11.9058436 3.3114811
OS 11.9093242 3.3166902
OS 11.9105464 3.3228348
OS 11.9093242 3.3289794
OS 11.9058436 3.3341885
OS 11.903767 3.335576
OS 11.903767 3.3415896
OS 11.9058436 3.3429771
OS 11.9093242 3.3481862
OS 11.9105464 3.3543308
OS 11.9093242 3.3604754
OS 11.9058436 3.3656845
OS 11.9006345 3.3691651
OS 11.8944899 3.3703873
OE
OB 5.7330718 3.2890636 H
OS 5.72449 3.2879338
OS 5.7164929 3.2846213
OS 5.7096258 3.2793519
OS 5.7043564 3.2724847
OS 5.7010439 3.2644877
OS 5.6999141 3.2559059
OS 5.7010439 3.2473241
OS 5.7043564 3.2393271
OS 5.7096258 3.2324599
OS 5.7164929 3.2271905
OS 5.72449 3.223878
OS 5.7330718 3.2227482
OS 5.7416536 3.223878
OS 5.7496507 3.2271905
OS 5.7565178 3.2324599
OS 5.7617872 3.2393271
OS 5.7650997 3.2473241
OS 5.7662295 3.2559059
OS 5.7650997 3.2644877
OS 5.7617872 3.2724847
OS 5.7565178 3.2793519
OS 5.7496507 3.2846213
OS 5.7416536 3.2879338
OS 5.7330718 3.2890636
OE
OB 6.9330718 3.2890636 H
OS 6.92449 3.2879338
OS 6.9164929 3.2846213
OS 6.9096258 3.2793519
OS 6.9043564 3.2724847
OS 6.9010439 3.2644877
OS 6.8999141 3.2559059
OS 6.9010439 3.2473241
OS 6.9043564 3.2393271
OS 6.9096258 3.2324599
OS 6.9164929 3.2271905
OS 6.92449 3.223878
OS 6.9330718 3.2227482
OS 6.9416536 3.223878
OS 6.9496507 3.2271905
OS 6.9565178 3.2324599
OS 6.9617872 3.2393271
OS 6.9650997 3.2473241
OS 6.9662295 3.2559059
OS 6.9650997 3.2644877
OS 6.9617872 3.2724847
OS 6.9565178 3.2793519
OS 6.9496507 3.2846213
OS 6.9416536 3.2879338
OS 6.9330718 3.2890636
OE
OB 7.0236239 3.2129073 H
OS 7.0174793 3.2116851
OS 7.0122702 3.2082045
OS 7.0087896 3.2029954
OS 7.0075674 3.1968508
OS 7.0087896 3.1907062
OS 7.0122702 3.1854971
OS 7.0143468 3.1841096
OS 7.0143468 3.178096
OS 7.0122702 3.1767085
OS 7.0087896 3.1714994
OS 7.0075674 3.1653548
OS 7.0087896 3.1592102
OS 7.0122702 3.1540011
OS 7.0174793 3.1505205
OS 7.0236239 3.1492983
OS 7.0297685 3.1505205
OS 7.0349776 3.1540011
OS 7.0384582 3.1592102
OS 7.0396804 3.1653548
OS 7.0384582 3.1714994
OS 7.0349776 3.1767085
OS 7.032901 3.178096
OS 7.032901 3.1841096
OS 7.0349776 3.1854971
OS 7.0384582 3.1907062
OS 7.0396804 3.1968508
OS 7.0384582 3.2029954
OS 7.0349776 3.2082045
OS 7.0297685 3.2116851
OS 7.0236239 3.2129073
OE
OB 7.09449 3.2129073 H
OS 7.0883454 3.2116851
OS 7.0831363 3.2082045
OS 7.0796557 3.2029954
OS 7.0784335 3.1968508
OS 7.0796557 3.1907062
OS 7.0831363 3.1854971
OS 7.0852129 3.1841096
OS 7.0852129 3.178096
OS 7.0831363 3.1767085
OS 7.0796557 3.1714994
OS 7.0784335 3.1653548
OS 7.0796557 3.1592102
OS 7.0831363 3.1540011
OS 7.0883454 3.1505205
OS 7.09449 3.1492983
OS 7.1006346 3.1505205
OS 7.1058437 3.1540011
OS 7.1093243 3.1592102
OS 7.1105465 3.1653548
OS 7.1093243 3.1714994
OS 7.1058437 3.1767085
OS 7.1037671 3.178096
OS 7.1037671 3.1841096
OS 7.1058437 3.1854971
OS 7.1093243 3.1907062
OS 7.1105465 3.1968508
OS 7.1093243 3.2029954
OS 7.1058437 3.2082045
OS 7.1006346 3.2116851
OS 7.09449 3.2129073
OE
OB 12.8897638 3.3703872 H
OS 12.8836192 3.369165
OS 12.8784101 3.3656844
OS 12.8749295 3.3604753
OS 12.8737073 3.3543307
OS 12.8749295 3.3481861
OS 12.8784101 3.342977
OS 12.8804867 3.3415895
OS 12.8804867 3.3355759
OS 12.8784101 3.3341884
OS 12.8749295 3.3289793
OS 12.8737073 3.3228347
OS 12.8749295 3.3166901
OS 12.8784101 3.311481
OS 12.8836192 3.3080004
OS 12.8897638 3.3067782
OS 12.8959084 3.3080004
OS 12.9011175 3.311481
OS 12.9045981 3.3166901
OS 12.9058203 3.3228347
OS 12.9045981 3.3289793
OS 12.9011175 3.3341884
OS 12.8990409 3.3355759
OS 12.8990409 3.3415895
OS 12.9011175 3.342977
OS 12.9045981 3.3481861
OS 12.9058203 3.3543307
OS 12.9045981 3.3604753
OS 12.9011175 3.3656844
OS 12.8959084 3.369165
OS 12.8897638 3.3703872
OE
OB 12.9606299 3.3703872 H
OS 12.9544853 3.369165
OS 12.9492762 3.3656844
OS 12.9457956 3.3604753
OS 12.9445734 3.3543307
OS 12.9457956 3.3481861
OS 12.9492762 3.342977
OS 12.9513528 3.3415895
OS 12.9513528 3.3355759
OS 12.9492762 3.3341884
OS 12.9457956 3.3289793
OS 12.9445734 3.3228347
OS 12.9457956 3.3166901
OS 12.9492762 3.311481
OS 12.9544853 3.3080004
OS 12.9606299 3.3067782
OS 12.9667745 3.3080004
OS 12.9719836 3.311481
OS 12.9754642 3.3166901
OS 12.9766864 3.3228347
OS 12.9754642 3.3289793
OS 12.9719836 3.3341884
OS 12.969907 3.3355759
OS 12.969907 3.3415895
OS 12.9719836 3.342977
OS 12.9754642 3.3481861
OS 12.9766864 3.3543307
OS 12.9754642 3.3604753
OS 12.9719836 3.3656844
OS 12.9667745 3.369165
OS 12.9606299 3.3703872
OE
OB 4.702 3.2900424 H
OS 4.6973916 3.2891257
OS 4.6934847 3.2865153
OS 4.6908743 3.2826084
OS 4.6899576 3.278
OS 4.6908743 3.2733916
OS 4.6934847 3.2694847
OS 4.6973916 3.2668743
OS 4.702 3.2659576
OS 4.7066084 3.2668743
OS 4.7105153 3.2694847
OS 4.7131257 3.2733916
OS 4.7140424 3.278
OS 4.7131257 3.2826084
OS 4.7105153 3.2865153
OS 4.7066084 3.2891257
OS 4.702 3.2900424
OE
OB 8.5787402 3.3053495 H
OS 8.5741318 3.3044328
OS 8.5702249 3.3018224
OS 8.5676145 3.2979155
OS 8.5666978 3.2933071
OS 8.5676145 3.2886987
OS 8.5702249 3.2847918
OS 8.5741318 3.2821814
OS 8.5787402 3.2812647
OS 8.5833486 3.2821814
OS 8.5872555 3.2847918
OS 8.5898659 3.2886987
OS 8.5907826 3.2933071
OS 8.5898659 3.2979155
OS 8.5872555 3.3018224
OS 8.5833486 3.3044328
OS 8.5787402 3.3053495
OE
OB 5.6897639 3.2129073 H
OS 5.6836193 3.2116851
OS 5.6784102 3.2082045
OS 5.6749296 3.2029954
OS 5.6737074 3.1968508
OS 5.6749296 3.1907062
OS 5.6784102 3.1854971
OS 5.6804868 3.1841096
OS 5.6804868 3.178096
OS 5.6784102 3.1767085
OS 5.6749296 3.1714994
OS 5.6737074 3.1653548
OS 5.6749296 3.1592102
OS 5.6784102 3.1540011
OS 5.6836193 3.1505205
OS 5.6897639 3.1492983
OS 5.6959085 3.1505205
OS 5.7011176 3.1540011
OS 5.7045982 3.1592102
OS 5.7058204 3.1653548
OS 5.7045982 3.1714994
OS 5.7011176 3.1767085
OS 5.699041 3.178096
OS 5.699041 3.1841096
OS 5.7011176 3.1854971
OS 5.7045982 3.1907062
OS 5.7058204 3.1968508
OS 5.7045982 3.2029954
OS 5.7011176 3.2082045
OS 5.6959085 3.2116851
OS 5.6897639 3.2129073
OE
OB 5.76063 3.2129073 H
OS 5.7544854 3.2116851
OS 5.7492763 3.2082045
OS 5.7457957 3.2029954
OS 5.7445735 3.1968508
OS 5.7457957 3.1907062
OS 5.7492763 3.1854971
OS 5.7513529 3.1841096
OS 5.7513529 3.178096
OS 5.7492763 3.1767085
OS 5.7457957 3.1714994
OS 5.7445735 3.1653548
OS 5.7457957 3.1592102
OS 5.7492763 3.1540011
OS 5.7544854 3.1505205
OS 5.76063 3.1492983
OS 5.7667746 3.1505205
OS 5.7719837 3.1540011
OS 5.7754643 3.1592102
OS 5.7766865 3.1653548
OS 5.7754643 3.1714994
OS 5.7719837 3.1767085
OS 5.7699071 3.178096
OS 5.7699071 3.1841096
OS 5.7719837 3.1854971
OS 5.7754643 3.1907062
OS 5.7766865 3.1968508
OS 5.7754643 3.2029954
OS 5.7719837 3.2082045
OS 5.7667746 3.2116851
OS 5.76063 3.2129073
OE
OB 4.6236239 3.2129073 H
OS 4.6174793 3.2116851
OS 4.6122702 3.2082045
OS 4.6087896 3.2029954
OS 4.6075674 3.1968508
OS 4.6087896 3.1907062
OS 4.6122702 3.1854971
OS 4.6143468 3.1841096
OS 4.6143468 3.178096
OS 4.6122702 3.1767085
OS 4.6087896 3.1714994
OS 4.6075674 3.1653548
OS 4.6087896 3.1592102
OS 4.6122702 3.1540011
OS 4.6174793 3.1505205
OS 4.6236239 3.1492983
OS 4.6297685 3.1505205
OS 4.6349776 3.1540011
OS 4.6384582 3.1592102
OS 4.6396804 3.1653548
OS 4.6384582 3.1714994
OS 4.6349776 3.1767085
OS 4.632901 3.178096
OS 4.632901 3.1841096
OS 4.6349776 3.1854971
OS 4.6384582 3.1907062
OS 4.6396804 3.1968508
OS 4.6384582 3.2029954
OS 4.6349776 3.2082045
OS 4.6297685 3.2116851
OS 4.6236239 3.2129073
OE
OB 4.69449 3.2129073 H
OS 4.6883454 3.2116851
OS 4.6831363 3.2082045
OS 4.6796557 3.2029954
OS 4.6784335 3.1968508
OS 4.6796557 3.1907062
OS 4.6831363 3.1854971
OS 4.6852129 3.1841096
OS 4.6852129 3.178096
OS 4.6831363 3.1767085
OS 4.6796557 3.1714994
OS 4.6784335 3.1653548
OS 4.6796557 3.1592102
OS 4.6831363 3.1540011
OS 4.6883454 3.1505205
OS 4.69449 3.1492983
OS 4.7006346 3.1505205
OS 4.7058437 3.1540011
OS 4.7093243 3.1592102
OS 4.7105465 3.1653548
OS 4.7093243 3.1714994
OS 4.7058437 3.1767085
OS 4.7037671 3.178096
OS 4.7037671 3.1841096
OS 4.7058437 3.1854971
OS 4.7093243 3.1907062
OS 4.7105465 3.1968508
OS 4.7093243 3.2029954
OS 4.7058437 3.2082045
OS 4.7006346 3.2116851
OS 4.69449 3.2129073
OE
OB 6.8897639 3.2129073 H
OS 6.8836193 3.2116851
OS 6.8784102 3.2082045
OS 6.8749296 3.2029954
OS 6.8737074 3.1968508
OS 6.8749296 3.1907062
OS 6.8784102 3.1854971
OS 6.8804868 3.1841096
OS 6.8804868 3.178096
OS 6.8784102 3.1767085
OS 6.8749296 3.1714994
OS 6.8737074 3.1653548
OS 6.8749296 3.1592102
OS 6.8784102 3.1540011
OS 6.8836193 3.1505205
OS 6.8897639 3.1492983
OS 6.8959085 3.1505205
OS 6.9011176 3.1540011
OS 6.9045982 3.1592102
OS 6.9058204 3.1653548
OS 6.9045982 3.1714994
OS 6.9011176 3.1767085
OS 6.899041 3.178096
OS 6.899041 3.1841096
OS 6.9011176 3.1854971
OS 6.9045982 3.1907062
OS 6.9058204 3.1968508
OS 6.9045982 3.2029954
OS 6.9011176 3.2082045
OS 6.8959085 3.2116851
OS 6.8897639 3.2129073
OE
OB 6.96063 3.2129073 H
OS 6.9544854 3.2116851
OS 6.9492763 3.2082045
OS 6.9457957 3.2029954
OS 6.9445735 3.1968508
OS 6.9457957 3.1907062
OS 6.9492763 3.1854971
OS 6.9513529 3.1841096
OS 6.9513529 3.178096
OS 6.9492763 3.1767085
OS 6.9457957 3.1714994
OS 6.9445735 3.1653548
OS 6.9457957 3.1592102
OS 6.9492763 3.1540011
OS 6.9544854 3.1505205
OS 6.96063 3.1492983
OS 6.9667746 3.1505205
OS 6.9719837 3.1540011
OS 6.9754643 3.1592102
OS 6.9766865 3.1653548
OS 6.9754643 3.1714994
OS 6.9719837 3.1767085
OS 6.9699071 3.178096
OS 6.9699071 3.1841096
OS 6.9719837 3.1854971
OS 6.9754643 3.1907062
OS 6.9766865 3.1968508
OS 6.9754643 3.2029954
OS 6.9719837 3.2082045
OS 6.9667746 3.2116851
OS 6.96063 3.2129073
OE
OB 5.8236239 3.2129073 H
OS 5.8174793 3.2116851
OS 5.8122702 3.2082045
OS 5.8087896 3.2029954
OS 5.8075674 3.1968508
OS 5.8087896 3.1907062
OS 5.8122702 3.1854971
OS 5.8143468 3.1841096
OS 5.8143468 3.178096
OS 5.8122702 3.1767085
OS 5.8087896 3.1714994
OS 5.8075674 3.1653548
OS 5.8087896 3.1592102
OS 5.8122702 3.1540011
OS 5.8174793 3.1505205
OS 5.8236239 3.1492983
OS 5.8297685 3.1505205
OS 5.8349776 3.1540011
OS 5.8384582 3.1592102
OS 5.8396804 3.1653548
OS 5.8384582 3.1714994
OS 5.8349776 3.1767085
OS 5.832901 3.178096
OS 5.832901 3.1841096
OS 5.8349776 3.1854971
OS 5.8384582 3.1907062
OS 5.8396804 3.1968508
OS 5.8384582 3.2029954
OS 5.8349776 3.2082045
OS 5.8297685 3.2116851
OS 5.8236239 3.2129073
OE
OB 5.89449 3.2129073 H
OS 5.8883454 3.2116851
OS 5.8831363 3.2082045
OS 5.8796557 3.2029954
OS 5.8784335 3.1968508
OS 5.8796557 3.1907062
OS 5.8831363 3.1854971
OS 5.8852129 3.1841096
OS 5.8852129 3.178096
OS 5.8831363 3.1767085
OS 5.8796557 3.1714994
OS 5.8784335 3.1653548
OS 5.8796557 3.1592102
OS 5.8831363 3.1540011
OS 5.8883454 3.1505205
OS 5.89449 3.1492983
OS 5.9006346 3.1505205
OS 5.9058437 3.1540011
OS 5.9093243 3.1592102
OS 5.9105465 3.1653548
OS 5.9093243 3.1714994
OS 5.9058437 3.1767085
OS 5.9037671 3.178096
OS 5.9037671 3.1841096
OS 5.9058437 3.1854971
OS 5.9093243 3.1907062
OS 5.9105465 3.1968508
OS 5.9093243 3.2029954
OS 5.9058437 3.2082045
OS 5.9006346 3.2116851
OS 5.89449 3.2129073
OE
OB 13.0236238 3.3703872 H
OS 13.0174792 3.369165
OS 13.0122701 3.3656844
OS 13.0087895 3.3604753
OS 13.0075673 3.3543307
OS 13.0087895 3.3481861
OS 13.0122701 3.342977
OS 13.0143467 3.3415895
OS 13.0143467 3.3355759
OS 13.0122701 3.3341884
OS 13.0087895 3.3289793
OS 13.0075673 3.3228347
OS 13.0087895 3.3166901
OS 13.0122701 3.311481
OS 13.0174792 3.3080004
OS 13.0236238 3.3067782
OS 13.0297684 3.3080004
OS 13.0349775 3.311481
OS 13.0384581 3.3166901
OS 13.0396803 3.3228347
OS 13.0384581 3.3289793
OS 13.0349775 3.3341884
OS 13.0329009 3.3355759
OS 13.0329009 3.3415895
OS 13.0349775 3.342977
OS 13.0384581 3.3481861
OS 13.0396803 3.3543307
OS 13.0384581 3.3604753
OS 13.0349775 3.3656844
OS 13.0297684 3.369165
OS 13.0236238 3.3703872
OE
OB 10.5606299 3.3703873 H
OS 10.5544853 3.3691651
OS 10.5492762 3.3656845
OS 10.5457956 3.3604754
OS 10.5445734 3.3543308
OS 10.5457956 3.3481862
OS 10.5492762 3.3429771
OS 10.5513528 3.3415896
OS 10.5513528 3.335576
OS 10.5492762 3.3341885
OS 10.5457956 3.3289794
OS 10.5445734 3.3228348
OS 10.5457956 3.3166902
OS 10.5492762 3.3114811
OS 10.5544853 3.3080005
OS 10.5606299 3.3067783
OS 10.5667745 3.3080005
OS 10.5719836 3.3114811
OS 10.5754642 3.3166902
OS 10.5766864 3.3228348
OS 10.5754642 3.3289794
OS 10.5719836 3.3341885
OS 10.569907 3.335576
OS 10.569907 3.3415896
OS 10.5719836 3.3429771
OS 10.5754642 3.3481862
OS 10.5766864 3.3543308
OS 10.5754642 3.3604754
OS 10.5719836 3.3656845
OS 10.5667745 3.3691651
OS 10.5606299 3.3703873
OE
OB 10.6236238 3.3703873 H
OS 10.6174792 3.3691651
OS 10.6122701 3.3656845
OS 10.6087895 3.3604754
OS 10.6075673 3.3543308
OS 10.6087895 3.3481862
OS 10.6122701 3.3429771
OS 10.6143467 3.3415896
OS 10.6143467 3.335576
OS 10.6122701 3.3341885
OS 10.6087895 3.3289794
OS 10.6075673 3.3228348
OS 10.6087895 3.3166902
OS 10.6122701 3.3114811
OS 10.6174792 3.3080005
OS 10.6236238 3.3067783
OS 10.6297684 3.3080005
OS 10.6349775 3.3114811
OS 10.6384581 3.3166902
OS 10.6396803 3.3228348
OS 10.6384581 3.3289794
OS 10.6349775 3.3341885
OS 10.6329009 3.335576
OS 10.6329009 3.3415896
OS 10.6349775 3.3429771
OS 10.6384581 3.3481862
OS 10.6396803 3.3543308
OS 10.6384581 3.3604754
OS 10.6349775 3.3656845
OS 10.6297684 3.3691651
OS 10.6236238 3.3703873
OE
OB 9.4944899 3.3703873 H
OS 9.4883453 3.3691651
OS 9.4831362 3.3656845
OS 9.4796556 3.3604754
OS 9.4784334 3.3543308
OS 9.4796556 3.3481862
OS 9.4831362 3.3429771
OS 9.4852128 3.3415896
OS 9.4852128 3.335576
OS 9.4831362 3.3341885
OS 9.4796556 3.3289794
OS 9.4784334 3.3228348
OS 9.4796556 3.3166902
OS 9.4831362 3.3114811
OS 9.4883453 3.3080005
OS 9.4944899 3.3067783
OS 9.5006345 3.3080005
OS 9.5058436 3.3114811
OS 9.5093242 3.3166902
OS 9.5105464 3.3228348
OS 9.5093242 3.3289794
OS 9.5058436 3.3341885
OS 9.503767 3.335576
OS 9.503767 3.3415896
OS 9.5058436 3.3429771
OS 9.5093242 3.3481862
OS 9.5105464 3.3543308
OS 9.5093242 3.3604754
OS 9.5058436 3.3656845
OS 9.5006345 3.3691651
OS 9.4944899 3.3703873
OE
OB 10.4897638 3.3703873 H
OS 10.4836192 3.3691651
OS 10.4784101 3.3656845
OS 10.4749295 3.3604754
OS 10.4737073 3.3543308
OS 10.4749295 3.3481862
OS 10.4784101 3.3429771
OS 10.4804867 3.3415896
OS 10.4804867 3.335576
OS 10.4784101 3.3341885
OS 10.4749295 3.3289794
OS 10.4737073 3.3228348
OS 10.4749295 3.3166902
OS 10.4784101 3.3114811
OS 10.4836192 3.3080005
OS 10.4897638 3.3067783
OS 10.4959084 3.3080005
OS 10.5011175 3.3114811
OS 10.5045981 3.3166902
OS 10.5058203 3.3228348
OS 10.5045981 3.3289794
OS 10.5011175 3.3341885
OS 10.4990409 3.335576
OS 10.4990409 3.3415896
OS 10.5011175 3.3429771
OS 10.5045981 3.3481862
OS 10.5058203 3.3543308
OS 10.5045981 3.3604754
OS 10.5011175 3.3656845
OS 10.4959084 3.3691651
OS 10.4897638 3.3703873
OE
OB 11.7606299 3.3703873 H
OS 11.7544853 3.3691651
OS 11.7492762 3.3656845
OS 11.7457956 3.3604754
OS 11.7445734 3.3543308
OS 11.7457956 3.3481862
OS 11.7492762 3.3429771
OS 11.7513528 3.3415896
OS 11.7513528 3.335576
OS 11.7492762 3.3341885
OS 11.7457956 3.3289794
OS 11.7445734 3.3228348
OS 11.7457956 3.3166902
OS 11.7492762 3.3114811
OS 11.7544853 3.3080005
OS 11.7606299 3.3067783
OS 11.7667745 3.3080005
OS 11.7719836 3.3114811
OS 11.7754642 3.3166902
OS 11.7766864 3.3228348
OS 11.7754642 3.3289794
OS 11.7719836 3.3341885
OS 11.769907 3.335576
OS 11.769907 3.3415896
OS 11.7719836 3.3429771
OS 11.7754642 3.3481862
OS 11.7766864 3.3543308
OS 11.7754642 3.3604754
OS 11.7719836 3.3656845
OS 11.7667745 3.3691651
OS 11.7606299 3.3703873
OE
OB 11.8236238 3.3703873 H
OS 11.8174792 3.3691651
OS 11.8122701 3.3656845
OS 11.8087895 3.3604754
OS 11.8075673 3.3543308
OS 11.8087895 3.3481862
OS 11.8122701 3.3429771
OS 11.8143467 3.3415896
OS 11.8143467 3.335576
OS 11.8122701 3.3341885
OS 11.8087895 3.3289794
OS 11.8075673 3.3228348
OS 11.8087895 3.3166902
OS 11.8122701 3.3114811
OS 11.8174792 3.3080005
OS 11.8236238 3.3067783
OS 11.8297684 3.3080005
OS 11.8349775 3.3114811
OS 11.8384581 3.3166902
OS 11.8396803 3.3228348
OS 11.8384581 3.3289794
OS 11.8349775 3.3341885
OS 11.8329009 3.335576
OS 11.8329009 3.3415896
OS 11.8349775 3.3429771
OS 11.8384581 3.3481862
OS 11.8396803 3.3543308
OS 11.8384581 3.3604754
OS 11.8349775 3.3656845
OS 11.8297684 3.3691651
OS 11.8236238 3.3703873
OE
OB 10.6944899 3.3703873 H
OS 10.6883453 3.3691651
OS 10.6831362 3.3656845
OS 10.6796556 3.3604754
OS 10.6784334 3.3543308
OS 10.6796556 3.3481862
OS 10.6831362 3.3429771
OS 10.6852128 3.3415896
OS 10.6852128 3.335576
OS 10.6831362 3.3341885
OS 10.6796556 3.3289794
OS 10.6784334 3.3228348
OS 10.6796556 3.3166902
OS 10.6831362 3.3114811
OS 10.6883453 3.3080005
OS 10.6944899 3.3067783
OS 10.7006345 3.3080005
OS 10.7058436 3.3114811
OS 10.7093242 3.3166902
OS 10.7105464 3.3228348
OS 10.7093242 3.3289794
OS 10.7058436 3.3341885
OS 10.703767 3.335576
OS 10.703767 3.3415896
OS 10.7058436 3.3429771
OS 10.7093242 3.3481862
OS 10.7105464 3.3543308
OS 10.7093242 3.3604754
OS 10.7058436 3.3656845
OS 10.7006345 3.3691651
OS 10.6944899 3.3703873
OE
OB 11.6897638 3.3703873 H
OS 11.6836192 3.3691651
OS 11.6784101 3.3656845
OS 11.6749295 3.3604754
OS 11.6737073 3.3543308
OS 11.6749295 3.3481862
OS 11.6784101 3.3429771
OS 11.6804867 3.3415896
OS 11.6804867 3.335576
OS 11.6784101 3.3341885
OS 11.6749295 3.3289794
OS 11.6737073 3.3228348
OS 11.6749295 3.3166902
OS 11.6784101 3.3114811
OS 11.6836192 3.3080005
OS 11.6897638 3.3067783
OS 11.6959084 3.3080005
OS 11.7011175 3.3114811
OS 11.7045981 3.3166902
OS 11.7058203 3.3228348
OS 11.7045981 3.3289794
OS 11.7011175 3.3341885
OS 11.6990409 3.335576
OS 11.6990409 3.3415896
OS 11.7011175 3.3429771
OS 11.7045981 3.3481862
OS 11.7058203 3.3543308
OS 11.7045981 3.3604754
OS 11.7011175 3.3656845
OS 11.6959084 3.3691651
OS 11.6897638 3.3703873
OE
OB 8.16063 3.3703873 H
OS 8.1544854 3.3691651
OS 8.1492763 3.3656845
OS 8.1457957 3.3604754
OS 8.1445735 3.3543308
OS 8.1457957 3.3481862
OS 8.1492763 3.3429771
OS 8.1513529 3.3415896
OS 8.1513529 3.335576
OS 8.1492763 3.3341885
OS 8.1457957 3.3289794
OS 8.1445735 3.3228348
OS 8.1457957 3.3166902
OS 8.1492763 3.3114811
OS 8.1544854 3.3080005
OS 8.16063 3.3067783
OS 8.1667746 3.3080005
OS 8.1719837 3.3114811
OS 8.1754643 3.3166902
OS 8.1766865 3.3228348
OS 8.1754643 3.3289794
OS 8.1719837 3.3341885
OS 8.1699071 3.335576
OS 8.1699071 3.3415896
OS 8.1719837 3.3429771
OS 8.1754643 3.3481862
OS 8.1766865 3.3543308
OS 8.1754643 3.3604754
OS 8.1719837 3.3656845
OS 8.1667746 3.3691651
OS 8.16063 3.3703873
OE
OB 8.2236239 3.3703873 H
OS 8.2174793 3.3691651
OS 8.2122702 3.3656845
OS 8.2087896 3.3604754
OS 8.2075674 3.3543308
OS 8.2087896 3.3481862
OS 8.2122702 3.3429771
OS 8.2143468 3.3415896
OS 8.2143468 3.335576
OS 8.2122702 3.3341885
OS 8.2087896 3.3289794
OS 8.2075674 3.3228348
OS 8.2087896 3.3166902
OS 8.2122702 3.3114811
OS 8.2174793 3.3080005
OS 8.2236239 3.3067783
OS 8.2297685 3.3080005
OS 8.2349776 3.3114811
OS 8.2384582 3.3166902
OS 8.2396804 3.3228348
OS 8.2384582 3.3289794
OS 8.2349776 3.3341885
OS 8.232901 3.335576
OS 8.232901 3.3415896
OS 8.2349776 3.3429771
OS 8.2384582 3.3481862
OS 8.2396804 3.3543308
OS 8.2384582 3.3604754
OS 8.2349776 3.3656845
OS 8.2297685 3.3691651
OS 8.2236239 3.3703873
OE
OB 13.0944899 3.3703872 H
OS 13.0883453 3.369165
OS 13.0831362 3.3656844
OS 13.0796556 3.3604753
OS 13.0784334 3.3543307
OS 13.0796556 3.3481861
OS 13.0831362 3.342977
OS 13.0852128 3.3415895
OS 13.0852128 3.3355759
OS 13.0831362 3.3341884
OS 13.0796556 3.3289793
OS 13.0784334 3.3228347
OS 13.0796556 3.3166901
OS 13.0831362 3.311481
OS 13.0883453 3.3080004
OS 13.0944899 3.3067782
OS 13.1006345 3.3080004
OS 13.1058436 3.311481
OS 13.1093242 3.3166901
OS 13.1105464 3.3228347
OS 13.1093242 3.3289793
OS 13.1058436 3.3341884
OS 13.103767 3.3355759
OS 13.103767 3.3415895
OS 13.1058436 3.342977
OS 13.1093242 3.3481861
OS 13.1105464 3.3543307
OS 13.1093242 3.3604753
OS 13.1058436 3.3656844
OS 13.1006345 3.369165
OS 13.0944899 3.3703872
OE
OB 8.0897639 3.3703873 H
OS 8.0836193 3.3691651
OS 8.0784102 3.3656845
OS 8.0749296 3.3604754
OS 8.0737074 3.3543308
OS 8.0749296 3.3481862
OS 8.0784102 3.3429771
OS 8.0804868 3.3415896
OS 8.0804868 3.335576
OS 8.0784102 3.3341885
OS 8.0749296 3.3289794
OS 8.0737074 3.3228348
OS 8.0749296 3.3166902
OS 8.0784102 3.3114811
OS 8.0836193 3.3080005
OS 8.0897639 3.3067783
OS 8.0959085 3.3080005
OS 8.1011176 3.3114811
OS 8.1045982 3.3166902
OS 8.1058204 3.3228348
OS 8.1045982 3.3289794
OS 8.1011176 3.3341885
OS 8.099041 3.335576
OS 8.099041 3.3415896
OS 8.1011176 3.3429771
OS 8.1045982 3.3481862
OS 8.1058204 3.3543308
OS 8.1045982 3.3604754
OS 8.1011176 3.3656845
OS 8.0959085 3.3691651
OS 8.0897639 3.3703873
OE
OB 9.3606299 3.3703873 H
OS 9.3544853 3.3691651
OS 9.3492762 3.3656845
OS 9.3457956 3.3604754
OS 9.3445734 3.3543308
OS 9.3457956 3.3481862
OS 9.3492762 3.3429771
OS 9.3513528 3.3415896
OS 9.3513528 3.335576
OS 9.3492762 3.3341885
OS 9.3457956 3.3289794
OS 9.3445734 3.3228348
OS 9.3457956 3.3166902
OS 9.3492762 3.3114811
OS 9.3544853 3.3080005
OS 9.3606299 3.3067783
OS 9.3667745 3.3080005
OS 9.3719836 3.3114811
OS 9.3754642 3.3166902
OS 9.3766864 3.3228348
OS 9.3754642 3.3289794
OS 9.3719836 3.3341885
OS 9.369907 3.335576
OS 9.369907 3.3415896
OS 9.3719836 3.3429771
OS 9.3754642 3.3481862
OS 9.3766864 3.3543308
OS 9.3754642 3.3604754
OS 9.3719836 3.3656845
OS 9.3667745 3.3691651
OS 9.3606299 3.3703873
OE
OB 9.4236238 3.3703873 H
OS 9.4174792 3.3691651
OS 9.4122701 3.3656845
OS 9.4087895 3.3604754
OS 9.4075673 3.3543308
OS 9.4087895 3.3481862
OS 9.4122701 3.3429771
OS 9.4143467 3.3415896
OS 9.4143467 3.335576
OS 9.4122701 3.3341885
OS 9.4087895 3.3289794
OS 9.4075673 3.3228348
OS 9.4087895 3.3166902
OS 9.4122701 3.3114811
OS 9.4174792 3.3080005
OS 9.4236238 3.3067783
OS 9.4297684 3.3080005
OS 9.4349775 3.3114811
OS 9.4384581 3.3166902
OS 9.4396803 3.3228348
OS 9.4384581 3.3289794
OS 9.4349775 3.3341885
OS 9.4329009 3.335576
OS 9.4329009 3.3415896
OS 9.4349775 3.3429771
OS 9.4384581 3.3481862
OS 9.4396803 3.3543308
OS 9.4384581 3.3604754
OS 9.4349775 3.3656845
OS 9.4297684 3.3691651
OS 9.4236238 3.3703873
OE
OB 8.29449 3.3703873 H
OS 8.2883454 3.3691651
OS 8.2831363 3.3656845
OS 8.2796557 3.3604754
OS 8.2784335 3.3543308
OS 8.2796557 3.3481862
OS 8.2831363 3.3429771
OS 8.2852129 3.3415896
OS 8.2852129 3.335576
OS 8.2831363 3.3341885
OS 8.2796557 3.3289794
OS 8.2784335 3.3228348
OS 8.2796557 3.3166902
OS 8.2831363 3.3114811
OS 8.2883454 3.3080005
OS 8.29449 3.3067783
OS 8.3006346 3.3080005
OS 8.3058437 3.3114811
OS 8.3093243 3.3166902
OS 8.3105465 3.3228348
OS 8.3093243 3.3289794
OS 8.3058437 3.3341885
OS 8.3037671 3.335576
OS 8.3037671 3.3415896
OS 8.3058437 3.3429771
OS 8.3093243 3.3481862
OS 8.3105465 3.3543308
OS 8.3093243 3.3604754
OS 8.3058437 3.3656845
OS 8.3006346 3.3691651
OS 8.29449 3.3703873
OE
OB 9.2897638 3.3703873 H
OS 9.2836192 3.3691651
OS 9.2784101 3.3656845
OS 9.2749295 3.3604754
OS 9.2737073 3.3543308
OS 9.2749295 3.3481862
OS 9.2784101 3.3429771
OS 9.2804867 3.3415896
OS 9.2804867 3.335576
OS 9.2784101 3.3341885
OS 9.2749295 3.3289794
OS 9.2737073 3.3228348
OS 9.2749295 3.3166902
OS 9.2784101 3.3114811
OS 9.2836192 3.3080005
OS 9.2897638 3.3067783
OS 9.2959084 3.3080005
OS 9.3011175 3.3114811
OS 9.3045981 3.3166902
OS 9.3058203 3.3228348
OS 9.3045981 3.3289794
OS 9.3011175 3.3341885
OS 9.2990409 3.335576
OS 9.2990409 3.3415896
OS 9.3011175 3.3429771
OS 9.3045981 3.3481862
OS 9.3058203 3.3543308
OS 9.3045981 3.3604754
OS 9.3011175 3.3656845
OS 9.2959084 3.3691651
OS 9.2897638 3.3703873
OE
OB 7.0275591 3.783773 H
OS 7.0214145 3.7825508
OS 7.0162054 3.7790702
OS 7.0127248 3.7738611
OS 7.0115026 3.7677165
OS 7.0127248 3.7615719
OS 7.0162054 3.7563628
OS 7.0214145 3.7528822
OS 7.0275591 3.75166
OS 7.0337037 3.7528822
OS 7.0389128 3.7563628
OS 7.0423934 3.7615719
OS 7.0436156 3.7677165
OS 7.0423934 3.7738611
OS 7.0389128 3.7790702
OS 7.0337037 3.7825508
OS 7.0275591 3.783773
OE
OB 8.3997609 4.2229053 H
OS 8.3936163 4.2216831
OS 8.3884072 4.2182025
OS 8.3849266 4.2129934
OS 8.3837044 4.2068488
OS 8.3849266 4.2007042
OS 8.3884072 4.1954951
OS 8.3936163 4.1920145
OS 8.3997609 4.1907923
OS 8.4059055 4.1920145
OS 8.4111146 4.1954951
OS 8.4145952 4.2007042
OS 8.4158174 4.2068488
OS 8.4145952 4.2129934
OS 8.4111146 4.2182025
OS 8.4059055 4.2216831
OS 8.3997609 4.2229053
OE
OB 8.5178711 4.2229053 H
OS 8.5117265 4.2216831
OS 8.5065174 4.2182025
OS 8.5030368 4.2129934
OS 8.5018146 4.2068488
OS 8.5030368 4.2007042
OS 8.5065174 4.1954951
OS 8.5117265 4.1920145
OS 8.5178711 4.1907923
OS 8.5240157 4.1920145
OS 8.5292248 4.1954951
OS 8.5327054 4.2007042
OS 8.5339276 4.2068488
OS 8.5327054 4.2129934
OS 8.5292248 4.2182025
OS 8.5240157 4.2216831
OS 8.5178711 4.2229053
OE
OB 8.1635405 4.2229053 H
OS 8.1573959 4.2216831
OS 8.1521868 4.2182025
OS 8.1487062 4.2129934
OS 8.147484 4.2068488
OS 8.1487062 4.2007042
OS 8.1521868 4.1954951
OS 8.1573959 4.1920145
OS 8.1635405 4.1907923
OS 8.1696851 4.1920145
OS 8.1748942 4.1954951
OS 8.1783748 4.2007042
OS 8.179597 4.2068488
OS 8.1783748 4.2129934
OS 8.1748942 4.2182025
OS 8.1696851 4.2216831
OS 8.1635405 4.2229053
OE
OB 8.2816507 4.2229053 H
OS 8.2755061 4.2216831
OS 8.270297 4.2182025
OS 8.2668164 4.2129934
OS 8.2655942 4.2068488
OS 8.2668164 4.2007042
OS 8.270297 4.1954951
OS 8.2755061 4.1920145
OS 8.2816507 4.1907923
OS 8.2877953 4.1920145
OS 8.2930044 4.1954951
OS 8.296485 4.2007042
OS 8.2977072 4.2068488
OS 8.296485 4.2129934
OS 8.2930044 4.2182025
OS 8.2877953 4.2216831
OS 8.2816507 4.2229053
OE
OB 9.6989731 4.2229053 H
OS 9.6928285 4.2216831
OS 9.6876194 4.2182025
OS 9.6841388 4.2129934
OS 9.6829166 4.2068488
OS 9.6841388 4.2007042
OS 9.6876194 4.1954951
OS 9.6928285 4.1920145
OS 9.6989731 4.1907923
OS 9.7051177 4.1920145
OS 9.7103268 4.1954951
OS 9.7138074 4.2007042
OS 9.7150296 4.2068488
OS 9.7138074 4.2129934
OS 9.7103268 4.2182025
OS 9.7051177 4.2216831
OS 9.6989731 4.2229053
OE
OB 9.8170833 4.2229053 H
OS 9.8109387 4.2216831
OS 9.8057296 4.2182025
OS 9.802249 4.2129934
OS 9.8010268 4.2068488
OS 9.802249 4.2007042
OS 9.8057296 4.1954951
OS 9.8109387 4.1920145
OS 9.8170833 4.1907923
OS 9.8232279 4.1920145
OS 9.828437 4.1954951
OS 9.8319176 4.2007042
OS 9.8331398 4.2068488
OS 9.8319176 4.2129934
OS 9.828437 4.2182025
OS 9.8232279 4.2216831
OS 9.8170833 4.2229053
OE
OB 8.6359813 4.2229053 H
OS 8.6298367 4.2216831
OS 8.6246276 4.2182025
OS 8.621147 4.2129934
OS 8.6199248 4.2068488
OS 8.621147 4.2007042
OS 8.6246276 4.1954951
OS 8.6298367 4.1920145
OS 8.6359813 4.1907923
OS 8.6421259 4.1920145
OS 8.647335 4.1954951
OS 8.6508156 4.2007042
OS 8.6520378 4.2068488
OS 8.6508156 4.2129934
OS 8.647335 4.2182025
OS 8.6421259 4.2216831
OS 8.6359813 4.2229053
OE
OB 8.7540915 4.2229053 H
OS 8.7479469 4.2216831
OS 8.7427378 4.2182025
OS 8.7392572 4.2129934
OS 8.738035 4.2068488
OS 8.7392572 4.2007042
OS 8.7427378 4.1954951
OS 8.7479469 4.1920145
OS 8.7540915 4.1907923
OS 8.7602361 4.1920145
OS 8.7654452 4.1954951
OS 8.7689258 4.2007042
OS 8.770148 4.2068488
OS 8.7689258 4.2129934
OS 8.7654452 4.2182025
OS 8.7602361 4.2216831
OS 8.7540915 4.2229053
OE
OB 7.3367691 4.2229053 H
OS 7.3306245 4.2216831
OS 7.3254154 4.2182025
OS 7.3219348 4.2129934
OS 7.3207126 4.2068488
OS 7.3219348 4.2007042
OS 7.3254154 4.1954951
OS 7.3306245 4.1920145
OS 7.3367691 4.1907923
OS 7.3429137 4.1920145
OS 7.3481228 4.1954951
OS 7.3516034 4.2007042
OS 7.3528256 4.2068488
OS 7.3516034 4.2129934
OS 7.3481228 4.2182025
OS 7.3429137 4.2216831
OS 7.3367691 4.2229053
OE
OB 7.4548793 4.2229053 H
OS 7.4487347 4.2216831
OS 7.4435256 4.2182025
OS 7.440045 4.2129934
OS 7.4388228 4.2068488
OS 7.440045 4.2007042
OS 7.4435256 4.1954951
OS 7.4487347 4.1920145
OS 7.4548793 4.1907923
OS 7.4610239 4.1920145
OS 7.466233 4.1954951
OS 7.4697136 4.2007042
OS 7.4709358 4.2068488
OS 7.4697136 4.2129934
OS 7.466233 4.2182025
OS 7.4610239 4.2216831
OS 7.4548793 4.2229053
OE
OB 6.1711024 4.1760565 H
OS 6.1649578 4.1748343
OS 6.1597487 4.1713537
OS 6.1562681 4.1661446
OS 6.1550459 4.16
OS 6.1562681 4.1538554
OS 6.1597487 4.1486463
OS 6.1649578 4.1451657
OS 6.1711024 4.1439435
OS 6.177247 4.1451657
OS 6.1824561 4.1486463
OS 6.1859367 4.1538554
OS 6.1871589 4.16
OS 6.1859367 4.1661446
OS 6.1824561 4.1713537
OS 6.177247 4.1748343
OS 6.1711024 4.1760565
OE
OB 6.24 4.1760565 H
OS 6.2338554 4.1748343
OS 6.2286463 4.1713537
OS 6.2251657 4.1661446
OS 6.2239435 4.16
OS 6.2251657 4.1538554
OS 6.2286463 4.1486463
OS 6.2338554 4.1451657
OS 6.24 4.1439435
OS 6.2461446 4.1451657
OS 6.2513537 4.1486463
OS 6.2548343 4.1538554
OS 6.2560565 4.16
OS 6.2548343 4.1661446
OS 6.2513537 4.1713537
OS 6.2461446 4.1748343
OS 6.24 4.1760565
OE
OB 7.8092099 4.2229053 H
OS 7.8030653 4.2216831
OS 7.7978562 4.2182025
OS 7.7943756 4.2129934
OS 7.7931534 4.2068488
OS 7.7943756 4.2007042
OS 7.7978562 4.1954951
OS 7.8030653 4.1920145
OS 7.8092099 4.1907923
OS 7.8153545 4.1920145
OS 7.8205636 4.1954951
OS 7.8240442 4.2007042
OS 7.8252664 4.2068488
OS 7.8240442 4.2129934
OS 7.8205636 4.2182025
OS 7.8153545 4.2216831
OS 7.8092099 4.2229053
OE
OB 8.0454303 4.2229053 H
OS 8.0392857 4.2216831
OS 8.0340766 4.2182025
OS 8.030596 4.2129934
OS 8.0293738 4.2068488
OS 8.030596 4.2007042
OS 8.0340766 4.1954951
OS 8.0392857 4.1920145
OS 8.0454303 4.1907923
OS 8.0515749 4.1920145
OS 8.056784 4.1954951
OS 8.0602646 4.2007042
OS 8.0614868 4.2068488
OS 8.0602646 4.2129934
OS 8.056784 4.2182025
OS 8.0515749 4.2216831
OS 8.0454303 4.2229053
OE
OB 7.5729895 4.2229053 H
OS 7.5668449 4.2216831
OS 7.5616358 4.2182025
OS 7.5581552 4.2129934
OS 7.556933 4.2068488
OS 7.5581552 4.2007042
OS 7.5616358 4.1954951
OS 7.5668449 4.1920145
OS 7.5729895 4.1907923
OS 7.5791341 4.1920145
OS 7.5843432 4.1954951
OS 7.5878238 4.2007042
OS 7.589046 4.2068488
OS 7.5878238 4.2129934
OS 7.5843432 4.2182025
OS 7.5791341 4.2216831
OS 7.5729895 4.2229053
OE
OB 7.6910997 4.2229053 H
OS 7.6849551 4.2216831
OS 7.679746 4.2182025
OS 7.6762654 4.2129934
OS 7.6750432 4.2068488
OS 7.6762654 4.2007042
OS 7.679746 4.1954951
OS 7.6849551 4.1920145
OS 7.6910997 4.1907923
OS 7.6972443 4.1920145
OS 7.7024534 4.1954951
OS 7.705934 4.2007042
OS 7.7071562 4.2068488
OS 7.705934 4.2129934
OS 7.7024534 4.2182025
OS 7.6972443 4.2216831
OS 7.6910997 4.2229053
OE
OB 9.9351935 4.2229053 H
OS 9.9290489 4.2216831
OS 9.9238398 4.2182025
OS 9.9203592 4.2129934
OS 9.919137 4.2068488
OS 9.9203592 4.2007042
OS 9.9238398 4.1954951
OS 9.9290489 4.1920145
OS 9.9351935 4.1907923
OS 9.9413381 4.1920145
OS 9.9465472 4.1954951
OS 9.9500278 4.2007042
OS 9.95125 4.2068488
OS 9.9500278 4.2129934
OS 9.9465472 4.2182025
OS 9.9413381 4.2216831
OS 9.9351935 4.2229053
OE
OB 5.095 4.4470424 H
OS 5.0903916 4.4461257
OS 5.0864847 4.4435153
OS 5.0838743 4.4396084
OS 5.0829576 4.435
OS 5.0838743 4.4303916
OS 5.0864847 4.4264847
OS 5.0903916 4.4238743
OS 5.095 4.4229576
OS 5.0996084 4.4238743
OS 5.1035153 4.4264847
OS 5.1061257 4.4303916
OS 5.1070424 4.435
OS 5.1061257 4.4396084
OS 5.1035153 4.4435153
OS 5.0996084 4.4461257
OS 5.095 4.4470424
OE
OB 5.26 4.4560565 H
OS 5.2538554 4.4548343
OS 5.2486463 4.4513537
OS 5.2451657 4.4461446
OS 5.2439435 4.44
OS 5.2451657 4.4338554
OS 5.2486463 4.4286463
OS 5.2538554 4.4251657
OS 5.26 4.4239435
OS 5.2661446 4.4251657
OS 5.2713537 4.4286463
OS 5.2748343 4.4338554
OS 5.2760565 4.44
OS 5.2748343 4.4461446
OS 5.2713537 4.4513537
OS 5.2661446 4.4548343
OS 5.26 4.4560565
OE
OB 6.3198819 4.4457825 H
OS 6.3152735 4.4448658
OS 6.3113666 4.4422554
OS 6.3087562 4.4383485
OS 6.3078395 4.4337401
OS 6.3087562 4.4291317
OS 6.3113666 4.4252248
OS 6.3152735 4.4226144
OS 6.3198819 4.4216977
OS 6.3244903 4.4226144
OS 6.3283972 4.4252248
OS 6.3310076 4.4291317
OS 6.3319243 4.4337401
OS 6.3310076 4.4383485
OS 6.3283972 4.4422554
OS 6.3244903 4.4448658
OS 6.3198819 4.4457825
OE
OB 5.3155595 4.4464519 H
OS 5.3109511 4.4455352
OS 5.3070442 4.4429248
OS 5.3044338 4.4390179
OS 5.3035171 4.4344095
OS 5.3044338 4.4298011
OS 5.3070442 4.4258942
OS 5.3109511 4.4232838
OS 5.3155595 4.4223671
OS 5.3201679 4.4232838
OS 5.3240748 4.4258942
OS 5.3266852 4.4298011
OS 5.3276019 4.4344095
OS 5.3266852 4.4390179
OS 5.3240748 4.4429248
OS 5.3201679 4.4455352
OS 5.3155595 4.4464519
OE
OB 8.9794626 4.6843947 H
OS 8.9748542 4.683478
OS 8.9709473 4.6808676
OS 8.9683369 4.6769607
OS 8.9674202 4.6723523
OS 8.9683369 4.6677439
OS 8.9709473 4.663837
OS 8.9748542 4.6612266
OS 8.9794626 4.6603099
OS 8.984071 4.6612266
OS 8.9879779 4.663837
OS 8.9905883 4.6677439
OS 8.991505 4.6723523
OS 8.9905883 4.6769607
OS 8.9879779 4.6808676
OS 8.984071 4.683478
OS 8.9794626 4.6843947
OE
OB 9.6989731 4.6953461 H
OS 9.6928285 4.6941239
OS 9.6876194 4.6906433
OS 9.6841388 4.6854342
OS 9.6829166 4.6792896
OS 9.6841388 4.673145
OS 9.6876194 4.6679359
OS 9.6928285 4.6644553
OS 9.6989731 4.6632331
OS 9.7051177 4.6644553
OS 9.7103268 4.6679359
OS 9.7138074 4.673145
OS 9.7150296 4.6792896
OS 9.7138074 4.6854342
OS 9.7103268 4.6906433
OS 9.7051177 4.6941239
OS 9.6989731 4.6953461
OE
OB 9.8170833 4.4591257 H
OS 9.8109387 4.4579035
OS 9.8057296 4.4544229
OS 9.802249 4.4492138
OS 9.8010268 4.4430692
OS 9.802249 4.4369246
OS 9.8057296 4.4317155
OS 9.8109387 4.4282349
OS 9.8170833 4.4270127
OS 9.8232279 4.4282349
OS 9.828437 4.4317155
OS 9.8319176 4.4369246
OS 9.8331398 4.4430692
OS 9.8319176 4.4492138
OS 9.828437 4.4544229
OS 9.8232279 4.4579035
OS 9.8170833 4.4591257
OE
OB 9.9351935 4.4591257 H
OS 9.9290489 4.4579035
OS 9.9238398 4.4544229
OS 9.9203592 4.4492138
OS 9.919137 4.4430692
OS 9.9203592 4.4369246
OS 9.9238398 4.4317155
OS 9.9290489 4.4282349
OS 9.9351935 4.4270127
OS 9.9413381 4.4282349
OS 9.9465472 4.4317155
OS 9.9500278 4.4369246
OS 9.95125 4.4430692
OS 9.9500278 4.4492138
OS 9.9465472 4.4544229
OS 9.9413381 4.4579035
OS 9.9351935 4.4591257
OE
OB 9.7580282 4.3410155 H
OS 9.7518836 4.3397933
OS 9.7466745 4.3363127
OS 9.7431939 4.3311036
OS 9.7419717 4.324959
OS 9.7431939 4.3188144
OS 9.7466745 4.3136053
OS 9.7518836 4.3101247
OS 9.7580282 4.3089025
OS 9.7641728 4.3101247
OS 9.7693819 4.3136053
OS 9.7728625 4.3188144
OS 9.7740847 4.324959
OS 9.7728625 4.3311036
OS 9.7693819 4.3363127
OS 9.7641728 4.3397933
OS 9.7580282 4.3410155
OE
OB 9.8761384 4.3410155 H
OS 9.8699938 4.3397933
OS 9.8647847 4.3363127
OS 9.8613041 4.3311036
OS 9.8600819 4.324959
OS 9.8613041 4.3188144
OS 9.8647847 4.3136053
OS 9.8699938 4.3101247
OS 9.8761384 4.3089025
OS 9.882283 4.3101247
OS 9.8874921 4.3136053
OS 9.8909727 4.3188144
OS 9.8921949 4.324959
OS 9.8909727 4.3311036
OS 9.8874921 4.3363127
OS 9.882283 4.3397933
OS 9.8761384 4.3410155
OE
OB 7.277714 4.3410155 H
OS 7.2715694 4.3397933
OS 7.2663603 4.3363127
OS 7.2628797 4.3311036
OS 7.2616575 4.324959
OS 7.2628797 4.3188144
OS 7.2663603 4.3136053
OS 7.2715694 4.3101247
OS 7.277714 4.3089025
OS 7.2838586 4.3101247
OS 7.2890677 4.3136053
OS 7.2925483 4.3188144
OS 7.2937705 4.324959
OS 7.2925483 4.3311036
OS 7.2890677 4.3363127
OS 7.2838586 4.3397933
OS 7.277714 4.3410155
OE
OB 7.6320446 4.3410155 H
OS 7.6259 4.3397933
OS 7.6206909 4.3363127
OS 7.6172103 4.3311036
OS 7.6159881 4.324959
OS 7.6172103 4.3188144
OS 7.6206909 4.3136053
OS 7.6259 4.3101247
OS 7.6320446 4.3089025
OS 7.6381892 4.3101247
OS 7.6433983 4.3136053
OS 7.6468789 4.3188144
OS 7.6481011 4.324959
OS 7.6468789 4.3311036
OS 7.6433983 4.3363127
OS 7.6381892 4.3397933
OS 7.6320446 4.3410155
OE
OB 6.28 4.4497966 H
OS 6.2738554 4.4485744
OS 6.2686463 4.4450938
OS 6.2651657 4.4398847
OS 6.2639435 4.4337401
OS 6.2651657 4.4275955
OS 6.2686463 4.4223864
OS 6.2738554 4.4189058
OS 6.28 4.4176836
OS 6.2861446 4.4189058
OS 6.2913537 4.4223864
OS 6.2948343 4.4275955
OS 6.2960565 4.4337401
OS 6.2948343 4.4398847
OS 6.2913537 4.4450938
OS 6.2861446 4.4485744
OS 6.28 4.4497966
OE
OB 6.1047382 4.4453534 H
OS 6.1001298 4.4444367
OS 6.0962229 4.4418263
OS 6.0936125 4.4379194
OS 6.0926958 4.433311
OS 6.0936125 4.4287026
OS 6.0962229 4.4247957
OS 6.1001298 4.4221853
OS 6.1047382 4.4212686
OS 6.1093466 4.4221853
OS 6.1132535 4.4247957
OS 6.1158639 4.4287026
OS 6.1167806 4.433311
OS 6.1158639 4.4379194
OS 6.1132535 4.4418263
OS 6.1093466 4.4444367
OS 6.1047382 4.4453534
OE
OB 6.5364173 4.3827904 H
OS 6.5318089 4.3818737
OS 6.527902 4.3792633
OS 6.527613 4.3788308
OS 6.5215996 4.3788308
OS 6.5213106 4.3792633
OS 6.5174037 4.3818737
OS 6.5127953 4.3827904
OS 6.5081869 4.3818737
OS 6.50428 4.3792633
OS 6.503991 4.3788307
OS 6.4979775 4.3788307
OS 6.4976885 4.3792633
OS 6.4937816 4.3818737
OS 6.4891732 4.3827904
OS 6.4845648 4.3818737
OS 6.4806579 4.3792633
OS 6.4803689 4.3788308
OS 6.4743555 4.3788308
OS 6.4740665 4.3792633
OS 6.4701596 4.3818737
OS 6.4655512 4.3827904
OS 6.4609428 4.3818737
OS 6.4570359 4.3792633
OS 6.4567469 4.3788307
OS 6.4507334 4.3788307
OS 6.4504444 4.3792633
OS 6.4465375 4.3818737
OS 6.4419291 4.3827904
OS 6.4373207 4.3818737
OS 6.4334138 4.3792633
OS 6.4331248 4.3788308
OS 6.4271114 4.3788308
OS 6.4268224 4.3792633
OS 6.4229155 4.3818737
OS 6.4183071 4.3827904
OS 6.4136987 4.3818737
OS 6.4097918 4.3792633
OS 6.4095028 4.3788308
OS 6.4034894 4.3788308
OS 6.4032004 4.3792633
OS 6.3992935 4.3818737
OS 6.3946851 4.3827904
OS 6.3900767 4.3818737
OS 6.3861698 4.3792633
OS 6.3835594 4.3753564
OS 6.3826427 4.370748
OS 6.3827887 4.3700142
OS 6.3816433 4.3686139
OS 6.378417 4.3663627
OS 6.375 4.3670424
OS 6.3703916 4.3661257
OS 6.3664847 4.3635153
OS 6.3638743 4.3596084
OS 6.3629576 4.355
OS 6.3638743 4.3503916
OS 6.3664847 4.3464847
OS 6.3703916 4.3438743
OS 6.375 4.3429576
OS 6.3796084 4.3438743
OS 6.3835153 4.3464847
OS 6.3861257 4.3503916
OS 6.3870424 4.355
OS 6.3868964 4.3557338
OS 6.3880418 4.3571341
OS 6.3912681 4.3593853
OS 6.3946851 4.3587056
OS 6.3992935 4.3596223
OS 6.4032004 4.3622327
OS 6.4034894 4.3626652
OS 6.4095028 4.3626652
OS 6.4097918 4.3622327
OS 6.4136987 4.3596223
OS 6.4183071 4.3587056
OS 6.4229155 4.3596223
OS 6.4268224 4.3622327
OS 6.4271114 4.3626652
OS 6.4331248 4.3626652
OS 6.4334138 4.3622327
OS 6.4373207 4.3596223
OS 6.4419291 4.3587056
OS 6.4465375 4.3596223
OS 6.4504444 4.3622327
OS 6.4507334 4.3626653
OS 6.4567469 4.3626653
OS 6.4570359 4.3622327
OS 6.4609428 4.3596223
OS 6.4655512 4.3587056
OS 6.4701596 4.3596223
OS 6.4740665 4.3622327
OS 6.4743555 4.3626652
OS 6.4803689 4.3626652
OS 6.4806579 4.3622327
OS 6.4845648 4.3596223
OS 6.4891732 4.3587056
OS 6.4937816 4.3596223
OS 6.4976885 4.3622327
OS 6.4979775 4.3626653
OS 6.503991 4.3626653
OS 6.50428 4.3622327
OS 6.5081869 4.3596223
OS 6.5127953 4.3587056
OS 6.5174037 4.3596223
OS 6.5213106 4.3622327
OS 6.5215996 4.3626652
OS 6.527613 4.3626652
OS 6.527902 4.3622327
OS 6.5318089 4.3596223
OS 6.5364173 4.3587056
OS 6.5410257 4.3596223
OS 6.5449326 4.3622327
OS 6.547543 4.3661396
OS 6.5484597 4.370748
OS 6.547543 4.3753564
OS 6.5449326 4.3792633
OS 6.5410257 4.3818737
OS 6.5364173 4.3827904
OE
OB 7.86 4.4260565 H
OS 7.8538554 4.4248343
OS 7.8486463 4.4213537
OS 7.8451657 4.4161446
OS 7.8439435 4.41
OS 7.8451657 4.4038554
OS 7.8486463 4.3986463
OS 7.8538554 4.3951657
OS 7.86 4.3939435
OS 7.8661446 4.3951657
OS 7.8713537 4.3986463
OS 7.8748343 4.4038554
OS 7.8760565 4.41
OS 7.8748343 4.4161446
OS 7.8713537 4.4213537
OS 7.8661446 4.4248343
OS 7.86 4.4260565
OE
OB 6.1022048 4.1760565 H
OS 6.0960602 4.1748343
OS 6.0908511 4.1713537
OS 6.0873705 4.1661446
OS 6.0861483 4.16
OS 6.0873705 4.1538554
OS 6.0908511 4.1486463
OS 6.0960602 4.1451657
OS 6.1022048 4.1439435
OS 6.1083494 4.1451657
OS 6.1135585 4.1486463
OS 6.1170391 4.1538554
OS 6.1182613 4.16
OS 6.1170391 4.1661446
OS 6.1135585 4.1713537
OS 6.1083494 4.1748343
OS 6.1022048 4.1760565
OE
OB 6.9212991 3.9730204 H
OS 6.9151545 3.9717982
OS 6.9099454 3.9683176
OS 6.9064648 3.9631085
OS 6.9052426 3.9569639
OS 6.9064648 3.9508193
OS 6.9099454 3.9456102
OS 6.9151545 3.9421296
OS 6.9212991 3.9409074
OS 6.9274437 3.9421296
OS 6.9326528 3.9456102
OS 6.9361334 3.9508193
OS 6.9373556 3.9569639
OS 6.9361334 3.9631085
OS 6.9326528 3.9683176
OS 6.9274437 3.9717982
OS 6.9212991 3.9730204
OE
OB 7.136 3.9730204 H
OS 7.1298554 3.9717982
OS 7.1246463 3.9683176
OS 7.1211657 3.9631085
OS 7.1199435 3.9569639
OS 7.1211657 3.9508193
OS 7.1246463 3.9456102
OS 7.1298554 3.9421296
OS 7.136 3.9409074
OS 7.1421446 3.9421296
OS 7.1473537 3.9456102
OS 7.1508343 3.9508193
OS 7.1520565 3.9569639
OS 7.1508343 3.9631085
OS 7.1473537 3.9683176
OS 7.1421446 3.9717982
OS 7.136 3.9730204
OE
OB 6.6163542 3.8683731 H
OS 6.6117458 3.8674564
OS 6.6078389 3.864846
OS 6.6052285 3.8609391
OS 6.6043118 3.8563307
OS 6.6052285 3.8517223
OS 6.6078389 3.8478154
OS 6.6117458 3.845205
OS 6.6163542 3.8442883
OS 6.6209626 3.845205
OS 6.6248695 3.8478154
OS 6.6274799 3.8517223
OS 6.6283966 3.8563307
OS 6.6274799 3.8609391
OS 6.6248695 3.864846
OS 6.6209626 3.8674564
OS 6.6163542 3.8683731
OE
OB 6.8223542 3.8683731 H
OS 6.8177458 3.8674564
OS 6.8138389 3.864846
OS 6.8112285 3.8609391
OS 6.8103118 3.8563307
OS 6.8112285 3.8517223
OS 6.8138389 3.8478154
OS 6.8177458 3.845205
OS 6.8223542 3.8442883
OS 6.8269626 3.845205
OS 6.8308695 3.8478154
OS 6.8334799 3.8517223
OS 6.8343966 3.8563307
OS 6.8334799 3.8609391
OS 6.8308695 3.864846
OS 6.8269626 3.8674564
OS 6.8223542 3.8683731
OE
OB 7.5139344 4.1047951 H
OS 7.5077898 4.1035729
OS 7.5025807 4.1000923
OS 7.4991001 4.0948832
OS 7.4978779 4.0887386
OS 7.4991001 4.082594
OS 7.5025807 4.0773849
OS 7.5077898 4.0739043
OS 7.5139344 4.0726821
OS 7.520079 4.0739043
OS 7.5252881 4.0773849
OS 7.5287687 4.082594
OS 7.5299909 4.0887386
OS 7.5287687 4.0948832
OS 7.5252881 4.1000923
OS 7.520079 4.1035729
OS 7.5139344 4.1047951
OE
OB 7.6320446 4.1047951 H
OS 7.6259 4.1035729
OS 7.6206909 4.1000923
OS 7.6172103 4.0948832
OS 7.6159881 4.0887386
OS 7.6172103 4.082594
OS 7.6206909 4.0773849
OS 7.6259 4.0739043
OS 7.6320446 4.0726821
OS 7.6381892 4.0739043
OS 7.6433983 4.0773849
OS 7.6468789 4.082594
OS 7.6481011 4.0887386
OS 7.6468789 4.0948832
OS 7.6433983 4.1000923
OS 7.6381892 4.1035729
OS 7.6320446 4.1047951
OE
OB 7.277714 4.1047951 H
OS 7.2715694 4.1035729
OS 7.2663603 4.1000923
OS 7.2628797 4.0948832
OS 7.2616575 4.0887386
OS 7.2628797 4.082594
OS 7.2663603 4.0773849
OS 7.2715694 4.0739043
OS 7.277714 4.0726821
OS 7.2838586 4.0739043
OS 7.2890677 4.0773849
OS 7.2925483 4.082594
OS 7.2937705 4.0887386
OS 7.2925483 4.0948832
OS 7.2890677 4.1000923
OS 7.2838586 4.1035729
OS 7.277714 4.1047951
OE
OB 7.3958242 4.1047951 H
OS 7.3896796 4.1035729
OS 7.3844705 4.1000923
OS 7.3809899 4.0948832
OS 7.3797677 4.0887386
OS 7.3809899 4.082594
OS 7.3844705 4.0773849
OS 7.3896796 4.0739043
OS 7.3958242 4.0726821
OS 7.4019688 4.0739043
OS 7.4071779 4.0773849
OS 7.4106585 4.082594
OS 7.4118807 4.0887386
OS 7.4106585 4.0948832
OS 7.4071779 4.1000923
OS 7.4019688 4.1035729
OS 7.3958242 4.1047951
OE
OB 6.8223542 3.8033731 H
OS 6.8177458 3.8024564
OS 6.8138389 3.799846
OS 6.8112285 3.7959391
OS 6.8103118 3.7913307
OS 6.8112285 3.7867223
OS 6.8138389 3.7828154
OS 6.8177458 3.780205
OS 6.8223542 3.7792883
OS 6.8269626 3.780205
OS 6.8308695 3.7828154
OS 6.8334799 3.7867223
OS 6.8343966 3.7913307
OS 6.8334799 3.7959391
OS 6.8308695 3.799846
OS 6.8269626 3.8024564
OS 6.8223542 3.8033731
OE
OB 6.6535433 3.803381 H
OS 6.6489349 3.8024643
OS 6.645028 3.7998539
OS 6.6424176 3.795947
OS 6.6415009 3.7913386
OS 6.6424176 3.7867302
OS 6.645028 3.7828233
OS 6.6489349 3.7802129
OS 6.6535433 3.7792962
OS 6.6581517 3.7802129
OS 6.6620586 3.7828233
OS 6.664669 3.7867302
OS 6.6655857 3.7913386
OS 6.664669 3.795947
OS 6.6620586 3.7998539
OS 6.6581517 3.8024643
OS 6.6535433 3.803381
OE
OB 7.2165354 3.7994439 H
OS 7.211927 3.7985272
OS 7.2080201 3.7959168
OS 7.2054097 3.7920099
OS 7.204493 3.7874015
OS 7.2054097 3.7827931
OS 7.2080201 3.7788862
OS 7.211927 3.7762758
OS 7.2165354 3.7753591
OS 7.2211438 3.7762758
OS 7.2250507 3.7788862
OS 7.2276611 3.7827931
OS 7.2285778 3.7874015
OS 7.2276611 3.7920099
OS 7.2250507 3.7959168
OS 7.2211438 3.7985272
OS 7.2165354 3.7994439
OE
OB 7.4015748 3.7994439 H
OS 7.3969664 3.7985272
OS 7.3930595 3.7959168
OS 7.3904491 3.7920099
OS 7.3895324 3.7874015
OS 7.3904491 3.7827931
OS 7.3930595 3.7788862
OS 7.3969664 3.7762758
OS 7.4015748 3.7753591
OS 7.4061832 3.7762758
OS 7.4100901 3.7788862
OS 7.4127005 3.7827931
OS 7.4136172 3.7874015
OS 7.4127005 3.7920099
OS 7.4100901 3.7959168
OS 7.4061832 3.7985272
OS 7.4015748 3.7994439
OE
OB 7.2165354 3.866373 H
OS 7.211927 3.8654563
OS 7.2080201 3.8628459
OS 7.2054097 3.858939
OS 7.204493 3.8543306
OS 7.2054097 3.8497222
OS 7.2080201 3.8458153
OS 7.211927 3.8432049
OS 7.2165354 3.8422882
OS 7.2211438 3.8432049
OS 7.2250507 3.8458153
OS 7.2276611 3.8497222
OS 7.2285778 3.8543306
OS 7.2276611 3.858939
OS 7.2250507 3.8628459
OS 7.2211438 3.8654563
OS 7.2165354 3.866373
OE
OB 7.4015748 3.866373 H
OS 7.3969664 3.8654563
OS 7.3930595 3.8628459
OS 7.3904491 3.858939
OS 7.3895324 3.8543306
OS 7.3904491 3.8497222
OS 7.3930595 3.8458153
OS 7.3969664 3.8432049
OS 7.4015748 3.8422882
OS 7.4061832 3.8432049
OS 7.4100901 3.8458153
OS 7.4127005 3.8497222
OS 7.4136172 3.8543306
OS 7.4127005 3.858939
OS 7.4100901 3.8628459
OS 7.4061832 3.8654563
OS 7.4015748 3.866373
OE
OB 7.1062992 3.8507022 H
OS 7.1001546 3.84948
OS 7.0949455 3.8459994
OS 7.0914649 3.8407903
OS 7.0902427 3.8346457
OS 7.0914649 3.8285011
OS 7.0949455 3.823292
OS 7.1001546 3.8198114
OS 7.1062992 3.8185892
OS 7.1124438 3.8198114
OS 7.1176529 3.823292
OS 7.1211335 3.8285011
OS 7.1223557 3.8346457
OS 7.1211335 3.8407903
OS 7.1176529 3.8459994
OS 7.1124438 3.84948
OS 7.1062992 3.8507022
OE
OB 6.9527559 3.8546392 H
OS 6.9466113 3.853417
OS 6.9414022 3.8499364
OS 6.9379216 3.8447273
OS 6.9366994 3.8385827
OS 6.9379216 3.8324381
OS 6.9414022 3.827229
OS 6.9466113 3.8237484
OS 6.9527559 3.8225262
OS 6.9589005 3.8237484
OS 6.9641096 3.827229
OS 6.9675902 3.8324381
OS 6.9688124 3.8385827
OS 6.9675902 3.8447273
OS 6.9641096 3.8499364
OS 6.9589005 3.853417
OS 6.9527559 3.8546392
OE
OB 7.7501548 4.1047951 H
OS 7.7440102 4.1035729
OS 7.7388011 4.1000923
OS 7.7353205 4.0948832
OS 7.7340983 4.0887386
OS 7.7353205 4.082594
OS 7.7388011 4.0773849
OS 7.7440102 4.0739043
OS 7.7501548 4.0726821
OS 7.7562994 4.0739043
OS 7.7615085 4.0773849
OS 7.7649891 4.082594
OS 7.7662113 4.0887386
OS 7.7649891 4.0948832
OS 7.7615085 4.1000923
OS 7.7562994 4.1035729
OS 7.7501548 4.1047951
OE
OB 4.86 4.1394036 H
OS 4.8553916 4.1384869
OS 4.8514847 4.1358765
OS 4.8488743 4.1319696
OS 4.8479576 4.1273612
OS 4.8488743 4.1227528
OS 4.8514847 4.1188459
OS 4.8553916 4.1162355
OS 4.86 4.1153188
OS 4.8646084 4.1162355
OS 4.8685153 4.1188459
OS 4.8711257 4.1227528
OS 4.8720424 4.1273612
OS 4.8711257 4.1319696
OS 4.8685153 4.1358765
OS 4.8646084 4.1384869
OS 4.86 4.1394036
OE
OB 5.0240633 4.1760565 H
OS 5.0179187 4.1748343
OS 5.0127096 4.1713537
OS 5.009229 4.1661446
OS 5.0080068 4.16
OS 5.009229 4.1538554
OS 5.0127096 4.1486463
OS 5.0179187 4.1451657
OS 5.0240633 4.1439435
OS 5.0302079 4.1451657
OS 5.035417 4.1486463
OS 5.0388976 4.1538554
OS 5.0401198 4.16
OS 5.0388976 4.1661446
OS 5.035417 4.1713537
OS 5.0302079 4.1748343
OS 5.0240633 4.1760565
OE
OB 9.7580282 4.1047951 H
OS 9.7518836 4.1035729
OS 9.7466745 4.1000923
OS 9.7431939 4.0948832
OS 9.7419717 4.0887386
OS 9.7431939 4.082594
OS 9.7466745 4.0773849
OS 9.7518836 4.0739043
OS 9.7580282 4.0726821
OS 9.7641728 4.0739043
OS 9.7693819 4.0773849
OS 9.7728625 4.082594
OS 9.7740847 4.0887386
OS 9.7728625 4.0948832
OS 9.7693819 4.1000923
OS 9.7641728 4.1035729
OS 9.7580282 4.1047951
OE
OB 9.8761384 4.1047951 H
OS 9.8699938 4.1035729
OS 9.8647847 4.1000923
OS 9.8613041 4.0948832
OS 9.8600819 4.0887386
OS 9.8613041 4.082594
OS 9.8647847 4.0773849
OS 9.8699938 4.0739043
OS 9.8761384 4.0726821
OS 9.882283 4.0739043
OS 9.8874921 4.0773849
OS 9.8909727 4.082594
OS 9.8921949 4.0887386
OS 9.8909727 4.0948832
OS 9.8874921 4.1000923
OS 9.882283 4.1035729
OS 9.8761384 4.1047951
OE
OB 5.2307562 4.1760565 H
OS 5.2246116 4.1748343
OS 5.2194025 4.1713537
OS 5.2159219 4.1661446
OS 5.2146997 4.16
OS 5.2159219 4.1538554
OS 5.2194025 4.1486463
OS 5.2246116 4.1451657
OS 5.2307562 4.1439435
OS 5.2369008 4.1451657
OS 5.2421099 4.1486463
OS 5.2455905 4.1538554
OS 5.2468127 4.16
OS 5.2455905 4.1661446
OS 5.2421099 4.1713537
OS 5.2369008 4.1748343
OS 5.2307562 4.1760565
OE
OB 6.0333071 4.1760565 H
OS 6.0271625 4.1748343
OS 6.0219534 4.1713537
OS 6.0184728 4.1661446
OS 6.0172506 4.16
OS 6.0184728 4.1538554
OS 6.0219534 4.1486463
OS 6.0271625 4.1451657
OS 6.0333071 4.1439435
OS 6.0394517 4.1451657
OS 6.0446608 4.1486463
OS 6.0481414 4.1538554
OS 6.0493636 4.16
OS 6.0481414 4.1661446
OS 6.0446608 4.1713537
OS 6.0394517 4.1748343
OS 6.0333071 4.1760565
OE
OB 5.092961 4.1760565 H
OS 5.0868164 4.1748343
OS 5.0816073 4.1713537
OS 5.0781267 4.1661446
OS 5.0769045 4.16
OS 5.0781267 4.1538554
OS 5.0816073 4.1486463
OS 5.0868164 4.1451657
OS 5.092961 4.1439435
OS 5.0991056 4.1451657
OS 5.1043147 4.1486463
OS 5.1077953 4.1538554
OS 5.1090175 4.16
OS 5.1077953 4.1661446
OS 5.1043147 4.1713537
OS 5.0991056 4.1748343
OS 5.092961 4.1760565
OE
OB 5.1618586 4.1760565 H
OS 5.155714 4.1748343
OS 5.1505049 4.1713537
OS 5.1470243 4.1661446
OS 5.1458021 4.16
OS 5.1470243 4.1538554
OS 5.1505049 4.1486463
OS 5.155714 4.1451657
OS 5.1618586 4.1439435
OS 5.1680032 4.1451657
OS 5.1732123 4.1486463
OS 5.1766929 4.1538554
OS 5.1779151 4.16
OS 5.1766929 4.1661446
OS 5.1732123 4.1713537
OS 5.1680032 4.1748343
OS 5.1618586 4.1760565
OE
OB 8.1044854 4.1047951 H
OS 8.0983408 4.1035729
OS 8.0931317 4.1000923
OS 8.0896511 4.0948832
OS 8.0884289 4.0887386
OS 8.0896511 4.082594
OS 8.0931317 4.0773849
OS 8.0983408 4.0739043
OS 8.1044854 4.0726821
OS 8.11063 4.0739043
OS 8.1158391 4.0773849
OS 8.1193197 4.082594
OS 8.1205419 4.0887386
OS 8.1193197 4.0948832
OS 8.1158391 4.1000923
OS 8.11063 4.1035729
OS 8.1044854 4.1047951
OE
OB 8.2225956 4.1047951 H
OS 8.216451 4.1035729
OS 8.2112419 4.1000923
OS 8.2077613 4.0948832
OS 8.2065391 4.0887386
OS 8.2077613 4.082594
OS 8.2112419 4.0773849
OS 8.216451 4.0739043
OS 8.2225956 4.0726821
OS 8.2287402 4.0739043
OS 8.2339493 4.0773849
OS 8.2374299 4.082594
OS 8.2386521 4.0887386
OS 8.2374299 4.0948832
OS 8.2339493 4.1000923
OS 8.2287402 4.1035729
OS 8.2225956 4.1047951
OE
OB 7.868265 4.1047951 H
OS 7.8621204 4.1035729
OS 7.8569113 4.1000923
OS 7.8534307 4.0948832
OS 7.8522085 4.0887386
OS 7.8534307 4.082594
OS 7.8569113 4.0773849
OS 7.8621204 4.0739043
OS 7.868265 4.0726821
OS 7.8744096 4.0739043
OS 7.8796187 4.0773849
OS 7.8830993 4.082594
OS 7.8843215 4.0887386
OS 7.8830993 4.0948832
OS 7.8796187 4.1000923
OS 7.8744096 4.1035729
OS 7.868265 4.1047951
OE
OB 7.9863752 4.1047951 H
OS 7.9802306 4.1035729
OS 7.9750215 4.1000923
OS 7.9715409 4.0948832
OS 7.9703187 4.0887386
OS 7.9715409 4.082594
OS 7.9750215 4.0773849
OS 7.9802306 4.0739043
OS 7.9863752 4.0726821
OS 7.9925198 4.0739043
OS 7.9977289 4.0773849
OS 8.0012095 4.082594
OS 8.0024317 4.0887386
OS 8.0012095 4.0948832
OS 7.9977289 4.1000923
OS 7.9925198 4.1035729
OS 7.9863752 4.1047951
OE
OB 8.5769262 4.1047951 H
OS 8.5707816 4.1035729
OS 8.5655725 4.1000923
OS 8.5620919 4.0948832
OS 8.5608697 4.0887386
OS 8.5620919 4.082594
OS 8.5655725 4.0773849
OS 8.5707816 4.0739043
OS 8.5769262 4.0726821
OS 8.5830708 4.0739043
OS 8.5882799 4.0773849
OS 8.5917605 4.082594
OS 8.5929827 4.0887386
OS 8.5917605 4.0948832
OS 8.5882799 4.1000923
OS 8.5830708 4.1035729
OS 8.5769262 4.1047951
OE
OB 8.6950364 4.1047951 H
OS 8.6888918 4.1035729
OS 8.6836827 4.1000923
OS 8.6802021 4.0948832
OS 8.6789799 4.0887386
OS 8.6802021 4.082594
OS 8.6836827 4.0773849
OS 8.6888918 4.0739043
OS 8.6950364 4.0726821
OS 8.701181 4.0739043
OS 8.7063901 4.0773849
OS 8.7098707 4.082594
OS 8.7110929 4.0887386
OS 8.7098707 4.0948832
OS 8.7063901 4.1000923
OS 8.701181 4.1035729
OS 8.6950364 4.1047951
OE
OB 8.3407058 4.1047951 H
OS 8.3345612 4.1035729
OS 8.3293521 4.1000923
OS 8.3258715 4.0948832
OS 8.3246493 4.0887386
OS 8.3258715 4.082594
OS 8.3293521 4.0773849
OS 8.3345612 4.0739043
OS 8.3407058 4.0726821
OS 8.3468504 4.0739043
OS 8.3520595 4.0773849
OS 8.3555401 4.082594
OS 8.3567623 4.0887386
OS 8.3555401 4.0948832
OS 8.3520595 4.1000923
OS 8.3468504 4.1035729
OS 8.3407058 4.1047951
OE
OB 8.458816 4.1047951 H
OS 8.4526714 4.1035729
OS 8.4474623 4.1000923
OS 8.4439817 4.0948832
OS 8.4427595 4.0887386
OS 8.4439817 4.082594
OS 8.4474623 4.0773849
OS 8.4526714 4.0739043
OS 8.458816 4.0726821
OS 8.4649606 4.0739043
OS 8.4701697 4.0773849
OS 8.4736503 4.082594
OS 8.4748725 4.0887386
OS 8.4736503 4.0948832
OS 8.4701697 4.1000923
OS 8.4649606 4.1035729
OS 8.458816 4.1047951
OE
SE
S P 0
OB 3.3572951 3.9308237 I
OS 3.665321 3.9295072
OS 3.669421 3.9244896
OS 3.6690833 3.9227918
OS 3.6703055 3.9166472
OS 3.6737861 3.9114381
OS 3.6789952 3.9079575
OS 3.6851398 3.9067353
OS 3.6912844 3.9079575
OS 3.6964935 3.9114381
OS 3.6999741 3.9166472
OS 3.7011963 3.9227918
OS 3.7008853 3.9243551
OS 3.7049923 3.9293376
OS 3.8706227 3.9286297
OS 3.8729703 3.9242151
OS 3.8724708 3.9234675
OS 3.8712486 3.9173229
OS 3.8724708 3.9111783
OS 3.8759514 3.9059692
OS 3.8811605 3.9024886
OS 3.8873051 3.9012664
OS 3.8934497 3.9024886
OS 3.8986588 3.9059692
OS 3.9021394 3.9111783
OS 3.9033616 3.9173229
OS 3.9021394 3.9234675
OS 3.9017288 3.9240821
OS 3.9040952 3.9284867
OS 4.5134287 3.9258824
OS 4.5134291 3.2822701
OS 4.5096258 3.2793517
OS 4.5043564 3.2724845
OS 4.5010439 3.2644875
OS 4.4999141 3.2559057
OS 4.5010439 3.2473239
OS 4.5043564 3.2393269
OS 4.5096258 3.2324597
OS 4.5134291 3.2295413
OS 4.5134292 3.0773691
OS 4.5084291 3.0748032
OS 4.2843947 3.0748032
OS 4.2843948 3.7056054
OS 4.2104724 3.7795276
OS 3.4829223 3.7795276
OS 3.4826084 3.7797373
OS 3.478 3.780654
OS 3.4762357 3.780303
OS 3.4758783 3.7805035
OS 3.4745842 3.7812593
OS 3.4745141 3.7812689
OS 3.4744526 3.7813034
OS 3.472969 3.7814802
OS 3.4714805 3.7816837
OS 3.4714119 3.7816657
OS 3.4713421 3.781674
OS 3.4699027 3.7812693
OS 3.4684508 3.780888
OS 3.4683946 3.7808453
OS 3.4683266 3.7808262
OS 3.4671486 3.7798991
OS 3.4666595 3.7795276
OS 3.22 3.7795276
OS 3.22 4.165
OS 3.3572949 4.165
OS 3.3572951 3.9308237
OE
OB 4.4897639 3.2129073 H
OS 4.4836193 3.2116851
OS 4.4784102 3.2082045
OS 4.4749296 3.2029954
OS 4.4737074 3.1968508
OS 4.4749296 3.1907062
OS 4.4784102 3.1854971
OS 4.4804868 3.1841096
OS 4.4804868 3.178096
OS 4.4784102 3.1767085
OS 4.4749296 3.1714994
OS 4.4737074 3.1653548
OS 4.4749296 3.1592102
OS 4.4784102 3.1540011
OS 4.4804869 3.1526135
OS 4.4804869 3.1466
OS 4.4784102 3.1452124
OS 4.4749296 3.1400033
OS 4.4737074 3.1338587
OS 4.4749296 3.1277141
OS 4.4784102 3.122505
OS 4.4804867 3.1211175
OS 4.4804867 3.115104
OS 4.4784092 3.1137159
OS 4.4749286 3.1085068
OS 4.4737064 3.1023622
OS 4.4749286 3.0962176
OS 4.4784092 3.0910085
OS 4.4836183 3.0875279
OS 4.4897629 3.0863057
OS 4.4959075 3.0875279
OS 4.5011166 3.0910085
OS 4.5045972 3.0962176
OS 4.5058194 3.1023622
OS 4.5045972 3.1085068
OS 4.5011166 3.1137159
OS 4.4990401 3.1151034
OS 4.4990401 3.1211169
OS 4.5011176 3.122505
OS 4.5045982 3.1277141
OS 4.5058204 3.1338587
OS 4.5045982 3.1400033
OS 4.5011176 3.1452124
OS 4.4990409 3.1466
OS 4.4990409 3.1526135
OS 4.5011176 3.1540011
OS 4.5045982 3.1592102
OS 4.5058204 3.1653548
OS 4.5045982 3.1714994
OS 4.5011176 3.1767085
OS 4.499041 3.178096
OS 4.499041 3.1841096
OS 4.5011176 3.1854971
OS 4.5045982 3.1907062
OS 4.5058204 3.1968508
OS 4.5045982 3.2029954
OS 4.5011176 3.2082045
OS 4.4959085 3.2116851
OS 4.4897639 3.2129073
OE
OB 3.885 3.8910565 H
OS 3.8788554 3.8898343
OS 3.8736464 3.8863537
OS 3.8687945 3.8863537
OS 3.8635855 3.8898343
OS 3.8574409 3.8910565
OS 3.8512963 3.8898343
OS 3.8460873 3.8863537
OS 3.8412355 3.8863537
OS 3.8360265 3.8898343
OS 3.8298819 3.8910565
OS 3.8237373 3.8898343
OS 3.8185282 3.8863537
OS 3.8150476 3.8811446
OS 3.8138254 3.875
OS 3.8150476 3.8688554
OS 3.8185282 3.8636463
OS 3.8194854 3.8630068
OS 3.8194854 3.8569932
OS 3.8185282 3.8563537
OS 3.8150476 3.8511446
OS 3.8138254 3.845
OS 3.8150476 3.8388554
OS 3.8185282 3.8336463
OS 3.8237373 3.8301657
OS 3.8298819 3.8289435
OS 3.8360265 3.8301657
OS 3.8412355 3.8336463
OS 3.8460873 3.8336463
OS 3.8512963 3.8301657
OS 3.8574409 3.8289435
OS 3.8635855 3.8301657
OS 3.8687945 3.8336463
OS 3.8736464 3.8336463
OS 3.8788554 3.8301657
OS 3.885 3.8289435
OS 3.8911446 3.8301657
OS 3.8963537 3.8336463
OS 3.8998343 3.8388554
OS 3.9010565 3.845
OS 3.8998343 3.8511446
OS 3.8963537 3.8563537
OS 3.8953965 3.8569932
OS 3.8953965 3.8630068
OS 3.8963537 3.8636463
OS 3.8998343 3.8688554
OS 3.9010565 3.875
OS 3.8998343 3.8811446
OS 3.8963537 3.8863537
OS 3.8911446 3.8898343
OS 3.885 3.8910565
OE
OB 3.3307087 4.0751116 H
OS 3.3245641 4.0738894
OS 3.319355 4.0704088
OS 3.3158744 4.0651997
OS 3.3146522 4.0590551
OS 3.3158744 4.0529105
OS 3.319355 4.0477014
OS 3.3245641 4.0442208
OS 3.3307087 4.0429986
OS 3.3368533 4.0442208
OS 3.3420624 4.0477014
OS 3.345543 4.0529105
OS 3.3467652 4.0590551
OS 3.345543 4.0651997
OS 3.3420624 4.0704088
OS 3.3368533 4.0738894
OS 3.3307087 4.0751116
OE
SE
S P 0
OB 4.2599997 3.6999998 I
OS 4.2599999 3.6399999
OS 4.1999999 3.5799999
OS 3.704733 3.5799997
OS 3.7026139 3.5808775
OS 3.6788121 3.5865918
OS 3.6544095 3.5885123
OS 3.6300069 3.5865918
OS 3.6062051 3.5808775
OS 3.6040859 3.5799997
OS 3.280787 3.5799996
OS 3.0078739 3.3070865
OS 2.8415912 3.3070866
OS 2.8415913 3.3954009
OS 3.1953085 3.7458702
OS 3.3305131 3.7458702
OS 3.3345561 3.7408701
OS 3.3344143 3.7401575
OS 3.335331 3.7355491
OS 3.3379414 3.7316422
OS 3.3418483 3.7290318
OS 3.3464567 3.7281151
OS 3.3510651 3.7290318
OS 3.354972 3.7316422
OS 3.3575824 3.7355491
OS 3.3584991 3.7401575
OS 3.3583573 3.7408701
OS 3.3624003 3.7458702
OS 3.4679888 3.7458702
OS 3.468452 3.7455607
OS 3.4722924 3.7447968
OS 3.6760214 3.7447968
OS 3.680871 3.7440944
OS 3.6817877 3.7394861
OS 3.6843981 3.7355792
OS 3.688305 3.7329688
OS 3.6929134 3.7320521
OS 3.6975218 3.7329688
OS 3.7014287 3.7355792
OS 3.7040391 3.7394861
OS 3.7049558 3.7440945
OS 3.7049431 3.7441582
OS 3.7081151 3.7480233
OS 3.8083908 3.7480233
OS 3.8084182 3.7480075
OS 3.8085418 3.7479236
OS 3.8093705 3.7472385
OS 3.8098311 3.7467907
OS 3.811098 3.7459697
OS 3.8123553 3.7451296
OS 3.8124116 3.7451184
OS 3.8124599 3.7450871
OS 3.81395 3.7448124
OS 3.8154276 3.7445185
OS 3.8154837 3.7445297
OS 3.8155405 3.7445192
OS 3.8170226 3.7448357
OS 3.8184999 3.7451296
OS 3.8185476 3.7451615
OS 3.8186039 3.7451735
OS 3.8198478 3.7460302
OS 3.8201076 3.7462038
OS 3.8210508 3.7460162
OS 3.8256592 3.7469329
OS 3.8295661 3.7495433
OS 3.8321765 3.7534502
OS 3.8326647 3.7559045
OS 4.020237 3.7559045
OS 4.0203704 3.7552341
OS 4.0229808 3.7513272
OS 4.0268877 3.7487168
OS 4.0314961 3.7478001
OS 4.0361045 3.7487168
OS 4.0400114 3.7513272
OS 4.0426218 3.7552341
OS 4.0427552 3.7559045
OS 4.204095 3.7559045
OS 4.2599997 3.6999998
OE
OB 3.007 3.3910424 H
OS 3.0023916 3.3901257
OS 2.9984848 3.3875153
OS 2.9955152 3.3875153
OS 2.9916084 3.3901257
OS 2.987 3.3910424
OS 2.9823916 3.3901257
OS 2.9784847 3.3875153
OS 2.9758743 3.3836084
OS 2.9749576 3.379
OS 2.9758743 3.3743916
OS 2.9784847 3.3704847
OS 2.9823916 3.3678743
OS 2.987 3.3669576
OS 2.9916084 3.3678743
OS 2.9955152 3.3704847
OS 2.9984848 3.3704847
OS 3.0023916 3.3678743
OS 3.007 3.3669576
OS 3.0116084 3.3678743
OS 3.0155153 3.3704847
OS 3.0181257 3.3743916
OS 3.0190424 3.379
OS 3.0181257 3.3836084
OS 3.0155153 3.3875153
OS 3.0116084 3.3901257
OS 3.007 3.3910424
OE
OB 2.968 3.4460424 H
OS 2.9633916 3.4451257
OS 2.9594848 3.4425153
OS 2.9565152 3.4425153
OS 2.9526084 3.4451257
OS 2.948 3.4460424
OS 2.9433916 3.4451257
OS 2.9394847 3.4425153
OS 2.9368743 3.4386084
OS 2.9359576 3.434
OS 2.9368743 3.4293916
OS 2.9394847 3.4254847
OS 2.9433916 3.4228743
OS 2.948 3.4219576
OS 2.9526084 3.4228743
OS 2.9565152 3.4254847
OS 2.9594848 3.4254847
OS 2.9633916 3.4228743
OS 2.968 3.4219576
OS 2.9726084 3.4228743
OS 2.9765153 3.4254847
OS 2.9791257 3.4293916
OS 2.9800424 3.434
OS 2.9791257 3.4386084
OS 2.9765153 3.4425153
OS 2.9726084 3.4451257
OS 2.968 3.4460424
OE
SE
S P 0
OB 13.491503 3.28021 I
OS 13.4895895 3.2755906
OS 13.1580285 3.2755906
OS 13.1580283 3.2755908
OS 13.1580283 3.5115733
OS 13.2601397 3.5115733
OS 13.491503 3.28021
OE
SE
S P 0
OB 0.9207011 5.0233145 I
OS 0.9224317 5.0186235
OS 0.9181249 5.0149451
OS 0.9074597 5.0024577
OS 0.8988792 4.9884556
OS 0.8925948 4.9732836
OS 0.8887612 4.9573154
OS 0.8874727 4.940944
OS 0.8887612 4.9245726
OS 0.8925948 4.9086044
OS 0.8988792 4.8934324
OS 0.9074597 4.8794303
OS 0.9181249 4.8669429
OS 0.9306123 4.8562777
OS 0.9446144 4.8476972
OS 0.9597864 4.8414128
OS 0.9757546 4.8375792
OS 0.992126 4.8362907
OS 1.0084974 4.8375792
OS 1.0244656 4.8414128
OS 1.0396376 4.8476972
OS 1.0536397 4.8562777
OS 1.0661271 4.8669429
OS 1.0767923 4.8794303
OS 1.0853728 4.8934324
OS 1.0916572 4.9086044
OS 1.0954908 4.9245726
OS 1.0967793 4.940944
OS 1.0954908 4.9573154
OS 1.0916572 4.9732836
OS 1.0853728 4.9884556
OS 1.0767923 5.0024577
OS 1.0661271 5.0149451
OS 1.0618203 5.0186235
OS 1.0635509 5.0233145
OS 3.320701 5.0233144
OS 3.3224316 5.0186234
OS 3.3181249 5.0149451
OS 3.3074597 5.0024577
OS 3.2988792 4.9884556
OS 3.2925948 4.9732836
OS 3.2887612 4.9573154
OS 3.2874727 4.940944
OS 3.2887612 4.9245726
OS 3.2925948 4.9086044
OS 3.2988792 4.8934324
OS 3.3074597 4.8794303
OS 3.3181249 4.8669429
OS 3.3306123 4.8562777
OS 3.3446144 4.8476972
OS 3.3597864 4.8414128
OS 3.3757546 4.8375792
OS 3.392126 4.8362907
OS 3.4084974 4.8375792
OS 3.4244656 4.8414128
OS 3.4396376 4.8476972
OS 3.4536397 4.8562777
OS 3.4661271 4.8669429
OS 3.4767923 4.8794303
OS 3.4853728 4.8934324
OS 3.4916572 4.9086044
OS 3.4954908 4.9245726
OS 3.4967793 4.940944
OS 3.4954908 4.9573154
OS 3.4916572 4.9732836
OS 3.4853728 4.9884556
OS 3.4767923 5.0024577
OS 3.4661271 5.0149451
OS 3.4618204 5.0186234
OS 3.463551 5.0233144
OS 5.5206999 5.0233143
OS 5.5224305 5.0186233
OS 5.5181249 5.014946
OS 5.5074597 5.0024586
OS 5.4988792 4.9884565
OS 5.4925948 4.9732845
OS 5.4887612 4.9573163
OS 5.4874727 4.9409449
OS 5.4887612 4.9245735
OS 5.4925948 4.9086053
OS 5.4988792 4.8934333
OS 5.5074597 4.8794312
OS 5.5181249 4.8669438
OS 5.5306123 4.8562786
OS 5.5446144 4.8476981
OS 5.5597864 4.8414137
OS 5.5757546 4.8375801
OS 5.592126 4.8362916
OS 5.6084974 4.8375801
OS 5.6244656 4.8414137
OS 5.6396376 4.8476981
OS 5.6536397 4.8562786
OS 5.6661271 4.8669438
OS 5.6767923 4.8794312
OS 5.6853728 4.8934333
OS 5.6916572 4.9086053
OS 5.6954908 4.9245735
OS 5.6967793 4.9409449
OS 5.6954908 4.9573163
OS 5.6916572 4.9732845
OS 5.6853728 4.9884565
OS 5.6767923 5.0024586
OS 5.6661271 5.014946
OS 5.6618215 5.0186233
OS 5.6635521 5.0233143
OS 8.1207008 5.0233142
OS 8.1224314 5.0186232
OS 8.1181249 5.0149451
OS 8.1074597 5.0024577
OS 8.0988792 4.9884556
OS 8.0925948 4.9732836
OS 8.0887612 4.9573154
OS 8.0874727 4.940944
OS 8.0887612 4.9245726
OS 8.0925948 4.9086044
OS 8.0988792 4.8934324
OS 8.1074597 4.8794303
OS 8.1181249 4.8669429
OS 8.1306123 4.8562777
OS 8.1446144 4.8476972
OS 8.1597864 4.8414128
OS 8.1757546 4.8375792
OS 8.192126 4.8362907
OS 8.2084974 4.8375792
OS 8.2244656 4.8414128
OS 8.2396376 4.8476972
OS 8.2536397 4.8562777
OS 8.2661271 4.8669429
OS 8.2767923 4.8794303
OS 8.2853728 4.8934324
OS 8.2916572 4.9086044
OS 8.2954908 4.9245726
OS 8.2967793 4.940944
OS 8.2954908 4.9573154
OS 8.2916572 4.9732836
OS 8.2853728 4.9884556
OS 8.2767923 5.0024577
OS 8.2661271 5.0149451
OS 8.2618206 5.0186232
OS 8.2635512 5.0233142
OS 10.5207007 5.0233141
OS 10.5224313 5.0186231
OS 10.5181249 5.0149451
OS 10.5074597 5.0024577
OS 10.4988792 4.9884556
OS 10.4925948 4.9732836
OS 10.4887612 4.9573154
OS 10.4874727 4.940944
OS 10.4887612 4.9245726
OS 10.4925948 4.9086044
OS 10.4988792 4.8934324
OS 10.5074597 4.8794303
OS 10.5181249 4.8669429
OS 10.5306123 4.8562777
OS 10.5446144 4.8476972
OS 10.5597864 4.8414128
OS 10.5757546 4.8375792
OS 10.592126 4.8362907
OS 10.6084974 4.8375792
OS 10.6244656 4.8414128
OS 10.6396376 4.8476972
OS 10.6536397 4.8562777
OS 10.6661271 4.8669429
OS 10.6767923 4.8794303
OS 10.6853728 4.8934324
OS 10.6916572 4.9086044
OS 10.6954908 4.9245726
OS 10.6967793 4.940944
OS 10.6954908 4.9573154
OS 10.6916572 4.9732836
OS 10.6853728 4.9884556
OS 10.6767923 5.0024577
OS 10.6661271 5.0149451
OS 10.6618207 5.0186231
OS 10.6635513 5.0233141
OS 12.9207006 5.023314
OS 12.9224312 5.018623
OS 12.9181249 5.0149451
OS 12.9074597 5.0024577
OS 12.8988792 4.9884556
OS 12.8925948 4.9732836
OS 12.8887612 4.9573154
OS 12.8874727 4.940944
OS 12.8887612 4.9245726
OS 12.8925948 4.9086044
OS 12.8988792 4.8934324
OS 12.9074597 4.8794303
OS 12.9181249 4.8669429
OS 12.9306123 4.8562777
OS 12.9446144 4.8476972
OS 12.9597864 4.8414128
OS 12.9757546 4.8375792
OS 12.992126 4.8362907
OS 13.0084974 4.8375792
OS 13.0244656 4.8414128
OS 13.0396376 4.8476972
OS 13.0536397 4.8562777
OS 13.0661271 4.8669429
OS 13.0767923 4.8794303
OS 13.0853728 4.8934324
OS 13.0916572 4.9086044
OS 13.0954908 4.9245726
OS 13.0967793 4.940944
OS 13.0954908 4.9573154
OS 13.0916572 4.9732836
OS 13.0853728 4.9884556
OS 13.0767923 5.0024577
OS 13.0661271 5.0149451
OS 13.0618208 5.018623
OS 13.0635514 5.023314
OS 13.7634709 5.023314
OS 13.7634709 3.2755906
OS 13.5747436 3.2755906
OS 13.2913088 3.5590254
OS 13.2855519 3.5634428
OS 13.2788478 3.5662197
OS 13.2716535 3.5671669
OS 13.1580283 3.5671669
OS 13.1580283 3.9
OS 13.1574172 3.9030723
OS 13.1556769 3.9056769
OS 13.1530723 3.9074172
OS 13.15 3.9080283
OS 12.05 3.9080283
OS 10.549325 3.9080279
OS 9.8994333 4.5579208
OS 9.8991021 4.5581421
OS 9.8988495 4.5584499
OS 9.8978094 4.5590058
OS 9.8968287 4.5596611
OS 9.8964381 4.5597388
OS 9.8960869 4.5599265
OS 9.8949134 4.5600421
OS 9.8937564 4.5602722
OS 9.8933657 4.5601945
OS 9.8929695 4.5602335
OS 9.8879935 4.5597434
OS 9.8876127 4.5596279
OS 9.8872141 4.5596279
OS 9.8861236 4.5591762
OS 9.8849959 4.5588341
OS 9.8846882 4.5585816
OS 9.8843201 4.5584291
OS 9.8834862 4.5575952
OS 9.8825744 4.5568469
OS 9.8823866 4.5564955
OS 9.8821051 4.556214
OS 9.8817041 4.5556139
OS 9.8791505 4.5539076
OS 9.8761383 4.5533084
OS 9.8731264 4.5539075
OS 9.8705728 4.5556138
OS 9.8688666 4.5581673
OS 9.8682674 4.5611795
OS 9.8688665 4.5641914
OS 9.8705729 4.5667451
OS 9.871173 4.5671461
OS 9.8714545 4.5674276
OS 9.8718059 4.5676154
OS 9.8725544 4.5685274
OS 9.8733881 4.5693611
OS 9.8735405 4.569729
OS 9.8737931 4.5700368
OS 9.8741353 4.5711648
OS 9.8745869 4.5722551
OS 9.8745869 4.5726537
OS 9.8747024 4.5730345
OS 9.8751925 4.5780105
OS 9.8751535 4.5784064
OS 9.8752313 4.5787974
OS 9.875001 4.579955
OS 9.8748855 4.5811279
OS 9.8746978 4.581479
OS 9.8746201 4.5818697
OS 9.8739649 4.5828502
OS 9.8734089 4.5838905
OS 9.873101 4.5841432
OS 9.8728798 4.5844742
OS 9.6516773 4.8056772
OS 9.6490727 4.8074175
OS 9.6460004 4.8080286
OS 8.8818563 4.8080278
OS 8.8815505 4.807967
OS 8.8812406 4.8080042
OS 8.8800235 4.8076632
OS 8.878784 4.8074167
OS 8.8785245 4.8072433
OS 8.8782242 4.8071592
OS 8.877231 4.806379
OS 8.8761794 4.8056764
OS 8.8760059 4.8054167
OS 8.8757608 4.8052242
OS 8.6108982 4.4962173
OS 7.9911737 4.4962173
OS 7.9907832 4.4961396
OS 7.9903867 4.4961787
OS 7.9892578 4.4958362
OS 7.9881014 4.4956062
OS 7.9877702 4.4953849
OS 7.9873892 4.4952693
OS 7.9838536 4.4963537
OS 7.9786446 4.4998343
OS 7.9725 4.5010565
OS 7.9663554 4.4998343
OS 7.9611464 4.4963538
OS 7.9576108 4.4952693
OS 7.9572298 4.4953849
OS 7.9568986 4.4956062
OS 7.9557422 4.4958362
OS 7.9546133 4.4961787
OS 7.9542168 4.4961396
OS 7.9538263 4.4962173
OS 7.9161737 4.4962173
OS 7.9157832 4.4961396
OS 7.9153867 4.4961787
OS 7.9142578 4.4958362
OS 7.9131014 4.4956062
OS 7.9127702 4.4953849
OS 7.9123892 4.4952693
OS 7.9088536 4.4963537
OS 7.9036446 4.4998343
OS 7.8975 4.5010565
OS 7.8913554 4.4998343
OS 7.8861464 4.4963538
OS 7.8826108 4.4952693
OS 7.8822298 4.4953849
OS 7.8818986 4.4956062
OS 7.8807422 4.4958362
OS 7.8796133 4.4961787
OS 7.8792168 4.4961396
OS 7.8788263 4.4962173
OS 7.8411737 4.4962173
OS 7.8407832 4.4961396
OS 7.8403867 4.4961787
OS 7.8392578 4.4958362
OS 7.8381014 4.4956062
OS 7.8377702 4.4953849
OS 7.8373892 4.4952693
OS 7.8338536 4.4963537
OS 7.8286446 4.4998343
OS 7.8225 4.5010565
OS 7.8163554 4.4998343
OS 7.8111464 4.4963538
OS 7.8076108 4.4952693
OS 7.8072298 4.4953849
OS 7.8068986 4.4956062
OS 7.8057422 4.4958362
OS 7.8046133 4.4961787
OS 7.8042168 4.4961396
OS 7.8038263 4.4962173
OS 7.6161737 4.4962173
OS 7.6157832 4.4961396
OS 7.6153867 4.4961787
OS 7.6142578 4.4958362
OS 7.6131014 4.4956062
OS 7.6127702 4.4953849
OS 7.6123892 4.4952693
OS 7.6088536 4.4963537
OS 7.6036446 4.4998343
OS 7.5975 4.5010565
OS 7.5913554 4.4998343
OS 7.5861464 4.4963538
OS 7.5826108 4.4952693
OS 7.5822298 4.4953849
OS 7.5818986 4.4956062
OS 7.5807422 4.4958362
OS 7.5796133 4.4961787
OS 7.5792168 4.4961396
OS 7.5788263 4.4962173
OS 7.3911737 4.4962173
OS 7.3907832 4.4961396
OS 7.3903867 4.4961787
OS 7.3892578 4.4958362
OS 7.3881014 4.4956062
OS 7.3877702 4.4953849
OS 7.3873892 4.4952693
OS 7.3838536 4.4963537
OS 7.3786446 4.4998343
OS 7.3725 4.5010565
OS 7.3663554 4.4998343
OS 7.3611464 4.4963538
OS 7.3576108 4.4952693
OS 7.3572298 4.4953849
OS 7.3568986 4.4956062
OS 7.3557422 4.4958362
OS 7.3546133 4.4961787
OS 7.3542168 4.4961396
OS 7.3538263 4.4962173
OS 6.2969827 4.4962173
OS 6.2958266 4.4959873
OS 6.2946523 4.4958717
OS 6.2943009 4.4956839
OS 6.2939104 4.4956062
OS 6.2929298 4.494951
OS 6.2918896 4.494395
OS 6.291637 4.4940872
OS 6.2913058 4.4938659
OS 6.2906505 4.4928852
OS 6.2899024 4.4919736
OS 6.2872298 4.4869736
OS 6.2868874 4.485845
OS 6.2864361 4.4847556
OS 6.2864361 4.4843573
OS 6.2863204 4.483976
OS 6.286436 4.4828017
OS 6.286436 4.4816231
OS 6.2865883 4.4812553
OS 6.2866274 4.4808585
OS 6.287151 4.4798789
OS 6.287871 4.4762597
OS 6.2872719 4.4732478
OS 6.2855656 4.4706942
OS 6.2830121 4.468988
OS 6.2799999 4.4683888
OS 6.276988 4.4689879
OS 6.2744344 4.4706942
OS 6.2727282 4.4732477
OS 6.272129 4.4762599
OS 6.2728488 4.4798787
OS 6.2733726 4.4808585
OS 6.2734117 4.4812553
OS 6.273564 4.4816231
OS 6.273564 4.4828017
OS 6.2736796 4.4839759
OS 6.2735639 4.4843572
OS 6.2735639 4.4847556
OS 6.2731125 4.4858453
OS 6.2727702 4.4869735
OS 6.2700976 4.4919736
OS 6.2693495 4.4928852
OS 6.2686942 4.4938659
OS 6.268363 4.4940872
OS 6.2681104 4.494395
OS 6.26707 4.4949511
OS 6.2660896 4.4956062
OS 6.2656992 4.4956838
OS 6.2653478 4.4958717
OS 6.2641733 4.4959874
OS 6.2630173 4.4962173
OS 6.1023051 4.4962173
OS 6.1017145 4.4960998
OS 6.1011126 4.4961283
OS 6.100192 4.495797
OS 6.0992328 4.4956062
OS 6.098732 4.4952716
OS 6.0981652 4.4950676
OS 6.0974417 4.4944095
OS 6.0966282 4.4938659
OS 6.0962935 4.4933649
OS 6.095848 4.4929597
OS 6.0921538 4.4879596
OS 6.0920718 4.4877854
OS 6.0919355 4.4876491
OS 6.0914073 4.4863738
OS 6.0908196 4.4851254
OS 6.0908105 4.4849329
OS 6.0907368 4.484755
OS 6.0907368 4.4833758
OS 6.0906716 4.4819964
OS 6.0907369 4.481815
OS 6.0907369 4.4816225
OS 6.0910205 4.4801967
OS 6.0904215 4.4771848
OS 6.0887152 4.4746312
OS 6.0861617 4.472925
OS 6.0831495 4.4723258
OS 6.0801376 4.4729249
OS 6.077584 4.4746312
OS 6.0758778 4.4771847
OS 6.0752786 4.4801968
OS 6.0753946 4.4807798
OS 6.0753946 4.4812957
OS 6.0755298 4.4817933
OS 6.0753947 4.482848
OS 6.0753947 4.4839123
OS 6.0751972 4.484389
OS 6.0751317 4.4849004
OS 6.0746031 4.4858233
OS 6.0741959 4.4868063
OS 6.0738311 4.4871711
OS 6.0735748 4.4876186
OS 6.0727332 4.488269
OS 6.0719809 4.4890213
OS 6.0715043 4.4892187
OS 6.0710962 4.4895341
OS 6.0671419 4.4915012
OS 6.0662616 4.4917403
OS 6.0654329 4.4921214
OS 6.0647147 4.4922931
OS 6.0645587 4.4922991
OS 6.0644143 4.4923589
OS 6.0629983 4.4923589
OS 6.0615845 4.4924131
OS 6.061438 4.4923589
OS 6.0612817 4.4923589
OS 6.0599741 4.4918172
OS 6.0586467 4.4913261
OS 6.058532 4.4912199
OS 6.0583877 4.4911601
OS 6.0546657 4.4886731
OS 6.0516535 4.4880739
OS 6.0486414 4.4886731
OS 6.0451924 4.4909776
OS 6.0440405 4.4914548
OS 6.0429299 4.492024
OS 6.0421076 4.492258
OS 6.0420082 4.4922661
OS 6.0419183 4.4923094
OS 6.0404509 4.4923924
OS 6.0389854 4.4925112
OS 6.0388904 4.4924806
OS 6.0387908 4.4924862
OS 6.0381756 4.4923996
OS 6.0376721 4.4922236
OS 6.0373911 4.4922164
OS 6.0367331 4.4919238
OS 6.0358464 4.4916996
OS 6.0357108 4.4916351
OS 6.0354657 4.4914525
OS 6.0352185 4.4913661
OS 6.0349602 4.4911354
OS 6.0345288 4.4909436
OS 6.0339143 4.4902967
OS 6.0331988 4.4897636
OS 6.0329424 4.4893336
OS 6.032882 4.4892797
OS 6.0328136 4.4891379
OS 6.0323715 4.4886724
OS 6.0289025 4.48318
OS 6.0283771 4.481813
OS 6.0278163 4.4804592
OS 6.0278163 4.4803542
OS 6.0277786 4.4802561
OS 6.0278162 4.4787916
OS 6.0278162 4.4773267
OS 6.0280284 4.4762596
OS 6.0274294 4.4732478
OS 6.0257231 4.4706942
OS 6.0231696 4.468988
OS 6.0201574 4.4683888
OS 6.0171455 4.4689879
OS 6.0145919 4.4706942
OS 6.0128857 4.4732477
OS 6.0122865 4.4762599
OS 6.0130063 4.4798787
OS 6.0135301 4.4808585
OS 6.0135692 4.4812553
OS 6.0137215 4.4816231
OS 6.0137215 4.4828017
OS 6.0138371 4.4839759
OS 6.0137214 4.4843572
OS 6.0137214 4.4847556
OS 6.01327 4.4858453
OS 6.0129277 4.4869735
OS 6.0102551 4.4919736
OS 6.009507 4.4928852
OS 6.0088517 4.4938659
OS 6.0085205 4.4940872
OS 6.0082679 4.494395
OS 6.0072275 4.4949511
OS 6.0062471 4.4956062
OS 6.0058567 4.4956838
OS 6.0055053 4.4958717
OS 6.0043308 4.4959874
OS 6.0031748 4.4962173
OS 5.9984821 4.4962173
OS 5.9977069 4.4960631
OS 5.9969159 4.4960631
OS 5.9961852 4.4957604
OS 5.9954098 4.4956062
OS 5.9947525 4.495167
OS 5.9940219 4.4948644
OS 5.9934628 4.4943053
OS 5.9928052 4.4938659
OS 5.9923658 4.4932083
OS 5.9918069 4.4926494
OS 5.99029 4.4903793
OS 5.9877365 4.4886731
OS 5.9847243 4.4880739
OS 5.9817124 4.488673
OS 5.9791588 4.4903793
OS 5.977642 4.4926493
OS 5.977083 4.4932083
OS 5.9766436 4.4938659
OS 5.975986 4.4943053
OS 5.975427 4.4948643
OS 5.9746965 4.4951669
OS 5.974039 4.4956062
OS 5.9732636 4.4957604
OS 5.9725329 4.4960631
OS 5.9717421 4.4960631
OS 5.9709667 4.4962173
OS 5.2788697 4.4962173
OS 5.2784793 4.4961396
OS 5.2780829 4.4961787
OS 5.276954 4.4958363
OS 5.2757974 4.4956062
OS 5.2754663 4.495385
OS 5.2750853 4.4952694
OS 5.2741737 4.4945213
OS 5.2731928 4.4938659
OS 5.2729715 4.4935347
OS 5.2726638 4.4932822
OS 5.2694917 4.4894171
OS 5.2693041 4.4890661
OS 5.2690222 4.4887842
OS 5.2685707 4.4876941
OS 5.268015 4.4866545
OS 5.267976 4.4862582
OS 5.2678235 4.4858901
OS 5.2678235 4.4847109
OS 5.2677079 4.4835371
OS 5.2678236 4.4831557
OS 5.2678236 4.4827576
OS 5.2678709 4.4825196
OS 5.2672719 4.4795077
OS 5.2655656 4.4769541
OS 5.2630121 4.4752479
OS 5.2599999 4.4746487
OS 5.256988 4.4752478
OS 5.2544344 4.4769541
OS 5.2527282 4.4795076
OS 5.2521291 4.4825196
OS 5.2521764 4.4827576
OS 5.2521764 4.4831557
OS 5.2522921 4.4835371
OS 5.2521765 4.4847109
OS 5.2521765 4.48589
OS 5.2520241 4.4862581
OS 5.251985 4.4866545
OS 5.2514291 4.4876944
OS 5.2509778 4.4887841
OS 5.250696 4.4890659
OS 5.2505083 4.4894171
OS 5.2473362 4.4932822
OS 5.2470285 4.4935347
OS 5.2468072 4.4938659
OS 5.2458263 4.4945213
OS 5.2449147 4.4952694
OS 5.2445337 4.495385
OS 5.2442026 4.4956062
OS 5.243046 4.4958363
OS 5.2419171 4.4961787
OS 5.2415207 4.4961396
OS 5.2411303 4.4962173
OS 5.0807385 4.4962173
OS 5.0795823 4.4959873
OS 5.0784082 4.4958717
OS 5.0780568 4.4956839
OS 5.0776662 4.4956062
OS 5.0766857 4.4949511
OS 5.0756455 4.4943951
OS 5.0753928 4.4940872
OS 5.0750616 4.4938659
OS 5.0744062 4.4928851
OS 5.0736583 4.4919737
OS 5.0724728 4.4897559
OS 5.0722996 4.4891848
OS 5.0719929 4.4886727
OS 5.0709987 4.4858904
OS 5.0709119 4.4853034
OS 5.0706848 4.4847552
OS 5.0706848 4.4837684
OS 5.0705403 4.4827916
OS 5.0706848 4.4822157
OS 5.0706848 4.4816227
OS 5.0714618 4.4777165
OS 5.0708627 4.4747045
OS 5.0691564 4.4721509
OS 5.0666029 4.4704447
OS 5.0635907 4.4698455
OS 5.0605788 4.4704446
OS 5.0580252 4.4721509
OS 5.056319 4.4747044
OS 5.0557198 4.4777166
OS 5.0564968 4.4816227
OS 5.0564968 4.4822157
OS 5.0566413 4.4827916
OS 5.0564968 4.4837684
OS 5.0564968 4.4847552
OS 5.0562697 4.4853034
OS 5.0561829 4.4858904
OS 5.0551887 4.4886727
OS 5.0548822 4.4891846
OS 5.0547089 4.4897558
OS 5.0535233 4.4919737
OS 5.0527754 4.4928851
OS 5.05212 4.4938659
OS 5.0517888 4.4940872
OS 5.0515361 4.4943951
OS 5.0504959 4.4949511
OS 5.0495154 4.4956062
OS 5.0491248 4.4956839
OS 5.0487734 4.4958717
OS 5.0475997 4.4959873
OS 5.0464431 4.4962173
OS 5.0177464 4.4962173
OS 5.0165902 4.4959873
OS 5.0154161 4.4958717
OS 5.0150647 4.4956839
OS 5.0146741 4.4956062
OS 5.0136936 4.4949511
OS 5.0126534 4.4943951
OS 5.0124007 4.4940872
OS 5.0120695 4.4938659
OS 5.0114141 4.4928851
OS 5.0106662 4.4919737
OS 5.0094807 4.4897559
OS 5.0093075 4.4891848
OS 5.0090008 4.4886727
OS 5.0080066 4.4858904
OS 5.0079198 4.4853034
OS 5.0076927 4.4847552
OS 5.0076927 4.4837684
OS 5.0075482 4.4827916
OS 5.0076927 4.4822157
OS 5.0076927 4.4816227
OS 5.0084697 4.4777165
OS 5.0078706 4.4747045
OS 5.0061643 4.4721509
OS 5.0036108 4.4704447
OS 5.0005986 4.4698455
OS 4.9975867 4.4704446
OS 4.9950331 4.4721509
OS 4.9933269 4.4747044
OS 4.9927277 4.4777166
OS 4.9935047 4.4816227
OS 4.9935047 4.4822157
OS 4.9936492 4.4827916
OS 4.9935047 4.4837684
OS 4.9935047 4.4847552
OS 4.9932776 4.4853034
OS 4.9931908 4.4858904
OS 4.9921966 4.4886727
OS 4.9918901 4.4891846
OS 4.9917168 4.4897558
OS 4.9905312 4.4919737
OS 4.9897833 4.4928851
OS 4.9891279 4.4938659
OS 4.9887967 4.4940872
OS 4.988544 4.4943951
OS 4.9875038 4.4949511
OS 4.9865233 4.4956062
OS 4.9861327 4.4956839
OS 4.9857813 4.4958717
OS 4.9846076 4.4959873
OS 4.983451 4.4962173
OS 4.886595 4.4962173
OS 4.8862046 4.4961396
OS 4.8858081 4.4961787
OS 4.884679 4.4958362
OS 4.8835227 4.4956062
OS 4.8831917 4.495385
OS 4.8828105 4.4952694
OS 4.8818989 4.4945213
OS 4.8809181 4.4938659
OS 4.8806967 4.4935346
OS 4.8803891 4.4932821
OS 4.8762856 4.488282
OS 4.8760981 4.4879312
OS 4.8758162 4.4876493
OS 4.8753645 4.4865588
OS 4.8748089 4.4855194
OS 4.8747699 4.4851233
OS 4.8746174 4.4847552
OS 4.8746174 4.4835755
OS 4.8745018 4.482402
OS 4.8746174 4.4820209
OS 4.8746174 4.4816838
OS 4.8740123 4.4786415
OS 4.872306 4.4760879
OS 4.8697525 4.4743817
OS 4.8667403 4.4737825
OS 4.8637284 4.4743816
OS 4.8611748 4.4760879
OS 4.8594686 4.4786414
OS 4.8588633 4.4816844
OS 4.8588633 4.4829733
OS 4.8589369 4.4843243
OS 4.8588633 4.4845335
OS 4.8588633 4.4847552
OS 4.8583458 4.4860047
OS 4.8578974 4.4872793
OS 4.8575056 4.487941
OS 4.8565741 4.48898
OS 4.8556871 4.4900595
OS 4.8555319 4.4901423
OS 4.8554145 4.4902733
OS 4.8541541 4.4908777
OS 4.8529236 4.4915345
OS 4.8479081 4.4930528
OS 4.8475141 4.4930914
OS 4.8471483 4.4932429
OS 4.8459665 4.4932429
OS 4.8447905 4.4933581
OS 4.8444118 4.493243
OS 4.8440158 4.493243
OS 4.8429242 4.4927908
OS 4.8417934 4.4924471
OS 4.8414873 4.4921956
OS 4.8411218 4.4920442
OS 4.8382567 4.4901299
OS 4.8352443 4.4895306
OS 4.8322324 4.4901297
OS 4.8296788 4.491836
OS 4.8291354 4.4926492
OS 4.8285765 4.4932081
OS 4.828137 4.4938659
OS 4.8274794 4.4943053
OS 4.8269205 4.4948642
OS 4.82619 4.4951668
OS 4.8255324 4.4956062
OS 4.8247571 4.4957604
OS 4.8240264 4.4960631
OS 4.8232353 4.4960631
OS 4.8224601 4.4962173
OS 4.7810995 4.4962173
OS 4.7803243 4.4960631
OS 4.7795332 4.4960631
OS 4.7788024 4.4957604
OS 4.7780272 4.4956062
OS 4.7773699 4.495167
OS 4.7766391 4.4948643
OS 4.77608 4.4943052
OS 4.7754226 4.4938659
OS 4.7749831 4.4932082
OS 4.7744242 4.4926492
OS 4.7738809 4.4918361
OS 4.7713273 4.4901298
OS 4.7683151 4.4895306
OS 4.7653032 4.4901297
OS 4.7627496 4.491836
OS 4.7622062 4.4926492
OS 4.7616473 4.4932081
OS 4.7612078 4.4938659
OS 4.7605502 4.4943053
OS 4.7599913 4.4948642
OS 4.7592608 4.4951668
OS 4.7586032 4.4956062
OS 4.7578279 4.4957604
OS 4.7570972 4.4960631
OS 4.7563061 4.4960631
OS 4.7555309 4.4962173
OS 4.66514 4.4962173
OS 4.6632265 4.5008367
OS 4.7343614 4.5719716
OS 6.22 4.5719717
OS 6.2230723 4.5725828
OS 6.2256769 4.5743231
OS 6.2274172 4.5769277
OS 6.2280283 4.58
OS 6.2280283 4.94
OS 6.2274172 4.9430723
OS 6.2256769 4.9456769
OS 6.2230723 4.9474172
OS 6.22 4.9480283
OS 5.9045668 4.9480282
OS 5.9014945 4.9474171
OS 5.8988899 4.9456768
OS 5.7250206 4.7718075
OS 4.8628599 4.7718078
OS 4.8627387 4.7717837
OS 4.862617 4.7718041
OS 4.8612063 4.7714789
OS 4.8597876 4.7711967
OS 4.8596851 4.7711282
OS 4.8595645 4.7711004
OS 4.858385 4.7702596
OS 4.8581609 4.7701098
OS 4.8550335 4.7696032
OS 4.8520277 4.7700906
OS 4.8516992 4.7702491
OS 4.8516823 4.7702604
OS 4.8505035 4.7711006
OS 4.8503834 4.7711283
OS 4.850281 4.7711967
OS 4.8488625 4.7714788
OS 4.847451 4.7718042
OS 4.8473294 4.7717838
OS 4.8472087 4.7718078
OS 4.6899999 4.7718078
OS 4.6869276 4.7711967
OS 4.684323 4.7694564
OS 4.6825827 4.7668518
OS 4.6819716 4.7637795
OS 4.6819716 4.6543614
OS 4.510262 4.4826518
OS 1.945 4.4826518
OS 1.9326668 4.4810281
OS 1.9211741 4.4762677
OS 1.9113051 4.4686949
OS 1.6309361 4.1883259
OS 1.6233633 4.1784569
OS 1.6186029 4.1669642
OS 1.6169792 4.154631
OS 1.6169792 3.3145619
OS 1.6186029 3.3022287
OS 1.6233633 3.290736
OS 1.6309361 3.280867
OS 1.6413246 3.2704785
OS 1.6413246 2.9961794
OS 1.6404268 2.9956977
OS 1.6363246 2.9948734
OS 1.6326553 2.9996553
OS 1.6268984 3.0040727
OS 1.6201943 3.0068496
OS 1.613 3.0077968
OS 1.5715138 3.0077968
OS 1.4877968 3.0915138
OS 1.4877968 3.3135517
OS 1.4868496 3.320746
OS 1.4840727 3.3274501
OS 1.4796553 3.333207
OS 1.4565928 3.3562695
OS 1.4508359 3.3606869
OS 1.4441318 3.3634638
OS 1.4369375 3.364411
OS 1.4094488 3.364411
OS 1.4022545 3.3634638
OS 1.3955504 3.3606869
OS 1.3897935 3.3562695
OS 1.3772657 3.3437417
OS 1.1886791 3.3437417
OS 1.1771356 3.3552852
OS 1.1713787 3.3597026
OS 1.1646746 3.3624795
OS 1.1574803 3.3634267
OS 1.150286 3.3624795
OS 1.1435819 3.3597026
OS 1.137825 3.3552852
OS 1.1334076 3.3495283
OS 1.1306307 3.3428242
OS 1.1296835 3.3356299
OS 1.1306307 3.3284356
OS 1.1334076 3.3217315
OS 1.137825 3.3159746
OS 1.15751 3.2962896
OS 1.1632669 3.2918722
OS 1.169971 3.2890953
OS 1.1771653 3.2881481
OS 1.3887795 3.2881481
OS 1.3959738 3.2890953
OS 1.4026779 3.2918722
OS 1.4084348 3.2962896
OS 1.4209626 3.3088174
OS 1.4254237 3.3088174
OS 1.4322032 3.3020379
OS 1.4322032 3.08
OS 1.4331504 3.0728057
OS 1.4359273 3.0661016
OS 1.4403447 3.0603447
OS 1.5403447 2.9603447
OS 1.5461016 2.9559273
OS 1.5528057 2.9531503
OS 1.56 2.9522032
OS 1.613 2.9522032
OS 1.6201943 2.9531504
OS 1.6268984 2.9559273
OS 1.6326553 2.9603447
OS 1.6363246 2.9651266
OS 1.6404268 2.9643023
OS 1.6413246 2.9638206
OS 1.6413246 2.3442497
OS 1.6173616 2.3202867
OS 1.6097888 2.3104177
OS 1.6050284 2.298925
OS 1.6034047 2.2865918
OS 1.6034392 2.2863299
OS 1.6024025 2.2840446
OS 1.6003002 2.2806014
OS 1.5618251 2.236671
OS 1.5419273 2.2167732
OS 1.5190554 2.2167732
OS 1.5118611 2.215826
OS 1.505157 2.2130491
OS 1.5032084 2.2115539
OS 1.5026618 2.2113161
OS 1.501291 2.2103647
OS 1.5000967 2.2096607
OS 1.4988272 2.2090322
OS 1.4974734 2.208478
OS 1.4960262 2.2079988
OS 1.4944777 2.2075969
OS 1.4929372 2.2072985
OS 1.4904605 2.20704
OS 1.4872047 2.20704
OS 1.4835394 2.2063109
OS 1.4785393 2.2100496
OS 1.4785393 2.229466
OS 1.4785551 2.2294934
OS 1.478639 2.229617
OS 1.4793241 2.2304457
OS 1.4797719 2.2309063
OS 1.4805929 2.2321732
OS 1.481433 2.2334305
OS 1.4814442 2.2334868
OS 1.4814755 2.2335351
OS 1.4817502 2.2350252
OS 1.4820441 2.2365028
OS 1.4820329 2.2365589
OS 1.4820434 2.2366157
OS 1.4817269 2.2380978
OS 1.481433 2.2395751
OS 1.4814011 2.2396228
OS 1.4813891 2.2396791
OS 1.4805324 2.240923
OS 1.4803588 2.2411828
OS 1.4805464 2.242126
OS 1.4796297 2.2467344
OS 1.4770193 2.2506413
OS 1.4731124 2.2532517
OS 1.468504 2.2541684
OS 1.4638956 2.2532517
OS 1.4624524 2.2522874
OS 1.4593011 2.2511506
OS 1.456045 2.253562
OS 1.4553653 2.2545793
OS 1.4514584 2.2571897
OS 1.44685 2.2581064
OS 1.4422416 2.2571897
OS 1.4421594 2.2571348
OS 1.438308 2.2546191
OS 1.4357521 2.2584094
OS 1.4356813 2.2585153
OS 1.4317744 2.2611257
OS 1.427166 2.2620424
OS 1.4225576 2.2611257
OS 1.4186507 2.2585153
OS 1.4160403 2.2546084
OS 1.4151236 2.25
OS 1.4153112 2.2490568
OS 1.4151376 2.248797
OS 1.4142809 2.2475531
OS 1.4142689 2.2474968
OS 1.414237 2.2474491
OS 1.4139424 2.2459682
OS 1.4136267 2.2444897
OS 1.4136371 2.2444332
OS 1.4136259 2.2443768
OS 1.4139212 2.2428923
OS 1.4141946 2.2414091
OS 1.4142258 2.241361
OS 1.414237 2.2413045
OS 1.4150787 2.2400448
OS 1.4158981 2.2387803
OS 1.4164252 2.2382382
OS 1.4167359 2.2378832
OS 1.4169638 2.2375902
OS 1.4171152 2.237367
OS 1.4171307 2.23734
OS 1.4171307 2.2020202
OS 1.4125113 2.2001067
OS 1.3585681 2.2540499
OS 1.3585599 2.2540803
OS 1.3585317 2.2542275
OS 1.3584301 2.2552981
OS 1.3584211 2.2559404
OS 1.3581063 2.2574144
OS 1.3578108 2.2588996
OS 1.3577788 2.2589475
OS 1.3577668 2.2590037
OS 1.3569101 2.2602476
OS 1.3560705 2.2615042
OS 1.3560227 2.2615362
OS 1.35599 2.2615836
OS 1.3547228 2.2624047
OS 1.3534659 2.2632445
OS 1.3534093 2.2632558
OS 1.3533611 2.263287
OS 1.3518806 2.2635599
OS 1.3515695 2.2636218
OS 1.3510353 2.2644213
OS 1.3471284 2.2670317
OS 1.3425201 2.2679484
OS 1.3390223 2.2687922
OS 1.3368709 2.2716218
OS 1.3368266 2.2717535
OS 1.3359297 2.2762624
OS 1.3333193 2.2801693
OS 1.3294124 2.2827797
OS 1.324804 2.2836964
OS 1.3201956 2.2827797
OS 1.3162887 2.2801693
OS 1.3159997 2.2797368
OS 1.3099863 2.2797368
OS 1.3096973 2.2801693
OS 1.3057904 2.2827797
OS 1.3011821 2.2836964
OS 1.300331 2.2868192
OS 1.3002991 2.2868668
OS 1.3002871 2.2869231
OS 1.2994304 2.288167
OS 1.2992568 2.2884268
OS 1.2994444 2.28937
OS 1.2985277 2.2939784
OS 1.2959173 2.2978853
OS 1.2920104 2.3004957
OS 1.287402 2.3014124
OS 1.2827936 2.3004957
OS 1.2788868 2.2978853
OS 1.2742743 2.2998487
OS 1.2742114 2.299888
OS 1.2703564 2.3024637
OS 1.2657481 2.3033804
OS 1.264897 2.3065052
OS 1.2648651 2.3065528
OS 1.2648531 2.3066091
OS 1.2639964 2.307853
OS 1.2638228 2.3081128
OS 1.2640104 2.309056
OS 1.2630937 2.3136644
OS 1.2604833 2.3175713
OS 1.2565764 2.3201817
OS 1.251968 2.3210984
OS 1.2473596 2.3201817
OS 1.2434528 2.3175713
OS 1.2388312 2.3195393
OS 1.2349244 2.3221497
OS 1.230316 2.3230664
OS 1.2257076 2.3221497
OS 1.2218007 2.3195393
OS 1.2191903 2.3156324
OS 1.2182736 2.311024
OS 1.2184612 2.3100808
OS 1.2182876 2.309821
OS 1.2174309 2.3085771
OS 1.2174189 2.3085208
OS 1.217387 2.3084731
OS 1.2170924 2.3069922
OS 1.2167767 2.3055137
OS 1.2167871 2.3054572
OS 1.2167759 2.3054008
OS 1.2170712 2.3039163
OS 1.2173446 2.3024331
OS 1.2173758 2.302385
OS 1.217387 2.3023285
OS 1.2182287 2.3010688
OS 1.2190481 2.2998043
OS 1.2195752 2.2992622
OS 1.2198859 2.2989072
OS 1.2201138 2.2986142
OS 1.2202652 2.298391
OS 1.2202807 2.298364
OS 1.2202807 2.285434
OS 1.2210446 2.2815937
OS 1.2232199 2.278338
OS 1.3620127 2.1395432
OS 1.3620127 2.003938
OS 1.3627766 2.0000977
OS 1.3649519 1.996842
OS 1.5460534 1.8157386
OS 2.0578644 1.3039275
OS 2.0611201 1.3017522
OS 2.0649604 1.3009883
OS 2.6580635 1.3009883
OS 2.6612355 1.2971232
OS 2.6611859 1.2968736
OS 2.6621026 1.2922652
OS 2.664713 1.2883583
OS 2.6686199 1.2857479
OS 2.6725497 1.2849662
OS 2.67313 1.2844793
OS 2.6747493 1.2819984
OS 2.6753874 1.2808099
OS 2.675527 1.280366
OS 2.6752541 1.2788856
OS 2.6751922 1.2785745
OS 2.6743927 1.2780403
OS 2.6717823 1.2741334
OS 2.6708656 1.269525
OS 2.6717823 1.2649166
OS 2.6743927 1.2610097
OS 2.6782996 1.2583993
OS 2.682908 1.2574826
OS 2.6875164 1.2583993
OS 2.6914233 1.2610097
OS 2.6919576 1.2618093
OS 2.6922651 1.2618705
OS 2.6937491 1.262144
OS 2.6937973 1.2621752
OS 2.6938539 1.2621865
OS 2.6951108 1.2630263
OS 2.696378 1.2638474
OS 2.6964107 1.2638948
OS 2.6964585 1.2639268
OS 2.6972981 1.2651834
OS 2.6981548 1.2664273
OS 2.6981668 1.2664835
OS 2.6981988 1.2665314
OS 2.6984936 1.2680133
OS 2.6988091 1.2694906
OS 2.6988198 1.2702471
OS 2.6988509 1.2707163
OS 2.6988971 1.2710856
OS 2.6989479 1.2713507
OS 2.6989561 1.271381
OS 2.7128154 1.2852403
OS 3.6220474 1.2852403
OS 3.6220473 1.038
OS 3.6220472 1.038
OS 3.6220472 0.016056
OS 3.4635514 0.016056
OS 3.4618208 0.020747
OS 3.4661271 0.0244249
OS 3.4767923 0.0369123
OS 3.4853728 0.0509144
OS 3.4916572 0.0660864
OS 3.4954908 0.0820546
OS 3.4967793 0.098426
OS 3.4954908 0.1147974
OS 3.4916572 0.1307656
OS 3.4853728 0.1459376
OS 3.4767923 0.1599397
OS 3.4661271 0.1724271
OS 3.4536397 0.1830923
OS 3.4396376 0.1916728
OS 3.4244656 0.1979572
OS 3.4084974 0.2017908
OS 3.392126 0.2030793
OS 3.3757546 0.2017908
OS 3.3597864 0.1979572
OS 3.3446144 0.1916728
OS 3.3306123 0.1830923
OS 3.3181249 0.1724271
OS 3.3074597 0.1599397
OS 3.2988792 0.1459376
OS 3.2925948 0.1307656
OS 3.2887612 0.1147974
OS 3.2874727 0.098426
OS 3.2887612 0.0820546
OS 3.2925948 0.0660864
OS 3.2988792 0.0509144
OS 3.3074597 0.0369123
OS 3.3181249 0.0244249
OS 3.3224312 0.020747
OS 3.3207006 0.016056
OS 1.6635523 0.016056
OS 1.6618217 0.020747
OS 1.6661271 0.0244241
OS 1.6767923 0.0369115
OS 1.6853728 0.0509136
OS 1.6916572 0.0660856
OS 1.6954908 0.0820538
OS 1.6967793 0.0984252
OS 1.6954908 0.1147966
OS 1.6916572 0.1307648
OS 1.6853728 0.1459368
OS 1.6767923 0.1599389
OS 1.6661271 0.1724263
OS 1.6536397 0.1830915
OS 1.6396376 0.191672
OS 1.6244656 0.1979564
OS 1.6084974 0.20179
OS 1.592126 0.2030785
OS 1.5757546 0.20179
OS 1.5597864 0.1979564
OS 1.5446144 0.191672
OS 1.5306123 0.1830915
OS 1.5181249 0.1724263
OS 1.5074597 0.1599389
OS 1.4988792 0.1459368
OS 1.4925948 0.1307648
OS 1.4887612 0.1147966
OS 1.4874727 0.0984252
OS 1.4887612 0.0820538
OS 1.4925948 0.0660856
OS 1.4988792 0.0509136
OS 1.5074597 0.0369115
OS 1.5181249 0.0244241
OS 1.5224303 0.020747
OS 1.5206997 0.016056
OS 1.3582678 0.016056
OS 1.3582677 0.4461941
OS 1.3582677 1.3582677
OS 1.1023622 1.6141731
OS 0.016056 1.6141731
OS 0.016056 5.0233145
OS 0.9207011 5.0233145
OE
OB 1.32874 2.0455064 H
OS 1.3241316 2.0445897
OS 1.3202247 2.0419793
OS 1.3176143 2.0380724
OS 1.3166976 2.033464
OS 1.3176143 2.0288556
OS 1.3177078 2.0287157
OS 1.3154065 2.0231599
OS 1.3142896 2.0229377
OS 1.3103827 2.0203273
OS 1.3077723 2.0164204
OS 1.3068556 2.011812
OS 1.3077723 2.0072036
OS 1.3103827 2.0032967
OS 1.3142896 2.0006863
OS 1.3152298 2.0004993
OS 1.3188915 1.9989875
OS 1.3188592 1.9950674
OS 1.3186656 1.994094
OS 1.3188588 1.9931226
OS 1.3188914 1.9892008
OS 1.3152294 1.9876906
OS 1.3142896 1.9875037
OS 1.3103827 1.9848933
OS 1.3077723 1.9809864
OS 1.3068556 1.976378
OS 1.3077723 1.9717696
OS 1.3103827 1.9678627
OS 1.3142896 1.9652523
OS 1.3152294 1.9650654
OS 1.3188914 1.9635552
OS 1.3188588 1.9596334
OS 1.3186656 1.958662
OS 1.3195823 1.9540536
OS 1.3221927 1.9501467
OS 1.3260676 1.9475577
OS 1.3261013 1.9475343
OS 1.3294263 1.9435843
OS 1.3285096 1.938976
OS 1.3294263 1.9343676
OS 1.3320367 1.9304607
OS 1.3359436 1.9278503
OS 1.340552 1.9269336
OS 1.3451604 1.9278503
OS 1.3490673 1.9304607
OS 1.3516777 1.9343676
OS 1.3525944 1.938976
OS 1.3516777 1.9435844
OS 1.3490673 1.9474913
OS 1.3451924 1.9500803
OS 1.3451587 1.9501037
OS 1.3418337 1.9540537
OS 1.3427504 1.958662
OS 1.3418337 1.9632704
OS 1.3392233 1.9671773
OS 1.3353164 1.9697877
OS 1.3343766 1.9699746
OS 1.3307146 1.9714848
OS 1.3307472 1.9754066
OS 1.3309404 1.976378
OS 1.3307472 1.9773494
OS 1.3307146 1.9812712
OS 1.3343766 1.9827814
OS 1.3353164 1.9829683
OS 1.3392233 1.9855787
OS 1.3418337 1.9894856
OS 1.3427504 1.994094
OS 1.3418337 1.9987024
OS 1.3392233 2.0026093
OS 1.3353164 2.0052197
OS 1.3343762 2.0054067
OS 1.3307145 2.0069185
OS 1.3307468 2.0108386
OS 1.3309404 2.011812
OS 1.3300237 2.0164204
OS 1.3299302 2.0165603
OS 1.3322315 2.0221161
OS 1.3333484 2.0223383
OS 1.3372553 2.0249487
OS 1.3398657 2.0288556
OS 1.3407824 2.033464
OS 1.3398657 2.0380724
OS 1.3372553 2.0419793
OS 1.3333484 2.0445897
OS 1.32874 2.0455064
OE
OB 0.1187251 2.0893188 H
OS 0.1043364 2.0874245
OS 0.0909282 2.0818707
OS 0.0794144 2.0730358
OS 0.0705795 2.061522
OS 0.0650257 2.0481138
OS 0.0631314 2.0337251
OS 0.0650257 2.0193364
OS 0.0705795 2.0059282
OS 0.0794144 1.9944144
OS 0.0909282 1.9855795
OS 0.1043364 1.9800257
OS 0.1187251 1.9781314
OS 0.1331138 1.9800257
OS 0.146522 1.9855795
OS 0.1580358 1.9944144
OS 0.1668707 2.0059282
OS 0.1724245 2.0193364
OS 0.1743188 2.0337251
OS 0.1724245 2.0481138
OS 0.1668707 2.061522
OS 0.1580358 2.0730358
OS 0.146522 2.0818707
OS 0.1331138 2.0874245
OS 0.1187251 2.0893188
OE
OB 0.6537645 1.9517845 H
OS 0.6398723 1.9504162
OS 0.626514 1.946364
OS 0.6142029 1.9397836
OS 0.6034121 1.9309279
OS 0.5945564 1.9201371
OS 0.587976 1.907826
OS 0.5839238 1.8944677
OS 0.5825555 1.8805755
OS 0.5839238 1.8666833
OS 0.587976 1.853325
OS 0.5945564 1.8410139
OS 0.6034121 1.8302231
OS 0.6142029 1.8213674
OS 0.626514 1.814787
OS 0.6398723 1.8107348
OS 0.6537645 1.8093665
OS 0.6676567 1.8107348
OS 0.681015 1.814787
OS 0.6933261 1.8213674
OS 0.7041169 1.8302231
OS 0.7129726 1.8410139
OS 0.719553 1.853325
OS 0.7236052 1.8666833
OS 0.7249735 1.8805755
OS 0.7236052 1.8944677
OS 0.719553 1.907826
OS 0.7129726 1.9201371
OS 0.7041169 1.9309279
OS 0.6933261 1.9397836
OS 0.681015 1.946364
OS 0.6676567 1.9504162
OS 0.6537645 1.9517845
OE
OB 1.283462 1.9333755 H
OS 1.2773174 1.9321533
OS 1.2721083 1.9286727
OS 1.2686277 1.9234636
OS 1.2674055 1.917319
OS 1.2686277 1.9111744
OS 1.2721083 1.9059653
OS 1.2773174 1.9024847
OS 1.283462 1.9012625
OS 1.2841364 1.9013966
OS 1.2854881 1.9003402
OS 1.2878332 1.897034
OS 1.2871702 1.8937008
OS 1.2880869 1.8890924
OS 1.2891457 1.8875077
OS 1.2902835 1.8838582
OS 1.2891457 1.8802088
OS 1.2880869 1.8786241
OS 1.2871702 1.8740157
OS 1.2880869 1.8694073
OS 1.2906973 1.8655005
OS 1.2906973 1.8628459
OS 1.2880869 1.8589391
OS 1.2871702 1.8543307
OS 1.2880869 1.8497223
OS 1.2906973 1.8458155
OS 1.2906973 1.8431609
OS 1.2880869 1.8392541
OS 1.2871702 1.8346457
OS 1.2880869 1.8300373
OS 1.2891457 1.8284526
OS 1.2902835 1.8248031
OS 1.2891457 1.8211537
OS 1.2880869 1.819569
OS 1.2871702 1.8149606
OS 1.2880869 1.8103522
OS 1.2906973 1.8064453
OS 1.2946042 1.8038349
OS 1.2992126 1.8029182
OS 1.303821 1.8038349
OS 1.3077279 1.8064453
OS 1.3103383 1.8103522
OS 1.311255 1.8149606
OS 1.3103383 1.819569
OS 1.3092795 1.8211537
OS 1.3081417 1.8248032
OS 1.3092795 1.8284526
OS 1.3103383 1.8300373
OS 1.311255 1.8346457
OS 1.3103383 1.8392541
OS 1.3077279 1.8431609
OS 1.3077279 1.8458155
OS 1.3103383 1.8497223
OS 1.311255 1.8543307
OS 1.3103383 1.8589391
OS 1.3077279 1.8628459
OS 1.3077279 1.8655005
OS 1.3103383 1.8694073
OS 1.311255 1.8740157
OS 1.3103383 1.8786241
OS 1.3092795 1.8802088
OS 1.3081417 1.8838583
OS 1.3092795 1.8875077
OS 1.3103383 1.8890924
OS 1.311255 1.8937008
OS 1.3103383 1.8983092
OS 1.3077279 1.9022161
OS 1.303821 1.9048265
OS 1.3005086 1.9054854
OS 1.298343 1.9089454
OS 1.2978991 1.9105799
OS 1.2982963 1.9111744
OS 1.2995185 1.917319
OS 1.2982963 1.9234636
OS 1.2948157 1.9286727
OS 1.2896066 1.9321533
OS 1.283462 1.9333755
OE
OB 0.2037645 1.9517845 H
OS 0.1898723 1.9504162
OS 0.176514 1.946364
OS 0.1642029 1.9397836
OS 0.1534121 1.9309279
OS 0.1445564 1.9201371
OS 0.137976 1.907826
OS 0.1339238 1.8944677
OS 0.1325555 1.8805755
OS 0.1339238 1.8666833
OS 0.137976 1.853325
OS 0.1445564 1.8410139
OS 0.1534121 1.8302231
OS 0.1642029 1.8213674
OS 0.176514 1.814787
OS 0.1898723 1.8107348
OS 0.2037645 1.8093665
OS 0.2176567 1.8107348
OS 0.231015 1.814787
OS 0.2433261 1.8213674
OS 0.2541169 1.8302231
OS 0.2629726 1.8410139
OS 0.269553 1.853325
OS 0.2736052 1.8666833
OS 0.2749735 1.8805755
OS 0.2736052 1.8944677
OS 0.269553 1.907826
OS 0.2629726 1.9201371
OS 0.2541169 1.9309279
OS 0.2433261 1.9397836
OS 0.231015 1.946364
OS 0.2176567 1.9504162
OS 0.2037645 1.9517845
OE
OB 0.7388039 2.0893188 H
OS 0.7244152 2.0874245
OS 0.711007 2.0818707
OS 0.6994932 2.0730358
OS 0.6906583 2.061522
OS 0.6851045 2.0481138
OS 0.6832102 2.0337251
OS 0.6851045 2.0193364
OS 0.6906583 2.0059282
OS 0.6994932 1.9944144
OS 0.711007 1.9855795
OS 0.7244152 1.9800257
OS 0.7388039 1.9781314
OS 0.7531926 1.9800257
OS 0.7666008 1.9855795
OS 0.7781146 1.9944144
OS 0.7869495 2.0059282
OS 0.7925033 2.0193364
OS 0.7943976 2.0337251
OS 0.7925033 2.0481138
OS 0.7869495 2.061522
OS 0.7781146 2.0730358
OS 0.7666008 2.0818707
OS 0.7531926 2.0874245
OS 0.7388039 2.0893188
OE
OB 1.23819 2.2462944 H
OS 1.2335816 2.2453777
OS 1.2296747 2.2427673
OS 1.2270643 2.2388604
OS 1.2261476 2.234252
OS 1.2270643 2.2296436
OS 1.2271567 2.2295052
OS 1.226984 2.2284264
OS 1.2246265 2.224292
OS 1.2217696 2.2237237
OS 1.2178627 2.2211133
OS 1.2152523 2.2172064
OS 1.2143356 2.212598
OS 1.2152523 2.2079896
OS 1.2178627 2.2040827
OS 1.2217696 2.2014723
OS 1.226378 2.2005556
OS 1.2309864 2.2014723
OS 1.2348933 2.2040827
OS 1.2375037 2.2079896
OS 1.2384204 2.212598
OS 1.2375037 2.2172064
OS 1.2374113 2.2173448
OS 1.237584 2.2184236
OS 1.2399415 2.222558
OS 1.2427984 2.2231263
OS 1.2467053 2.2257367
OS 1.2493157 2.2296436
OS 1.2502324 2.234252
OS 1.2493157 2.2388604
OS 1.2467053 2.2427673
OS 1.2427984 2.2453777
OS 1.23819 2.2462944
OE
OB 1.019685 2.327003 H
OS 1.0150766 2.3260863
OS 1.0111697 2.3234759
OS 1.0085593 2.319569
OS 1.0076426 2.3149606
OS 1.0085593 2.3103522
OS 1.0111697 2.3064453
OS 1.0150766 2.3038349
OS 1.019685 2.3029182
OS 1.0242934 2.3038349
OS 1.0282003 2.3064453
OS 1.0308107 2.3103522
OS 1.0317274 2.3149606
OS 1.0308107 2.319569
OS 1.0282003 2.3234759
OS 1.0242934 2.3260863
OS 1.019685 2.327003
OE
OB 1.255906 2.2069244 H
OS 1.2512976 2.2060077
OS 1.2473907 2.2033973
OS 1.2447803 2.1994904
OS 1.2438636 2.194882
OS 1.2447803 2.1902736
OS 1.2473907 2.1863667
OS 1.2512976 2.1837563
OS 1.255906 2.1828396
OS 1.2605144 2.1837563
OS 1.2644213 2.1863667
OS 1.2670317 2.1902736
OS 1.2679484 2.194882
OS 1.2670317 2.1994904
OS 1.2644213 2.2033973
OS 1.2605144 2.2060077
OS 1.255906 2.2069244
OE
OB 1.2637795 2.0711746 H
OS 1.2576349 2.0699524
OS 1.2524258 2.0664718
OS 1.2489452 2.0612627
OS 1.247723 2.0551181
OS 1.2489452 2.0489735
OS 1.2524258 2.0437644
OS 1.2576349 2.0402838
OS 1.2637795 2.0390616
OS 1.2699241 2.0402838
OS 1.2751332 2.0437644
OS 1.2786138 2.0489735
OS 1.279836 2.0551181
OS 1.2786138 2.0612627
OS 1.2751332 2.0664718
OS 1.2699241 2.0699524
OS 1.2637795 2.0711746
OE
OB 1.23622 2.1852704 H
OS 1.2316116 2.1843537
OS 1.2277047 2.1817433
OS 1.2250943 2.1778364
OS 1.2241776 2.173228
OS 1.2247474 2.1703635
OS 1.2245883 2.1681118
OS 1.2214949 2.1650065
OS 1.2198016 2.1646697
OS 1.2158947 2.1620593
OS 1.2132843 2.1581524
OS 1.2123676 2.153544
OS 1.2132843 2.1489356
OS 1.2158947 2.1450287
OS 1.2198015 2.1424184
OS 1.2231263 2.1384663
OS 1.2222096 2.133858
OS 1.2231263 2.1292497
OS 1.2198015 2.1252997
OS 1.2158947 2.1226893
OS 1.2132843 2.1187824
OS 1.2123676 2.114174
OS 1.2132843 2.1095656
OS 1.2158947 2.1056587
OS 1.2198015 2.1030484
OS 1.2231263 2.0990963
OS 1.2222096 2.094488
OS 1.2227793 2.0916238
OS 1.2226193 2.0893708
OS 1.2195267 2.0862669
OS 1.2178316 2.0859297
OS 1.2139247 2.0833193
OS 1.2113143 2.0794124
OS 1.2103976 2.074804
OS 1.2113143 2.0701956
OS 1.2139247 2.0662887
OS 1.2178316 2.0636783
OS 1.22244 2.0627616
OS 1.2270484 2.0636783
OS 1.2309553 2.0662887
OS 1.2335657 2.0701956
OS 1.2344824 2.074804
OS 1.2339127 2.0776682
OS 1.2340727 2.0799212
OS 1.2371653 2.0830251
OS 1.2388604 2.0833623
OS 1.2427673 2.0859727
OS 1.2453777 2.0898796
OS 1.2462944 2.094488
OS 1.2453777 2.0990964
OS 1.2427673 2.1030033
OS 1.2388605 2.1056136
OS 1.2355357 2.1095657
OS 1.2364524 2.114174
OS 1.2355357 2.1187823
OS 1.2388605 2.1227323
OS 1.2427673 2.1253427
OS 1.2453777 2.1292496
OS 1.2462944 2.133858
OS 1.2453777 2.1384664
OS 1.2427673 2.1423733
OS 1.2388605 2.1449836
OS 1.2355357 2.1489357
OS 1.2364524 2.153544
OS 1.2358826 2.1564085
OS 1.2360417 2.1586602
OS 1.2391351 2.1617655
OS 1.2408284 2.1621023
OS 1.2447353 2.1647127
OS 1.2473457 2.1686196
OS 1.2482624 2.173228
OS 1.2473457 2.1778364
OS 1.2447353 2.1817433
OS 1.2408284 2.1843537
OS 1.23622 2.1852704
OE
OB 0.689985 1.7568858 H
OS 0.6801185 1.7555868
OS 0.6709244 1.7517785
OS 0.6630292 1.7457203
OS 0.656971 1.7378252
OS 0.6531627 1.728631
OS 0.6518637 1.7187645
OS 0.6531627 1.708898
OS 0.656971 1.6997038
OS 0.6630292 1.6918087
OS 0.6709244 1.6857505
OS 0.6801185 1.6819422
OS 0.689985 1.6806432
OS 0.6998515 1.6819422
OS 0.7090456 1.6857505
OS 0.7169408 1.6918087
OS 0.722999 1.6997038
OS 0.7268073 1.708898
OS 0.7281063 1.7187645
OS 0.7268073 1.728631
OS 0.722999 1.7378252
OS 0.7169408 1.7457203
OS 0.7090456 1.7517785
OS 0.6998515 1.7555868
OS 0.689985 1.7568858
OE
OB 1.4212598 1.2488661 H
OS 1.4151152 1.2476439
OS 1.4099061 1.2441633
OS 1.4064255 1.2389542
OS 1.4052033 1.2328096
OS 1.4064255 1.226665
OS 1.4099061 1.2214559
OS 1.4151152 1.2179753
OS 1.4212598 1.2167531
OS 1.4274044 1.2179753
OS 1.4326135 1.2214559
OS 1.4360941 1.226665
OS 1.4373163 1.2328096
OS 1.4360941 1.2389542
OS 1.4326135 1.2441633
OS 1.4274044 1.2476439
OS 1.4212598 1.2488661
OE
OB 2.9133858 1.275899 H
OS 2.9072412 1.2746768
OS 2.9020321 1.2711962
OS 2.8985515 1.2659871
OS 2.8973293 1.2598425
OS 2.8985515 1.2536979
OS 2.9020321 1.2484888
OS 2.9072412 1.2450082
OS 2.9133858 1.243786
OS 2.9195304 1.2450082
OS 2.9247395 1.2484888
OS 2.9282201 1.2536979
OS 2.9294423 1.2598425
OS 2.9282201 1.2659871
OS 2.9247395 1.2711962
OS 2.9195304 1.2746768
OS 2.9133858 1.275899
OE
OB 3.421253 1.2285754 H
OS 3.4166446 1.2276587
OS 3.4127377 1.2250483
OS 3.4101273 1.2211414
OS 3.4092106 1.216533
OS 3.4101273 1.2119246
OS 3.4127377 1.2080177
OS 3.4166446 1.2054073
OS 3.421253 1.2044906
OS 3.4258614 1.2054073
OS 3.4297683 1.2080177
OS 3.4323787 1.2119246
OS 3.4332954 1.216533
OS 3.4323787 1.2211414
OS 3.4297683 1.2250483
OS 3.4258614 1.2276587
OS 3.421253 1.2285754
OE
OB 2.8267717 1.2010188 H
OS 2.8221633 1.2001021
OS 2.8182564 1.1974917
OS 2.815646 1.1935848
OS 2.8147293 1.1889764
OS 2.815646 1.184368
OS 2.8182564 1.1804611
OS 2.8221633 1.1778507
OS 2.8267717 1.176934
OS 2.8313801 1.1778507
OS 2.835287 1.1804611
OS 2.8378974 1.184368
OS 2.8388141 1.1889764
OS 2.8378974 1.1935848
OS 2.835287 1.1974917
OS 2.8313801 1.2001021
OS 2.8267717 1.2010188
OE
OB 3.3622047 1.2049558 H
OS 3.3575963 1.2040391
OS 3.3536894 1.2014287
OS 3.351079 1.1975218
OS 3.3501623 1.1929134
OS 3.351079 1.188305
OS 3.3536894 1.1843981
OS 3.3575963 1.1817877
OS 3.3622047 1.180871
OS 3.3668131 1.1817877
OS 3.37072 1.1843981
OS 3.3733304 1.188305
OS 3.3742471 1.1929134
OS 3.3733304 1.1975218
OS 3.37072 1.2014287
OS 3.3668131 1.2040391
OS 3.3622047 1.2049558
OE
OB 3.346713 1.2786181 H
OS 3.3405684 1.2773959
OS 3.3353593 1.2739153
OS 3.3318787 1.2687062
OS 3.3306565 1.2625616
OS 3.3318787 1.256417
OS 3.3353593 1.2512079
OS 3.3405684 1.2477273
OS 3.346713 1.2465051
OS 3.3528576 1.2477273
OS 3.3580667 1.2512079
OS 3.3615473 1.256417
OS 3.3627695 1.2625616
OS 3.3615473 1.2687062
OS 3.3580667 1.2739153
OS 3.3528576 1.2773959
OS 3.346713 1.2786181
OE
OB 0.267544 1.7568858 H
OS 0.2576775 1.7555868
OS 0.2484834 1.7517785
OS 0.2405882 1.7457203
OS 0.23453 1.7378252
OS 0.2307217 1.728631
OS 0.2294227 1.7187645
OS 0.2307217 1.708898
OS 0.23453 1.6997038
OS 0.2405882 1.6918087
OS 0.2484834 1.6857505
OS 0.2576775 1.6819422
OS 0.267544 1.6806432
OS 0.2774105 1.6819422
OS 0.2866046 1.6857505
OS 0.2944998 1.6918087
OS 0.300558 1.6997038
OS 0.3043663 1.708898
OS 0.3056653 1.7187645
OS 0.3043663 1.728631
OS 0.300558 1.7378252
OS 0.2944998 1.7457203
OS 0.2866046 1.7517785
OS 0.2774105 1.7555868
OS 0.267544 1.7568858
OE
OB 0.589985 1.7568858 H
OS 0.5801185 1.7555868
OS 0.5709244 1.7517785
OS 0.5630292 1.7457203
OS 0.556971 1.7378252
OS 0.5531627 1.728631
OS 0.5518637 1.7187645
OS 0.5531627 1.708898
OS 0.556971 1.6997038
OS 0.5630292 1.6918087
OS 0.5709244 1.6857505
OS 0.5801185 1.6819422
OS 0.589985 1.6806432
OS 0.5998515 1.6819422
OS 0.6090456 1.6857505
OS 0.6169408 1.6918087
OS 0.622999 1.6997038
OS 0.6268073 1.708898
OS 0.6281063 1.7187645
OS 0.6268073 1.728631
OS 0.622999 1.7378252
OS 0.6169408 1.7457203
OS 0.6090456 1.7517785
OS 0.5998515 1.7555868
OS 0.589985 1.7568858
OE
OB 0.167544 1.7568858 H
OS 0.1576775 1.7555868
OS 0.1484834 1.7517785
OS 0.1405882 1.7457203
OS 0.13453 1.7378252
OS 0.1307217 1.728631
OS 0.1294227 1.7187645
OS 0.1307217 1.708898
OS 0.13453 1.6997038
OS 0.1405882 1.6918087
OS 0.1484834 1.6857505
OS 0.1576775 1.6819422
OS 0.167544 1.6806432
OS 0.1774105 1.6819422
OS 0.1866046 1.6857505
OS 0.1944998 1.6918087
OS 0.200558 1.6997038
OS 0.2043663 1.708898
OS 0.2056653 1.7187645
OS 0.2043663 1.728631
OS 0.200558 1.7378252
OS 0.1944998 1.7457203
OS 0.1866046 1.7517785
OS 0.1774105 1.7555868
OS 0.167544 1.7568858
OE
OB 2.4133858 1.2955841 H
OS 2.4072412 1.2943619
OS 2.4020321 1.2908813
OS 2.3985515 1.2856722
OS 2.3973293 1.2795276
OS 2.3982542 1.2748779
OS 2.3953378 1.2698778
OS 2.2166204 1.2698778
OS 2.2164443 1.2699092
OS 2.2118568 1.2714299
OS 2.2116602 1.2729116
OS 2.2114887 1.2744024
OS 2.2114542 1.2744646
OS 2.2114448 1.2745351
OS 2.2106938 1.2758328
OS 2.2099671 1.2771405
OS 2.2099115 1.2771846
OS 2.2098758 1.2772463
OS 2.2086844 1.2781586
OS 2.2075135 1.2790879
OS 2.2074453 1.2791074
OS 2.2073887 1.2791507
OS 2.2059436 1.2795363
OS 2.2055445 1.2796503
OS 2.2045197 1.2811841
OS 2.2006128 1.2837945
OS 2.1960044 1.2847112
OS 2.191396 1.2837945
OS 2.1874891 1.2811841
OS 2.1848787 1.2772772
OS 2.183962 1.2726689
OS 2.1825662 1.2709681
OS 2.1770727 1.2706311
OS 2.1770346 1.2706626
OS 2.176574 1.2711104
OS 2.1753071 1.2719314
OS 2.1740498 1.2727715
OS 2.1739935 1.2727827
OS 2.1739452 1.272814
OS 2.1724551 1.2730887
OS 2.1709775 1.2733826
OS 2.1709214 1.2733714
OS 2.1708646 1.2733819
OS 2.1693825 1.2730654
OS 2.1679052 1.2727715
OS 2.1678575 1.2727396
OS 2.1678012 1.2727276
OS 2.1665573 1.2718709
OS 2.1662975 1.2716973
OS 2.1653543 1.2718849
OS 2.1607459 1.2709682
OS 2.156839 1.2683578
OS 2.1542286 1.2644509
OS 2.1533119 1.2598425
OS 2.1542286 1.2552341
OS 2.156839 1.2513272
OS 2.1600863 1.2491575
OS 2.1601905 1.2464896
OS 2.1595584 1.2439545
OS 2.1568046 1.2434067
OS 2.1528977 1.2407963
OS 2.1502873 1.2368894
OS 2.1493706 1.232281
OS 2.1502873 1.2276726
OS 2.1528977 1.2237657
OS 2.1568046 1.2211553
OS 2.159276 1.2206637
OS 2.1595593 1.2203466
OS 2.1605333 1.2192149
OS 2.1606005 1.219181
OS 2.1606507 1.2191248
OS 2.1619963 1.2184764
OS 2.1633297 1.2178033
OS 2.1634048 1.2177977
OS 2.1634726 1.217765
OS 2.164964 1.2176809
OS 2.1664535 1.2175694
OS 2.166525 1.2175929
OS 2.1666001 1.2175887
OS 2.1680112 1.218082
OS 2.1694289 1.2185486
OS 2.1710437 1.219461
OS 2.171493 1.2196864
OS 2.1725743 1.2201506
OS 2.1728146 1.2202338
OS 2.1729677 1.2202772
OS 2.6436983 1.2202772
OS 2.6475387 1.2210411
OS 2.6507943 1.2232165
OS 2.6567023 1.2291245
OS 2.6588777 1.2323802
OS 2.6596416 1.2362205
OS 2.6596416 1.2432455
OS 2.6596574 1.2432729
OS 2.6597413 1.2433965
OS 2.6604264 1.2442252
OS 2.6608742 1.2446858
OS 2.6616952 1.2459527
OS 2.6625353 1.24721
OS 2.6625465 1.2472663
OS 2.6625778 1.2473146
OS 2.6628525 1.2488047
OS 2.6631464 1.2502823
OS 2.6631352 1.2503384
OS 2.6631457 1.2503952
OS 2.6628292 1.2518773
OS 2.6625353 1.2533546
OS 2.6625034 1.2534023
OS 2.6624914 1.2534586
OS 2.6616347 1.2547025
OS 2.6614611 1.2549623
OS 2.6616487 1.2559055
OS 2.660732 1.2605139
OS 2.6581216 1.2644208
OS 2.6542147 1.2670312
OS 2.6496063 1.2679479
OS 2.6449979 1.2670312
OS 2.641091 1.2644208
OS 2.6384806 1.2605139
OS 2.6381435 1.2588191
OS 2.635038 1.2557265
OS 2.6327866 1.2555669
OS 2.6299213 1.2561369
OS 2.6270559 1.2555669
OS 2.6250373 1.25571
OS 2.6244137 1.2559454
OS 2.6243099 1.2559435
OS 2.6242191 1.2559752
OS 2.6222786 1.2559056
OS 2.6213619 1.2605139
OS 2.6187515 1.2644208
OS 2.6148446 1.2670312
OS 2.6102362 1.2679479
OS 2.6056278 1.2670312
OS 2.6034034 1.265545
OS 2.5984828 1.2670003
OS 2.597928 1.2674422
OS 2.5977399 1.2683879
OS 2.5951295 1.2722948
OS 2.5912226 1.2749052
OS 2.5866142 1.2758219
OS 2.5820058 1.2749052
OS 2.5780989 1.2722948
OS 2.5778188 1.2718755
OS 2.5763222 1.2708756
OS 2.5753244 1.2698778
OS 2.4314338 1.2698778
OS 2.4285174 1.2748779
OS 2.4294423 1.2795276
OS 2.4282201 1.2856722
OS 2.4247395 1.2908813
OS 2.4195304 1.2943619
OS 2.4133858 1.2955841
OE
OB 1.7125984 1.5553495 H
OS 1.70799 1.5544328
OS 1.7040831 1.5518224
OS 1.7014727 1.5479155
OS 1.700556 1.5433071
OS 1.7014727 1.5386987
OS 1.7040831 1.5347918
OS 1.70799 1.5321814
OS 1.7090312 1.5319743
OS 1.713379 1.5282027
OS 1.7142957 1.5235944
OS 1.7169061 1.5196875
OS 1.720813 1.5170771
OS 1.7254214 1.5161604
OS 1.7300298 1.5170771
OS 1.7339367 1.5196875
OS 1.7365471 1.5235944
OS 1.7374638 1.5282028
OS 1.7365471 1.5328112
OS 1.7339367 1.5367181
OS 1.7300298 1.5393285
OS 1.7289886 1.5395356
OS 1.7246408 1.5433072
OS 1.7237241 1.5479155
OS 1.7211137 1.5518224
OS 1.7172068 1.5544328
OS 1.7125984 1.5553495
OE
OB 0.2440945 2.799444 H
OS 0.2394861 2.7985273
OS 0.2355792 2.7959169
OS 0.2329688 2.79201
OS 0.2320521 2.7874016
OS 0.2329688 2.7827932
OS 0.2355792 2.7788863
OS 0.2379803 2.777282
OS 0.2391366 2.7735272
OS 0.238854 2.7713036
OS 0.2369058 2.7683879
OS 0.2359891 2.7637795
OS 0.2369058 2.7591711
OS 0.2395162 2.7552642
OS 0.2434231 2.7526538
OS 0.2480315 2.7517371
OS 0.2526399 2.7526538
OS 0.2565468 2.7552642
OS 0.2591572 2.7591711
OS 0.2600739 2.7637795
OS 0.2591572 2.7683879
OS 0.2565468 2.7722948
OS 0.2541457 2.7738991
OS 0.2529894 2.7776539
OS 0.253272 2.7798775
OS 0.2552202 2.7827932
OS 0.2561369 2.7874016
OS 0.2552202 2.79201
OS 0.2526098 2.7959169
OS 0.2487029 2.7985273
OS 0.2440945 2.799444
OE
OB 1.2322835 2.7797589 H
OS 1.2276751 2.7788422
OS 1.2237682 2.7762318
OS 1.2211578 2.7723249
OS 1.2202411 2.7677165
OS 1.2211578 2.7631081
OS 1.2237682 2.7592012
OS 1.2276751 2.7565908
OS 1.2322835 2.7556741
OS 1.2368919 2.7565908
OS 1.2407988 2.7592012
OS 1.2434092 2.7631081
OS 1.2443259 2.7677165
OS 1.2434092 2.7723249
OS 1.2407988 2.7762318
OS 1.2368919 2.7788422
OS 1.2322835 2.7797589
OE
OB 1.5219045 2.7696656 H
OS 1.5172961 2.7687489
OS 1.5133892 2.7661385
OS 1.5107788 2.7622316
OS 1.5098621 2.7576232
OS 1.5107788 2.7530148
OS 1.5133892 2.7491079
OS 1.5172961 2.7464975
OS 1.5219045 2.7455808
OS 1.5265129 2.7464975
OS 1.5304198 2.7491079
OS 1.5330302 2.7530148
OS 1.5339469 2.7576232
OS 1.5330302 2.7622316
OS 1.5304198 2.7661385
OS 1.5265129 2.7687489
OS 1.5219045 2.7696656
OE
OB 1.2204724 2.7403889 H
OS 1.215864 2.7394722
OS 1.2119571 2.7368618
OS 1.2093467 2.7329549
OS 1.20843 2.7283465
OS 1.2093467 2.7237381
OS 1.2119571 2.7198312
OS 1.2123897 2.7195422
OS 1.2123897 2.7135287
OS 1.2119571 2.7132397
OS 1.2093467 2.7093328
OS 1.20843 2.7047244
OS 1.2093467 2.700116
OS 1.2119571 2.6962091
OS 1.215864 2.6935987
OS 1.2204724 2.692682
OS 1.2250808 2.6935987
OS 1.2289877 2.6962091
OS 1.2315981 2.700116
OS 1.2325148 2.7047244
OS 1.2315981 2.7093328
OS 1.2289877 2.7132397
OS 1.2285551 2.7135287
OS 1.2285551 2.7195422
OS 1.2289877 2.7198312
OS 1.2315981 2.7237381
OS 1.2325148 2.7283465
OS 1.2315981 2.7329549
OS 1.2289877 2.7368618
OS 1.2250808 2.7394722
OS 1.2204724 2.7403889
OE
OB 1.433068 2.7561314 H
OS 1.4284596 2.7552147
OS 1.4245527 2.7526043
OS 1.4219423 2.7486974
OS 1.4210256 2.744089
OS 1.4219423 2.7394806
OS 1.4245527 2.7355737
OS 1.4284596 2.7329633
OS 1.433068 2.7320466
OS 1.4376764 2.7329633
OS 1.4415833 2.7355737
OS 1.4441937 2.7394806
OS 1.4451104 2.744089
OS 1.4441937 2.7486974
OS 1.4415833 2.7526043
OS 1.4376764 2.7552147
OS 1.433068 2.7561314
OE
OB 1.4685039 2.7999362 H
OS 1.4638955 2.7990195
OS 1.4599886 2.7964091
OS 1.4573782 2.7925022
OS 1.4564615 2.7878938
OS 1.4573782 2.7832854
OS 1.4599886 2.7793785
OS 1.4638955 2.7767681
OS 1.4685039 2.7758514
OS 1.4731123 2.7767681
OS 1.4770192 2.7793785
OS 1.4796296 2.7832854
OS 1.4805463 2.7878938
OS 1.4796296 2.7925022
OS 1.4770192 2.7964091
OS 1.4731123 2.7990195
OS 1.4685039 2.7999362
OE
OB 1.3464567 3.0317274 H
OS 1.3418483 3.0308107
OS 1.3379414 3.0282003
OS 1.335331 3.0242934
OS 1.3344143 3.019685
OS 1.335331 3.0150766
OS 1.3379414 3.0111698
OS 1.3379414 3.0085152
OS 1.335331 3.0046084
OS 1.3344143 3
OS 1.335331 2.9953916
OS 1.3379414 2.9914848
OS 1.3379414 2.9888302
OS 1.335331 2.9849234
OS 1.3344143 2.980315
OS 1.335331 2.9757066
OS 1.3363898 2.9741219
OS 1.3375276 2.9704724
OS 1.3363898 2.966823
OS 1.335331 2.9652383
OS 1.3344143 2.9606299
OS 1.335331 2.9560215
OS 1.3379414 2.9521147
OS 1.3379414 2.9494601
OS 1.335331 2.9455533
OS 1.3344143 2.9409449
OS 1.335331 2.9363365
OS 1.3363898 2.9347518
OS 1.3375276 2.9311023
OS 1.3363898 2.9274529
OS 1.335331 2.9258682
OS 1.3344143 2.9212598
OS 1.335331 2.9166514
OS 1.3379414 2.9127445
OS 1.3418483 2.9101341
OS 1.3464567 2.9092174
OS 1.3510651 2.9101341
OS 1.354972 2.9127445
OS 1.3575824 2.9166514
OS 1.3584991 2.9212598
OS 1.3575824 2.9258682
OS 1.3565236 2.9274529
OS 1.3553858 2.9311024
OS 1.3565236 2.9347518
OS 1.3575824 2.9363365
OS 1.3584991 2.9409449
OS 1.3575824 2.9455533
OS 1.354972 2.9494601
OS 1.354972 2.9521147
OS 1.3575824 2.9560215
OS 1.3584991 2.9606299
OS 1.3575824 2.9652383
OS 1.3565236 2.966823
OS 1.3553858 2.9704725
OS 1.3565236 2.9741219
OS 1.3575824 2.9757066
OS 1.3584991 2.980315
OS 1.3575824 2.9849234
OS 1.354972 2.9888302
OS 1.354972 2.9914848
OS 1.3575824 2.9953916
OS 1.3584991 3
OS 1.3575824 3.0046084
OS 1.354972 3.0085152
OS 1.354972 3.0111698
OS 1.3575824 3.0150766
OS 1.3584991 3.019685
OS 1.3575824 3.0242934
OS 1.354972 3.0282003
OS 1.3510651 3.0308107
OS 1.3464567 3.0317274
OE
OB 0.6456693 3.0564333 H
OS 0.5866142 3.0564333
OS 0.581591 3.0554341
OS 0.5773326 3.0525887
OS 0.5575551 3.0328112
OS 0.3307086 3.0328112
OS 0.3256854 3.031812
OS 0.321427 3.0289666
OS 0.2898386 2.9973782
OS 0.2328005 2.9973782
OS 0.2323735 2.9974426
OS 0.2319237 2.9975431
OS 0.2315656 2.9976523
OS 0.231291 2.9977613
OS 0.2310852 2.9978645
OS 0.2309328 2.9979594
OS 0.2308132 2.9980505
OS 0.2304267 2.9984086
OS 0.2292208 2.9991495
OS 0.2280424 2.9999369
OS 0.22789 2.9999672
OS 0.2277577 3.0000485
OS 0.2263591 3.0002717
OS 0.2249701 3.000548
OS 0.2248178 3.0005177
OS 0.2246644 3.0005422
OS 0.223287 3.0002132
OS 0.2218978 2.9999369
OS 0.2217686 2.9998506
OS 0.2216176 2.9998145
OS 0.221058 2.9994089
OS 0.2165354 3.0003085
OS 0.2103908 2.9990863
OS 0.2051817 2.9956057
OS 0.2017011 2.9903966
OS 0.2004789 2.984252
OS 0.2017011 2.9781074
OS 0.2051817 2.9728983
OS 0.2072584 2.9715107
OS 0.2072584 2.9654972
OS 0.2051818 2.9641096
OS 0.2017012 2.9589005
OS 0.2008511 2.9546266
OS 0.1987955 2.9535532
OS 0.1958189 2.9527207
OS 0.195762 2.9527203
OS 0.191184 2.9557792
OS 0.1850394 2.9570014
OS 0.1788948 2.9557792
OS 0.1736857 2.9522986
OS 0.1702051 2.9470895
OS 0.1689829 2.9409449
OS 0.1702051 2.9348003
OS 0.1736857 2.9295912
OS 0.1788948 2.9261106
OS 0.1850394 2.9248884
OS 0.191184 2.9261106
OS 0.1963931 2.9295912
OS 0.1998737 2.9348003
OS 0.2007238 2.9390742
OS 0.2027794 2.9401476
OS 0.205756 2.9409801
OS 0.2058129 2.9409805
OS 0.2103909 2.9379216
OS 0.2165355 2.9366994
OS 0.2210581 2.937599
OS 0.2216177 2.9371934
OS 0.2217687 2.9371573
OS 0.2218979 2.937071
OS 0.2232871 2.9367947
OS 0.2246645 2.9364657
OS 0.2248179 2.9364902
OS 0.2249702 2.9364599
OS 0.2263592 2.9367362
OS 0.2277578 2.9369594
OS 0.2278901 2.9370407
OS 0.2280425 2.937071
OS 0.2292209 2.9378584
OS 0.2304268 2.9385993
OS 0.2308136 2.9389577
OS 0.2309326 2.9390483
OS 0.2310856 2.9391435
OS 0.231291 2.9392465
OS 0.2315655 2.9393555
OS 0.2319239 2.9394648
OS 0.232374 2.9395653
OS 0.2328006 2.9396297
OS 0.3188976 2.9396297
OS 0.3239208 2.9406289
OS 0.3281792 2.9434743
OS 0.3479567 2.9632518
OS 0.6097143 2.9632518
OS 0.6101408 2.9631874
OS 0.6105906 2.9630868
OS 0.6109477 2.9629779
OS 0.6112233 2.9628684
OS 0.6114271 2.9627662
OS 0.6115797 2.9626712
OS 0.611698 2.962581
OS 0.6120848 2.9622222
OS 0.6132905 2.9614806
OS 0.614468 2.960693
OS 0.6146205 2.9606626
OS 0.614753 2.9605811
OS 0.6161522 2.9603571
OS 0.61754 2.9600803
OS 0.6176923 2.9601105
OS 0.6178461 2.9600859
OS 0.6192247 2.9604145
OS 0.6206126 2.9606898
OS 0.6207419 2.9607761
OS 0.6208933 2.9608122
OS 0.621452 2.9612167
OS 0.625983 2.9603155
OS 0.6321276 2.9615377
OS 0.6373367 2.9650183
OS 0.6408173 2.9702274
OS 0.6420395 2.976372
OS 0.6408173 2.9825166
OS 0.6373367 2.9877257
OS 0.6321276 2.9912063
OS 0.625983 2.9924285
OS 0.621469 2.9915306
OS 0.6209085 2.9919373
OS 0.6207574 2.9919735
OS 0.6206286 2.9920596
OS 0.6192415 2.9923363
OS 0.617862 2.9926664
OS 0.6177086 2.992642
OS 0.6175566 2.9926723
OS 0.6161674 2.9923967
OS 0.6147684 2.9921741
OS 0.6146363 2.992093
OS 0.614484 2.9920628
OS 0.6133051 2.9912759
OS 0.6120987 2.9905355
OS 0.6117117 2.9901773
OS 0.6115917 2.9900859
OS 0.6114386 2.9899907
OS 0.6112336 2.989888
OS 0.6109575 2.9897785
OS 0.6105991 2.9896693
OS 0.6101474 2.9895684
OS 0.6097217 2.9895042
OS 0.3425197 2.9895042
OS 0.3374965 2.988505
OS 0.3332381 2.9856596
OS 0.3134606 2.9658821
OS 0.2376097 2.9658821
OS 0.2358905 2.9685057
OS 0.2376085 2.9711258
OS 0.2952756 2.9711258
OS 0.3002988 2.972125
OS 0.3045572 2.9749704
OS 0.3361456 3.0065588
OS 0.5629921 3.0065588
OS 0.5680153 3.007558
OS 0.5722737 3.0104034
OS 0.5920512 3.0301809
OS 0.6094515 3.0301809
OS 0.6109682 3.0251809
OS 0.6095949 3.0242633
OS 0.6069845 3.0203564
OS 0.6060678 3.015748
OS 0.6069845 3.0111396
OS 0.6095949 3.0072327
OS 0.6135018 3.0046223
OS 0.6181102 3.0037056
OS 0.6227186 3.0046223
OS 0.6266255 3.0072327
OS 0.6292359 3.0111396
OS 0.6301526 3.015748
OS 0.6292359 3.0203564
OS 0.6266255 3.0242633
OS 0.6252522 3.0251809
OS 0.6267689 3.0301809
OS 0.6402323 3.0301809
OS 0.6482911 3.0221221
OS 0.6482911 2.919302
OS 0.6432911 2.9177852
OS 0.641275 2.9208025
OS 0.6360659 2.9242831
OS 0.6328802 2.9249167
OS 0.6320847 2.9256908
OS 0.6296114 2.9300734
OS 0.6295974 2.9302797
OS 0.6301526 2.9330709
OS 0.6292359 2.9376793
OS 0.6266255 2.9415862
OS 0.6227186 2.9441966
OS 0.6181102 2.9451133
OS 0.6135018 2.9441966
OS 0.6095949 2.9415862
OS 0.6069845 2.9376793
OS 0.6060678 2.9330709
OS 0.6069845 2.9284625
OS 0.6095949 2.9245556
OS 0.6133745 2.9220303
OS 0.6135097 2.9219247
OS 0.6156405 2.9164218
OS 0.615087 2.9155934
OS 0.6138648 2.9094488
OS 0.6143863 2.9068271
OS 0.6105183 2.901827
OS 0.5855512 2.901827
OS 0.580528 2.9008278
OS 0.5762696 2.8979824
OS 0.5143404 2.8360532
OS 0.511495 2.8317948
OS 0.5104958 2.8267716
OS 0.5104958 2.7209895
OS 0.5104314 2.7205625
OS 0.5103309 2.7201127
OS 0.5102217 2.7197546
OS 0.5101127 2.71948
OS 0.5100095 2.7192742
OS 0.5099146 2.7191218
OS 0.5098235 2.7190022
OS 0.509593 2.7187534
OS 0.5093439 2.7185226
OS 0.5092249 2.718432
OS 0.5090719 2.7183368
OS 0.5088665 2.7182338
OS 0.508592 2.7181248
OS 0.5082336 2.7180155
OS 0.5077835 2.717915
OS 0.5073569 2.7178506
OS 0.3942139 2.7178506
OS 0.3937874 2.717915
OS 0.3933365 2.7180157
OS 0.3929776 2.718125
OS 0.3927021 2.7182342
OS 0.3924971 2.718337
OS 0.3923439 2.7184322
OS 0.3922244 2.7185233
OS 0.3918373 2.7188817
OS 0.3906298 2.719623
OS 0.3894519 2.7204092
OS 0.3892999 2.7204394
OS 0.3891677 2.7205205
OS 0.3877684 2.7207433
OS 0.3863794 2.7210189
OS 0.3862274 2.7209886
OS 0.3860741 2.721013
OS 0.3846958 2.7206832
OS 0.3833073 2.7204064
OS 0.3831784 2.7203202
OS 0.3830276 2.7202841
OS 0.3824669 2.7198774
OS 0.377952 2.7207755
OS 0.3718074 2.7195533
OS 0.3665983 2.7160727
OS 0.3631177 2.7108636
OS 0.3618955 2.704719
OS 0.3631177 2.6985744
OS 0.3665983 2.6933653
OS 0.3718074 2.6898847
OS 0.377952 2.6886625
OS 0.3824821 2.6895636
OS 0.3830407 2.6891591
OS 0.3831922 2.689123
OS 0.3833216 2.6890366
OS 0.3847089 2.6887613
OS 0.3860878 2.6884325
OS 0.3862418 2.6884571
OS 0.3863941 2.6884269
OS 0.3877808 2.6887034
OS 0.389181 2.6889274
OS 0.3893137 2.689009
OS 0.3894662 2.6890394
OS 0.3906429 2.6898264
OS 0.3918493 2.6905683
OS 0.3922358 2.6909268
OS 0.3923551 2.6910177
OS 0.3925071 2.6911124
OS 0.3927121 2.6912153
OS 0.3929859 2.691324
OS 0.3933436 2.6914331
OS 0.3937946 2.6915339
OS 0.3942203 2.6915982
OS 0.5073569 2.6915982
OS 0.5077839 2.6915338
OS 0.5082337 2.6914333
OS 0.5085918 2.6913241
OS 0.5088664 2.6912151
OS 0.5090722 2.6911119
OS 0.5092246 2.691017
OS 0.5093442 2.6909259
OS 0.5097307 2.6905678
OS 0.5109366 2.6898269
OS 0.512115 2.6890395
OS 0.5122674 2.6890092
OS 0.5123997 2.6889279
OS 0.5137983 2.6887047
OS 0.5151873 2.6884284
OS 0.5153396 2.6884587
OS 0.515493 2.6884342
OS 0.5168704 2.6887632
OS 0.5182596 2.6890395
OS 0.5183888 2.6891258
OS 0.5185398 2.6891619
OS 0.5190994 2.6895675
OS 0.523622 2.6886679
OS 0.5297666 2.6898901
OS 0.5349757 2.6933707
OS 0.5384563 2.6985798
OS 0.5396785 2.7047244
OS 0.5387789 2.709247
OS 0.5391845 2.7098066
OS 0.5392206 2.7099576
OS 0.5393069 2.7100868
OS 0.5395832 2.711476
OS 0.5399122 2.7128534
OS 0.5398877 2.7130068
OS 0.539918 2.7131591
OS 0.5396417 2.7145481
OS 0.5394185 2.7159467
OS 0.5393372 2.716079
OS 0.5393069 2.7162314
OS 0.5385195 2.7174098
OS 0.5377786 2.7186157
OS 0.5374202 2.7190025
OS 0.5373296 2.7191215
OS 0.5372344 2.7192745
OS 0.5371314 2.7194799
OS 0.5370224 2.7197544
OS 0.5369131 2.7201128
OS 0.5368126 2.7205629
OS 0.5367482 2.7209895
OS 0.5367482 2.8213346
OS 0.5909882 2.8755746
OS 0.637983 2.8755746
OS 0.6384382 2.8755135
OS 0.6389706 2.8754082
OS 0.6394168 2.8752885
OS 0.6397842 2.8751611
OS 0.6400819 2.8750317
OS 0.6403219 2.8749034
OS 0.6405138 2.8747791
OS 0.6409551 2.8744356
OS 0.6422357 2.8737929
OS 0.6434946 2.8731069
OS 0.6436316 2.8730923
OS 0.6437547 2.8730305
OS 0.6451851 2.8729267
OS 0.6466095 2.8727748
OS 0.6467415 2.8728137
OS 0.646879 2.8728037
OS 0.6482397 2.873255
OS 0.6496143 2.8736599
OS 0.6497215 2.8737465
OS 0.6498522 2.8737898
OS 0.6504649 2.8743196
OS 0.6535433 2.8737073
OS 0.6596879 2.8749295
OS 0.664897 2.8784101
OS 0.6683776 2.8836192
OS 0.6686148 2.8848118
OS 0.6690615 2.8849563
OS 0.6696246 2.8854361
OS 0.6702753 2.8857886
OS 0.6708055 2.8864422
OS 0.6714459 2.8869878
OS 0.6717826 2.8876466
OS 0.6722488 2.8882213
OS 0.6724885 2.8890279
OS 0.6728714 2.8897771
OS 0.6729303 2.8905145
OS 0.6731412 2.891224
OS 0.673226 2.8921383
OS 0.6735443 2.8926146
OS 0.6745435 2.8976378
OS 0.6745435 3.0275591
OS 0.6735443 3.0325823
OS 0.6706989 3.0368407
OS 0.6549509 3.0525887
OS 0.6506925 3.0554341
OS 0.6456693 3.0564333
OE
OB 1.556 2.8520424 H
OS 1.5513916 2.8511257
OS 1.5474847 2.8485153
OS 1.5448743 2.8446084
OS 1.5439576 2.84
OS 1.5448743 2.8353916
OS 1.5474847 2.8314847
OS 1.5513916 2.8288743
OS 1.556 2.8279576
OS 1.5606084 2.8288743
OS 1.5645153 2.8314847
OS 1.5671257 2.8353916
OS 1.5680424 2.84
OS 1.5671257 2.8446084
OS 1.5645153 2.8485153
OS 1.5606084 2.8511257
OS 1.556 2.8520424
OE
OB 1.535 2.8320424 H
OS 1.5303916 2.8311257
OS 1.5264847 2.8285153
OS 1.5238743 2.8246084
OS 1.5229576 2.82
OS 1.5238743 2.8153916
OS 1.5264847 2.8114847
OS 1.5303916 2.8088743
OS 1.535 2.8079576
OS 1.5396084 2.8088743
OS 1.5435153 2.8114847
OS 1.5461257 2.8153916
OS 1.5470424 2.82
OS 1.5461257 2.8246084
OS 1.5435153 2.8285153
OS 1.5396084 2.8311257
OS 1.535 2.8320424
OE
OB 0.1771654 2.8467652 H
OS 0.1710208 2.845543
OS 0.1658117 2.8420624
OS 0.1623311 2.8368533
OS 0.1611089 2.8307087
OS 0.1623311 2.8245641
OS 0.1658117 2.819355
OS 0.1710208 2.8158744
OS 0.1771654 2.8146522
OS 0.18331 2.8158744
OS 0.1885191 2.819355
OS 0.1919997 2.8245641
OS 0.1932219 2.8307087
OS 0.1919997 2.8368533
OS 0.1885191 2.8420624
OS 0.18331 2.845543
OS 0.1771654 2.8467652
OE
OB 1.4714566 2.7020031 H
OS 1.4668482 2.7010864
OS 1.4629413 2.698476
OS 1.4603309 2.6945691
OS 1.4594142 2.6899607
OS 1.4603309 2.6853523
OS 1.4629413 2.6814454
OS 1.4668482 2.678835
OS 1.4714566 2.6779183
OS 1.4761436 2.6771651
OS 1.4770603 2.6725568
OS 1.4796707 2.6686499
OS 1.4835776 2.6660395
OS 1.4858436 2.6655887
OS 1.4885899 2.6617357
OS 1.4887614 2.6602984
OS 1.4880308 2.6566257
OS 1.4889475 2.6520173
OS 1.4915579 2.6481104
OS 1.4954648 2.6455
OS 1.5000732 2.6445833
OS 1.5046816 2.6455
OS 1.5085885 2.6481104
OS 1.5106499 2.6511957
OS 1.5119335 2.6523018
OS 1.5167225 2.6541568
OS 1.5191889 2.6536662
OS 1.5237973 2.6545829
OS 1.5277042 2.6571933
OS 1.5303146 2.6611002
OS 1.5312313 2.6657086
OS 1.5303146 2.670317
OS 1.5277042 2.6742239
OS 1.5237973 2.6768343
OS 1.5191889 2.677751
OS 1.5145805 2.6768343
OS 1.5106736 2.6742239
OS 1.5086122 2.6711386
OS 1.5068327 2.6696052
OS 1.5028147 2.6701417
OS 1.4997779 2.6749007
OS 1.5002284 2.6771652
OS 1.4993117 2.6817736
OS 1.4967013 2.6856805
OS 1.4927944 2.6882909
OS 1.488186 2.6892076
OS 1.483499 2.6899608
OS 1.4825823 2.6945691
OS 1.4799719 2.698476
OS 1.476065 2.7010864
OS 1.4714566 2.7020031
OE
OB 0.6587645 2.4178004 H
OS 0.6587645 2.3855755
OS 0.6909894 2.3855755
OS 0.6903568 2.3903804
OS 0.6865722 2.399517
OS 0.6805519 2.4073629
OS 0.672706 2.4133832
OS 0.6635694 2.4171678
OS 0.6587645 2.4178004
OE
OB 1.2266603 2.6001543 H
OS 1.2251758 2.599859
OS 1.2236926 2.5995856
OS 1.2236445 2.5995544
OS 1.223588 2.5995432
OS 1.2223283 2.5987015
OS 1.2210638 2.5978821
OS 1.2205217 2.597355
OS 1.2201667 2.5970443
OS 1.2198737 2.5968164
OS 1.2196505 2.596665
OS 1.2196235 2.5966495
OS 1.2047244 2.5966495
OS 1.200884 2.5958856
OS 1.1976284 2.5937102
OS 1.1700694 2.5661512
OS 1.167894 2.5628956
OS 1.1671301 2.5590552
OS 1.1671301 1.8028939
OS 1.1644973 1.8012074
OS 1.16225 1.8007029
OS 1.0956652 1.8672877
OS 1.0956652 1.9046628
OS 1.095681 1.9046902
OS 1.0957649 1.9048138
OS 1.09645 1.9056425
OS 1.0968978 1.9061031
OS 1.0977188 1.90737
OS 1.0985589 1.9086273
OS 1.0985701 1.9086836
OS 1.0986014 1.9087319
OS 1.0988761 1.910222
OS 1.09917 1.9116996
OS 1.0991588 1.9117557
OS 1.0991693 1.9118125
OS 1.0988528 1.9132946
OS 1.0985589 1.9147719
OS 1.098527 1.9148196
OS 1.098515 1.9148759
OS 1.0976583 1.9161198
OS 1.0974847 1.9163796
OS 1.0976723 1.9173228
OS 1.0967556 1.9219312
OS 1.0941452 1.925838
OS 1.0940976 1.9318834
OS 1.0946664 1.9327347
OS 1.0954303 1.936575
OS 1.0954303 1.9376577
OS 1.0954461 1.9376851
OS 1.09553 1.9378087
OS 1.0962151 1.9386374
OS 1.0966629 1.939098
OS 1.0974839 1.9403649
OS 1.098324 1.9416222
OS 1.0983352 1.9416785
OS 1.0983665 1.9417268
OS 1.0986412 1.9432169
OS 1.0989351 1.9446945
OS 1.0989239 1.9447506
OS 1.0989344 1.9448074
OS 1.0986179 1.9462895
OS 1.098324 1.9477668
OS 1.0982921 1.9478145
OS 1.0982801 1.9478708
OS 1.0974234 1.9491147
OS 1.0972498 1.9493745
OS 1.0974374 1.9503177
OS 1.0965207 1.9549261
OS 1.0939103 1.958833
OS 1.0900034 1.9614434
OS 1.085395 1.9623601
OS 1.0807866 1.9614434
OS 1.0768797 1.958833
OS 1.0742693 1.9549262
OS 1.068715 1.9526321
OS 1.0669291 1.9529873
OS 1.0623207 1.9520706
OS 1.062235 1.9520133
OS 1.0583874 1.9494994
OS 1.0558277 1.953288
OS 1.0557573 1.9533933
OS 1.0518504 1.9560037
OS 1.047242 1.9569204
OS 1.0426336 1.9560037
OS 1.0387267 1.9533933
OS 1.0361163 1.9494864
OS 1.0351996 1.944878
OS 1.0361163 1.9402696
OS 1.0369509 1.9390204
OS 1.0368985 1.9386626
OS 1.0366514 1.9372112
OS 1.0366724 1.9371191
OS 1.0366587 1.9370257
OS 1.0370191 1.9355973
OS 1.0373473 1.934157
OS 1.037402 1.9340798
OS 1.0374251 1.9339884
OS 1.0383053 1.9328059
OS 1.0391592 1.9316016
OS 1.0392391 1.9315513
OS 1.0392955 1.9314756
OS 1.0405641 1.9307182
OS 1.0418109 1.9299342
OS 1.0444858 1.9289121
OS 1.0449103 1.9287223
OS 1.0459133 1.9282085
OS 1.0460671 1.9281162
OS 1.0460671 1.859252
OS 1.046831 1.8554116
OS 1.0490064 1.852156
OS 1.4427206 1.4584417
OS 1.4427206 1.1581558
OS 1.4434845 1.1543154
OS 1.4456599 1.1510598
OS 1.5819622 1.0147574
OS 1.5852179 1.0125821
OS 1.5890582 1.0118182
OS 1.6578674 1.0118182
OS 1.6578948 1.0118024
OS 1.6580184 1.0117185
OS 1.6588471 1.0110334
OS 1.6593077 1.0105856
OS 1.6605746 1.0097646
OS 1.6618319 1.0089245
OS 1.6618882 1.0089133
OS 1.6619365 1.008882
OS 1.6634266 1.0086073
OS 1.6649042 1.0083134
OS 1.6649431 1.0083211
OS 1.6666871 1.0071558
OS 1.6689442 1.0067068
OS 1.6694663 1.0064234
OS 1.6697176 1.006397
OS 1.6699467 1.0062905
OS 1.6712665 1.0062343
OS 1.6725817 1.0060962
OS 1.6727613 1.0061494
OS 1.6727798 1.0061469
OS 1.6730038 1.0061604
OS 1.6730764 1.0061573
OS 1.673155 1.0061695
OS 1.6768491 1.0063919
OS 1.7036898 1.0063919
OS 1.7052064 1.0013919
OS 1.7040831 1.0006413
OS 1.7014727 0.9967344
OS 1.700556 0.992126
OS 1.7014727 0.9875176
OS 1.7040831 0.9836107
OS 1.70799 0.9810003
OS 1.7125984 0.9800836
OS 1.7172068 0.9810003
OS 1.7211137 0.9836107
OS 1.7237241 0.9875176
OS 1.7246408 0.992126
OS 1.7237241 0.9967344
OS 1.7211137 1.0006413
OS 1.7194666 1.0017418
OS 1.7205223 1.0070498
OS 1.721055 1.0071558
OS 1.7243106 1.0093312
OS 1.7383015 1.0233221
OS 1.7383318 1.0233302
OS 1.738479 1.0233584
OS 1.7395496 1.02346
OS 1.7401919 1.023469
OS 1.7416659 1.0237838
OS 1.7431511 1.0240793
OS 1.743199 1.0241113
OS 1.7432552 1.0241233
OS 1.7444991 1.02498
OS 1.7457557 1.0258196
OS 1.7457877 1.0258674
OS 1.7458351 1.0259001
OS 1.7466562 1.0271673
OS 1.7467758 1.0273463
OS 1.7511349 1.0264008
OS 1.7517758 1.0260334
OS 1.7517758 0.6006136
OS 1.683396 0.5322337
OS 1.6812206 0.5289781
OS 1.6804567 0.5251377
OS 1.6804567 0.516597
OS 1.6804409 0.5165696
OS 1.680357 0.516446
OS 1.6796719 0.5156173
OS 1.6792241 0.5151567
OS 1.6784031 0.5138898
OS 1.677563 0.5126325
OS 1.6775518 0.5125762
OS 1.6775205 0.5125279
OS 1.6772458 0.5110378
OS 1.6769519 0.5095602
OS 1.6769631 0.5095041
OS 1.6769526 0.5094473
OS 1.6772691 0.5079652
OS 1.677563 0.5064879
OS 1.6775949 0.5064402
OS 1.6776069 0.506384
OS 1.6755298 0.5021693
OS 1.6748015 0.5017284
OS 1.6733195 0.5014119
OS 1.6718422 0.501118
OS 1.6717945 0.5010861
OS 1.6717382 0.5010741
OS 1.6704943 0.5002174
OS 1.6702345 0.5000438
OS 1.6692913 0.5002314
OS 1.6646829 0.4993147
OS 1.660776 0.4967043
OS 1.6581656 0.4927974
OS 1.6572489 0.488189
OS 1.6581656 0.4835806
OS 1.660776 0.4796737
OS 1.6646829 0.4770633
OS 1.6692913 0.4761466
OS 1.6702345 0.4763342
OS 1.6704943 0.4761606
OS 1.6717382 0.4753039
OS 1.6717945 0.4752919
OS 1.6718422 0.47526
OS 1.6733231 0.4749654
OS 1.6748016 0.4746497
OS 1.6748581 0.4746601
OS 1.6749145 0.4746489
OS 1.676399 0.4749442
OS 1.6778822 0.4752176
OS 1.6779303 0.4752488
OS 1.6779868 0.47526
OS 1.6792465 0.4761017
OS 1.680511 0.4769211
OS 1.6810531 0.4774482
OS 1.6814081 0.4777589
OS 1.6817011 0.4779868
OS 1.6819243 0.4781382
OS 1.6819513 0.4781537
OS 1.75437 0.4781537
OS 1.7582104 0.4789176
OS 1.761466 0.481093
OS 1.7925292 0.5121561
OS 1.7947045 0.5154118
OS 1.7954684 0.5192521
OS 1.7954684 0.9459224
OS 1.7964923 0.9463121
OS 1.8004684 0.9467541
OS 1.8025083 0.9437011
OS 1.8064152 0.9410907
OS 1.8110236 0.940174
OS 1.815632 0.9410907
OS 1.8195389 0.9437011
OS 1.8221493 0.947608
OS 1.822914 0.9514522
OS 1.8240526 0.9532837
OS 1.8265882 0.9558193
OS 1.8267717 0.9557828
OS 1.8313801 0.9566995
OS 1.835287 0.9593099
OS 1.8378974 0.9632168
OS 1.8388141 0.9678252
OS 1.8378974 0.9724336
OS 1.835828 0.9755308
OS 1.837085 0.9786001
OS 1.8383068 0.9801357
OS 1.838579 0.9800816
OS 1.8431874 0.9809983
OS 1.8470943 0.9836087
OS 1.8497047 0.9875156
OS 1.8506214 0.992124
OS 1.8497047 0.9967324
OS 1.8470943 1.0006393
OS 1.8431874 1.0032497
OS 1.838579 1.0041664
OS 1.8339706 1.0032497
OS 1.8300637 1.0006393
OS 1.8274533 0.9967324
OS 1.8265366 0.992124
OS 1.8274533 0.9875156
OS 1.8295227 0.9844184
OS 1.8282657 0.9813491
OS 1.8270439 0.9798135
OS 1.8267717 0.9798676
OS 1.8221633 0.9789509
OS 1.8182564 0.9763405
OS 1.815646 0.9724336
OS 1.8148813 0.9685894
OS 1.8137427 0.9667579
OS 1.8112071 0.9642223
OS 1.8110236 0.9642588
OS 1.8064152 0.9633421
OS 1.8025083 0.9607317
OS 1.8004684 0.9576787
OS 1.7964923 0.9581207
OS 1.7954684 0.9585104
OS 1.7954684 1.2797397
OS 1.7956656 1.2803644
OS 1.7957352 1.2805371
OS 1.7967353 1.2825311
OS 1.7971382 1.2832203
OS 1.7976465 1.2846916
OS 1.7981569 1.2861513
OS 1.798156 1.2861665
OS 1.7981611 1.2861811
OS 1.7980669 1.2877475
OS 1.7979805 1.2892789
OS 1.7979739 1.2892925
OS 1.797973 1.289308
OS 1.7972886 1.2907148
OS 1.7966208 1.2921008
OS 1.7966094 1.2921109
OS 1.7966027 1.2921248
OS 1.7954383 1.293157
OS 1.7950819 1.2934754
OS 1.7945903 1.2959469
OS 1.7919799 1.2998538
OS 1.788073 1.3024642
OS 1.7834646 1.3033809
OS 1.7788562 1.3024642
OS 1.7749493 1.2998538
OS 1.7723389 1.2959469
OS 1.7714983 1.291721
OS 1.7700248 1.290779
OS 1.7667003 1.2894478
OS 1.7108227 1.3453254
OS 1.7108227 1.4015749
OS 1.7100588 1.4054152
OS 1.7078835 1.4086709
OS 1.6743199 1.4422344
OS 1.6710643 1.4444098
OS 1.668108 1.4449978
OS 1.6672376 1.4454034
OS 1.6667794 1.4454233
OS 1.666344 1.4455689
OS 1.6659667 1.4455425
OS 1.6620887 1.4481336
OS 1.6574803 1.4490503
OS 1.6528719 1.4481336
OS 1.648965 1.4455232
OS 1.6463546 1.4416163
OS 1.6454379 1.4370079
OS 1.6463546 1.4323995
OS 1.648965 1.4284926
OS 1.6528719 1.4258822
OS 1.6574803 1.4249655
OS 1.6587609 1.4252202
OS 1.6593498 1.4251031
OS 1.6614373 1.4251031
OS 1.6640519 1.4224988
OS 1.6643543 1.4220656
OS 1.6622922 1.4172489
OS 1.6592187 1.4166375
OS 1.6553118 1.4140271
OS 1.6527014 1.4101202
OS 1.6517847 1.4055118
OS 1.6527014 1.4009034
OS 1.6553118 1.3969965
OS 1.6592187 1.3943861
OS 1.6609176 1.3940482
OS 1.6649341 1.3899502
OS 1.6653363 1.3886716
OS 1.6660363 1.3851526
OS 1.6686467 1.3812457
OS 1.6720008 1.3790047
OS 1.6723972 1.3784114
OS 1.6727367 1.3776275
OS 1.6732588 1.3771218
OS 1.6736628 1.3765172
OS 1.6743731 1.3760426
OS 1.6749868 1.3754482
OS 1.6750041 1.3754414
OS 1.6750041 1.3346457
OS 1.675768 1.3308053
OS 1.6779434 1.3275497
OS 1.7246249 1.2808682
OS 1.7220343 1.276973
OS 1.7216775 1.2767445
OS 1.7203776 1.2770031
OS 1.7188991 1.2773188
OS 1.7188426 1.2773084
OS 1.7187862 1.2773196
OS 1.7173017 1.2770243
OS 1.7158185 1.2767509
OS 1.7157704 1.2767197
OS 1.7157139 1.2767085
OS 1.7144542 1.2758668
OS 1.7131897 1.2750474
OS 1.7126476 1.2745203
OS 1.7122926 1.2742096
OS 1.7119996 1.2739817
OS 1.7117764 1.2738303
OS 1.7117494 1.2738148
OS 1.7055734 1.2738148
OS 1.705546 1.2738306
OS 1.7054224 1.2739145
OS 1.7045937 1.2745996
OS 1.7041331 1.2750474
OS 1.7028662 1.2758684
OS 1.7016089 1.2767085
OS 1.7015526 1.2767197
OS 1.7015043 1.276751
OS 1.7000142 1.2770257
OS 1.6985366 1.2773196
OS 1.6984805 1.2773084
OS 1.6984237 1.2773189
OS 1.6969416 1.2770024
OS 1.6954643 1.2767085
OS 1.6954166 1.2766766
OS 1.6953603 1.2766646
OS 1.6941164 1.2758079
OS 1.6938566 1.2756343
OS 1.6929134 1.2758219
OS 1.688305 1.2749052
OS 1.6843981 1.2722948
OS 1.6817877 1.2683879
OS 1.680871 1.2637795
OS 1.6817877 1.2591711
OS 1.6843981 1.2552642
OS 1.688305 1.2526538
OS 1.6929134 1.2517371
OS 1.6938566 1.2519247
OS 1.6941164 1.2517511
OS 1.6953603 1.2508944
OS 1.6954166 1.2508824
OS 1.6954643 1.2508505
OS 1.6969452 1.2505559
OS 1.6984237 1.2502402
OS 1.6984802 1.2502506
OS 1.6985366 1.2502394
OS 1.7000211 1.2505347
OS 1.7015043 1.2508081
OS 1.7015524 1.2508393
OS 1.7016089 1.2508505
OS 1.7028686 1.2516922
OS 1.7041331 1.2525116
OS 1.7046752 1.2530387
OS 1.7050302 1.2533494
OS 1.7053232 1.2535773
OS 1.7055464 1.2537287
OS 1.7055734 1.2537442
OS 1.7117494 1.2537442
OS 1.7117768 1.2537284
OS 1.7119004 1.2536445
OS 1.7127291 1.2529594
OS 1.7131897 1.2525116
OS 1.7144566 1.2516906
OS 1.7157139 1.2508505
OS 1.7157702 1.2508393
OS 1.7158185 1.250808
OS 1.7173086 1.2505333
OS 1.7187862 1.2502394
OS 1.7188423 1.2502506
OS 1.7188991 1.2502401
OS 1.7203812 1.2505566
OS 1.7218585 1.2508505
OS 1.7219062 1.2508824
OS 1.7219625 1.2508944
OS 1.7232064 1.2517511
OS 1.7234662 1.2519247
OS 1.7244094 1.2517371
OS 1.7290178 1.2526538
OS 1.7329247 1.2552642
OS 1.7355351 1.2591711
OS 1.7361516 1.2622704
OS 1.7403194 1.2641503
OS 1.7412533 1.2642398
OS 1.7517758 1.2537173
OS 1.7517758 1.0741704
OS 1.7484694 1.0714569
OS 1.7468285 1.0710835
OS 1.7455846 1.0719402
OS 1.7455283 1.0719522
OS 1.7454806 1.0719841
OS 1.7439997 1.0722787
OS 1.7425212 1.0725944
OS 1.7424647 1.072584
OS 1.7424083 1.0725952
OS 1.7409238 1.0722999
OS 1.7394406 1.0720265
OS 1.7393925 1.0719953
OS 1.739336 1.0719841
OS 1.7380763 1.0711424
OS 1.7368118 1.070323
OS 1.7362697 1.0697959
OS 1.7359147 1.0694852
OS 1.7356217 1.0692573
OS 1.7353985 1.0691059
OS 1.7353715 1.0690904
OS 1.7322834 1.0690904
OS 1.7284431 1.0683265
OS 1.7251874 1.0661512
OS 1.7159268 1.0568905
OS 1.6973105 1.0568905
OS 1.6972831 1.0569063
OS 1.6971595 1.0569902
OS 1.6963308 1.0576753
OS 1.6958702 1.0581231
OS 1.6946033 1.0589441
OS 1.693346 1.0597842
OS 1.6932897 1.0597954
OS 1.6932414 1.0598267
OS 1.6917513 1.0601014
OS 1.6902737 1.0603953
OS 1.6902176 1.0603841
OS 1.6901608 1.0603946
OS 1.6886787 1.0600781
OS 1.6872014 1.0597842
OS 1.6871537 1.0597523
OS 1.6870974 1.0597403
OS 1.6858535 1.0588836
OS 1.6855937 1.05871
OS 1.6846505 1.0588976
OS 1.6837073 1.05871
OS 1.6834475 1.0588836
OS 1.6822036 1.0597403
OS 1.6821473 1.0597523
OS 1.6820996 1.0597842
OS 1.6806187 1.0600788
OS 1.6791402 1.0603945
OS 1.6790837 1.0603841
OS 1.6790273 1.0603953
OS 1.6775428 1.0601
OS 1.6760596 1.0598266
OS 1.6760115 1.0597954
OS 1.675955 1.0597842
OS 1.6746953 1.0589425
OS 1.6734308 1.0581231
OS 1.6728887 1.057596
OS 1.6725337 1.0572853
OS 1.6722407 1.0570574
OS 1.6720175 1.056906
OS 1.6719905 1.0568905
OS 1.5793487 1.0568905
OS 1.4706652 1.165574
OS 1.4706652 1.46586
OS 1.4703747 1.4673204
OS 1.4737063 1.4723205
OS 1.4930612 1.4723205
OS 1.4961934 1.4685038
OS 1.4971101 1.4638955
OS 1.4997205 1.4599886
OS 1.5036274 1.4573782
OS 1.5082358 1.4564615
OS 1.509179 1.4566491
OS 1.5094388 1.4564755
OS 1.5106827 1.4556188
OS 1.510739 1.4556068
OS 1.5107867 1.4555749
OS 1.5122676 1.4552803
OS 1.5137461 1.4549646
OS 1.5138026 1.454975
OS 1.513859 1.4549638
OS 1.5153435 1.4552591
OS 1.5168267 1.4555325
OS 1.5168748 1.4555637
OS 1.5169313 1.4555749
OS 1.518191 1.4564166
OS 1.5194555 1.457236
OS 1.5199976 1.4577631
OS 1.5203526 1.4580738
OS 1.5206456 1.4583017
OS 1.5208688 1.4584531
OS 1.5208958 1.4584686
OS 1.6690717 1.4584686
OS 1.949597 1.1779433
OS 1.9528526 1.1757679
OS 1.956693 1.175004
OS 1.95835 1.175004
OS 1.959982 1.1739136
OS 1.9645904 1.1729969
OS 1.9691988 1.1739136
OS 1.9731057 1.176524
OS 1.9757161 1.1804309
OS 1.9766328 1.1850393
OS 1.9757161 1.1896477
OS 1.9731057 1.1935546
OS 1.9691988 1.196165
OS 1.9645904 1.1970817
OS 1.959982 1.196165
OS 1.9598485 1.1960758
OS 1.6803244 1.4755999
OS 1.6770688 1.4777753
OS 1.6732284 1.4785392
OS 1.6422225 1.4785392
OS 1.6390903 1.4823559
OS 1.6381736 1.4869642
OS 1.6355632 1.4908711
OS 1.6316563 1.4934815
OS 1.627048 1.4943982
OS 1.6242085 1.4984993
OS 1.6243258 1.4990889
OS 1.6234091 1.5036973
OS 1.6207987 1.5076042
OS 1.6168918 1.5102146
OS 1.6122834 1.5111313
OS 1.607675 1.5102146
OS 1.6037681 1.5076042
OS 1.6031463 1.5066736
OS 1.602878 1.5066202
OS 1.6013513 1.5063191
OS 1.6013459 1.5063155
OS 1.6013394 1.5063142
OS 1.6000408 1.5054466
OS 1.5987439 1.504583
OS 1.5987402 1.5045775
OS 1.5987348 1.5045739
OS 1.5978617 1.5032672
OS 1.5969995 1.5019812
OS 1.5969982 1.5019749
OS 1.5969945 1.5019693
OS 1.5966875 1.5004257
OS 1.5966553 1.5002651
OS 1.4626879 1.5002651
OS 1.4070022 1.5559508
OS 1.4075067 1.558198
OS 1.4091932 1.5608309
OS 1.6140331 1.5608309
OS 1.6140336 1.5608308
OS 1.7438749 1.5608308
OS 2.1503841 1.1543216
OS 2.1503843 1.1543213
OS 2.1750041 1.1297014
OS 2.1750041 0.7283464
OS 2.175768 0.724506
OS 2.1779434 0.7212504
OS 2.2339872 0.6652065
OS 2.231858 0.6602647
OS 2.229671 0.6602645
OS 2.1993196 0.6602645
OS 2.1993196 0.625737
OS 2.2338471 0.625737
OS 2.2338471 0.6557555
OS 2.2338473 0.6582754
OS 2.2381152 0.6601143
OS 2.2419332 0.6570117
OS 2.2419332 0.5905512
OS 2.2426971 0.5867108
OS 2.2448725 0.5834552
OS 2.2645575 0.5637701
OS 2.2678133 0.5615947
OS 2.2716536 0.5608308
OS 2.2803142 0.5608308
OS 2.2813087 0.5558308
OS 2.2754575 0.5534071
OS 2.2676446 0.547412
OS 2.2616495 0.5395991
OS 2.2578808 0.5305007
OS 2.2565954 0.520737
OS 2.2578808 0.5109733
OS 2.2616495 0.5018749
OS 2.2676446 0.494062
OS 2.2754575 0.4880669
OS 2.2845559 0.4842982
OS 2.2943196 0.4830128
OS 2.3040833 0.4842982
OS 2.3131817 0.4880669
OS 2.3209946 0.494062
OS 2.3269897 0.5018749
OS 2.3307584 0.5109733
OS 2.3320438 0.520737
OS 2.3307584 0.5305007
OS 2.3269897 0.5395991
OS 2.3209946 0.547412
OS 2.3131817 0.5534071
OS 2.3073305 0.5558308
OS 2.308325 0.5608308
OS 2.3803142 0.5608308
OS 2.3813087 0.5558308
OS 2.3754575 0.5534071
OS 2.3676446 0.547412
OS 2.3616495 0.5395991
OS 2.3578808 0.5305007
OS 2.3565954 0.520737
OS 2.3578808 0.5109733
OS 2.3616495 0.5018749
OS 2.3676446 0.494062
OS 2.3754575 0.4880669
OS 2.3845559 0.4842982
OS 2.3943196 0.4830128
OS 2.4040833 0.4842982
OS 2.4131817 0.4880669
OS 2.4209946 0.494062
OS 2.4269897 0.5018749
OS 2.4307584 0.5109733
OS 2.4320438 0.520737
OS 2.4307584 0.5305007
OS 2.4269897 0.5395991
OS 2.4209946 0.547412
OS 2.4131817 0.5534071
OS 2.4073305 0.5558308
OS 2.408325 0.5608308
OS 2.4803149 0.5608308
OS 2.4817719 0.5560226
OS 2.4754575 0.5534071
OS 2.4676446 0.547412
OS 2.4616495 0.5395991
OS 2.4578808 0.5305007
OS 2.4565954 0.520737
OS 2.4578808 0.5109733
OS 2.4616495 0.5018749
OS 2.4676446 0.494062
OS 2.4754575 0.4880669
OS 2.4845559 0.4842982
OS 2.4943196 0.4830128
OS 2.5040833 0.4842982
OS 2.5131817 0.4880669
OS 2.5209946 0.494062
OS 2.5269897 0.5018749
OS 2.5307584 0.5109733
OS 2.5320438 0.520737
OS 2.5307584 0.5305007
OS 2.5269897 0.5395991
OS 2.5209946 0.547412
OS 2.5131817 0.5534071
OS 2.5040833 0.5571758
OS 2.4943196 0.5584612
OS 2.4870292 0.5575014
OS 2.4852206 0.5623065
OS 2.487411 0.5637701
OS 2.5014156 0.5777747
OS 2.503591 0.5810303
OS 2.5041642 0.5839118
OS 2.5042809 0.5843801
OS 2.5131817 0.5880669
OS 2.5209946 0.594062
OS 2.5269897 0.6018749
OS 2.5307584 0.6109733
OS 2.5320438 0.620737
OS 2.5307584 0.6305007
OS 2.5269897 0.6395991
OS 2.5209946 0.647412
OS 2.5131817 0.6534071
OS 2.5040833 0.6571758
OS 2.4943196 0.6584612
OS 2.4845559 0.6571758
OS 2.4754575 0.6534071
OS 2.4676446 0.647412
OS 2.4616495 0.6395991
OS 2.4578808 0.6305007
OS 2.4565954 0.620737
OS 2.4578808 0.6109733
OS 2.4616495 0.6018749
OS 2.4676446 0.594062
OS 2.4741778 0.5890489
OS 2.4751902 0.5844203
OS 2.4750763 0.5828655
OS 2.4734044 0.5809014
OS 2.4089484 0.5809014
OS 2.4079538 0.5859014
OS 2.4131817 0.5880669
OS 2.4209946 0.594062
OS 2.4269897 0.6018749
OS 2.4307584 0.6109733
OS 2.4320438 0.620737
OS 2.4307584 0.6305007
OS 2.4269897 0.6395991
OS 2.4209946 0.647412
OS 2.4131817 0.6534071
OS 2.4040833 0.6571758
OS 2.3943196 0.6584612
OS 2.3845559 0.6571758
OS 2.3754575 0.6534071
OS 2.3676446 0.647412
OS 2.3616495 0.6395991
OS 2.3578808 0.6305007
OS 2.3565954 0.620737
OS 2.3578808 0.6109733
OS 2.3616495 0.6018749
OS 2.3676446 0.594062
OS 2.3754575 0.5880669
OS 2.3806854 0.5859014
OS 2.3796908 0.5809014
OS 2.3089484 0.5809014
OS 2.3079538 0.5859014
OS 2.3131817 0.5880669
OS 2.3209946 0.594062
OS 2.3269897 0.6018749
OS 2.3307584 0.6109733
OS 2.3320438 0.620737
OS 2.3307584 0.6305007
OS 2.3269897 0.6395991
OS 2.3209946 0.647412
OS 2.3131817 0.6534071
OS 2.3040833 0.6571758
OS 2.302568 0.6573753
OS 2.2873961 0.6609693
OS 2.2771888 0.6638878
OS 2.2751332 0.6646139
OS 2.2736895 0.6652115
OS 2.273299 0.6654143
OS 2.2029487 0.7357646
OS 2.2029487 1.1371197
OS 2.2021848 1.1409601
OS 2.2000094 1.1442157
OS 1.7583889 1.5858362
OS 1.7551333 1.5880116
OS 1.7512929 1.5887755
OS 1.415516 1.5887755
OS 1.1950747 1.8092167
OS 1.1950747 2.4446623
OS 1.2088761 2.4584637
OS 1.333794 2.4584637
OS 1.3338214 2.4584479
OS 1.333945 2.458364
OS 1.3347737 2.4576789
OS 1.3352343 2.4572311
OS 1.3365012 2.4564101
OS 1.3377585 2.45557
OS 1.3378148 2.4555588
OS 1.3378631 2.4555275
OS 1.3393532 2.4552528
OS 1.3408308 2.4549589
OS 1.3408869 2.4549701
OS 1.3409437 2.4549596
OS 1.3424258 2.4552761
OS 1.3439031 2.45557
OS 1.3439508 2.4556019
OS 1.3440071 2.4556139
OS 1.345251 2.4564706
OS 1.3455108 2.4566442
OS 1.346454 2.4564566
OS 1.3510624 2.4573733
OS 1.3549693 2.4599837
OS 1.3575797 2.4638906
OS 1.3584964 2.468499
OS 1.3575797 2.4731074
OS 1.3549693 2.4770142
OS 1.3549693 2.4796688
OS 1.3575797 2.4835756
OS 1.3584964 2.488184
OS 1.3575797 2.4927924
OS 1.3549693 2.4966993
OS 1.3565205 2.5016763
OS 1.3575824 2.5032656
OS 1.3584991 2.507874
OS 1.3575824 2.5124824
OS 1.3565236 2.5140671
OS 1.3553858 2.5177166
OS 1.3565236 2.521366
OS 1.3575824 2.5229507
OS 1.3584991 2.5275591
OS 1.3575824 2.5321675
OS 1.354972 2.5360743
OS 1.354972 2.5387289
OS 1.3575824 2.5426357
OS 1.3584991 2.5472441
OS 1.3575824 2.5518525
OS 1.354972 2.5557593
OS 1.354972 2.5584139
OS 1.3575824 2.5623207
OS 1.3584991 2.5669291
OS 1.3575824 2.5715375
OS 1.3565236 2.5731222
OS 1.3553858 2.5767717
OS 1.3565236 2.5804211
OS 1.3575824 2.5820058
OS 1.3584991 2.5866142
OS 1.3575824 2.5912226
OS 1.354972 2.5951295
OS 1.3510651 2.5977399
OS 1.3464567 2.5986566
OS 1.3418483 2.5977399
OS 1.3379414 2.5951295
OS 1.335331 2.5912226
OS 1.3344143 2.5866142
OS 1.335331 2.5820058
OS 1.3363898 2.5804211
OS 1.3375276 2.5767716
OS 1.3363898 2.5731222
OS 1.335331 2.5715375
OS 1.3344143 2.5669291
OS 1.335331 2.5623207
OS 1.3379414 2.5584139
OS 1.3379414 2.5557593
OS 1.335331 2.5518525
OS 1.3344143 2.5472441
OS 1.335331 2.5426357
OS 1.3379414 2.5387289
OS 1.3379414 2.5360743
OS 1.335331 2.5321675
OS 1.3344143 2.5275591
OS 1.335331 2.5229507
OS 1.3363898 2.521366
OS 1.3375276 2.5177165
OS 1.3363898 2.5140671
OS 1.335331 2.5124824
OS 1.3344143 2.507874
OS 1.335331 2.5032656
OS 1.3379414 2.4993587
OS 1.3363902 2.4943817
OS 1.3353283 2.4927924
OS 1.3344116 2.488184
OS 1.3353283 2.4835757
OS 1.3352844 2.4817999
OS 1.3326832 2.4785343
OS 1.2569125 2.4785343
OS 1.2542398 2.4835343
OS 1.2552177 2.4849979
OS 1.2561344 2.4896063
OS 1.2552177 2.4942147
OS 1.2526073 2.4981216
OS 1.2487004 2.500732
OS 1.244092 2.5016487
OS 1.2394836 2.500732
OS 1.2355768 2.4981216
OS 1.2309788 2.4981216
OS 1.227072 2.500732
OS 1.2224636 2.5016487
OS 1.2178552 2.500732
OS 1.2139483 2.4981216
OS 1.2113379 2.4942147
OS 1.2104212 2.4896063
OS 1.2113379 2.4849979
OS 1.2123158 2.4835343
OS 1.2096431 2.4785343
OS 1.2047194 2.4785343
OS 1.200879 2.4777704
OS 1.1976234 2.475595
OS 1.1918201 2.4697917
OS 1.1872007 2.4717052
OS 1.1872007 2.5548985
OS 1.2088811 2.5765789
OS 1.2196235 2.5765789
OS 1.2196509 2.5765631
OS 1.2197745 2.5764792
OS 1.2206032 2.5757941
OS 1.2210638 2.5753463
OS 1.2223307 2.5745253
OS 1.223588 2.5736852
OS 1.2236443 2.573674
OS 1.2236926 2.5736427
OS 1.2251827 2.573368
OS 1.2266603 2.5730741
OS 1.2267164 2.5730853
OS 1.2267732 2.5730748
OS 1.2282553 2.5733913
OS 1.2297326 2.5736852
OS 1.2297803 2.5737171
OS 1.2298366 2.5737291
OS 1.2310805 2.5745858
OS 1.2313403 2.5747594
OS 1.2322835 2.5745718
OS 1.2368919 2.5754885
OS 1.2407988 2.5780989
OS 1.2434092 2.5820058
OS 1.2443259 2.5866142
OS 1.2434092 2.5912226
OS 1.2407988 2.5951295
OS 1.2368919 2.5977399
OS 1.2322835 2.5986566
OS 1.2313403 2.598469
OS 1.2310805 2.5986426
OS 1.2298366 2.5994993
OS 1.2297803 2.5995113
OS 1.2297326 2.5995432
OS 1.2282517 2.5998378
OS 1.2267732 2.6001535
OS 1.2267167 2.6001431
OS 1.2266603 2.6001543
OE
OB 0.6909894 2.3755755 H
OS 0.6587645 2.3755755
OS 0.6587645 2.3433506
OS 0.6635694 2.3439832
OS 0.672706 2.3477678
OS 0.6805519 2.3537881
OS 0.6865722 2.361634
OS 0.6903568 2.3707706
OS 0.6909894 2.3755755
OE
OB 1.2834646 2.3911571 H
OS 1.2757839 2.3896293
OS 1.2692725 2.3852785
OS 1.2649217 2.3787671
OS 1.2633939 2.3710864
OS 1.2637796 2.3691474
OS 1.2637796 2.3533404
OS 1.2633939 2.3514014
OS 1.2649217 2.3437207
OS 1.2692725 2.3372093
OS 1.2757839 2.3328585
OS 1.2834646 2.3313307
OS 1.2911453 2.3328585
OS 1.2976567 2.3372093
OS 1.3020075 2.3437207
OS 1.3035353 2.3514014
OS 1.3031496 2.3533404
OS 1.3031496 2.3691474
OS 1.3035353 2.3710864
OS 1.3020075 2.3787671
OS 1.2976567 2.3852785
OS 1.2911453 2.3896293
OS 1.2834646 2.3911571
OE
OB 0.6062992 2.5314961 H
OS 0.1968504 2.5314961
OS 0.1813628 2.5160085
OS 0.1683315 2.5160085
OS 0.1683315 2.5029772
OS 0.1574803 2.492126
OS 0.1574803 2.4251969
OS 0.2401575 2.3425197
OS 0.5708662 2.3425197
OS 0.611437 2.3830905
OS 0.614385 2.3816367
OS 0.6158944 2.3804768
OS 0.6171722 2.3707706
OS 0.6209568 2.361634
OS 0.6269771 2.3537881
OS 0.634823 2.3477678
OS 0.6439596 2.3439832
OS 0.6487645 2.3433506
OS 0.6487645 2.3805755
OS 0.6487645 2.4184701
OS 0.6456693 2.4211846
OS 0.6456693 2.492126
OS 0.6062992 2.5314961
OE
OB 1.019685 2.5317274 H
OS 1.0150766 2.5308107
OS 1.0111697 2.5282003
OS 1.0085593 2.5242934
OS 1.0076426 2.519685
OS 1.0085593 2.5150766
OS 1.0111697 2.5111697
OS 1.0150766 2.5085593
OS 1.019685 2.5076426
OS 1.0242934 2.5085593
OS 1.0282003 2.5111697
OS 1.0308107 2.5150766
OS 1.0317274 2.519685
OS 1.0308107 2.5242934
OS 1.0282003 2.5282003
OS 1.0242934 2.5308107
OS 1.019685 2.5317274
OE
OB 0.6259843 2.6420408 H
OS 0.6198397 2.6408186
OS 0.6146306 2.637338
OS 0.61115 2.6321289
OS 0.6099278 2.6259843
OS 0.61115 2.6198397
OS 0.6146306 2.6146306
OS 0.6198397 2.61115
OS 0.6259843 2.6099278
OS 0.6321289 2.61115
OS 0.637338 2.6146306
OS 0.6408186 2.6198397
OS 0.6420408 2.6259843
OS 0.6408186 2.6321289
OS 0.637338 2.637338
OS 0.6321289 2.6408186
OS 0.6259843 2.6420408
OE
OB 1.4055118 2.6970818 H
OS 1.4009034 2.6961651
OS 1.3969965 2.6935547
OS 1.3943861 2.6896478
OS 1.3934694 2.6850394
OS 1.3943861 2.680431
OS 1.3954465 2.678844
OS 1.3969937 2.6738642
OS 1.3943833 2.6699574
OS 1.3934666 2.665349
OS 1.3943833 2.6607406
OS 1.3969937 2.6568338
OS 1.3969937 2.6541792
OS 1.3943833 2.6502724
OS 1.3934666 2.645664
OS 1.3943833 2.6410556
OS 1.3969937 2.6371487
OS 1.4009006 2.6345383
OS 1.405509 2.6336216
OS 1.4101174 2.6345383
OS 1.4140243 2.6371487
OS 1.4166347 2.6410556
OS 1.4175514 2.645664
OS 1.4166347 2.6502724
OS 1.4140243 2.6541792
OS 1.4140243 2.6568338
OS 1.4166347 2.6607406
OS 1.4175514 2.665349
OS 1.4166347 2.6699574
OS 1.4155743 2.6715444
OS 1.4140271 2.6765242
OS 1.4166375 2.680431
OS 1.4175542 2.6850394
OS 1.4166375 2.6896478
OS 1.4140271 2.6935547
OS 1.4101202 2.6961651
OS 1.4055118 2.6970818
OE
OB 0.507874 2.6735368 H
OS 0.5017294 2.6723146
OS 0.4965203 2.668834
OS 0.4939585 2.665
OS 0.4932761 2.6648911
OS 0.4931436 2.6648097
OS 0.4929913 2.6647794
OS 0.4918146 2.6639932
OS 0.4906071 2.6632513
OS 0.4905158 2.6631254
OS 0.4903867 2.6630391
OS 0.4896005 2.6618624
OS 0.4887688 2.6607149
OS 0.4887327 2.6605636
OS 0.4886464 2.6604345
OS 0.4883703 2.6590465
OS 0.4880411 2.6576681
OS 0.488021 2.6571407
OS 0.488001 2.6569929
OS 0.48796 2.6568167
OS 0.4878876 2.6565987
OS 0.4877708 2.6563281
OS 0.4875948 2.6559977
OS 0.4873471 2.6556075
OS 0.4870916 2.6552611
OS 0.4315709 2.5997404
OS 0.4178399 2.5997404
OS 0.4174129 2.5998048
OS 0.4169631 2.5999053
OS 0.416605 2.6000145
OS 0.4163304 2.6001235
OS 0.4161246 2.6002267
OS 0.4159722 2.6003216
OS 0.4158526 2.6004127
OS 0.4154661 2.6007708
OS 0.4142602 2.6015117
OS 0.4130818 2.6022991
OS 0.4129294 2.6023294
OS 0.4127971 2.6024107
OS 0.4113985 2.6026339
OS 0.4100095 2.6029102
OS 0.4098572 2.6028799
OS 0.4097038 2.6029044
OS 0.4083264 2.6025754
OS 0.4069372 2.6022991
OS 0.406808 2.6022128
OS 0.406657 2.6021767
OS 0.4060974 2.6017711
OS 0.4015748 2.6026707
OS 0.3954302 2.6014485
OS 0.3902211 2.5979679
OS 0.3867405 2.5927588
OS 0.3855183 2.5866142
OS 0.3867405 2.5804696
OS 0.3902211 2.5752605
OS 0.3954302 2.5717799
OS 0.4015748 2.5705577
OS 0.4060974 2.5714573
OS 0.406657 2.5710517
OS 0.406808 2.5710156
OS 0.4069372 2.5709293
OS 0.4083264 2.570653
OS 0.4097038 2.570324
OS 0.4098572 2.5703485
OS 0.4100095 2.5703182
OS 0.4113985 2.5705945
OS 0.4127971 2.5708177
OS 0.4129294 2.570899
OS 0.4130818 2.5709293
OS 0.4142602 2.5717167
OS 0.4154661 2.5724576
OS 0.4158529 2.572816
OS 0.4159719 2.5729066
OS 0.4161249 2.5730018
OS 0.4163303 2.5731048
OS 0.4166048 2.5732138
OS 0.4169632 2.5733231
OS 0.4174133 2.5734236
OS 0.4178399 2.573488
OS 0.4369766 2.573488
OS 0.4370027 2.5734828
OS 0.4420259 2.5744819
OS 0.4462844 2.5773273
OS 0.4462848 2.5773279
OS 0.5056548 2.6366979
OS 0.506001 2.6369532
OS 0.5063918 2.6372013
OS 0.5067216 2.637377
OS 0.5069927 2.637494
OS 0.5072104 2.6375663
OS 0.5073866 2.6376073
OS 0.5075344 2.6376273
OS 0.5080618 2.6376474
OS 0.5094399 2.6379766
OS 0.5108282 2.6382527
OS 0.5109574 2.638339
OS 0.5111085 2.6383751
OS 0.5122554 2.6392063
OS 0.5134328 2.639993
OS 0.5135191 2.6401222
OS 0.513645 2.6402134
OS 0.5143869 2.6414209
OS 0.5151731 2.6425976
OS 0.5152034 2.6427499
OS 0.5152848 2.6428824
OS 0.5153937 2.6435648
OS 0.5192277 2.6461266
OS 0.5227083 2.6513357
OS 0.5239305 2.6574803
OS 0.5227083 2.6636249
OS 0.5192277 2.668834
OS 0.5140186 2.6723146
OS 0.507874 2.6735368
OE
OB 1.2283465 2.5396015 H
OS 1.2237381 2.5386848
OS 1.2198312 2.5360744
OS 1.2172208 2.5321675
OS 1.2163041 2.5275591
OS 1.2172208 2.5229507
OS 1.2198312 2.5190438
OS 1.2237381 2.5164334
OS 1.2283465 2.5155167
OS 1.2329549 2.5164334
OS 1.2368618 2.5190438
OS 1.2394722 2.5229507
OS 1.2403889 2.5275591
OS 1.2394722 2.5321675
OS 1.2368618 2.5360744
OS 1.2329549 2.5386848
OS 1.2283465 2.5396015
OE
OB 1.437005 2.6222734 H
OS 1.4323966 2.6213567
OS 1.4284897 2.6187463
OS 1.4258793 2.6148394
OS 1.4249626 2.610231
OS 1.4258793 2.6056226
OS 1.4284897 2.6017157
OS 1.4323966 2.5991053
OS 1.437005 2.5981886
OS 1.4416134 2.5991053
OS 1.4455203 2.6017157
OS 1.4481307 2.6056226
OS 1.4490474 2.610231
OS 1.4481307 2.6148394
OS 1.4455203 2.6187463
OS 1.4416134 2.6213567
OS 1.437005 2.6222734
OE
OB 3.3897638 1.2207038 H
OS 3.3851554 1.2197871
OS 3.3812485 1.2171767
OS 3.3786381 1.2132698
OS 3.3777214 1.2086614
OS 3.3786381 1.204053
OS 3.3812485 1.2001461
OS 3.3851554 1.1975357
OS 3.387903 1.1969891
OS 3.3885342 1.1944623
OS 3.3884309 1.1917861
OS 3.3851855 1.1896177
OS 3.3825751 1.1857108
OS 3.3816584 1.1811024
OS 3.3825751 1.176494
OS 3.3851855 1.1725871
OS 3.3890924 1.1699767
OS 3.3937008 1.16906
OS 3.3983092 1.1699767
OS 3.4022161 1.1725871
OS 3.4048265 1.176494
OS 3.4057432 1.1811024
OS 3.4048265 1.1857108
OS 3.4022161 1.1896177
OS 3.3983092 1.1922281
OS 3.3955616 1.1927747
OS 3.3949304 1.1953015
OS 3.3950337 1.1979777
OS 3.3982791 1.2001461
OS 3.4008895 1.204053
OS 3.4018062 1.2086614
OS 3.4008895 1.2132698
OS 3.3982791 1.2171767
OS 3.3943722 1.2197871
OS 3.3897638 1.2207038
OE
OB 2.5943196 0.6584612 H
OS 2.5845559 0.6571758
OS 2.5754575 0.6534071
OS 2.5676446 0.647412
OS 2.5616495 0.6395991
OS 2.5578808 0.6305007
OS 2.5565954 0.620737
OS 2.5578808 0.6109733
OS 2.5616495 0.6018749
OS 2.5676446 0.594062
OS 2.5754575 0.5880669
OS 2.5845559 0.5842982
OS 2.5943196 0.5830128
OS 2.6040833 0.5842982
OS 2.6131817 0.5880669
OS 2.6209946 0.594062
OS 2.6269897 0.6018749
OS 2.6307584 0.6109733
OS 2.6320438 0.620737
OS 2.6307584 0.6305007
OS 2.6269897 0.6395991
OS 2.6209946 0.647412
OS 2.6131817 0.6534071
OS 2.6040833 0.6571758
OS 2.5943196 0.6584612
OE
OB 2.6943196 0.6584612 H
OS 2.6845559 0.6571758
OS 2.6754575 0.6534071
OS 2.6676446 0.647412
OS 2.6616495 0.6395991
OS 2.6578808 0.6305007
OS 2.6565954 0.620737
OS 2.6578808 0.6109733
OS 2.6616495 0.6018749
OS 2.6676446 0.594062
OS 2.6754575 0.5880669
OS 2.6845559 0.5842982
OS 2.6943196 0.5830128
OS 2.7040833 0.5842982
OS 2.7131817 0.5880669
OS 2.7209946 0.594062
OS 2.7269897 0.6018749
OS 2.7307584 0.6109733
OS 2.7320438 0.620737
OS 2.7307584 0.6305007
OS 2.7269897 0.6395991
OS 2.7209946 0.647412
OS 2.7131817 0.6534071
OS 2.7040833 0.6571758
OS 2.6943196 0.6584612
OE
OB 2.2338471 0.615737 H
OS 2.1993196 0.615737
OS 2.1993196 0.5812095
OS 2.2338471 0.5812095
OS 2.2338471 0.615737
OE
OB 1.507871 0.5945641 H
OS 1.5017264 0.5933419
OS 1.4965173 0.5898613
OS 1.4930367 0.5846522
OS 1.4918145 0.5785076
OS 1.4930367 0.572363
OS 1.4965173 0.5671539
OS 1.5017264 0.5636733
OS 1.507871 0.5624511
OS 1.5140156 0.5636733
OS 1.5192247 0.5671539
OS 1.5227053 0.572363
OS 1.5239275 0.5785076
OS 1.5227053 0.5846522
OS 1.5192247 0.5898613
OS 1.5140156 0.5933419
OS 1.507871 0.5945641
OE
OB 2.1893196 0.615737 H
OS 2.1547921 0.615737
OS 2.1547921 0.5812095
OS 2.1893196 0.5812095
OS 2.1893196 0.615737
OE
OB 1.5641964 0.6236265 H
OS 1.559588 0.6227098
OS 1.5556811 0.6200994
OS 1.5530707 0.6161925
OS 1.552154 0.6115841
OS 1.5530707 0.6069757
OS 1.5556811 0.6030688
OS 1.559588 0.6004584
OS 1.5641964 0.5995417
OS 1.5688048 0.6004584
OS 1.5727117 0.6030688
OS 1.5753221 0.6069757
OS 1.5762388 0.6115841
OS 1.5753221 0.6161925
OS 1.5727117 0.6200994
OS 1.5688048 0.6227098
OS 1.5641964 0.6236265
OE
OB 3.3437078 0.756214 H
OS 3.3375632 0.7549918
OS 3.3323541 0.7515112
OS 3.3288735 0.7463021
OS 3.3276513 0.7401575
OS 3.3288735 0.7340129
OS 3.3323541 0.7288038
OS 3.3375632 0.7253232
OS 3.3437078 0.724101
OS 3.3498524 0.7253232
OS 3.3550615 0.7288038
OS 3.3585421 0.7340129
OS 3.3597643 0.7401575
OS 3.3585421 0.7463021
OS 3.3550615 0.7515112
OS 3.3498524 0.7549918
OS 3.3437078 0.756214
OE
OB 3.3976378 0.7561369 H
OS 3.3930294 0.7552202
OS 3.3891225 0.7526098
OS 3.3865121 0.7487029
OS 3.3855954 0.7440945
OS 3.3865121 0.7394861
OS 3.3891225 0.7355792
OS 3.3930294 0.7329688
OS 3.3976378 0.7320521
OS 3.4022462 0.7329688
OS 3.4061531 0.7355792
OS 3.4087635 0.7394861
OS 3.4096802 0.7440945
OS 3.4087635 0.7487029
OS 3.4061531 0.7526098
OS 3.4022462 0.7552202
OS 3.3976378 0.7561369
OE
OB 2.2952756 0.7325919 H
OS 2.289131 0.7313697
OS 2.2839219 0.7278891
OS 2.2804413 0.72268
OS 2.2792191 0.7165354
OS 2.2804413 0.7103908
OS 2.2839219 0.7051817
OS 2.289131 0.7017011
OS 2.2952756 0.7004789
OS 2.3014202 0.7017011
OS 2.3066293 0.7051817
OS 2.3101099 0.7103908
OS 2.3113321 0.7165354
OS 2.3101099 0.72268
OS 2.3066293 0.7278891
OS 2.3014202 0.7313697
OS 2.2952756 0.7325919
OE
OB 2.1893196 0.6602645 H
OS 2.1547921 0.6602645
OS 2.1547921 0.625737
OS 2.1893196 0.625737
OS 2.1893196 0.6602645
OE
OB 1.4153543 0.6911763 H
OS 1.4107459 0.6902596
OS 1.406839 0.6876492
OS 1.4042286 0.6837423
OS 1.4033119 0.6791339
OS 1.4042286 0.6745255
OS 1.406839 0.6706186
OS 1.4107459 0.6680082
OS 1.4153543 0.6670915
OS 1.4199627 0.6680082
OS 1.4238696 0.6706186
OS 1.42648 0.6745255
OS 1.4273967 0.6791339
OS 1.42648 0.6837423
OS 1.4238696 0.6876492
OS 1.4199627 0.6902596
OS 1.4153543 0.6911763
OE
OB 3.044 0.5780565 H
OS 3.0378554 0.5768343
OS 3.0326463 0.5733537
OS 3.0291657 0.5681446
OS 3.0279435 0.562
OS 3.0291657 0.5558554
OS 3.0326463 0.5506463
OS 3.0378554 0.5471657
OS 3.044 0.5459435
OS 3.0501446 0.5471657
OS 3.0553537 0.5506463
OS 3.0588343 0.5558554
OS 3.0600565 0.562
OS 3.0588343 0.5681446
OS 3.0553537 0.5733537
OS 3.0501446 0.5768343
OS 3.044 0.5780565
OE
OB 2.2335299 0.515737 H
OS 2.1993196 0.515737
OS 2.1993196 0.4815267
OS 2.2046384 0.4822269
OS 2.2142539 0.4862098
OS 2.222511 0.4925456
OS 2.2288468 0.5008027
OS 2.2328297 0.5104182
OS 2.2335299 0.515737
OE
OB 3.3432674 0.5144301 H
OS 3.3371228 0.5132079
OS 3.3319137 0.5097273
OS 3.3284331 0.5045182
OS 3.3272109 0.4983736
OS 3.3284331 0.492229
OS 3.3319137 0.4870199
OS 3.3371228 0.4835393
OS 3.3432674 0.4823171
OS 3.349412 0.4835393
OS 3.3546211 0.4870199
OS 3.3581017 0.492229
OS 3.3593239 0.4983736
OS 3.3581017 0.5045182
OS 3.3546211 0.5097273
OS 3.349412 0.5132079
OS 3.3432674 0.5144301
OE
OB 2.1893196 0.515737 H
OS 2.1551093 0.515737
OS 2.1558095 0.5104182
OS 2.1597924 0.5008027
OS 2.1661282 0.4925456
OS 2.1743853 0.4862098
OS 2.1840008 0.4822269
OS 2.1893196 0.4815267
OS 2.1893196 0.515737
OE
OB 1.566926 0.3831672 H
OS 1.5623176 0.3822505
OS 1.5584107 0.3796401
OS 1.5558003 0.3757332
OS 1.5548836 0.3711248
OS 1.5558003 0.3665164
OS 1.5584107 0.3626095
OS 1.5623176 0.3599991
OS 1.566926 0.3590824
OS 1.5715344 0.3599991
OS 1.5754413 0.3626095
OS 1.5780517 0.3665164
OS 1.5789684 0.3711248
OS 1.5780517 0.3757332
OS 1.5754413 0.3796401
OS 1.5715344 0.3822505
OS 1.566926 0.3831672
OE
OB 1.484252 0.4010188 H
OS 1.4796436 0.4001021
OS 1.4757367 0.3974917
OS 1.4731263 0.3935848
OS 1.4722096 0.3889764
OS 1.4731263 0.384368
OS 1.4757367 0.3804611
OS 1.4796436 0.3778507
OS 1.484252 0.376934
OS 1.4888604 0.3778507
OS 1.4927673 0.3804611
OS 1.4953777 0.384368
OS 1.4962944 0.3889764
OS 1.4953777 0.3935848
OS 1.4927673 0.3974917
OS 1.4888604 0.4001021
OS 1.484252 0.4010188
OE
OB 2.5943196 0.5584612 H
OS 2.5845559 0.5571758
OS 2.5754575 0.5534071
OS 2.5676446 0.547412
OS 2.5616495 0.5395991
OS 2.5578808 0.5305007
OS 2.5565954 0.520737
OS 2.5578808 0.5109733
OS 2.5616495 0.5018749
OS 2.5676446 0.494062
OS 2.5754575 0.4880669
OS 2.5845559 0.4842982
OS 2.5943196 0.4830128
OS 2.6040833 0.4842982
OS 2.6131817 0.4880669
OS 2.6209946 0.494062
OS 2.6269897 0.5018749
OS 2.6307584 0.5109733
OS 2.6320438 0.520737
OS 2.6307584 0.5305007
OS 2.6269897 0.5395991
OS 2.6209946 0.547412
OS 2.6131817 0.5534071
OS 2.6040833 0.5571758
OS 2.5943196 0.5584612
OE
OB 2.1993196 0.5599473 H
OS 2.1993196 0.525737
OS 2.2335299 0.525737
OS 2.2328297 0.5310558
OS 2.2288468 0.5406713
OS 2.222511 0.5489284
OS 2.2142539 0.5552642
OS 2.2046384 0.5592471
OS 2.1993196 0.5599473
OE
OB 2.989811 0.5770765 H
OS 2.9836664 0.5758543
OS 2.9784573 0.5723737
OS 2.9749767 0.5671646
OS 2.9737545 0.56102
OS 2.9749767 0.5548754
OS 2.9784573 0.5496663
OS 2.9836664 0.5461857
OS 2.989811 0.5449635
OS 2.9959556 0.5461857
OS 3.0011647 0.5496663
OS 3.0046453 0.5548754
OS 3.0058675 0.56102
OS 3.0046453 0.5671646
OS 3.0011647 0.5723737
OS 2.9959556 0.5758543
OS 2.989811 0.5770765
OE
OB 2.1893196 0.5599473 H
OS 2.1840008 0.5592471
OS 2.1743853 0.5552642
OS 2.1661282 0.5489284
OS 2.1597924 0.5406713
OS 2.1558095 0.5310558
OS 2.1551093 0.525737
OS 2.1893196 0.525737
OS 2.1893196 0.5599473
OE
OB 2.6943196 0.5584612 H
OS 2.6845559 0.5571758
OS 2.6754575 0.5534071
OS 2.6676446 0.547412
OS 2.6616495 0.5395991
OS 2.6578808 0.5305007
OS 2.6565954 0.520737
OS 2.6578808 0.5109733
OS 2.6616495 0.5018749
OS 2.6676446 0.494062
OS 2.6754575 0.4880669
OS 2.6845559 0.4842982
OS 2.6943196 0.4830128
OS 2.7040833 0.4842982
OS 2.7131817 0.4880669
OS 2.7209946 0.494062
OS 2.7269897 0.5018749
OS 2.7307584 0.5109733
OS 2.7320438 0.520737
OS 2.7307584 0.5305007
OS 2.7269897 0.5395991
OS 2.7209946 0.547412
OS 2.7131817 0.5534071
OS 2.7040833 0.5571758
OS 2.6943196 0.5584612
OE
OB 3.4127941 0.5075159 H
OS 3.4081857 0.5065992
OS 3.4042788 0.5039888
OS 3.4016684 0.5000819
OS 3.4007517 0.4954735
OS 3.4016684 0.4908651
OS 3.4042788 0.4869582
OS 3.4081857 0.4843478
OS 3.4127941 0.4834311
OS 3.4174025 0.4843478
OS 3.4213094 0.4869582
OS 3.4239198 0.4908651
OS 3.4248365 0.4954735
OS 3.4239198 0.5000819
OS 3.4213094 0.5039888
OS 3.4174025 0.5065992
OS 3.4127941 0.5075159
OE
OB 2.7795276 1.0436156 H
OS 2.773383 1.0423934
OS 2.7681739 1.0389128
OS 2.7646933 1.0337037
OS 2.7634711 1.0275591
OS 2.7646933 1.0214145
OS 2.7681739 1.0162054
OS 2.773383 1.0127248
OS 2.7795276 1.0115026
OS 2.7856722 1.0127248
OS 2.7908813 1.0162054
OS 2.7943619 1.0214145
OS 2.7955841 1.0275591
OS 2.7943619 1.0337037
OS 2.7908813 1.0389128
OS 2.7856722 1.0423934
OS 2.7795276 1.0436156
OE
OB 2.7795276 1.0947967 H
OS 2.773383 1.0935745
OS 2.7681739 1.0900939
OS 2.7646933 1.0848848
OS 2.7634711 1.0787402
OS 2.7646933 1.0725956
OS 2.7681739 1.0673865
OS 2.773383 1.0639059
OS 2.7795276 1.0626837
OS 2.7856722 1.0639059
OS 2.7908813 1.0673865
OS 2.7943619 1.0725956
OS 2.7955841 1.0787402
OS 2.7943619 1.0848848
OS 2.7908813 1.0900939
OS 2.7856722 1.0935745
OS 2.7795276 1.0947967
OE
OB 2.9632856 1.0317274 H
OS 2.9586772 1.0308107
OS 2.9547703 1.0282003
OS 2.9521599 1.0242934
OS 2.9512432 1.019685
OS 2.9521599 1.0150766
OS 2.9547703 1.0111697
OS 2.9586772 1.0085593
OS 2.9632856 1.0076426
OS 2.967894 1.0085593
OS 2.9718009 1.0111697
OS 2.9744113 1.0150766
OS 2.975328 1.019685
OS 2.9744113 1.0242934
OS 2.9718009 1.0282003
OS 2.967894 1.0308107
OS 2.9632856 1.0317274
OE
OB 3.3464181 1.0262399 H
OS 3.3402735 1.0250177
OS 3.3350644 1.0215371
OS 3.3315838 1.016328
OS 3.3303616 1.0101834
OS 3.3315838 1.0040388
OS 3.3350644 0.9988297
OS 3.3402735 0.9953491
OS 3.3464181 0.9941269
OS 3.3525627 0.9953491
OS 3.3577718 0.9988297
OS 3.3612524 1.0040388
OS 3.3624746 1.0101834
OS 3.3612524 1.016328
OS 3.3577718 1.0215371
OS 3.3525627 1.0250177
OS 3.3464181 1.0262399
OE
OB 3.4159448 1.0193257 H
OS 3.4113364 1.018409
OS 3.4074295 1.0157986
OS 3.4048191 1.0118917
OS 3.4039024 1.0072833
OS 3.4048191 1.0026749
OS 3.4074295 0.998768
OS 3.4113364 0.9961576
OS 3.4159448 0.9952409
OS 3.4205532 0.9961576
OS 3.4244601 0.998768
OS 3.4270705 1.0026749
OS 3.4279872 1.0072833
OS 3.4270705 1.0118917
OS 3.4244601 1.0157986
OS 3.4205532 1.018409
OS 3.4159448 1.0193257
OE
OB 2.118106 1.1066055 H
OS 2.1119614 1.1053833
OS 2.1067523 1.1019027
OS 2.1032717 1.0966936
OS 2.1020495 1.090549
OS 2.1032717 1.0844044
OS 2.1067523 1.0791953
OS 2.1119614 1.0757147
OS 2.118106 1.0744925
OS 2.1242506 1.0757147
OS 2.1294597 1.0791953
OS 2.1329403 1.0844044
OS 2.1341625 1.090549
OS 2.1329403 1.0966936
OS 2.1294597 1.1019027
OS 2.1242506 1.1053833
OS 2.118106 1.1066055
OE
OB 1.8543307 1.1695227 H
OS 1.8497223 1.168606
OS 1.8458154 1.1659956
OS 1.843205 1.1620887
OS 1.8422883 1.1574803
OS 1.843205 1.1528719
OS 1.8458154 1.148965
OS 1.8497223 1.1463546
OS 1.8543307 1.1454379
OS 1.8589391 1.1463546
OS 1.862846 1.148965
OS 1.8654564 1.1528719
OS 1.8663731 1.1574803
OS 1.8654564 1.1620887
OS 1.862846 1.1659956
OS 1.8589391 1.168606
OS 1.8543307 1.1695227
OE
OB 2.353 1.1940565 H
OS 2.3468554 1.1928343
OS 2.3416463 1.1893537
OS 2.3381657 1.1841446
OS 2.3369435 1.178
OS 2.3381657 1.1718554
OS 2.3416463 1.1666463
OS 2.3468554 1.1631657
OS 2.353 1.1619435
OS 2.3591446 1.1631657
OS 2.3643537 1.1666463
OS 2.3678343 1.1718554
OS 2.3690565 1.178
OS 2.3678343 1.1841446
OS 2.3643537 1.1893537
OS 2.3591446 1.1928343
OS 2.353 1.1940565
OE
OB 2.55905 1.1695975 H
OS 2.5529054 1.1683753
OS 2.5476963 1.1648947
OS 2.5442157 1.1596856
OS 2.5429935 1.153541
OS 2.5442157 1.1473964
OS 2.5476963 1.1421873
OS 2.5529054 1.1387067
OS 2.55905 1.1374845
OS 2.5651946 1.1387067
OS 2.5704037 1.1421873
OS 2.5738843 1.1473964
OS 2.5751065 1.153541
OS 2.5738843 1.1596856
OS 2.5704037 1.1648947
OS 2.5651946 1.1683753
OS 2.55905 1.1695975
OE
OB 1.5787402 1.1302297 H
OS 1.5725956 1.1290075
OS 1.5673865 1.1255269
OS 1.5639059 1.1203178
OS 1.5626837 1.1141732
OS 1.5639059 1.1080286
OS 1.5673865 1.1028195
OS 1.5725956 1.0993389
OS 1.5787402 1.0981167
OS 1.5848848 1.0993389
OS 1.5900939 1.1028195
OS 1.5935745 1.1080286
OS 1.5947967 1.1141732
OS 1.5935745 1.1203178
OS 1.5900939 1.1255269
OS 1.5848848 1.1290075
OS 1.5787402 1.1302297
OE
OB 2.8267717 1.1577117 H
OS 2.8221633 1.156795
OS 2.8182564 1.1541846
OS 2.815646 1.1502777
OS 2.8147293 1.1456693
OS 2.815646 1.1410609
OS 2.8182564 1.137154
OS 2.8221633 1.1345436
OS 2.8267717 1.1336269
OS 2.8313801 1.1345436
OS 2.835287 1.137154
OS 2.8378974 1.1410609
OS 2.8388141 1.1456693
OS 2.8378974 1.1502777
OS 2.835287 1.1541846
OS 2.8313801 1.156795
OS 2.8267717 1.1577117
OE
OB 2.023622 1.1144046 H
OS 2.0190136 1.1134879
OS 2.0151067 1.1108775
OS 2.0124963 1.1069706
OS 2.0115796 1.1023622
OS 2.0124963 1.0977538
OS 2.0151067 1.0938469
OS 2.0159064 1.0933126
OS 2.0159678 1.0930038
OS 2.0162411 1.0915211
OS 2.0162723 1.0914729
OS 2.0162836 1.0914162
OS 2.017123 1.0901601
OS 2.0179445 1.0888922
OS 2.0179921 1.0888594
OS 2.018024 1.0888117
OS 2.0192788 1.0879733
OS 2.0205244 1.0871154
OS 2.0205806 1.0871034
OS 2.0206285 1.0870714
OS 2.0221098 1.0867768
OS 2.0235877 1.0864611
OS 2.0243442 1.0864504
OS 2.024814 1.0864193
OS 2.0251829 1.0863731
OS 2.0254471 1.0863225
OS 2.0254782 1.0863141
OS 2.073325 1.0384673
OS 2.0733252 1.038467
OS 2.1008261 1.010966
OS 2.1011729 1.0101488
OS 2.1012736 1.0098506
OS 2.1016474 1.0084601
OS 2.1018192 1.0076531
OS 2.1024246 1.0062449
OS 2.1030307 1.0048129
OS 2.1030472 1.0047966
OS 2.1030564 1.0047753
OS 2.1041639 1.003697
OS 2.1052626 1.002615
OS 2.1052841 1.0026063
OS 2.1053008 1.00259
OS 2.1067346 1.0020184
OS 2.1081657 1.0014384
OS 2.1081891 1.0014386
OS 2.1082106 1.00143
OS 2.1092353 1.0014437
OS 2.1113057 0.9991638
OS 2.1112087 0.9961116
OS 2.1105003 0.9933731
OS 2.1095907 0.9927653
OS 2.1069803 0.9888584
OS 2.1060636 0.98425
OS 2.1063576 0.9827723
OS 2.1017495 0.9803092
OS 2.0556505 1.0264081
OS 2.0556287 1.0264631
OS 2.0555473 1.0267197
OS 2.055483 1.0269767
OS 2.0552826 1.0281895
OS 2.0552146 1.0289038
OS 2.0547755 1.0303688
OS 2.0543546 1.0318291
OS 2.0543278 1.0318627
OS 2.0543153 1.0319044
OS 2.0533459 1.0330937
OS 2.0524012 1.034278
OS 2.0523636 1.0342988
OS 2.0523361 1.0343325
OS 2.0509908 1.0350573
OS 2.0496594 1.0357929
OS 2.0496164 1.0357977
OS 2.0495784 1.0358182
OS 2.048064 1.0359724
OS 2.0479445 1.0359859
OS 2.0478854 1.0360744
OS 2.0439785 1.0386848
OS 2.0393701 1.0396015
OS 2.0347617 1.0386848
OS 2.0308548 1.0360744
OS 2.0282444 1.0321675
OS 2.0273277 1.0275591
OS 2.0282444 1.0229507
OS 2.0308548 1.0190438
OS 2.0324114 1.0180037
OS 2.0325277 1.0176003
OS 2.0329156 1.01616
OS 2.0329592 1.0161033
OS 2.0329791 1.0160343
OS 2.0339141 1.0148622
OS 2.0348257 1.0136773
OS 2.0348878 1.0136416
OS 2.0349325 1.0135855
OS 2.0362417 1.0128622
OS 2.0375405 1.0121145
OS 2.0376117 1.0121052
OS 2.0376744 1.0120706
OS 2.0391643 1.0119029
OS 2.0406467 1.0117097
OS 2.0413414 1.0117561
OS 2.0417194 1.0117587
OS 2.0419285 1.0117461
OS 2.0950808 0.9585937
OS 2.0954125 0.9582528
OS 2.0970699 0.9564195
OS 2.098157 0.9550677
OS 2.0983617 0.9547787
OS 2.0985111 0.9546372
OS 2.0986044 0.9544537
OS 2.0996429 0.9535652
OS 2.1006359 0.9526246
OS 2.1008283 0.952551
OS 2.1009846 0.9524172
OS 2.1022837 0.9519938
OS 2.1035613 0.9515047
OS 2.1037672 0.9515103
OS 2.1039629 0.9514465
OS 2.1053257 0.9515525
OS 2.1066927 0.9515896
OS 2.1068808 0.9516735
OS 2.1070859 0.9516895
OS 2.1083049 0.9523092
OS 2.1084749 0.9523851
OS 2.1114289 0.9517975
OS 2.1160373 0.9527142
OS 2.1199442 0.9553246
OS 2.1225546 0.9592315
OS 2.1234713 0.9638399
OS 2.1226414 0.9680118
OS 2.1227145 0.9731242
OS 2.1242849 0.9741737
OS 2.1266213 0.9757347
OS 2.1292317 0.9796416
OS 2.1301484 0.98425
OS 2.1292317 0.9888584
OS 2.1266213 0.9927653
OS 2.1232694 0.9950049
OS 2.122879 0.9964612
OS 2.1228278 0.9971177
OS 2.1230418 1.0004086
OS 2.1259132 1.0023271
OS 2.1285236 1.006234
OS 2.1294403 1.0108424
OS 2.1285236 1.0154508
OS 2.1259132 1.0193577
OS 2.1253661 1.0197233
OS 2.1250951 1.020892
OS 2.1255828 1.0253451
OS 2.1262552 1.0258732
OS 2.1294597 1.0280143
OS 2.1329403 1.0332234
OS 2.1341625 1.039368
OS 2.1329403 1.0455126
OS 2.1294597 1.0507217
OS 2.1242506 1.0542023
OS 2.118106 1.0554245
OS 2.1119614 1.0542023
OS 2.1067523 1.0507217
OS 2.1032717 1.0455126
OS 2.1030167 1.0442307
OS 2.0975914 1.0425849
OS 2.0875174 1.0526588
OS 2.0875172 1.0526591
OS 2.03967 1.1005063
OS 2.0396621 1.1005359
OS 2.0396337 1.1006838
OS 2.0395321 1.1017544
OS 2.0395231 1.1023966
OS 2.0392084 1.1038699
OS 2.0389128 1.1053559
OS 2.0388808 1.1054038
OS 2.0388688 1.10546
OS 2.0380103 1.1067065
OS 2.0371724 1.1079604
OS 2.0371248 1.1079922
OS 2.037092 1.1080398
OS 2.0358232 1.1088619
OS 2.0345679 1.1097007
OS 2.0345113 1.109712
OS 2.0344631 1.1097432
OS 2.0329826 1.1100161
OS 2.0326715 1.110078
OS 2.0321373 1.1108775
OS 2.0282304 1.1134879
OS 2.023622 1.1144046
OE
OB 2.775585 0.8900705 H
OS 2.7694404 0.8888483
OS 2.7642313 0.8853677
OS 2.7607507 0.8801586
OS 2.7595285 0.874014
OS 2.7607507 0.8678694
OS 2.7642313 0.8626603
OS 2.7694404 0.8591797
OS 2.775585 0.8579575
OS 2.7817296 0.8591797
OS 2.7869387 0.8626603
OS 2.7904193 0.8678694
OS 2.7916415 0.874014
OS 2.7904193 0.8801586
OS 2.7869387 0.8853677
OS 2.7817296 0.8888483
OS 2.775585 0.8900705
OE
OB 1.4866467 0.8885114 H
OS 1.4820383 0.8875947
OS 1.4781314 0.8849843
OS 1.475521 0.8810774
OS 1.4746043 0.876469
OS 1.475521 0.8718606
OS 1.4781314 0.8679537
OS 1.4820383 0.8653433
OS 1.4866467 0.8644266
OS 1.4912551 0.8653433
OS 1.495162 0.8679537
OS 1.4977724 0.8718606
OS 1.4986891 0.876469
OS 1.4977724 0.8810774
OS 1.495162 0.8849843
OS 1.4912551 0.8875947
OS 1.4866467 0.8885114
OE
OB 1.5629921 0.8506251 H
OS 1.5583837 0.8497084
OS 1.5544768 0.847098
OS 1.5518664 0.8431911
OS 1.5509497 0.8385827
OS 1.5518664 0.8339743
OS 1.5544768 0.8300674
OS 1.5583837 0.827457
OS 1.5629921 0.8265403
OS 1.5676005 0.827457
OS 1.5715074 0.8300674
OS 1.5741178 0.8339743
OS 1.5750345 0.8385827
OS 1.5741178 0.8431911
OS 1.5715074 0.847098
OS 1.5676005 0.8497084
OS 1.5629921 0.8506251
OE
OB 2.775585 0.8428265 H
OS 2.7694404 0.8416043
OS 2.7642313 0.8381237
OS 2.7607507 0.8329146
OS 2.7595285 0.82677
OS 2.7607507 0.8206254
OS 2.7642313 0.8154163
OS 2.7694404 0.8119357
OS 2.775585 0.8107135
OS 2.7817296 0.8119357
OS 2.7869387 0.8154163
OS 2.7904193 0.8206254
OS 2.7916415 0.82677
OS 2.7904193 0.8329146
OS 2.7869387 0.8381237
OS 2.7817296 0.8416043
OS 2.775585 0.8428265
OE
OB 2.1181102 0.8467652 H
OS 2.1119656 0.845543
OS 2.1067565 0.8420624
OS 2.1032759 0.8368533
OS 2.1020537 0.8307087
OS 2.1032759 0.8245641
OS 2.1067565 0.819355
OS 2.1119656 0.8158744
OS 2.1181102 0.8146522
OS 2.1242548 0.8158744
OS 2.1294639 0.819355
OS 2.1329445 0.8245641
OS 2.1341667 0.8307087
OS 2.1329445 0.8368533
OS 2.1294639 0.8420624
OS 2.1242548 0.845543
OS 2.1181102 0.8467652
OE
OB 2.1181102 0.8979463 H
OS 2.1119656 0.8967241
OS 2.1067565 0.8932435
OS 2.1032759 0.8880344
OS 2.1020537 0.8818898
OS 2.1032759 0.8757452
OS 2.1067565 0.8705361
OS 2.1119656 0.8670555
OS 2.1181102 0.8658333
OS 2.1242548 0.8670555
OS 2.1294639 0.8705361
OS 2.1329445 0.8757452
OS 2.1341667 0.8818898
OS 2.1329445 0.8880344
OS 2.1294639 0.8932435
OS 2.1242548 0.8967241
OS 2.1181102 0.8979463
OE
OB 2.9826483 0.956532 H
OS 2.9780399 0.9556153
OS 2.974133 0.9530049
OS 2.9715226 0.949098
OS 2.9706059 0.9444896
OS 2.9715226 0.9398812
OS 2.974133 0.9359743
OS 2.9780399 0.9333639
OS 2.9826483 0.9324472
OS 2.9872567 0.9333639
OS 2.9911636 0.9359743
OS 2.993774 0.9398812
OS 2.9946907 0.9444896
OS 2.993774 0.949098
OS 2.9911636 0.9530049
OS 2.9872567 0.9556153
OS 2.9826483 0.956532
OE
OB 2.7795276 0.9924345 H
OS 2.773383 0.9912123
OS 2.7681739 0.9877317
OS 2.7646933 0.9825226
OS 2.7634711 0.976378
OS 2.7646933 0.9702334
OS 2.7681739 0.9650243
OS 2.773383 0.9615437
OS 2.7795276 0.9603215
OS 2.7856722 0.9615437
OS 2.7908813 0.9650243
OS 2.7943619 0.9702334
OS 2.7955841 0.976378
OS 2.7943619 0.9825226
OS 2.7908813 0.9877317
OS 2.7856722 0.9912123
OS 2.7795276 0.9924345
OE
OB 2.476378 0.9535171 H
OS 2.4702334 0.9522949
OS 2.4650243 0.9488143
OS 2.4615437 0.9436052
OS 2.4603215 0.9374606
OS 2.4615437 0.931316
OS 2.4650243 0.9261069
OS 2.4702334 0.9226263
OS 2.476378 0.9214041
OS 2.4825226 0.9226263
OS 2.4877317 0.9261069
OS 2.4912123 0.931316
OS 2.4924345 0.9374606
OS 2.4912123 0.9436052
OS 2.4877317 0.9488143
OS 2.4825226 0.9522949
OS 2.476378 0.9535171
OE
OB 2.1220472 0.9333022 H
OS 2.1174388 0.9323855
OS 2.1135319 0.9297751
OS 2.1109215 0.9258682
OS 2.1100048 0.9212598
OS 2.1109215 0.9166514
OS 2.1135319 0.9127445
OS 2.1174388 0.9101341
OS 2.1220472 0.9092174
OS 2.1266556 0.9101341
OS 2.1305625 0.9127445
OS 2.1331729 0.9166514
OS 2.1340896 0.9212598
OS 2.1331729 0.9258682
OS 2.1305625 0.9297751
OS 2.1266556 0.9323855
OS 2.1220472 0.9333022
OE
OB 2.7795276 0.9451904 H
OS 2.773383 0.9439682
OS 2.7681739 0.9404876
OS 2.7646933 0.9352785
OS 2.7634711 0.9291339
OS 2.7646933 0.9229893
OS 2.7681739 0.9177802
OS 2.773383 0.9142996
OS 2.7795276 0.9130774
OS 2.7856722 0.9142996
OS 2.7908813 0.9177802
OS 2.7943619 0.9229893
OS 2.7955841 0.9291339
OS 2.7943619 0.9352785
OS 2.7908813 0.9404876
OS 2.7856722 0.9439682
OS 2.7795276 0.9451904
OE
OB 0.8149606 3.0436156 H
OS 0.808816 3.0423934
OS 0.8036069 3.0389128
OS 0.8001263 3.0337037
OS 0.7989041 3.0275591
OS 0.8001263 3.0214145
OS 0.8036069 3.0162054
OS 0.808816 3.0127248
OS 0.8149606 3.0115026
OS 0.8211052 3.0127248
OS 0.8263143 3.0162054
OS 0.8297949 3.0214145
OS 0.8310171 3.0275591
OS 0.8297949 3.0337037
OS 0.8263143 3.0389128
OS 0.8211052 3.0423934
OS 0.8149606 3.0436156
OE
OB 7.3725 4.6510565 H
OS 7.3663554 4.6498343
OS 7.3611463 4.6463537
OS 7.3576657 4.6411446
OS 7.3564435 4.635
OS 7.3576657 4.6288554
OS 7.3611463 4.6236463
OS 7.3663554 4.6201657
OS 7.3725 4.6189435
OS 7.3786446 4.6201657
OS 7.3838537 4.6236463
OS 7.3873343 4.6288554
OS 7.3885565 4.635
OS 7.3873343 4.6411446
OS 7.3838537 4.6463537
OS 7.3786446 4.6498343
OS 7.3725 4.6510565
OE
OB 7.4475 4.6510565 H
OS 7.4413554 4.6498343
OS 7.4361463 4.6463537
OS 7.4326657 4.6411446
OS 7.4314435 4.635
OS 7.4326657 4.6288554
OS 7.4361463 4.6236463
OS 7.4413554 4.6201657
OS 7.4475 4.6189435
OS 7.4536446 4.6201657
OS 7.4588537 4.6236463
OS 7.4623343 4.6288554
OS 7.4635565 4.635
OS 7.4623343 4.6411446
OS 7.4588537 4.6463537
OS 7.4536446 4.6498343
OS 7.4475 4.6510565
OE
OB 0.4680957 4.6606724 H
OS 0.453707 4.6587781
OS 0.4402988 4.6532243
OS 0.428785 4.6443894
OS 0.4199501 4.6328756
OS 0.4143963 4.6194674
OS 0.412502 4.6050787
OS 0.4143963 4.59069
OS 0.4199501 4.5772818
OS 0.428785 4.565768
OS 0.4402988 4.5569331
OS 0.453707 4.5513793
OS 0.4680957 4.549485
OS 0.4824844 4.5513793
OS 0.4958926 4.5569331
OS 0.5074064 4.565768
OS 0.5162413 4.5772818
OS 0.5217951 4.59069
OS 0.5236894 4.6050787
OS 0.5217951 4.6194674
OS 0.5162413 4.6328756
OS 0.5074064 4.6443894
OS 0.4958926 4.6532243
OS 0.4824844 4.6587781
OS 0.4680957 4.6606724
OE
OB 7.335 4.5760565 H
OS 7.3288554 4.5748343
OS 7.3236463 4.5713537
OS 7.3201657 4.5661446
OS 7.3189435 4.56
OS 7.3201657 4.5538554
OS 7.3236463 4.5486463
OS 7.3288554 4.5451657
OS 7.335 4.5439435
OS 7.3411446 4.5451657
OS 7.3463537 4.5486463
OS 7.3498343 4.5538554
OS 7.3510565 4.56
OS 7.3498343 4.5661446
OS 7.3463537 4.5713537
OS 7.3411446 4.5748343
OS 7.335 4.5760565
OE
OB 7.86 4.5760565 H
OS 7.8538554 4.5748343
OS 7.8486463 4.5713537
OS 7.8451657 4.5661446
OS 7.8439435 4.56
OS 7.8451657 4.5538554
OS 7.8486463 4.5486463
OS 7.8538554 4.5451657
OS 7.86 4.5439435
OS 7.8661446 4.5451657
OS 7.8713537 4.5486463
OS 7.8748343 4.5538554
OS 7.8760565 4.56
OS 7.8748343 4.5661446
OS 7.8713537 4.5713537
OS 7.8661446 4.5748343
OS 7.86 4.5760565
OE
OB 7.5225 4.6510565 H
OS 7.5163554 4.6498343
OS 7.5111463 4.6463537
OS 7.5076657 4.6411446
OS 7.5064435 4.635
OS 7.5076657 4.6288554
OS 7.5111463 4.6236463
OS 7.5163554 4.6201657
OS 7.5225 4.6189435
OS 7.5286446 4.6201657
OS 7.5338537 4.6236463
OS 7.5373343 4.6288554
OS 7.5385565 4.635
OS 7.5373343 4.6411446
OS 7.5338537 4.6463537
OS 7.5286446 4.6498343
OS 7.5225 4.6510565
OE
OB 7.8225 4.6510565 H
OS 7.8163554 4.6498343
OS 7.8111463 4.6463537
OS 7.8076657 4.6411446
OS 7.8064435 4.635
OS 7.8076657 4.6288554
OS 7.8111463 4.6236463
OS 7.8163554 4.6201657
OS 7.8225 4.6189435
OS 7.8286446 4.6201657
OS 7.8338537 4.6236463
OS 7.8373343 4.6288554
OS 7.8385565 4.635
OS 7.8373343 4.6411446
OS 7.8338537 4.6463537
OS 7.8286446 4.6498343
OS 7.8225 4.6510565
OE
OB 7.8975 4.6510565 H
OS 7.8913554 4.6498343
OS 7.8861463 4.6463537
OS 7.8826657 4.6411446
OS 7.8814435 4.635
OS 7.8826657 4.6288554
OS 7.8861463 4.6236463
OS 7.8913554 4.6201657
OS 7.8975 4.6189435
OS 7.9036446 4.6201657
OS 7.9088537 4.6236463
OS 7.9123343 4.6288554
OS 7.9135565 4.635
OS 7.9123343 4.6411446
OS 7.9088537 4.6463537
OS 7.9036446 4.6498343
OS 7.8975 4.6510565
OE
OB 7.7475 4.6510565 H
OS 7.7413554 4.6498343
OS 7.7361463 4.6463537
OS 7.7326657 4.6411446
OS 7.7314435 4.635
OS 7.7326657 4.6288554
OS 7.7361463 4.6236463
OS 7.7413554 4.6201657
OS 7.7475 4.6189435
OS 7.7536446 4.6201657
OS 7.7588537 4.6236463
OS 7.7623343 4.6288554
OS 7.7635565 4.635
OS 7.7623343 4.6411446
OS 7.7588537 4.6463537
OS 7.7536446 4.6498343
OS 7.7475 4.6510565
OE
OB 7.5975 4.6510565 H
OS 7.5913554 4.6498343
OS 7.5861463 4.6463537
OS 7.5826657 4.6411446
OS 7.5814435 4.635
OS 7.5826657 4.6288554
OS 7.5861463 4.6236463
OS 7.5913554 4.6201657
OS 7.5975 4.6189435
OS 7.6036446 4.6201657
OS 7.6088537 4.6236463
OS 7.6123343 4.6288554
OS 7.6135565 4.635
OS 7.6123343 4.6411446
OS 7.6088537 4.6463537
OS 7.6036446 4.6498343
OS 7.5975 4.6510565
OE
OB 7.6725 4.6510565 H
OS 7.6663554 4.6498343
OS 7.6611463 4.6463537
OS 7.6576657 4.6411446
OS 7.6564435 4.635
OS 7.6576657 4.6288554
OS 7.6611463 4.6236463
OS 7.6663554 4.6201657
OS 7.6725 4.6189435
OS 7.6786446 4.6201657
OS 7.6838537 4.6236463
OS 7.6873343 4.6288554
OS 7.6885565 4.635
OS 7.6873343 4.6411446
OS 7.6838537 4.6463537
OS 7.6786446 4.6498343
OS 7.6725 4.6510565
OE
OB 1.476378 4.5356645 H
OS 1.4717696 4.5347478
OS 1.4678627 4.5321374
OS 1.4652523 4.5282305
OS 1.4643356 4.5236222
OS 1.460078 4.5193974
OS 1.4566929 4.5200707
OS 1.4547539 4.519685
OS 1.4389469 4.519685
OS 1.4370079 4.5200707
OS 1.4336228 4.5193974
OS 1.4293652 4.5236222
OS 1.4284485 4.5282305
OS 1.4258381 4.5321374
OS 1.4219312 4.5347478
OS 1.4173228 4.5356645
OS 1.4127144 4.5347478
OS 1.4088075 4.5321374
OS 1.4061971 4.5282305
OS 1.4052804 4.5236221
OS 1.4061971 4.5190137
OS 1.4088075 4.5151068
OS 1.4127144 4.5124964
OS 1.4153226 4.5119776
OS 1.4179341 4.5084066
OS 1.4182664 4.5066821
OS 1.4169372 4.5
OS 1.418465 4.4923193
OS 1.4216263 4.4875882
OS 1.4186195 4.4830883
OS 1.4163706 4.4835356
OS 1.4113474 4.4825364
OS 1.407089 4.479691
OS 1.4042436 4.4754326
OS 1.4032444 4.4704094
OS 1.4032444 4.4669549
OS 1.4029681 4.4662668
OS 1.4029762 4.4655189
OS 1.4028305 4.4647862
OS 1.4029931 4.4639686
OS 1.4030022 4.4631344
OS 1.4031652 4.4627527
OS 1.4032444 4.4615883
OS 1.4032444 4.4204094
OS 1.4040488 4.4163655
OS 1.4011015 4.4139542
OS 1.3999252 4.413418
OS 1.3704968 4.4428464
OS 1.3704968 4.4624463
OS 1.3705123 4.4626036
OS 1.370739 4.4631344
OS 1.3707481 4.4639686
OS 1.3709107 4.4647862
OS 1.370765 4.4655189
OS 1.3707731 4.4662667
OS 1.3704968 4.4669548
OS 1.3704968 4.4744094
OS 1.3694976 4.4794326
OS 1.3666522 4.483691
OS 1.3623938 4.4865364
OS 1.3573706 4.4875356
OS 1.3523474 4.4865364
OS 1.348089 4.483691
OS 1.3452436 4.4794326
OS 1.3442444 4.4744094
OS 1.3442444 4.4669549
OS 1.3439681 4.4662668
OS 1.3439762 4.4655189
OS 1.3438305 4.4647862
OS 1.3439931 4.4639686
OS 1.3440022 4.4631344
OS 1.3441652 4.4627527
OS 1.3442444 4.4615883
OS 1.3442444 4.4374094
OS 1.3452436 4.4323862
OS 1.348089 4.4281278
OS 1.4162444 4.3599724
OS 1.4162444 4.1674094
OS 1.4172436 4.1623862
OS 1.420089 4.1581278
OS 1.4442444 4.1339724
OS 1.4442444 4.1167945
OS 1.4440564 4.1164411
OS 1.439408 4.1130753
OS 1.4391553 4.1130968
OS 1.4373706 4.1134518
OS 1.4327622 4.1125351
OS 1.4288553 4.1099247
OS 1.4262449 4.1060178
OS 1.4253282 4.1014094
OS 1.4262449 4.096801
OS 1.4288553 4.0928941
OS 1.4327622 4.0902837
OS 1.4373706 4.089367
OS 1.441979 4.0902837
OS 1.4458858 4.0928941
OS 1.452217 4.0933695
OS 1.4523474 4.0932824
OS 1.4573706 4.0922832
OS 1.4623938 4.0932824
OS 1.4666522 4.0961278
OS 1.4692444 4.1000072
OS 1.4696057 4.100048
OS 1.4742444 4.0969629
OS 1.4742444 4.0628464
OS 1.4729336 4.0615356
OS 1.3328076 4.0615356
OS 1.3222838 4.0720594
OS 1.3221822 4.0721833
OS 1.3219668 4.0727194
OS 1.321384 4.0733148
OS 1.3209211 4.0740076
OS 1.320299 4.0744232
OS 1.3197756 4.074958
OS 1.3190945 4.0752487
OS 1.3142098 4.0801334
OS 1.3139192 4.0808143
OS 1.3133845 4.0813377
OS 1.3129688 4.0819599
OS 1.3122762 4.0824227
OS 1.3116807 4.0830056
OS 1.3112946 4.0831607
OS 1.3104143 4.0839289
OS 1.1919352 4.202408
OS 1.1913601 4.2031266
OS 1.1906573 4.2041606
OS 1.1900612 4.2052107
OS 1.1895622 4.2062871
OS 1.1891535 4.2074021
OS 1.1888325 4.208566
OS 1.1885983 4.2097941
OS 1.1884968 4.2107088
OS 1.1884968 4.3074094
OS 1.1874976 4.3124326
OS 1.1846522 4.316691
OS 1.1592838 4.3420594
OS 1.1591822 4.3421833
OS 1.1589668 4.3427194
OS 1.158384 4.3433148
OS 1.1579211 4.3440076
OS 1.157299 4.3444232
OS 1.1567756 4.344958
OS 1.1560945 4.3452487
OS 1.1536522 4.347691
OS 1.1493937 4.3505364
OS 1.1443706 4.3515356
OS 1.1393475 4.3505364
OS 1.135089 4.347691
OS 1.1322436 4.3434325
OS 1.1312444 4.3384094
OS 1.1322436 4.3333863
OS 1.135089 4.3291278
OS 1.1375314 4.3266854
OS 1.137822 4.3260045
OS 1.1383567 4.3254811
OS 1.1387724 4.3248589
OS 1.139465 4.3243961
OS 1.1400605 4.3238132
OS 1.1404466 4.3236581
OS 1.1413269 4.3228899
OS 1.1622444 4.3019724
OS 1.1622444 4.2176158
OS 1.1604472 4.2171139
OS 1.1563644 4.2211652
OS 1.156413 4.2214094
OS 1.1554963 4.2260178
OS 1.1528859 4.2299247
OS 1.148979 4.2325351
OS 1.1443706 4.2334518
OS 1.1397622 4.2325351
OS 1.1358553 4.2299247
OS 1.1332449 4.2260178
OS 1.1323282 4.2214094
OS 1.1332449 4.216801
OS 1.1358553 4.2128942
OS 1.1333359 4.208564
OS 1.1312436 4.2054326
OS 1.1302444 4.2004094
OS 1.1312436 4.1953862
OS 1.134089 4.1911278
OS 1.1383474 4.1882824
OS 1.1433706 4.1872832
OS 1.1468251 4.1872832
OS 1.1475132 4.1870069
OS 1.1482611 4.187015
OS 1.1489938 4.1868693
OS 1.1498114 4.1870319
OS 1.1506456 4.187041
OS 1.1510273 4.187204
OS 1.1521917 4.1872832
OS 1.1650712 4.1872832
OS 1.1659861 4.1871817
OS 1.1672139 4.1869475
OS 1.168378 4.1866265
OS 1.1694925 4.186218
OS 1.1705693 4.1857188
OS 1.1716195 4.1851227
OS 1.1726529 4.1844203
OS 1.173372 4.1838448
OS 1.2924574 4.0647594
OS 1.292559 4.0646355
OS 1.2927744 4.0640994
OS 1.2933572 4.063504
OS 1.2938201 4.0628112
OS 1.2944422 4.0623956
OS 1.2949656 4.0618608
OS 1.2956467 4.0615701
OS 1.3005314 4.0566854
OS 1.300822 4.0560045
OS 1.3013567 4.0554811
OS 1.3017724 4.0548589
OS 1.302465 4.0543961
OS 1.3030605 4.0538132
OS 1.3034466 4.0536581
OS 1.3043269 4.0528899
OS 1.318089 4.0391278
OS 1.3223474 4.0362824
OS 1.3273706 4.0352832
OS 1.4783706 4.0352832
OS 1.4833938 4.0362824
OS 1.4876522 4.0391278
OS 1.4966522 4.0481278
OS 1.4994976 4.0523862
OS 1.5004968 4.0574094
OS 1.5004968 4.1434094
OS 1.4994976 4.1484326
OS 1.4966522 4.152691
OS 1.4644968 4.1848464
OS 1.4644968 4.3854094
OS 1.4634976 4.3904326
OS 1.4606522 4.394691
OS 1.4294968 4.4258464
OS 1.4294968 4.4624463
OS 1.4295123 4.4626036
OS 1.429739 4.4631344
OS 1.4297481 4.4639686
OS 1.4299107 4.4647862
OS 1.429765 4.4655189
OS 1.4297731 4.4662667
OS 1.4294968 4.4669548
OS 1.4294968 4.4704094
OS 1.4284976 4.4754326
OS 1.4273574 4.477139
OS 1.4275982 4.4776668
OS 1.4306632 4.4811913
OS 1.4370079 4.4799293
OS 1.4389469 4.480315
OS 1.4547539 4.480315
OS 1.4566929 4.4799293
OS 1.4643736 4.4814571
OS 1.470885 4.4858079
OS 1.4752358 4.4923193
OS 1.4767636 4.5
OS 1.4754344 4.5066821
OS 1.4757667 4.5084066
OS 1.4783782 4.5119776
OS 1.4809864 4.5124964
OS 1.4848933 4.5151068
OS 1.4875037 4.5190137
OS 1.4884204 4.5236221
OS 1.4875037 4.5282305
OS 1.4848933 4.5321374
OS 1.4809864 4.5347478
OS 1.476378 4.5356645
OE
OB 12.8307087 4.3900722 H
OS 12.8245641 4.38885
OS 12.819355 4.3853694
OS 12.8158744 4.3801603
OS 12.8146522 4.3740157
OS 12.8158744 4.3678711
OS 12.819355 4.362662
OS 12.8245641 4.3591814
OS 12.8307087 4.3579592
OS 12.8368533 4.3591814
OS 12.8420624 4.362662
OS 12.845543 4.3678711
OS 12.8467652 4.3740157
OS 12.845543 4.3801603
OS 12.8420624 4.3853694
OS 12.8368533 4.38885
OS 12.8307087 4.3900722
OE
OB 1.0702992 4.4231369 H
OS 1.0656908 4.4222202
OS 1.0617839 4.4196098
OS 1.0591735 4.4157029
OS 1.0582568 4.4110945
OS 1.0591735 4.4064861
OS 1.0617839 4.4025792
OS 1.0656908 4.3999688
OS 1.0702992 4.3990521
OS 1.0749076 4.3999688
OS 1.0788145 4.4025792
OS 1.0814249 4.4064861
OS 1.0823416 4.4110945
OS 1.0814249 4.4157029
OS 1.0788145 4.4196098
OS 1.0749076 4.4222202
OS 1.0702992 4.4231369
OE
OB 11.9313926 4.3861352 H
OS 11.925248 4.384913
OS 11.9200389 4.3814324
OS 11.9165583 4.3762233
OS 11.9153361 4.3700787
OS 11.9165583 4.3639341
OS 11.9200389 4.358725
OS 11.925248 4.3552444
OS 11.9313926 4.3540222
OS 11.9375372 4.3552444
OS 11.9427463 4.358725
OS 11.9462269 4.3639341
OS 11.9474491 4.3700787
OS 11.9462269 4.3762233
OS 11.9427463 4.3814324
OS 11.9375372 4.384913
OS 11.9313926 4.3861352
OE
OB 12.5393701 4.3427511 H
OS 12.5347617 4.3418344
OS 12.5308549 4.339224
OS 12.5282002 4.339224
OS 12.5242934 4.3418344
OS 12.519685 4.3427511
OS 12.5150766 4.3418344
OS 12.5111697 4.339224
OS 12.5085593 4.3353171
OS 12.5076426 4.3307087
OS 12.5085593 4.3261003
OS 12.5111697 4.3221934
OS 12.5150766 4.319583
OS 12.519685 4.3186663
OS 12.5242934 4.319583
OS 12.5282002 4.3221934
OS 12.5308549 4.3221934
OS 12.5347617 4.319583
OS 12.5393701 4.3186663
OS 12.5439785 4.319583
OS 12.5478854 4.3221934
OS 12.5504958 4.3261003
OS 12.5514125 4.3307087
OS 12.5504958 4.3353171
OS 12.5478854 4.339224
OS 12.5439785 4.3418344
OS 12.5393701 4.3427511
OE
OB 12.6377953 4.3427511 H
OS 12.6331869 4.3418344
OS 12.6292801 4.339224
OS 12.6266254 4.339224
OS 12.6227186 4.3418344
OS 12.6181102 4.3427511
OS 12.6135018 4.3418344
OS 12.6095949 4.339224
OS 12.6069845 4.3353171
OS 12.6060678 4.3307087
OS 12.6069845 4.3261003
OS 12.6095949 4.3221934
OS 12.6135018 4.319583
OS 12.6181102 4.3186663
OS 12.6227186 4.319583
OS 12.6266254 4.3221934
OS 12.6292801 4.3221934
OS 12.6331869 4.319583
OS 12.6377953 4.3186663
OS 12.6424037 4.319583
OS 12.6463106 4.3221934
OS 12.648921 4.3261003
OS 12.6498377 4.3307087
OS 12.648921 4.3353171
OS 12.6463106 4.339224
OS 12.6424037 4.3418344
OS 12.6377953 4.3427511
OE
OB 0.1531351 4.4943811 H
OS 0.1432686 4.4930821
OS 0.1340745 4.4892738
OS 0.1261793 4.4832156
OS 0.1201211 4.4753205
OS 0.1163128 4.4661263
OS 0.1150138 4.4562598
OS 0.1163128 4.4463933
OS 0.1201211 4.4371991
OS 0.1261793 4.429304
OS 0.1340745 4.4232458
OS 0.1432686 4.4194375
OS 0.1531351 4.4181385
OS 0.1630016 4.4194375
OS 0.1721957 4.4232458
OS 0.1800909 4.429304
OS 0.1861491 4.4371991
OS 0.1899574 4.4463933
OS 0.1912564 4.4562598
OS 0.1899574 4.4661263
OS 0.1861491 4.4753205
OS 0.1800909 4.4832156
OS 0.1721957 4.4892738
OS 0.1630016 4.4930821
OS 0.1531351 4.4943811
OE
OB 1.1574803 4.5356644 H
OS 1.1528719 4.5347477
OS 1.148965 4.5321373
OS 1.1463546 4.5282304
OS 1.1454379 4.523622
OS 1.1463546 4.5190136
OS 1.148965 4.5151067
OS 1.1528719 4.5124963
OS 1.1574803 4.5115796
OS 1.1620887 4.5124963
OS 1.1659956 4.5151067
OS 1.168606 4.5190136
OS 1.1695227 4.523622
OS 1.168606 4.5282304
OS 1.1659956 4.5321373
OS 1.1620887 4.5347477
OS 1.1574803 4.5356644
OE
OB 0.1531351 4.5943811 H
OS 0.1432686 4.5930821
OS 0.1340745 4.5892738
OS 0.1261793 4.5832156
OS 0.1201211 4.5753205
OS 0.1163128 4.5661263
OS 0.1150138 4.5562598
OS 0.1163128 4.5463933
OS 0.1201211 4.5371991
OS 0.1261793 4.529304
OS 0.1340745 4.5232458
OS 0.1432686 4.5194375
OS 0.1531351 4.5181385
OS 0.1630016 4.5194375
OS 0.1721957 4.5232458
OS 0.1800909 4.529304
OS 0.1861491 4.5371991
OS 0.1899574 4.5463933
OS 0.1912564 4.5562598
OS 0.1899574 4.5661263
OS 0.1861491 4.5753205
OS 0.1800909 4.5832156
OS 0.1721957 4.5892738
OS 0.1630016 4.5930821
OS 0.1531351 4.5943811
OE
OB 1.2992126 4.5317274 H
OS 1.2946042 4.5308107
OS 1.2906973 4.5282003
OS 1.2880869 4.5242934
OS 1.2871702 4.519685
OS 1.2880869 4.5150766
OS 1.2906973 4.5111697
OS 1.2946042 4.5085593
OS 1.2992125 4.5076426
OS 1.3029156 4.5039279
OS 1.3038323 4.4993196
OS 1.3064427 4.4954127
OS 1.3103496 4.4928023
OS 1.314958 4.4918856
OS 1.3195664 4.4928023
OS 1.3234733 4.4954127
OS 1.3260837 4.4993196
OS 1.3270004 4.503928
OS 1.3260837 4.5085364
OS 1.3234733 4.5124433
OS 1.3195664 4.5150537
OS 1.3149581 4.5159704
OS 1.311255 4.5196851
OS 1.3103383 4.5242934
OS 1.3077279 4.5282003
OS 1.303821 4.5308107
OS 1.2992126 4.5317274
OE
OB 0.3149461 4.5912483 H
OS 0.3010539 4.58988
OS 0.2876956 4.5858278
OS 0.2753845 4.5792474
OS 0.2645937 4.5703917
OS 0.255738 4.5596009
OS 0.2491576 4.5472898
OS 0.2451054 4.5339315
OS 0.2437371 4.5200393
OS 0.2451054 4.5061471
OS 0.2491576 4.4927888
OS 0.255738 4.4804777
OS 0.2645937 4.4696869
OS 0.2753845 4.4608312
OS 0.2876956 4.4542508
OS 0.3010539 4.4501986
OS 0.3149461 4.4488303
OS 0.3288383 4.4501986
OS 0.3421966 4.4542508
OS 0.3545077 4.4608312
OS 0.3652985 4.4696869
OS 0.3741542 4.4804777
OS 0.3807346 4.4927888
OS 0.3847868 4.5061471
OS 0.3861551 4.5200393
OS 0.3847868 4.5339315
OS 0.3807346 4.5472898
OS 0.3741542 4.5596009
OS 0.3652985 4.5703917
OS 0.3545077 4.5792474
OS 0.3421966 4.5858278
OS 0.3288383 4.58988
OS 0.3149461 4.5912483
OE
OB 1.2603706 4.4824518 H
OS 1.2557622 4.4815351
OS 1.2518553 4.4789247
OS 1.2492449 4.4750178
OS 1.2483282 4.4704094
OS 1.2492449 4.465801
OS 1.2518553 4.4618941
OS 1.2557622 4.4592837
OS 1.2603706 4.458367
OS 1.264979 4.4592837
OS 1.2688859 4.4618941
OS 1.2714963 4.465801
OS 1.272413 4.4704094
OS 1.2714963 4.4750178
OS 1.2688859 4.4789247
OS 1.264979 4.4815351
OS 1.2603706 4.4824518
OE
OB 2.1343651 4.800039 H
OS 2.0902271 4.800039
OS 2.0902271 4.7559016
OS 2.0981155 4.7569401
OS 2.1101254 4.7619147
OS 2.1204385 4.7698282
OS 2.128352 4.7801414
OS 2.1333266 4.7921512
OS 2.1343651 4.800039
OE
OB 2.0802271 4.800039 H
OS 2.0360895 4.800039
OS 2.037128 4.7921512
OS 2.0421026 4.7801414
OS 2.0500161 4.7698282
OS 2.0603292 4.7619147
OS 2.0723391 4.7569401
OS 2.0802271 4.7559016
OS 2.0802271 4.800039
OE
OB 2.6394833 4.7606691 H
OS 2.5953457 4.7606691
OS 2.5953457 4.7165315
OS 2.6032337 4.71757
OS 2.6152436 4.7225446
OS 2.6255567 4.7304581
OS 2.6334702 4.7407712
OS 2.6384448 4.7527811
OS 2.6394833 4.7606691
OE
OB 8.01 4.7260565 H
OS 8.0038554 4.7248343
OS 7.9986463 4.7213537
OS 7.9951657 4.7161446
OS 7.9939435 4.71
OS 7.9951657 4.7038554
OS 7.9986463 4.6986463
OS 8.0038554 4.6951657
OS 8.01 4.6939435
OS 8.0161446 4.6951657
OS 8.0213537 4.6986463
OS 8.0248343 4.7038554
OS 8.0260565 4.71
OS 8.0248343 4.7161446
OS 8.0213537 4.7213537
OS 8.0161446 4.7248343
OS 8.01 4.7260565
OE
OB 2.5853457 4.7606691 H
OS 2.5412077 4.7606691
OS 2.5422462 4.7527811
OS 2.5472208 4.7407712
OS 2.5551343 4.7304581
OS 2.5654474 4.7225446
OS 2.5774573 4.71757
OS 2.5853457 4.7165314
OS 2.5853457 4.7606691
OE
OB 2.5853457 4.8148071 H
OS 2.5774573 4.8137686
OS 2.5654474 4.808794
OS 2.5551343 4.8008805
OS 2.5472208 4.7905674
OS 2.5422462 4.7785575
OS 2.5412076 4.7706691
OS 2.5853457 4.7706691
OS 2.5853457 4.8148071
OE
OB 6.2603937 4.9223052 H
OS 6.2542491 4.921083
OS 6.24904 4.9176024
OS 6.2455594 4.9123933
OS 6.2443372 4.9062487
OS 6.2455594 4.9001041
OS 6.24904 4.894895
OS 6.2542491 4.8914144
OS 6.2603937 4.8901922
OS 6.2665383 4.8914144
OS 6.2717474 4.894895
OS 6.275228 4.9001041
OS 6.2764502 4.9062487
OS 6.275228 4.9123933
OS 6.2717474 4.9176024
OS 6.2665383 4.921083
OS 6.2603937 4.9223052
OE
OB 6.365 4.9223052 H
OS 6.3588554 4.921083
OS 6.3536463 4.9176024
OS 6.3510525 4.9137205
OS 6.3501475 4.9134632
OS 6.3464017 4.9134632
OS 6.3454967 4.9137205
OS 6.3429029 4.9176024
OS 6.3376938 4.921083
OS 6.3315492 4.9223052
OS 6.3254046 4.921083
OS 6.3201955 4.9176024
OS 6.3177907 4.9140033
OS 6.3175009 4.9138992
OS 6.3125247 4.9138992
OS 6.3122349 4.9140033
OS 6.3098301 4.9176024
OS 6.304621 4.921083
OS 6.2984764 4.9223052
OS 6.2923318 4.921083
OS 6.2871227 4.9176024
OS 6.2836421 4.9123933
OS 6.2824199 4.9062487
OS 6.2836421 4.9001041
OS 6.2871227 4.894895
OS 6.2923318 4.8914144
OS 6.2984764 4.8901922
OS 6.304621 4.8914144
OS 6.3098301 4.894895
OS 6.3122349 4.8984941
OS 6.3125247 4.8985982
OS 6.3175009 4.8985982
OS 6.3177907 4.8984941
OS 6.3201955 4.894895
OS 6.3254046 4.8914144
OS 6.3315492 4.8901922
OS 6.3376938 4.8914144
OS 6.3429029 4.894895
OS 6.3454967 4.8987769
OS 6.3464017 4.8990342
OS 6.3501475 4.8990342
OS 6.3510525 4.8987769
OS 6.3536463 4.894895
OS 6.3545151 4.8943145
OS 6.3545151 4.888301
OS 6.3536463 4.8877205
OS 6.3501657 4.8825114
OS 6.3489435 4.8763668
OS 6.3501657 4.8702222
OS 6.3536463 4.8650131
OS 6.3546035 4.8643736
OS 6.3546035 4.85836
OS 6.3536463 4.8577205
OS 6.3501657 4.8525114
OS 6.3489435 4.8463668
OS 6.3501657 4.8402222
OS 6.3536463 4.8350131
OS 6.3556262 4.8336902
OS 6.3556262 4.8276766
OS 6.3536463 4.8263537
OS 6.3510525 4.8224718
OS 6.3501475 4.8222145
OS 6.3464017 4.8222145
OS 6.3454967 4.8224718
OS 6.3429029 4.8263537
OS 6.3376938 4.8298343
OS 6.3315492 4.8310565
OS 6.3254046 4.8298343
OS 6.3201955 4.8263537
OS 6.317448 4.8222418
OS 6.3134252 4.8215649
OS 6.3117432 4.8217797
OS 6.3098301 4.8246429
OS 6.304621 4.8281235
OS 6.2984764 4.8293457
OS 6.2923318 4.8281235
OS 6.2871227 4.8246429
OS 6.2836421 4.8194338
OS 6.283012 4.8162661
OS 6.2779141 4.8162661
OS 6.2771965 4.8198736
OS 6.2737159 4.8250827
OS 6.2685068 4.8285633
OS 6.2623622 4.8297855
OS 6.2562176 4.8285633
OS 6.2510085 4.8250827
OS 6.2475279 4.8198736
OS 6.2463057 4.813729
OS 6.2475279 4.8075844
OS 6.2510085 4.8023753
OS 6.2562176 4.7988947
OS 6.2623622 4.7976725
OS 6.2685068 4.7988947
OS 6.2737159 4.8023753
OS 6.2771965 4.8075844
OS 6.2778266 4.8107521
OS 6.2829245 4.8107521
OS 6.2836421 4.8071446
OS 6.2871227 4.8019355
OS 6.2923318 4.7984549
OS 6.2984764 4.7972327
OS 6.304621 4.7984549
OS 6.3098301 4.8019355
OS 6.3125776 4.8060474
OS 6.3166004 4.8067243
OS 6.3182824 4.8065095
OS 6.3201955 4.8036463
OS 6.3254046 4.8001657
OS 6.3315492 4.7989435
OS 6.3376938 4.8001657
OS 6.3429029 4.8036463
OS 6.3454967 4.8075282
OS 6.3464017 4.8077855
OS 6.3501475 4.8077855
OS 6.3510525 4.8075282
OS 6.3536463 4.8036463
OS 6.3588554 4.8001657
OS 6.365 4.7989435
OS 6.3711446 4.8001657
OS 6.3763537 4.8036463
OS 6.3798343 4.8088554
OS 6.3810565 4.815
OS 6.3798343 4.8211446
OS 6.3763537 4.8263537
OS 6.3743738 4.8276766
OS 6.3743738 4.8336902
OS 6.3763537 4.8350131
OS 6.3798343 4.8402222
OS 6.3810565 4.8463668
OS 6.3798343 4.8525114
OS 6.3763537 4.8577205
OS 6.3753965 4.85836
OS 6.3753965 4.8643736
OS 6.3763537 4.8650131
OS 6.3798343 4.8702222
OS 6.3810565 4.8763668
OS 6.3798343 4.8825114
OS 6.3763537 4.8877205
OS 6.3754849 4.888301
OS 6.3754849 4.8943145
OS 6.3763537 4.894895
OS 6.3798343 4.9001041
OS 6.3810565 4.9062487
OS 6.3798343 4.9123933
OS 6.3763537 4.9176024
OS 6.3711446 4.921083
OS 6.365 4.9223052
OE
OB 2.0902271 4.8541773 H
OS 2.0902271 4.810039
OS 2.1343652 4.810039
OS 2.1333266 4.8179276
OS 2.128352 4.8299374
OS 2.1204385 4.8402506
OS 2.1101254 4.8481641
OS 2.0981155 4.8531387
OS 2.0902271 4.8541773
OE
OB 2.5953457 4.8148071 H
OS 2.5953457 4.7706691
OS 2.6394833 4.7706691
OS 2.6384448 4.7785575
OS 2.6334702 4.7905674
OS 2.6255567 4.8008805
OS 2.6152436 4.808794
OS 2.6032337 4.8137686
OS 2.5953457 4.8148071
OE
OB 2.0802271 4.8541772 H
OS 2.0723391 4.8531387
OS 2.0603292 4.8481641
OS 2.0500161 4.8402506
OS 2.0421026 4.8299374
OS 2.037128 4.8179276
OS 2.0360894 4.810039
OS 2.0802271 4.810039
OS 2.0802271 4.8541772
OE
OB 7.935 4.7260565 H
OS 7.9288554 4.7248343
OS 7.9236463 4.7213537
OS 7.9201657 4.7161446
OS 7.9189435 4.71
OS 7.9201657 4.7038554
OS 7.9236463 4.6986463
OS 7.9288554 4.6951657
OS 7.935 4.6939435
OS 7.9411446 4.6951657
OS 7.9463537 4.6986463
OS 7.9498343 4.7038554
OS 7.9510565 4.71
OS 7.9498343 4.7161446
OS 7.9463537 4.7213537
OS 7.9411446 4.7248343
OS 7.935 4.7260565
OE
OB 7.335 4.7260565 H
OS 7.3288554 4.7248343
OS 7.3236463 4.7213537
OS 7.3201657 4.7161446
OS 7.3189435 4.71
OS 7.3201657 4.7038554
OS 7.3236463 4.6986463
OS 7.3288554 4.6951657
OS 7.335 4.6939435
OS 7.3411446 4.6951657
OS 7.3463537 4.6986463
OS 7.3498343 4.7038554
OS 7.3510565 4.71
OS 7.3498343 4.7161446
OS 7.3463537 4.7213537
OS 7.3411446 4.7248343
OS 7.335 4.7260565
OE
OB 7.41 4.7260565 H
OS 7.4038554 4.7248343
OS 7.3986463 4.7213537
OS 7.3951657 4.7161446
OS 7.3939435 4.71
OS 7.3951657 4.7038554
OS 7.3986463 4.6986463
OS 7.4038554 4.6951657
OS 7.41 4.6939435
OS 7.4161446 4.6951657
OS 7.4213537 4.6986463
OS 7.4248343 4.7038554
OS 7.4260565 4.71
OS 7.4248343 4.7161446
OS 7.4213537 4.7213537
OS 7.4161446 4.7248343
OS 7.41 4.7260565
OE
OB 2.0244476 4.7039715 H
OS 2.0198392 4.7030548
OS 2.0159323 4.7004444
OS 2.0133219 4.6965375
OS 2.0127191 4.6935071
OS 2.0088931 4.6912466
OS 2.0075059 4.6909769
OS 2.006317 4.6917713
OS 1.9986363 4.6932991
OS 1.9966973 4.6929134
OS 1.9808903 4.6929134
OS 1.9789513 4.6932991
OS 1.9712706 4.6917713
OS 1.9700274 4.6909406
OS 1.9685897 4.6912306
OS 1.9648187 4.6934738
OS 1.9642093 4.6965375
OS 1.9615989 4.7004444
OS 1.957692 4.7030548
OS 1.9530836 4.7039715
OS 1.9484752 4.7030548
OS 1.9445683 4.7004444
OS 1.9419579 4.6965375
OS 1.9410412 4.6919291
OS 1.9419579 4.6873207
OS 1.9445683 4.6834138
OS 1.9484752 4.6808034
OS 1.9530836 4.6798867
OS 1.9551904 4.6803058
OS 1.9595107 4.6764866
OS 1.9595229 4.6764576
OS 1.9588806 4.6732284
OS 1.9604084 4.6655477
OS 1.9647592 4.6590363
OS 1.9712706 4.6546855
OS 1.9789513 4.6531577
OS 1.9808903 4.6535434
OS 1.9966973 4.6535434
OS 1.9986363 4.6531577
OS 2.006317 4.6546855
OS 2.0128284 4.6590363
OS 2.0171792 4.6655477
OS 2.018707 4.6732284
OS 2.0180702 4.6764296
OS 2.0223995 4.6802941
OS 2.0244476 4.6798867
OS 2.029056 4.6808034
OS 2.0329629 4.6834138
OS 2.0355733 4.6873207
OS 2.03649 4.6919291
OS 2.0355733 4.6965375
OS 2.0329629 4.7004444
OS 2.029056 4.7030548
OS 2.0244476 4.7039715
OE
OB 7.9725 4.6510565 H
OS 7.9663554 4.6498343
OS 7.9611463 4.6463537
OS 7.9576657 4.6411446
OS 7.9564435 4.635
OS 7.9576657 4.6288554
OS 7.9611463 4.6236463
OS 7.9663554 4.6201657
OS 7.9725 4.6189435
OS 7.9786446 4.6201657
OS 7.9838537 4.6236463
OS 7.9873343 4.6288554
OS 7.9885565 4.635
OS 7.9873343 4.6411446
OS 7.9838537 4.6463537
OS 7.9786446 4.6498343
OS 7.9725 4.6510565
OE
OB 8.0475 4.6510565 H
OS 8.0413554 4.6498343
OS 8.0361463 4.6463537
OS 8.0326657 4.6411446
OS 8.0314435 4.635
OS 8.0326657 4.6288554
OS 8.0361463 4.6236463
OS 8.0413554 4.6201657
OS 8.0475 4.6189435
OS 8.0536446 4.6201657
OS 8.0588537 4.6236463
OS 8.0623343 4.6288554
OS 8.0635565 4.635
OS 8.0623343 4.6411446
OS 8.0588537 4.6463537
OS 8.0536446 4.6498343
OS 8.0475 4.6510565
OE
OB 7.485 4.7260565 H
OS 7.4788554 4.7248343
OS 7.4736463 4.7213537
OS 7.4701657 4.7161446
OS 7.4689435 4.71
OS 7.4701657 4.7038554
OS 7.4736463 4.6986463
OS 7.4788554 4.6951657
OS 7.485 4.6939435
OS 7.4911446 4.6951657
OS 7.4963537 4.6986463
OS 7.4998343 4.7038554
OS 7.5010565 4.71
OS 7.4998343 4.7161446
OS 7.4963537 4.7213537
OS 7.4911446 4.7248343
OS 7.485 4.7260565
OE
OB 7.785 4.7260565 H
OS 7.7788554 4.7248343
OS 7.7736463 4.7213537
OS 7.7701657 4.7161446
OS 7.7689435 4.71
OS 7.7701657 4.7038554
OS 7.7736463 4.6986463
OS 7.7788554 4.6951657
OS 7.785 4.6939435
OS 7.7911446 4.6951657
OS 7.7963537 4.6986463
OS 7.7998343 4.7038554
OS 7.8010565 4.71
OS 7.7998343 4.7161446
OS 7.7963537 4.7213537
OS 7.7911446 4.7248343
OS 7.785 4.7260565
OE
OB 7.86 4.7260565 H
OS 7.8538554 4.7248343
OS 7.8486463 4.7213537
OS 7.8451657 4.7161446
OS 7.8439435 4.71
OS 7.8451657 4.7038554
OS 7.8486463 4.6986463
OS 7.8538554 4.6951657
OS 7.86 4.6939435
OS 7.8661446 4.6951657
OS 7.8713537 4.6986463
OS 7.8748343 4.7038554
OS 7.8760565 4.71
OS 7.8748343 4.7161446
OS 7.8713537 4.7213537
OS 7.8661446 4.7248343
OS 7.86 4.7260565
OE
OB 7.71 4.7260565 H
OS 7.7038554 4.7248343
OS 7.6986463 4.7213537
OS 7.6951657 4.7161446
OS 7.6939435 4.71
OS 7.6951657 4.7038554
OS 7.6986463 4.6986463
OS 7.7038554 4.6951657
OS 7.71 4.6939435
OS 7.7161446 4.6951657
OS 7.7213537 4.6986463
OS 7.7248343 4.7038554
OS 7.7260565 4.71
OS 7.7248343 4.7161446
OS 7.7213537 4.7213537
OS 7.7161446 4.7248343
OS 7.71 4.7260565
OE
OB 7.56 4.7260565 H
OS 7.5538554 4.7248343
OS 7.5486463 4.7213537
OS 7.5451657 4.7161446
OS 7.5439435 4.71
OS 7.5451657 4.7038554
OS 7.5486463 4.6986463
OS 7.5538554 4.6951657
OS 7.56 4.6939435
OS 7.5661446 4.6951657
OS 7.5713537 4.6986463
OS 7.5748343 4.7038554
OS 7.5760565 4.71
OS 7.5748343 4.7161446
OS 7.5713537 4.7213537
OS 7.5661446 4.7248343
OS 7.56 4.7260565
OE
OB 7.635 4.7260565 H
OS 7.6288554 4.7248343
OS 7.6236463 4.7213537
OS 7.6201657 4.7161446
OS 7.6189435 4.71
OS 7.6201657 4.7038554
OS 7.6236463 4.6986463
OS 7.6288554 4.6951657
OS 7.635 4.6939435
OS 7.6411446 4.6951657
OS 7.6463537 4.6986463
OS 7.6498343 4.7038554
OS 7.6510565 4.71
OS 7.6498343 4.7161446
OS 7.6463537 4.7213537
OS 7.6411446 4.7248343
OS 7.635 4.7260565
OE
OB 12.4409449 4.3427511 H
OS 12.4363365 4.3418344
OS 12.4324297 4.339224
OS 12.429775 4.339224
OS 12.4258682 4.3418344
OS 12.4212598 4.3427511
OS 12.4166514 4.3418344
OS 12.4127445 4.339224
OS 12.4101341 4.3353171
OS 12.4092174 4.3307087
OS 12.4101341 4.3261003
OS 12.4127445 4.3221934
OS 12.4166514 4.319583
OS 12.4212598 4.3186663
OS 12.4258682 4.319583
OS 12.429775 4.3221934
OS 12.4324297 4.3221934
OS 12.4363365 4.319583
OS 12.4409449 4.3186663
OS 12.4455533 4.319583
OS 12.4494602 4.3221934
OS 12.4520706 4.3261003
OS 12.4529873 4.3307087
OS 12.4520706 4.3353171
OS 12.4494602 4.339224
OS 12.4455533 4.3418344
OS 12.4409449 4.3427511
OE
OB 1.3385827 3.1892078 H
OS 1.3339743 3.1882911
OS 1.3300674 3.1856807
OS 1.327457 3.1817738
OS 1.3265403 3.1771654
OS 1.327457 3.172557
OS 1.3300674 3.1686501
OS 1.3339743 3.1660397
OS 1.3385827 3.165123
OS 1.3431911 3.1660397
OS 1.347098 3.1686501
OS 1.3497084 3.172557
OS 1.3506251 3.1771654
OS 1.3497084 3.1817738
OS 1.347098 3.1856807
OS 1.3431911 3.1882911
OS 1.3385827 3.1892078
OE
OB 0.2598425 3.2482629 H
OS 0.2552341 3.2473462
OS 0.2513272 3.2447358
OS 0.2487168 3.2408289
OS 0.2478001 3.2362205
OS 0.2487168 3.2316121
OS 0.2513272 3.2277052
OS 0.2552341 3.2250948
OS 0.2598425 3.2241781
OS 0.2644509 3.2250948
OS 0.2683578 3.2277052
OS 0.2709682 3.2316121
OS 0.2718849 3.2362205
OS 0.2709682 3.2408289
OS 0.2683578 3.2447358
OS 0.2644509 3.2473462
OS 0.2598425 3.2482629
OE
OB 0.7559055 3.1892078 H
OS 0.7512971 3.1882911
OS 0.7473902 3.1856807
OS 0.7447798 3.1817738
OS 0.7438631 3.1771654
OS 0.7447798 3.172557
OS 0.7473902 3.1686501
OS 0.7512971 3.1660397
OS 0.7559055 3.165123
OS 0.7605139 3.1660397
OS 0.7644208 3.1686501
OS 0.7670312 3.172557
OS 0.7679479 3.1771654
OS 0.7670312 3.1817738
OS 0.7644208 3.1856807
OS 0.7605139 3.1882911
OS 0.7559055 3.1892078
OE
OB 0.4133858 3.1537747 H
OS 0.4087774 3.152858
OS 0.4048705 3.1502476
OS 0.4022601 3.1463407
OS 0.4013434 3.1417323
OS 0.4022601 3.1371239
OS 0.4048705 3.133217
OS 0.4087774 3.1306066
OS 0.4133858 3.1296899
OS 0.4179942 3.1306066
OS 0.4219011 3.133217
OS 0.4245115 3.1371239
OS 0.4254282 3.1417323
OS 0.4245115 3.1463407
OS 0.4219011 3.1502476
OS 0.4179942 3.152858
OS 0.4133858 3.1537747
OE
OB 1.3149606 3.1695227 H
OS 1.3103522 3.168606
OS 1.3064453 3.1659956
OS 1.3038349 3.1620887
OS 1.3029182 3.1574803
OS 1.3038349 3.1528719
OS 1.3064453 3.148965
OS 1.3103522 3.1463546
OS 1.3149606 3.1454379
OS 1.319569 3.1463546
OS 1.3234759 3.148965
OS 1.3260863 3.1528719
OS 1.327003 3.1574803
OS 1.3260863 3.1620887
OS 1.3234759 3.1659956
OS 1.319569 3.168606
OS 1.3149606 3.1695227
OE
OB 1.3425197 3.2340085 H
OS 1.3363751 3.2327863
OS 1.3360383 3.2325612
OS 1.3356548 3.2327773
OS 1.3354759 3.2327989
OS 1.3353147 3.2328806
OS 1.3339267 3.2329864
OS 1.332545 3.2331536
OS 1.332371 3.233105
OS 1.3321913 3.2331187
OS 1.3308694 3.2326857
OS 1.3295279 3.2323111
OS 1.329386 3.2321998
OS 1.3292144 3.2321436
OS 1.3281576 3.2312366
OS 1.3270629 3.2303781
OS 1.3267623 3.230028
OS 1.3267521 3.2300185
OS 1.3267248 3.2299981
OS 1.3266549 3.2299568
OS 1.3265144 3.2298921
OS 1.3262796 3.2298102
OS 1.3259341 3.2297228
OS 1.3255723 3.2296616
OS 1.1658714 3.2296616
OS 1.1654444 3.229726
OS 1.1649946 3.2298265
OS 1.1646365 3.2299357
OS 1.1643619 3.2300447
OS 1.1641561 3.2301479
OS 1.1640037 3.2302428
OS 1.1638841 3.2303339
OS 1.1634976 3.230692
OS 1.1622917 3.2314329
OS 1.1611133 3.2322203
OS 1.1609609 3.2322506
OS 1.1608286 3.2323319
OS 1.15943 3.2325551
OS 1.158041 3.2328314
OS 1.1578887 3.2328011
OS 1.1577353 3.2328256
OS 1.1563579 3.2324966
OS 1.1549687 3.2322203
OS 1.1548395 3.232134
OS 1.1546885 3.2320979
OS 1.1541289 3.2316923
OS 1.1496063 3.2325919
OS 1.1434617 3.2313697
OS 1.1382526 3.2278891
OS 1.134772 3.22268
OS 1.1335498 3.2165354
OS 1.134772 3.2103908
OS 1.1382526 3.2051817
OS 1.1434617 3.2017011
OS 1.1496063 3.2004789
OS 1.1541289 3.2013785
OS 1.1546885 3.2009729
OS 1.1548395 3.2009368
OS 1.1549687 3.2008505
OS 1.1563579 3.2005742
OS 1.1577353 3.2002452
OS 1.1578887 3.2002697
OS 1.158041 3.2002394
OS 1.15943 3.2005157
OS 1.1608286 3.2007389
OS 1.1609609 3.2008202
OS 1.1611133 3.2008505
OS 1.1622917 3.2016379
OS 1.1634976 3.2023788
OS 1.1638844 3.2027372
OS 1.1640034 3.2028278
OS 1.1641564 3.202923
OS 1.1643618 3.203026
OS 1.1646363 3.203135
OS 1.1649947 3.2032443
OS 1.1654448 3.2033448
OS 1.1658714 3.2034092
OS 1.3272363 3.2034092
OS 1.3276982 3.20335
OS 1.3282551 3.203245
OS 1.3287313 3.2031234
OS 1.329127 3.202993
OS 1.3294534 3.2028584
OS 1.3297185 3.2027242
OS 1.3299343 3.2025922
OS 1.3303904 3.2022578
OS 1.3316937 3.2016501
OS 1.332977 3.2010001
OS 1.3331093 3.20099
OS 1.3332294 3.200934
OS 1.3346659 3.2008713
OS 1.3361004 3.2007619
OS 1.3362264 3.2008032
OS 1.3363589 3.2007974
OS 1.3377093 3.2012889
OS 1.3390773 3.2017371
OS 1.3391781 3.2018236
OS 1.3393025 3.2018689
OS 1.3399001 3.2024165
OS 1.3425197 3.2018955
OS 1.3486643 3.2031177
OS 1.3538734 3.2065983
OS 1.357354 3.2118074
OS 1.3585762 3.217952
OS 1.357354 3.2240966
OS 1.3538734 3.2293057
OS 1.3486643 3.2327863
OS 1.3425197 3.2340085
OE
OB 1.5353125 3.2767307 H
OS 1.5307041 3.275814
OS 1.5267972 3.2732036
OS 1.5241868 3.2692967
OS 1.5232701 3.2646883
OS 1.5241868 3.2600799
OS 1.5267972 3.256173
OS 1.5307041 3.2535626
OS 1.5353125 3.2526459
OS 1.5399209 3.2535626
OS 1.5438278 3.256173
OS 1.5464382 3.2600799
OS 1.5473549 3.2646883
OS 1.5464382 3.2692967
OS 1.5438278 3.2732036
OS 1.5399209 3.275814
OS 1.5353125 3.2767307
OE
OB 1.5562205 3.3007039 H
OS 1.5516121 3.2997872
OS 1.5477052 3.2971768
OS 1.5450948 3.2932699
OS 1.5441781 3.2886615
OS 1.5450948 3.2840531
OS 1.5477052 3.2801462
OS 1.5516121 3.2775358
OS 1.5562205 3.2766191
OS 1.5608289 3.2775358
OS 1.5647358 3.2801462
OS 1.5673462 3.2840531
OS 1.5682629 3.2886615
OS 1.5673462 3.2932699
OS 1.5647358 3.2971768
OS 1.5608289 3.2997872
OS 1.5562205 3.3007039
OE
OB 1.6023622 3.299444 H
OS 1.5977538 3.2985273
OS 1.5938469 3.2959169
OS 1.5912365 3.29201
OS 1.5903198 3.2874016
OS 1.5912365 3.2827932
OS 1.5926444 3.280686
OS 1.5910736 3.2755976
OS 1.5907472 3.2752106
OS 1.5888554 3.2748343
OS 1.5836463 3.2713537
OS 1.5801657 3.2661446
OS 1.5789435 3.26
OS 1.5801657 3.2538554
OS 1.5836463 3.2486463
OS 1.5888554 3.2451657
OS 1.595 3.2439435
OS 1.6011446 3.2451657
OS 1.6063537 3.2486463
OS 1.6098343 3.2538554
OS 1.6110565 3.26
OS 1.6098343 3.2661446
OS 1.6063537 3.2713536
OS 1.6064886 3.2724298
OS 1.6074788 3.2766154
OS 1.6108775 3.2788863
OS 1.6134879 3.2827932
OS 1.6144046 3.2874016
OS 1.6134879 3.29201
OS 1.6108775 3.2959169
OS 1.6069706 3.2985273
OS 1.6023622 3.299444
OE
OB 1.152 3.2740565 H
OS 1.1458554 3.2728343
OS 1.1406463 3.2693537
OS 1.1371657 3.2641446
OS 1.1359435 3.258
OS 1.1371657 3.2518554
OS 1.1406463 3.2466463
OS 1.1458554 3.2431657
OS 1.152 3.2419435
OS 1.1581446 3.2431657
OS 1.1633537 3.2466463
OS 1.1668343 3.2518554
OS 1.1680565 3.258
OS 1.1668343 3.2641446
OS 1.1633537 3.2693537
OS 1.1581446 3.2728343
OS 1.152 3.2740565
OE
OB 1.3464567 3.2679479 H
OS 1.3418483 3.2670312
OS 1.3379414 3.2644208
OS 1.335331 3.2605139
OS 1.3344143 3.2559055
OS 1.335331 3.2512971
OS 1.3379414 3.2473902
OS 1.3418483 3.2447798
OS 1.3464567 3.2438631
OS 1.3510651 3.2447798
OS 1.354972 3.2473902
OS 1.3575824 3.2512971
OS 1.3584991 3.2559055
OS 1.3575824 3.2605139
OS 1.354972 3.2644208
OS 1.3510651 3.2670312
OS 1.3464567 3.2679479
OE
OB 0.448818 3.1537684 H
OS 0.4442096 3.1528517
OS 0.4403027 3.1502413
OS 0.4376923 3.1463344
OS 0.4367756 3.141726
OS 0.4376923 3.1371176
OS 0.4403027 3.1332107
OS 0.4442096 3.1306003
OS 0.448818 3.1296836
OS 0.4534264 3.1306003
OS 0.4573333 3.1332107
OS 0.4599437 3.1371176
OS 0.4608604 3.141726
OS 0.4599437 3.1463344
OS 0.4573333 3.1502413
OS 0.4534264 3.1528517
OS 0.448818 3.1537684
OE
OB 0.1141732 3.0829085 H
OS 0.1095648 3.0819918
OS 0.1056579 3.0793814
OS 0.1030475 3.0754745
OS 0.1021308 3.0708661
OS 0.1030475 3.0662577
OS 0.1056579 3.0623508
OS 0.1095648 3.0597404
OS 0.1141732 3.0588237
OS 0.1187816 3.0597404
OS 0.1226885 3.0623508
OS 0.1252989 3.0662577
OS 0.1262156 3.0708661
OS 0.1252989 3.0754745
OS 0.1226885 3.0793814
OS 0.1187816 3.0819918
OS 0.1141732 3.0829085
OE
OB 1.3149606 3.0907826 H
OS 1.3103522 3.0898659
OS 1.3064453 3.0872555
OS 1.3038349 3.0833486
OS 1.3029182 3.0787402
OS 1.3038349 3.0741318
OS 1.3064453 3.0702249
OS 1.3103522 3.0676145
OS 1.3149606 3.0666978
OS 1.319569 3.0676145
OS 1.3234759 3.0702249
OS 1.3260863 3.0741318
OS 1.327003 3.0787402
OS 1.3260863 3.0833486
OS 1.3234759 3.0872555
OS 1.319569 3.0898659
OS 1.3149606 3.0907826
OE
OB 0.6968504 3.0750345 H
OS 0.692242 3.0741178
OS 0.6883351 3.0715074
OS 0.6857247 3.0676005
OS 0.684808 3.0629921
OS 0.6857247 3.0583837
OS 0.6883351 3.0544768
OS 0.692242 3.0518664
OS 0.6968504 3.0509497
OS 0.7014588 3.0518664
OS 0.7053657 3.0544768
OS 0.7079761 3.0583837
OS 0.7088928 3.0629921
OS 0.7079761 3.0676005
OS 0.7053657 3.0715074
OS 0.7014588 3.0741178
OS 0.6968504 3.0750345
OE
OB 0.7165354 3.0514125 H
OS 0.711927 3.0504958
OS 0.7080201 3.0478854
OS 0.7054097 3.0439785
OS 0.704493 3.0393701
OS 0.7054097 3.0347617
OS 0.7080201 3.0308548
OS 0.711927 3.0282444
OS 0.7165354 3.0273277
OS 0.7211438 3.0282444
OS 0.7250507 3.0308548
OS 0.7276611 3.0347617
OS 0.7285778 3.0393701
OS 0.7276611 3.0439785
OS 0.7250507 3.0478854
OS 0.7211438 3.0504958
OS 0.7165354 3.0514125
OE
OB 1.3385827 3.0710975 H
OS 1.3339743 3.0701808
OS 1.3300674 3.0675704
OS 1.327457 3.0636635
OS 1.3265403 3.0590551
OS 1.327457 3.0544467
OS 1.3300674 3.0505398
OS 1.3339743 3.0479294
OS 1.3385827 3.0470127
OS 1.3431911 3.0479294
OS 1.347098 3.0505398
OS 1.3497084 3.0544467
OS 1.3506251 3.0590551
OS 1.3497084 3.0636635
OS 1.347098 3.0675704
OS 1.3431911 3.0701808
OS 1.3385827 3.0710975
OE
OB 0.515747 3.0947134 H
OS 0.5111386 3.0937967
OS 0.5072317 3.0911863
OS 0.5046213 3.0872794
OS 0.5037046 3.082671
OS 0.5046213 3.0780626
OS 0.5072317 3.0741557
OS 0.5111386 3.0715453
OS 0.515747 3.0706286
OS 0.5203554 3.0715453
OS 0.5242623 3.0741557
OS 0.5268727 3.0780626
OS 0.5277894 3.082671
OS 0.5268727 3.0872794
OS 0.5242623 3.0911863
OS 0.5203554 3.0937967
OS 0.515747 3.0947134
OE
OB 0.3622047 3.1380267 H
OS 0.3575963 3.13711
OS 0.3536894 3.1344996
OS 0.351079 3.1305927
OS 0.3501623 3.1259843
OS 0.351079 3.1213759
OS 0.3517759 3.1203329
OS 0.3481711 3.116728
OS 0.3471281 3.1174249
OS 0.3425197 3.1183416
OS 0.3379113 3.1174249
OS 0.3340044 3.1148145
OS 0.331394 3.1109076
OS 0.3304773 3.1062992
OS 0.331394 3.1016908
OS 0.3320909 3.1006478
OS 0.328486 3.097043
OS 0.327443 3.0977399
OS 0.3228346 3.0986566
OS 0.3182262 3.0977399
OS 0.3171833 3.0970431
OS 0.3135785 3.1006479
OS 0.3142753 3.1016908
OS 0.315192 3.1062992
OS 0.3142753 3.1109076
OS 0.3116649 3.1148145
OS 0.307758 3.1174249
OS 0.3031496 3.1183416
OS 0.2985412 3.1174249
OS 0.2946343 3.1148145
OS 0.2920239 3.1109076
OS 0.2911072 3.1062992
OS 0.2920239 3.1016908
OS 0.2946343 3.0977839
OS 0.2985412 3.0951735
OS 0.3031496 3.0942568
OS 0.307758 3.0951735
OS 0.3088009 3.0958703
OS 0.3124057 3.0922655
OS 0.3117089 3.0912226
OS 0.3107922 3.0866142
OS 0.3117089 3.0820058
OS 0.3143193 3.0780989
OS 0.3182262 3.0754885
OS 0.3228346 3.0745718
OS 0.327443 3.0754885
OS 0.3313499 3.0780989
OS 0.3339603 3.0820058
OS 0.334877 3.0866142
OS 0.3339603 3.0912226
OS 0.3332634 3.0922656
OS 0.3368683 3.0958704
OS 0.3379113 3.0951735
OS 0.3425197 3.0942568
OS 0.3471281 3.0951735
OS 0.351035 3.0977839
OS 0.3536454 3.1016908
OS 0.3545621 3.1062992
OS 0.3536454 3.1109076
OS 0.3529485 3.1119506
OS 0.3565533 3.1155555
OS 0.3575963 3.1148586
OS 0.3622047 3.1139419
OS 0.3625461 3.1140098
OS 0.3665098 3.1097003
OS 0.3658333 3.1062992
OS 0.3670555 3.1001546
OS 0.3705361 3.0949455
OS 0.3757452 3.0914649
OS 0.3818898 3.0902427
OS 0.3880344 3.0914649
OS 0.3932435 3.0949455
OS 0.3967241 3.1001546
OS 0.3979463 3.1062992
OS 0.3967241 3.1124438
OS 0.3932435 3.1176529
OS 0.3880344 3.1211335
OS 0.3818898 3.1223557
OS 0.3784887 3.1216792
OS 0.3741792 3.1256429
OS 0.3742471 3.1259843
OS 0.3733304 3.1305927
OS 0.37072 3.1344996
OS 0.3668131 3.13711
OS 0.3622047 3.1380267
OE
OB 1.3385827 3.1498377 H
OS 1.3339743 3.148921
OS 1.3300674 3.1463106
OS 1.327457 3.1424037
OS 1.3265403 3.1377953
OS 1.327457 3.1331869
OS 1.3300674 3.12928
OS 1.3339743 3.1266696
OS 1.3385827 3.1257529
OS 1.3431911 3.1266696
OS 1.347098 3.12928
OS 1.3497084 3.1331869
OS 1.3506251 3.1377953
OS 1.3497084 3.1424037
OS 1.347098 3.1463106
OS 1.3431911 3.148921
OS 1.3385827 3.1498377
OE
OB 1.3149606 3.1301526 H
OS 1.3103522 3.1292359
OS 1.3064453 3.1266255
OS 1.3038349 3.1227186
OS 1.3029182 3.1181102
OS 1.3038349 3.1135018
OS 1.3064453 3.1095949
OS 1.3103522 3.1069845
OS 1.3149606 3.1060678
OS 1.319569 3.1069845
OS 1.3234759 3.1095949
OS 1.3260863 3.1135018
OS 1.327003 3.1181102
OS 1.3260863 3.1227186
OS 1.3234759 3.1266255
OS 1.319569 3.1292359
OS 1.3149606 3.1301526
OE
OB 1.3385827 3.1104676 H
OS 1.3339743 3.1095509
OS 1.3300674 3.1069405
OS 1.327457 3.1030336
OS 1.3265403 3.0984252
OS 1.327457 3.0938168
OS 1.3300674 3.0899099
OS 1.3339743 3.0872995
OS 1.3385827 3.0863828
OS 1.3431911 3.0872995
OS 1.347098 3.0899099
OS 1.3497084 3.0938168
OS 1.3506251 3.0984252
OS 1.3497084 3.1030336
OS 1.347098 3.1069405
OS 1.3431911 3.1095509
OS 1.3385827 3.1104676
OE
OB 0.4409449 3.1223557 H
OS 0.4348003 3.1211335
OS 0.4295912 3.1176529
OS 0.4261106 3.1124438
OS 0.4248884 3.1062992
OS 0.4261106 3.1001546
OS 0.4295912 3.0949455
OS 0.4348003 3.0914649
OS 0.4409449 3.0902427
OS 0.4470895 3.0914649
OS 0.4522986 3.0949455
OS 0.4557792 3.1001546
OS 0.4570014 3.1062992
OS 0.4557792 3.1124438
OS 0.4522986 3.1176529
OS 0.4470895 3.1211335
OS 0.4409449 3.1223557
OE
OB 1.5123706 4.2914518 H
OS 1.5077622 4.2905351
OS 1.5038553 4.2879247
OS 1.5012449 4.2840178
OS 1.5003282 4.2794094
OS 1.5012449 4.274801
OS 1.5038553 4.2708941
OS 1.5077622 4.2682837
OS 1.5123706 4.267367
OS 1.516979 4.2682837
OS 1.5208859 4.2708941
OS 1.5234963 4.274801
OS 1.524413 4.2794094
OS 1.5234963 4.2840178
OS 1.5208859 4.2879247
OS 1.516979 4.2905351
OS 1.5123706 4.2914518
OE
OB 11.9313926 4.3270801 H
OS 11.925248 4.3258579
OS 11.9200389 4.3223773
OS 11.9165583 4.3171682
OS 11.9153361 4.3110236
OS 11.9165583 4.304879
OS 11.9200389 4.2996699
OS 11.925248 4.2961893
OS 11.9313926 4.2949671
OS 11.9375372 4.2961893
OS 11.9427463 4.2996699
OS 11.9462269 4.304879
OS 11.9474491 4.3110236
OS 11.9462269 4.3171682
OS 11.9427463 4.3223773
OS 11.9375372 4.3258579
OS 11.9313926 4.3270801
OE
OB 0.1531351 4.1719401 H
OS 0.1432686 4.1706411
OS 0.1340745 4.1668328
OS 0.1261793 4.1607746
OS 0.1201211 4.1528795
OS 0.1163128 4.1436853
OS 0.1150138 4.1338188
OS 0.1163128 4.1239523
OS 0.1201211 4.1147581
OS 0.1261793 4.106863
OS 0.1340745 4.1008048
OS 0.1432686 4.0969965
OS 0.1531351 4.0956975
OS 0.1630016 4.0969965
OS 0.1721957 4.1008048
OS 0.1800909 4.106863
OS 0.1861491 4.1147581
OS 0.1899574 4.1239523
OS 0.1912564 4.1338188
OS 0.1899574 4.1436853
OS 0.1861491 4.1528795
OS 0.1800909 4.1607746
OS 0.1721957 4.1668328
OS 0.1630016 4.1706411
OS 0.1531351 4.1719401
OE
OB 1.3643706 4.1114518 H
OS 1.3597622 4.1105351
OS 1.3558553 4.1079247
OS 1.3532449 4.1040178
OS 1.3523282 4.0994094
OS 1.3532449 4.094801
OS 1.3558553 4.0908941
OS 1.3597622 4.0882837
OS 1.3643706 4.087367
OS 1.368979 4.0882837
OS 1.3728859 4.0908941
OS 1.3754963 4.094801
OS 1.376413 4.0994094
OS 1.3754963 4.1040178
OS 1.3728859 4.1079247
OS 1.368979 4.1105351
OS 1.3643706 4.1114518
OE
OB 1.3327131 4.1137943 H
OS 1.3281047 4.1128776
OS 1.3241978 4.1102672
OS 1.3215874 4.1063603
OS 1.3206707 4.1017519
OS 1.3215874 4.0971435
OS 1.3241978 4.0932366
OS 1.3281047 4.0906262
OS 1.3327131 4.0897095
OS 1.3373215 4.0906262
OS 1.3412284 4.0932366
OS 1.3438388 4.0971435
OS 1.3447555 4.1017519
OS 1.3438388 4.1063603
OS 1.3412284 4.1102672
OS 1.3373215 4.1128776
OS 1.3327131 4.1137943
OE
OB 12.8313926 4.3270801 H
OS 12.825248 4.3258579
OS 12.8200389 4.3223773
OS 12.8165583 4.3171682
OS 12.8153361 4.3110236
OS 12.8165583 4.304879
OS 12.8200389 4.2996699
OS 12.825248 4.2961893
OS 12.8313926 4.2949671
OS 12.8375372 4.2961893
OS 12.8427463 4.2996699
OS 12.8462269 4.304879
OS 12.8474491 4.3110236
OS 12.8462269 4.3171682
OS 12.8427463 4.3223773
OS 12.8375372 4.3258579
OS 12.8313926 4.3270801
OE
OB 12.2440945 4.3427511 H
OS 12.2394861 4.3418344
OS 12.2355793 4.339224
OS 12.2329246 4.339224
OS 12.2290178 4.3418344
OS 12.2244094 4.3427511
OS 12.219801 4.3418344
OS 12.2158941 4.339224
OS 12.2132837 4.3353171
OS 12.212367 4.3307087
OS 12.2132837 4.3261003
OS 12.2158941 4.3221934
OS 12.219801 4.319583
OS 12.2244094 4.3186663
OS 12.2290178 4.319583
OS 12.2329246 4.3221934
OS 12.2355793 4.3221934
OS 12.2394861 4.319583
OS 12.2440945 4.3186663
OS 12.2487029 4.319583
OS 12.2526098 4.3221934
OS 12.2552202 4.3261003
OS 12.2561369 4.3307087
OS 12.2552202 4.3353171
OS 12.2526098 4.339224
OS 12.2487029 4.3418344
OS 12.2440945 4.3427511
OE
OB 12.3425197 4.3427511 H
OS 12.3379113 4.3418344
OS 12.3340045 4.339224
OS 12.3313498 4.339224
OS 12.327443 4.3418344
OS 12.3228346 4.3427511
OS 12.3182262 4.3418344
OS 12.3143193 4.339224
OS 12.3117089 4.3353171
OS 12.3107922 4.3307087
OS 12.3117089 4.3261003
OS 12.3143193 4.3221934
OS 12.3182262 4.319583
OS 12.3228346 4.3186663
OS 12.327443 4.319583
OS 12.3313498 4.3221934
OS 12.3340045 4.3221934
OS 12.3379113 4.319583
OS 12.3425197 4.3186663
OS 12.3471281 4.319583
OS 12.351035 4.3221934
OS 12.3536454 4.3261003
OS 12.3545621 4.3307087
OS 12.3536454 4.3353171
OS 12.351035 4.339224
OS 12.3471281 4.3418344
OS 12.3425197 4.3427511
OE
OB 12.1456693 4.3427511 H
OS 12.1410609 4.3418344
OS 12.1371541 4.339224
OS 12.1344995 4.339224
OS 12.1305927 4.3418344
OS 12.1259843 4.3427511
OS 12.1213759 4.3418344
OS 12.117469 4.339224
OS 12.1148586 4.3353171
OS 12.1139419 4.3307087
OS 12.1148586 4.3261003
OS 12.117469 4.3221934
OS 12.1213759 4.319583
OS 12.1259843 4.3186663
OS 12.1305927 4.319583
OS 12.1344995 4.3221934
OS 12.1371541 4.3221934
OS 12.1410609 4.319583
OS 12.1456693 4.3186663
OS 12.1502777 4.319583
OS 12.1541846 4.3221934
OS 12.156795 4.3261003
OS 12.1577117 4.3307087
OS 12.156795 4.3353171
OS 12.1541846 4.339224
OS 12.1502777 4.3418344
OS 12.1456693 4.3427511
OE
OB 1.0913706 4.3304518 H
OS 1.0867622 4.3295351
OS 1.0828553 4.3269247
OS 1.0802449 4.3230178
OS 1.0793282 4.3184094
OS 1.0802449 4.313801
OS 1.0828553 4.3098941
OS 1.0867622 4.3072837
OS 1.0913706 4.306367
OS 1.095979 4.3072837
OS 1.0998859 4.3098941
OS 1.1024963 4.313801
OS 1.103413 4.3184094
OS 1.1024963 4.3230178
OS 1.0998859 4.3269247
OS 1.095979 4.3295351
OS 1.0913706 4.3304518
OE
OB 1.5133706 4.3504518 H
OS 1.5087622 4.3495351
OS 1.5048553 4.3469247
OS 1.5022449 4.3430178
OS 1.5013282 4.3384094
OS 1.5022449 4.333801
OS 1.5048553 4.3298941
OS 1.5087622 4.3272837
OS 1.5133706 4.326367
OS 1.517979 4.3272837
OS 1.5218859 4.3298941
OS 1.5244963 4.333801
OS 1.525413 4.3384094
OS 1.5244963 4.3430178
OS 1.5218859 4.3469247
OS 1.517979 4.3495351
OS 1.5133706 4.3504518
OE
OB 1.0633706 4.1064518 H
OS 1.0587622 4.1055351
OS 1.0548553 4.1029247
OS 1.0522449 4.0990178
OS 1.0513282 4.0944094
OS 1.0522449 4.089801
OS 1.0548553 4.0858941
OS 1.0587622 4.0832837
OS 1.0633706 4.082367
OS 1.067979 4.0832837
OS 1.0718859 4.0858941
OS 1.0744963 4.089801
OS 1.075413 4.0944094
OS 1.0744963 4.0990178
OS 1.0718859 4.1029247
OS 1.067979 4.1055351
OS 1.0633706 4.1064518
OE
OB 0.6591665 3.8245637 H
OS 0.6591104 3.8245525
OS 0.6590536 3.824563
OS 0.6575715 3.8242465
OS 0.6560942 3.8239526
OS 0.6560465 3.8239207
OS 0.6559902 3.8239087
OS 0.6547463 3.823052
OS 0.6544865 3.8228784
OS 0.6535433 3.823066
OS 0.6489349 3.8221493
OS 0.645028 3.8195389
OS 0.6424176 3.815632
OS 0.6415009 3.8110236
OS 0.6416427 3.810311
OS 0.6375997 3.8053109
OS 0.5599041 3.8053109
OS 0.5598767 3.8053267
OS 0.5597531 3.8054106
OS 0.5589244 3.8060957
OS 0.5584638 3.8065435
OS 0.5571969 3.8073645
OS 0.5559396 3.8082046
OS 0.5558833 3.8082158
OS 0.555835 3.8082471
OS 0.5543449 3.8085218
OS 0.5528673 3.8088157
OS 0.5528112 3.8088045
OS 0.5527544 3.808815
OS 0.5512723 3.8084985
OS 0.549795 3.8082046
OS 0.5497473 3.8081727
OS 0.549691 3.8081607
OS 0.5484471 3.807304
OS 0.5481873 3.8071304
OS 0.5472441 3.807318
OS 0.5426357 3.8064013
OS 0.5387288 3.8037909
OS 0.5361184 3.799884
OS 0.5352017 3.7952757
OS 0.5321289 3.7915314
OS 0.4585868 3.7915314
OS 0.4585183 3.7916413
OS 0.4575122 3.7927136
OS 0.4565335 3.7938092
OS 0.4564434 3.7938526
OS 0.4563748 3.7939257
OS 0.455033 3.7945322
OS 0.4537116 3.7951689
OS 0.4536119 3.7951745
OS 0.4535204 3.7952159
OS 0.4520475 3.7952628
OS 0.450584 3.7953453
OS 0.4504897 3.7953123
OS 0.4503895 3.7953155
OS 0.4490132 3.7947961
OS 0.4488111 3.7947254
OS 0.4448819 3.795507
OS 0.4402735 3.7945903
OS 0.4363666 3.7919799
OS 0.4337562 3.788073
OS 0.4328395 3.7834646
OS 0.4337562 3.7788562
OS 0.4363666 3.7749493
OS 0.4402735 3.7723389
OS 0.4427449 3.7718473
OS 0.4430282 3.7715302
OS 0.4440022 3.7703985
OS 0.4440694 3.7703646
OS 0.4441196 3.7703084
OS 0.4454652 3.76966
OS 0.4467986 3.7689869
OS 0.4468737 3.7689813
OS 0.4469415 3.7689486
OS 0.4484329 3.7688645
OS 0.4499224 3.768753
OS 0.4499939 3.7687765
OS 0.450069 3.7687723
OS 0.4514801 3.7692656
OS 0.4528978 3.7697322
OS 0.4545126 3.7706446
OS 0.4549619 3.77087
OS 0.4560432 3.7713342
OS 0.4562835 3.7714174
OS 0.4564366 3.7714608
OS 0.6842021 3.7714608
OS 0.6927207 3.7629422
OS 0.6927207 3.3405511
OS 0.6934846 3.3367107
OS 0.69566 3.3334551
OS 0.9112245 3.1178905
OS 0.9112245 2.8149607
OS 0.9119884 2.8111203
OS 0.9141638 2.8078647
OS 1.0795181 2.6425103
OS 1.0827739 2.6403349
OS 1.0866142 2.639571
OS 1.1470682 2.639571
OS 1.1475339 2.638678
OS 1.1475763 2.6386425
OS 1.1476023 2.6385942
OS 1.1487748 2.6376383
OS 1.149935 2.6366662
OS 1.1499874 2.6366497
OS 1.1500302 2.6366148
OS 1.1514834 2.6361792
OS 1.1529231 2.6357263
OS 1.1529779 2.6357311
OS 1.1530307 2.6357153
OS 1.1545346 2.6358684
OS 1.1547922 2.6358911
OS 1.1568089 2.6345436
OS 1.1614173 2.6336269
OS 1.1660257 2.6345436
OS 1.1699326 2.637154
OS 1.172543 2.6410609
OS 1.1734597 2.6456693
OS 1.1733179 2.6463819
OS 1.1773609 2.651382
OS 1.2117494 2.651382
OS 1.2117768 2.6513662
OS 1.2119004 2.6512823
OS 1.2127291 2.6505972
OS 1.2131897 2.6501494
OS 1.2144566 2.6493284
OS 1.2145827 2.6492441
OS 1.2157414 2.6449207
OS 1.2157078 2.6433819
OS 1.214917 2.6426808
OS 1.2148146 2.6426009
OS 1.2147744 2.6425543
OS 1.2147277 2.6425129
OS 1.214671 2.6424381
OS 1.2144943 2.6423375
OS 1.2136584 2.6412612
OS 1.212768 2.6402294
OS 1.2127019 2.6400295
OS 1.2125729 2.6398634
OS 1.2122126 2.6385493
OS 1.2117847 2.6372552
OS 1.2118001 2.6370454
OS 1.2117445 2.6368425
OS 1.2119145 2.6354905
OS 1.2120144 2.6341312
OS 1.2121089 2.6339432
OS 1.2121352 2.6337344
OS 1.2128099 2.6325499
OS 1.2128672 2.6324359
OS 1.212367 2.6299213
OS 1.2132837 2.6253129
OS 1.2158941 2.621406
OS 1.219801 2.6187956
OS 1.2244094 2.6178789
OS 1.2290178 2.6187956
OS 1.2329247 2.621406
OS 1.2355351 2.6253129
OS 1.2364518 2.6299213
OS 1.2362626 2.6308723
OS 1.2371008 2.6319516
OS 1.2371257 2.6320425
OS 1.237182 2.6321185
OS 1.2375394 2.6335511
OS 1.2379292 2.6349725
OS 1.2379174 2.6350662
OS 1.2379403 2.6351579
OS 1.2377225 2.6366169
OS 1.2376891 2.6368829
OS 1.2472535 2.6464473
OS 1.2494289 2.6497029
OS 1.2501928 2.6535433
OS 1.2501928 2.6692913
OS 1.2494289 2.6731317
OS 1.2472535 2.6763873
OS 1.2393797 2.6842611
OS 1.2393795 2.6842614
OS 1.2361238 2.6864368
OS 1.2322835 2.6872007
OS 1.2165354 2.6872007
OS 1.212695 2.6864368
OS 1.2094394 2.6842614
OS 1.2045047 2.6793267
OS 1.1773609 2.6793267
OS 1.1733179 2.6843268
OS 1.1734597 2.6850394
OS 1.172543 2.6896478
OS 1.1699326 2.6935547
OS 1.1660257 2.6961651
OS 1.1614173 2.6970818
OS 1.1568089 2.6961651
OS 1.152902 2.6935547
OS 1.1506521 2.6901873
OS 1.1500678 2.6897969
OS 1.1492821 2.6894561
OS 1.1487781 2.6889352
OS 1.1481753 2.6885324
OS 1.1476995 2.6878203
OS 1.147104 2.6872048
OS 1.1471024 2.6872007
OS 1.114393 2.6872007
OS 0.9658549 2.8357387
OS 0.9658549 2.8894779
OS 0.9708549 2.8899704
OS 0.9710437 2.8890213
OS 0.9732191 2.8857657
OS 1.0491572 2.8098275
OS 1.052413 2.8076521
OS 1.0562533 2.8068882
OS 1.2217884 2.8068882
OS 1.2231034 2.8052768
OS 1.2249061 2.8018881
OS 1.2241781 2.7982283
OS 1.2250948 2.7936199
OS 1.2277052 2.789713
OS 1.2316121 2.7871026
OS 1.2362205 2.7861859
OS 1.2408289 2.7871026
OS 1.2447358 2.789713
OS 1.2473462 2.7936199
OS 1.2482629 2.7982283
OS 1.2475349 2.8018881
OS 1.2493376 2.8052768
OS 1.2506526 2.8068882
OS 1.3167151 2.8068882
OS 1.3275496 2.7960536
OS 1.3308054 2.7938782
OS 1.3339304 2.7932566
OS 1.3341707 2.7931992
OS 1.3343843 2.7928795
OS 1.3353021 2.7922663
OS 1.3361415 2.79155
OS 1.3365936 2.7914033
OS 1.3369889 2.7911392
OS 1.3380712 2.7909239
OS 1.3391211 2.7905833
OS 1.3395951 2.7906208
OS 1.3400612 2.7905281
OS 1.3411437 2.7907434
OS 1.3422438 2.7908305
OS 1.3426672 2.7910464
OS 1.3431335 2.7911392
OS 1.343859 2.7916239
OS 1.3464567 2.7911072
OS 1.3510651 2.7920239
OS 1.354972 2.7946343
OS 1.3575824 2.7985412
OS 1.3584991 2.8031496
OS 1.3575824 2.807758
OS 1.354972 2.8116648
OS 1.354972 2.8143194
OS 1.3575824 2.8182262
OS 1.3584991 2.8228346
OS 1.3575824 2.827443
OS 1.3565236 2.8290277
OS 1.3553858 2.8326772
OS 1.3565236 2.8363266
OS 1.3575824 2.8379113
OS 1.3584991 2.8425197
OS 1.3575824 2.8471281
OS 1.354972 2.8510349
OS 1.354972 2.8536895
OS 1.3575824 2.8575963
OS 1.3584991 2.8622047
OS 1.3575824 2.8668131
OS 1.3565236 2.8683978
OS 1.3553858 2.8720473
OS 1.3565236 2.8756967
OS 1.3575824 2.8772814
OS 1.3584991 2.8818898
OS 1.3575824 2.8864982
OS 1.354972 2.8904051
OS 1.3510651 2.8930155
OS 1.3464567 2.8939322
OS 1.3439484 2.8934333
OS 1.3429779 2.8940444
OS 1.3428005 2.8940747
OS 1.3426438 2.894164
OS 1.3412621 2.8943377
OS 1.3398902 2.8945722
OS 1.3397144 2.8945323
OS 1.3395358 2.8945547
OS 1.3381936 2.8941867
OS 1.3368355 2.8938781
OS 1.3366885 2.893774
OS 1.3365148 2.8937264
OS 1.3354148 2.8928721
OS 1.334279 2.8920679
OS 1.3290757 2.8865749
OS 1.3147409 2.87224
OS 1.2381801 2.87224
OS 1.2355075 2.87724
OS 1.2355351 2.8772814
OS 1.2364518 2.8818898
OS 1.2355351 2.8864982
OS 1.2329247 2.8904051
OS 1.2290178 2.8930155
OS 1.2244094 2.8939322
OS 1.219801 2.8930155
OS 1.2187266 2.8922976
OS 1.2183462 2.892361
OS 1.2168447 2.8926264
OS 1.2168051 2.8926176
OS 1.216765 2.8926243
OS 1.2152803 2.8922803
OS 1.2137862 2.8919497
OS 1.2137528 2.8919263
OS 1.2137134 2.8919172
OS 1.2124737 2.8910315
OS 1.2112194 2.890154
OS 1.2111976 2.8901197
OS 1.2111646 2.8900962
OS 1.2103558 2.8887996
OS 1.2095353 2.8875128
OS 1.2088294 2.8856998
OS 1.2082511 2.8844035
OS 1.2080659 2.8840511
OS 1.086834 2.8840511
OS 1.0494055 2.9214795
OS 1.0494055 3.1496063
OS 1.0486416 3.1534467
OS 1.0464662 3.1567023
OS 0.868303 3.3348655
OS 0.868303 3.354111
OS 0.9126078 3.3984157
OS 0.9147832 3.4016715
OS 0.9155471 3.4055118
OS 0.9155471 3.4643472
OS 0.967726 3.516526
OS 0.9699013 3.5197817
OS 0.9706652 3.523622
OS 0.9706652 3.5570866
OS 0.9699013 3.560927
OS 0.9677259 3.5641826
OS 0.9651107 3.5667978
OS 0.9650843 3.5668641
OS 0.9650016 3.5671227
OS 0.9649347 3.5673869
OS 0.964729 3.5686053
OS 0.9646578 3.5693232
OS 0.9642165 3.5707745
OS 0.9637854 3.5722467
OS 0.9637588 3.5722798
OS 0.9637465 3.5723202
OS 0.9627811 3.5734949
OS 0.9618217 3.5746873
OS 0.9617844 3.5747077
OS 0.9617576 3.5747403
OS 0.9604151 3.5754567
OS 0.9590735 3.5761906
OS 0.9590314 3.5761952
OS 0.958994 3.5762151
OS 0.9574817 3.576363
OS 0.95737 3.5763751
OS 0.9573342 3.5764287
OS 0.9534273 3.5790391
OS 0.9488189 3.5799558
OS 0.9442105 3.5790391
OS 0.9403036 3.5764287
OS 0.9376932 3.5725218
OS 0.9367765 3.5679134
OS 0.9376932 3.563305
OS 0.9403036 3.5593981
OS 0.9418998 3.5583316
OS 0.9420175 3.5579296
OS 0.9424119 3.5564884
OS 0.9424563 3.5564312
OS 0.9424766 3.5563618
OS 0.9434144 3.5551962
OS 0.9443321 3.5540134
OS 0.944395 3.5539776
OS 0.9444403 3.5539212
OS 0.9457554 3.5532018
OS 0.9470533 3.5524617
OS 0.9471248 3.5524527
OS 0.9471884 3.5524179
OS 0.9486779 3.5522566
OS 0.9500253 3.5520865
OS 0.9501301 3.5510916
OS 0.9499994 3.5469569
OS 0.9455945 3.543396
OS 0.94488 3.5435381
OS 0.9402716 3.5426214
OS 0.9363647 3.540011
OS 0.9358296 3.5392102
OS 0.9355214 3.5391488
OS 0.9340373 3.538875
OS 0.9339893 3.5388439
OS 0.9339331 3.5388327
OS 0.9326779 3.5379937
OS 0.9314088 3.537171
OS 0.9313762 3.5371237
OS 0.9313288 3.537092
OS 0.9304916 3.5358387
OS 0.9296325 3.5345908
OS 0.9296205 3.5345347
OS 0.9295888 3.5344872
OS 0.9292944 3.533006
OS 0.9289789 3.5315273
OS 0.9289684 3.5307722
OS 0.9289372 3.5303021
OS 0.9288912 3.5299336
OS 0.9288405 3.529669
OS 0.9288323 3.5296385
OS 0.9052921 3.5060983
OS 0.8444882 3.5060983
OS 0.8406478 3.5053344
OS 0.8373922 3.503159
OS 0.7940851 3.4598519
OS 0.7919097 3.4565963
OS 0.7911458 3.4527559
OS 0.7911458 3.3405513
OS 0.7919097 3.3367109
OS 0.7940851 3.3334553
OS 0.8541958 3.2733446
OS 0.8537056 3.2683686
OS 0.8536894 3.2683578
OS 0.851079 3.2644509
OS 0.8504625 3.2613518
OS 0.8462944 3.2594718
OS 0.8453608 3.2593824
OS 0.7364133 3.3683299
OS 0.7364133 3.4071597
OS 0.7372957 3.4078287
OS 0.7440701 3.4066901
OS 0.7445518 3.4059691
OS 0.7497609 3.4024885
OS 0.7559055 3.4012663
OS 0.7620501 3.4024885
OS 0.7672592 3.4059691
OS 0.7707398 3.4111782
OS 0.771962 3.4173228
OS 0.7707398 3.4234674
OS 0.7672592 3.4286765
OS 0.7620501 3.4321571
OS 0.7559055 3.4333793
OS 0.7497609 3.4321571
OS 0.7445518 3.4286765
OS 0.7440701 3.4279555
OS 0.7372957 3.4268169
OS 0.7364133 3.4274859
OS 0.7364133 3.7497804
OS 0.7540494 3.7674165
OS 0.7540798 3.7674247
OS 0.754227 3.7674529
OS 0.7552976 3.7675545
OS 0.7559399 3.7675635
OS 0.7574139 3.7678783
OS 0.7588991 3.7681738
OS 0.758947 3.7682058
OS 0.7590032 3.7682178
OS 0.7602471 3.7690745
OS 0.7615037 3.7699141
OS 0.7615357 3.7699619
OS 0.7615831 3.7699946
OS 0.7624042 3.7712618
OS 0.763244 3.7725187
OS 0.7632553 3.7725753
OS 0.7632865 3.7726235
OS 0.7635594 3.774104
OS 0.7636213 3.7744151
OS 0.7644208 3.7749493
OS 0.7670312 3.7788562
OS 0.7679479 3.7834646
OS 0.7670312 3.788073
OS 0.7644208 3.7919799
OS 0.7605139 3.7945903
OS 0.7559055 3.795507
OS 0.7512971 3.7945903
OS 0.7473902 3.7919799
OS 0.7468559 3.7911803
OS 0.7465484 3.7911191
OS 0.7450644 3.7908456
OS 0.7450162 3.7908144
OS 0.7449596 3.7908031
OS 0.7437027 3.7899633
OS 0.7424355 3.7891422
OS 0.7424028 3.7890948
OS 0.742355 3.7890628
OS 0.7415154 3.7878062
OS 0.7406587 3.7865623
OS 0.7406467 3.7865061
OS 0.7406147 3.7864582
OS 0.7403199 3.7849763
OS 0.7400044 3.783499
OS 0.7399937 3.7827425
OS 0.7399626 3.7822733
OS 0.7399164 3.781904
OS 0.7398656 3.7816389
OS 0.7398574 3.7816085
OS 0.7333442 3.7750953
OS 0.7279189 3.7767411
OS 0.7277754 3.7774623
OS 0.7256 3.7807179
OS 0.6881983 3.8181196
OS 0.6849427 3.820295
OS 0.6811023 3.8210589
OS 0.6662033 3.8210589
OS 0.6661759 3.8210747
OS 0.6660523 3.8211586
OS 0.6652236 3.8218437
OS 0.664763 3.8222915
OS 0.6634961 3.8231125
OS 0.6622388 3.8239526
OS 0.6621825 3.8239638
OS 0.6621342 3.8239951
OS 0.6606441 3.8242698
OS 0.6591665 3.8245637
OE
OB 0.4680957 4.0405936 H
OS 0.453707 4.0386993
OS 0.4402988 4.0331455
OS 0.428785 4.0243106
OS 0.4199501 4.0127968
OS 0.4143963 3.9993886
OS 0.412502 3.9849999
OS 0.4143963 3.9706112
OS 0.4199501 3.957203
OS 0.428785 3.9456892
OS 0.4402988 3.9368543
OS 0.453707 3.9313005
OS 0.4680957 3.9294062
OS 0.4824844 3.9313005
OS 0.4958926 3.9368543
OS 0.5074064 3.9456892
OS 0.5162413 3.957203
OS 0.5217951 3.9706112
OS 0.5236894 3.9849999
OS 0.5217951 3.9993886
OS 0.5162413 4.0127968
OS 0.5074064 4.0243106
OS 0.4958926 4.0331455
OS 0.4824844 4.0386993
OS 0.4680957 4.0405936
OE
OB 0.1496063 3.795507 H
OS 0.1449979 3.7945903
OS 0.141091 3.7919799
OS 0.1384806 3.788073
OS 0.1375639 3.7834646
OS 0.1384806 3.7788562
OS 0.141091 3.7749493
OS 0.1449979 3.7723389
OS 0.1496063 3.7714222
OS 0.1542147 3.7723389
OS 0.1581216 3.7749493
OS 0.160732 3.7788562
OS 0.1616487 3.7834646
OS 0.160732 3.788073
OS 0.1581216 3.7919799
OS 0.1542147 3.7945903
OS 0.1496063 3.795507
OE
OB 0.343025 3.5926954 H
OS 0.3384166 3.5917787
OS 0.3345097 3.5891683
OS 0.3318993 3.5852614
OS 0.3309826 3.580653
OS 0.3318993 3.5760446
OS 0.3345097 3.5721377
OS 0.3384166 3.5695273
OS 0.343025 3.5686106
OS 0.3476334 3.5695273
OS 0.3515403 3.5721377
OS 0.3541507 3.5760446
OS 0.3550674 3.580653
OS 0.3541507 3.5852614
OS 0.3515403 3.5891683
OS 0.3476334 3.5917787
OS 0.343025 3.5926954
OE
OB 0.653542 3.6026635 H
OS 0.6473974 3.6014413
OS 0.6421883 3.5979607
OS 0.6387077 3.5927516
OS 0.6374855 3.586607
OS 0.6387077 3.5804624
OS 0.6421883 3.5752533
OS 0.6473974 3.5717727
OS 0.653542 3.5705505
OS 0.6596866 3.5717727
OS 0.6648957 3.5752533
OS 0.6683763 3.5804624
OS 0.6695985 3.586607
OS 0.6683763 3.5927516
OS 0.6648957 3.5979607
OS 0.6596866 3.6014413
OS 0.653542 3.6026635
OE
OB 1.4583701 3.9823967 H
OS 1.4537617 3.98148
OS 1.4498548 3.9788696
OS 1.4472444 3.9749627
OS 1.4463277 3.9703543
OS 1.4472444 3.9657459
OS 1.4498548 3.961839
OS 1.4537617 3.9592286
OS 1.4583701 3.9583119
OS 1.4629785 3.9592286
OS 1.4668854 3.961839
OS 1.4694958 3.9657459
OS 1.4704125 3.9703543
OS 1.4694958 3.9749627
OS 1.4668854 3.9788696
OS 1.4629785 3.98148
OS 1.4583701 3.9823967
OE
OB 0.8521709 4.0650391 H
OS 0.8199461 4.0650391
OS 0.8199461 4.0328144
OS 0.824751 4.033447
OS 0.8338876 4.0372316
OS 0.8417335 4.0432519
OS 0.8477538 4.0510978
OS 0.8515384 4.0602344
OS 0.8521709 4.0650391
OE
OB 0.9264966 4.5663235 H
OS 0.8595675 4.5663235
OS 0.7768903 4.4836463
OS 0.7768903 4.1529376
OS 0.8174611 4.1123668
OS 0.8160073 4.1094188
OS 0.8148474 4.1079094
OS 0.8051412 4.1066316
OS 0.7960046 4.102847
OS 0.7881587 4.0968267
OS 0.7821384 4.0889808
OS 0.7783538 4.0798442
OS 0.7777212 4.0750391
OS 0.8149461 4.0750391
OS 0.8528406 4.0750391
OS 0.8555552 4.0781345
OS 0.9264966 4.0781345
OS 0.9658667 4.1175046
OS 0.9658667 4.5269534
OS 0.9503791 4.542441
OS 0.9503791 4.5554723
OS 0.9373478 4.5554723
OS 0.9264966 4.5663235
OE
OB 0.8099461 4.0650391 H
OS 0.7777213 4.0650391
OS 0.7783538 4.0602344
OS 0.7821384 4.0510978
OS 0.7881587 4.0432519
OS 0.7960046 4.0372316
OS 0.8051412 4.033447
OS 0.8099461 4.0328144
OS 0.8099461 4.0650391
OE
OB 0.1531351 4.0719401 H
OS 0.1432686 4.0706411
OS 0.1340745 4.0668328
OS 0.1261793 4.0607746
OS 0.1201211 4.0528795
OS 0.1163128 4.0436853
OS 0.1150138 4.0338188
OS 0.1163128 4.0239523
OS 0.1201211 4.0147581
OS 0.1261793 4.006863
OS 0.1340745 4.0008048
OS 0.1432686 3.9969965
OS 0.1531351 3.9956975
OS 0.1630016 3.9969965
OS 0.1721957 4.0008048
OS 0.1800909 4.006863
OS 0.1861491 4.0147581
OS 0.1899574 4.0239523
OS 0.1912564 4.0338188
OS 0.1899574 4.0436853
OS 0.1861491 4.0528795
OS 0.1800909 4.0607746
OS 0.1721957 4.0668328
OS 0.1630016 4.0706411
OS 0.1531351 4.0719401
OE
OB 0.3149461 4.1412483 H
OS 0.3010539 4.13988
OS 0.2876956 4.1358278
OS 0.2753845 4.1292474
OS 0.2645937 4.1203917
OS 0.255738 4.1096009
OS 0.2491576 4.0972898
OS 0.2451054 4.0839315
OS 0.2437371 4.0700393
OS 0.2451054 4.0561471
OS 0.2491576 4.0427888
OS 0.255738 4.0304777
OS 0.2645937 4.0196869
OS 0.2753845 4.0108312
OS 0.2876956 4.0042508
OS 0.3010539 4.0001986
OS 0.3149461 3.9988303
OS 0.3288383 4.0001986
OS 0.3421966 4.0042508
OS 0.3545077 4.0108312
OS 0.3652985 4.0196869
OS 0.3741542 4.0304777
OS 0.3807346 4.0427888
OS 0.3847868 4.0561471
OS 0.3861551 4.0700393
OS 0.3847868 4.0839315
OS 0.3807346 4.0972898
OS 0.3741542 4.1096009
OS 0.3652985 4.1203917
OS 0.3545077 4.1292474
OS 0.3421966 4.1358278
OS 0.3288383 4.13988
OS 0.3149461 4.1412483
OE
SE
S P 0
OB 2.7322294 4.2584406 I
OS 2.7323178 4.2579963
OS 2.7322795 4.2575444
OS 2.732621 4.2564716
OS 2.7328405 4.2553683
OS 2.7330923 4.2549915
OS 2.7332298 4.2545595
OS 2.7339556 4.2536994
OS 2.7345808 4.2527637
OS 2.7349577 4.2525119
OS 2.7352499 4.2513875
OS 2.7352498 4.2477382
OS 2.7349578 4.2466149
OS 2.7345809 4.2463631
OS 2.7339554 4.245427
OS 2.7332297 4.2445669
OS 2.7330923 4.2441352
OS 2.7328406 4.2437585
OS 2.7326211 4.2426547
OS 2.7322796 4.241582
OS 2.7323179 4.2411305
OS 2.7322295 4.2406862
OS 2.7322296 4.0808192
OS 2.7322306 4.080814
OS 2.7322296 4.0808088
OS 2.732537 4.0792737
OS 2.7328407 4.0777469
OS 2.7328436 4.0777425
OS 2.7328447 4.0777372
OS 2.7337094 4.0764468
OS 2.734581 4.0751423
OS 2.7345855 4.0751393
OS 2.7345884 4.075135
OS 2.7381286 4.071604
OS 2.7381329 4.0716012
OS 2.738136 4.0715965
OS 2.7394679 4.0707115
OS 2.7407354 4.069867
OS 2.7407406 4.069866
OS 2.7407451 4.069863
OS 2.7422855 4.0695608
OS 2.7438085 4.0692599
OS 2.7438137 4.0692609
OS 2.743819 4.0692599
OS 2.9964596 4.0699179
OS 2.9999998 4.0663869
OS 2.9999999 3.774192
OS 2.8591653 3.6333573
OS 2.8568927 3.6335629
OS 2.8561135 3.6377916
OS 2.85623 3.6386433
OS 2.8598933 3.641091
OS 2.8625037 3.6449979
OS 2.8634204 3.6496063
OS 2.8625037 3.6542147
OS 2.8598933 3.6581216
OS 2.8559864 3.660732
OS 2.851378 3.6616487
OS 2.8504348 3.6614611
OS 2.850175 3.6616347
OS 2.8489311 3.6624914
OS 2.8488748 3.6625034
OS 2.8488271 3.6625353
OS 2.8473462 3.6628299
OS 2.8458677 3.6631456
OS 2.8458112 3.6631352
OS 2.8457548 3.6631464
OS 2.8442703 3.6628511
OS 2.8427871 3.6625777
OS 2.842739 3.6625465
OS 2.8426825 3.6625353
OS 2.8414228 3.6616936
OS 2.8401583 3.6608742
OS 2.8396162 3.6603471
OS 2.8392612 3.6600364
OS 2.8389682 3.6598085
OS 2.838745 3.6596571
OS 2.838718 3.6596416
OS 2.6846063 3.6596416
OS 2.680766 3.6588777
OS 2.6775102 3.6567023
OS 2.4868561 3.4660481
OS 2.4868257 3.4660399
OS 2.4866785 3.4660117
OS 2.4856079 3.4659101
OS 2.4849656 3.4659011
OS 2.4834916 3.4655863
OS 2.4820064 3.4652908
OS 2.4819585 3.4652588
OS 2.4819023 3.4652468
OS 2.4806584 3.4643901
OS 2.4794018 3.4635505
OS 2.4793698 3.4635027
OS 2.4793224 3.46347
OS 2.4785013 3.4622028
OS 2.4776615 3.4609459
OS 2.4776502 3.4608893
OS 2.477619 3.4608411
OS 2.4773461 3.4593606
OS 2.4772842 3.4590495
OS 2.4764847 3.4585153
OS 2.4738743 3.4546084
OS 2.4729576 3.45
OS 2.4738743 3.4453916
OS 2.4764847 3.4414847
OS 2.4784696 3.4401585
OS 2.4800867 3.4347893
OS 2.4800167 3.4338509
OS 2.4788906 3.4323325
OS 2.429427 3.4323325
OS 2.4281069 3.4339557
OS 2.4263129 3.4373326
OS 2.4270424 3.441
OS 2.4261257 3.4456084
OS 2.4235153 3.4495153
OS 2.4196084 3.4521257
OS 2.415 3.4530424
OS 2.4103916 3.4521257
OS 2.4064847 3.4495153
OS 2.4038743 3.4456084
OS 2.4029576 3.441
OS 2.4036871 3.4373326
OS 2.4033891 3.4359466
OS 2.403024 3.4351652
OS 2.4008122 3.4319745
OS 2.3987718 3.4315686
OS 2.3955161 3.4293933
OS 2.3601237 3.3940009
OS 2.3600934 3.3939927
OS 2.3599462 3.3939645
OS 2.3588756 3.3938629
OS 2.3582333 3.3938539
OS 2.3567593 3.3935391
OS 2.3552741 3.3932436
OS 2.3552262 3.3932116
OS 2.35517 3.3931996
OS 2.3539261 3.3923429
OS 2.3526695 3.3915033
OS 2.3526375 3.3914555
OS 2.3525901 3.3914228
OS 2.351769 3.3901556
OS 2.3511903 3.3892894
OS 2.3501406 3.3885658
OS 2.3461678 3.3873507
OS 2.3457721 3.387354
OS 2.3431911 3.3890785
OS 2.3385827 3.3899952
OS 2.3339743 3.3890785
OS 2.3300675 3.3864681
OS 2.3274128 3.3864681
OS 2.323506 3.3890785
OS 2.3188976 3.3899952
OS 2.3142892 3.3890785
OS 2.3103824 3.3864681
OS 2.3077278 3.3864681
OS 2.303821 3.3890785
OS 2.2992126 3.3899952
OS 2.2946042 3.3890785
OS 2.2906973 3.3864681
OS 2.2880869 3.3825612
OS 2.2871702 3.3779528
OS 2.2880869 3.3733444
OS 2.2906973 3.3694375
OS 2.2946042 3.3668271
OS 2.2992126 3.3659104
OS 2.303821 3.3668271
OS 2.3077278 3.3694375
OS 2.3103824 3.3694375
OS 2.3142892 3.3668271
OS 2.3188976 3.3659104
OS 2.323506 3.3668271
OS 2.3274128 3.3694375
OS 2.3300675 3.3694375
OS 2.3339743 3.3668271
OS 2.3385827 3.3659104
OS 2.3431911 3.3668271
OS 2.3470979 3.3694375
OS 2.3497525 3.3694375
OS 2.3536593 3.3668271
OS 2.3582677 3.3659104
OS 2.3628761 3.3668271
OS 2.366783 3.3694375
OS 2.371583 3.368004
OS 2.3733444 3.3668271
OS 2.3779528 3.3659104
OS 2.3825612 3.3668271
OS 2.3864681 3.3694375
OS 2.3890785 3.3733444
OS 2.3899952 3.3779528
OS 2.3890785 3.3825612
OS 2.3864681 3.3864681
OS 2.386452 3.3864789
OS 2.3859618 3.3914549
OS 2.4067689 3.4122619
OS 2.4872972 3.4122619
OS 2.4911376 3.4130258
OS 2.4943932 3.4152012
OS 2.6921567 3.6129647
OS 2.8433753 3.6129647
OS 2.8452888 3.6083453
OS 2.7269788 3.4900353
OS 2.70266 3.4900353
OS 2.7026326 3.4900511
OS 2.702509 3.490135
OS 2.7016803 3.4908201
OS 2.7012197 3.4912679
OS 2.6999528 3.4920889
OS 2.6986955 3.492929
OS 2.6986392 3.4929402
OS 2.6985909 3.4929715
OS 2.6971008 3.4932462
OS 2.6956232 3.4935401
OS 2.6955671 3.4935289
OS 2.6955103 3.4935394
OS 2.6940282 3.4932229
OS 2.6925509 3.492929
OS 2.6925032 3.4928971
OS 2.6924469 3.4928851
OS 2.691203 3.4920284
OS 2.6909432 3.4918548
OS 2.69 3.4920424
OS 2.6853916 3.4911257
OS 2.6814847 3.4885153
OS 2.6788743 3.4846084
OS 2.6779576 3.48
OS 2.6788743 3.4753916
OS 2.6814847 3.4714847
OS 2.6853916 3.4688743
OS 2.69 3.4679576
OS 2.6909432 3.4681452
OS 2.691203 3.4679716
OS 2.6924469 3.4671149
OS 2.6925032 3.4671029
OS 2.6925509 3.467071
OS 2.6940318 3.4667764
OS 2.6955103 3.4664607
OS 2.6955668 3.4664711
OS 2.6956232 3.4664599
OS 2.6971077 3.4667552
OS 2.6985909 3.4670286
OS 2.698639 3.4670598
OS 2.6986955 3.467071
OS 2.6999552 3.4679127
OS 2.7012197 3.4687321
OS 2.7017618 3.4692592
OS 2.7021168 3.4695699
OS 2.7024098 3.4697978
OS 2.702633 3.4699492
OS 2.70266 3.4699647
OS 2.7311355 3.4699647
OS 2.7349759 3.4707286
OS 2.7382315 3.472904
OS 2.9953804 3.7300529
OS 2.9999999 3.7281395
OS 2.9999999 3.5636567
OS 2.8359407 3.4011039
OS 2.8359302 3.4010884
OS 2.8359144 3.4010778
OS 2.835049 3.3997826
OS 2.8341884 3.3985074
OS 2.8341846 3.398489
OS 2.8341741 3.3984732
OS 2.8338728 3.3969584
OS 2.833563 3.3954379
OS 2.8335666 3.3954192
OS 2.833563 3.3954009
OS 2.8335629 3.3070866
OS 2.834174 3.3040143
OS 2.8359143 3.3014097
OS 2.8385189 3.2996694
OS 2.8415912 3.2990583
OS 2.9999999 3.2990582
OS 2.9999999 3.2113537
OS 2.9943231 3.2056769
OS 2.9925828 3.2030723
OS 2.9919717 3.2
OS 2.9919717 3.1919601
OS 2.9853071 3.1832747
OS 2.9805467 3.171782
OS 2.978923 3.1594488
OS 2.978923 3.0099029
OS 2.9753852 3.0063695
OS 1.8117649 3.0077969
OS 1.8117478 3.0077947
OS 1.8117308 3.0077969
OS 1.7755906 3.0077969
OS 1.7683963 3.0068497
OS 1.7616922 3.0040728
OS 1.7559353 2.9996554
OS 1.7515179 2.9938985
OS 1.748741 2.9871944
OS 1.7477938 2.9800001
OS 1.748741 2.9728058
OS 1.7515179 2.9661017
OS 1.7559353 2.9603448
OS 1.7616922 2.9559274
OS 1.7683963 2.9531505
OS 1.7755906 2.9522033
OS 1.8116967 2.9522033
OS 2.9999999 2.9507456
OS 2.9999999 2.9224818
OS 1.7872196 2.9224817
OS 1.7518524 2.9236925
OS 1.7366282 2.9251558
OS 1.7366282 3.2902165
OS 1.7350045 3.3025497
OS 1.7302441 3.3140424
OS 1.7226713 3.3239114
OS 1.7122828 3.3342999
OS 1.7122828 4.134893
OS 1.964738 4.3873482
OS 2.7322293 4.3873482
OS 2.7322294 4.2584406
OE
OB 2.7125984 3.2640109 H
OS 2.70799 3.2630942
OS 2.7040832 3.2604838
OS 2.7014286 3.2604838
OS 2.6975218 3.2630942
OS 2.6929134 3.2640109
OS 2.688305 3.2630942
OS 2.6843981 3.2604838
OS 2.6817877 3.2565769
OS 2.680871 3.2519685
OS 2.6817877 3.2473601
OS 2.6843981 3.2434532
OS 2.688305 3.2408428
OS 2.6929134 3.2399261
OS 2.6975218 3.2408428
OS 2.7014286 3.2434532
OS 2.7040832 3.2434532
OS 2.70799 3.2408428
OS 2.7125984 3.2399261
OS 2.7172068 3.2408428
OS 2.7211137 3.2434532
OS 2.7237241 3.2473601
OS 2.7246408 3.2519685
OS 2.7237241 3.2565769
OS 2.7211137 3.2604838
OS 2.7172068 3.2630942
OS 2.7125984 3.2640109
OE
OB 2.5944882 3.2640109 H
OS 2.5898798 3.2630942
OS 2.585973 3.2604838
OS 2.5833183 3.2604838
OS 2.5794115 3.2630942
OS 2.5748031 3.2640109
OS 2.5701947 3.2630942
OS 2.5662879 3.2604838
OS 2.5636333 3.2604838
OS 2.5597265 3.2630942
OS 2.5551181 3.2640109
OS 2.5505097 3.2630942
OS 2.5466029 3.2604838
OS 2.5439483 3.2604838
OS 2.5400415 3.2630942
OS 2.5354331 3.2640109
OS 2.5308247 3.2630942
OS 2.5269178 3.2604838
OS 2.5266288 3.2600512
OS 2.5206153 3.2600512
OS 2.5203263 3.2604838
OS 2.5164194 3.2630942
OS 2.511811 3.2640109
OS 2.5072026 3.2630942
OS 2.5032957 3.2604838
OS 2.5006853 3.2565769
OS 2.4997686 3.2519685
OS 2.5006853 3.2473601
OS 2.5032957 3.2434532
OS 2.5072026 3.2408428
OS 2.511811 3.2399261
OS 2.5164194 3.2408428
OS 2.5203263 3.2434532
OS 2.5206153 3.2438858
OS 2.5266288 3.2438858
OS 2.5269178 3.2434532
OS 2.5308247 3.2408428
OS 2.5354331 3.2399261
OS 2.5400415 3.2408428
OS 2.5439483 3.2434532
OS 2.5466029 3.2434532
OS 2.5505097 3.2408428
OS 2.5551181 3.2399261
OS 2.5597265 3.2408428
OS 2.5636333 3.2434532
OS 2.5662879 3.2434532
OS 2.5701947 3.2408428
OS 2.5748031 3.2399261
OS 2.5794115 3.2408428
OS 2.5833183 3.2434532
OS 2.585973 3.2434532
OS 2.5898798 3.2408428
OS 2.5944882 3.2399261
OS 2.5990966 3.2408428
OS 2.6030035 3.2434532
OS 2.6056139 3.2473601
OS 2.6065306 3.2519685
OS 2.6056139 3.2565769
OS 2.6030035 3.2604838
OS 2.5990966 3.2630942
OS 2.5944882 3.2640109
OE
OB 2.4370079 3.2640109 H
OS 2.4323995 3.2630942
OS 2.4284927 3.2604838
OS 2.425838 3.2604838
OS 2.4219312 3.2630942
OS 2.4173228 3.2640109
OS 2.4127144 3.2630942
OS 2.4088076 3.2604838
OS 2.406153 3.2604838
OS 2.4022462 3.2630942
OS 2.3976378 3.2640109
OS 2.3930294 3.2630942
OS 2.3891226 3.2604838
OS 2.386468 3.2604838
OS 2.3825612 3.2630942
OS 2.3779528 3.2640109
OS 2.3733444 3.2630942
OS 2.3694376 3.2604838
OS 2.3667829 3.2604838
OS 2.3628761 3.2630942
OS 2.3582677 3.2640109
OS 2.3536593 3.2630942
OS 2.3497525 3.2604838
OS 2.3470979 3.2604838
OS 2.3431911 3.2630942
OS 2.3385827 3.2640109
OS 2.3339743 3.2630942
OS 2.3300674 3.2604838
OS 2.3297784 3.2600512
OS 2.3237649 3.2600512
OS 2.3234759 3.2604838
OS 2.319569 3.2630942
OS 2.3149606 3.2640109
OS 2.3103522 3.2630942
OS 2.3064453 3.2604838
OS 2.3038349 3.2565769
OS 2.3029182 3.2519685
OS 2.3038349 3.2473601
OS 2.3064453 3.2434532
OS 2.3103522 3.2408428
OS 2.3149606 3.2399261
OS 2.319569 3.2408428
OS 2.3234759 3.2434532
OS 2.3237649 3.2438858
OS 2.3297784 3.2438858
OS 2.3300674 3.2434532
OS 2.3339743 3.2408428
OS 2.3385827 3.2399261
OS 2.3431911 3.2408428
OS 2.3470979 3.2434532
OS 2.3497525 3.2434532
OS 2.3536593 3.2408428
OS 2.3582677 3.2399261
OS 2.3628761 3.2408428
OS 2.3667829 3.2434532
OS 2.3694376 3.2434532
OS 2.3733444 3.2408428
OS 2.3779528 3.2399261
OS 2.3825612 3.2408428
OS 2.386468 3.2434532
OS 2.3891226 3.2434532
OS 2.3930294 3.2408428
OS 2.3976378 3.2399261
OS 2.4022462 3.2408428
OS 2.406153 3.2434532
OS 2.4088076 3.2434532
OS 2.4127144 3.2408428
OS 2.4173228 3.2399261
OS 2.4219312 3.2408428
OS 2.425838 3.2434532
OS 2.4284927 3.2434532
OS 2.4323995 3.2408428
OS 2.4370079 3.2399261
OS 2.4416163 3.2408428
OS 2.4455232 3.2434532
OS 2.4481336 3.2473601
OS 2.4490503 3.2519685
OS 2.4481336 3.2565769
OS 2.4455232 3.2604838
OS 2.4416163 3.2630942
OS 2.4370079 3.2640109
OE
OB 2.1009203 3.3019012 H
OS 2.0963119 3.3009845
OS 2.092405 3.2983741
OS 2.0897946 3.2944672
OS 2.0888779 3.2898588
OS 2.0897946 3.2852504
OS 2.092405 3.2813435
OS 2.0963119 3.2787331
OS 2.1009203 3.2778164
OS 2.1055287 3.2787331
OS 2.1094356 3.2813435
OS 2.112046 3.2852504
OS 2.1129627 3.2898588
OS 2.112046 3.2944672
OS 2.1094356 3.2983741
OS 2.1055287 3.3009845
OS 2.1009203 3.3019012
OE
OB 2.4370079 3.3899952 H
OS 2.4323995 3.3890785
OS 2.4284926 3.3864681
OS 2.4258822 3.3825612
OS 2.4249655 3.3779528
OS 2.4258822 3.3733444
OS 2.4284926 3.3694375
OS 2.4323995 3.3668271
OS 2.4370079 3.3659104
OS 2.4416163 3.3668271
OS 2.4455232 3.3694375
OS 2.4481336 3.3733444
OS 2.4490503 3.3779528
OS 2.4481336 3.3825612
OS 2.4455232 3.3864681
OS 2.4416163 3.3890785
OS 2.4370079 3.3899952
OE
OB 2.5372658 3.3293082 H
OS 2.5326574 3.3283915
OS 2.5287505 3.3257811
OS 2.5261401 3.3218742
OS 2.5252234 3.3172658
OS 2.5261401 3.3126574
OS 2.5287505 3.3087505
OS 2.5326574 3.3061401
OS 2.5372658 3.3052234
OS 2.5418742 3.3061401
OS 2.5457811 3.3087505
OS 2.5483915 3.3126574
OS 2.5493082 3.3172658
OS 2.5483915 3.3218742
OS 2.5457811 3.3257811
OS 2.5418742 3.3283915
OS 2.5372658 3.3293082
OE
OB 2.496063 3.311255 H
OS 2.4914546 3.3103383
OS 2.4875477 3.3077279
OS 2.4849373 3.303821
OS 2.4840206 3.2992126
OS 2.4849373 3.2946042
OS 2.4875477 3.2906973
OS 2.4914546 3.2880869
OS 2.496063 3.2871702
OS 2.5006714 3.2880869
OS 2.5045783 3.2906973
OS 2.5071887 3.2946042
OS 2.5081054 3.2992126
OS 2.5071887 3.303821
OS 2.5045783 3.3077279
OS 2.5006714 3.3103383
OS 2.496063 3.311255
OE
OB 2.1716535 3.2836959 H
OS 2.1670451 3.2827792
OS 2.1631382 3.2801688
OS 2.1605278 3.2762619
OS 2.1596111 3.2716535
OS 2.1605278 3.2670451
OS 2.1631382 3.2631382
OS 2.1670451 3.2605278
OS 2.1716535 3.2596111
OS 2.1762619 3.2605278
OS 2.1801688 3.2631382
OS 2.1827792 3.2670451
OS 2.1836959 3.2716535
OS 2.1827792 3.2762619
OS 2.1801688 3.2801688
OS 2.1762619 3.2827792
OS 2.1716535 3.2836959
OE
OB 2.0826771 3.1303069 H
OS 2.0807381 3.1299212
OS 2.0649311 3.1299212
OS 2.0629921 3.1303069
OS 2.0553114 3.1287791
OS 2.0488 3.1244283
OS 2.0444492 3.1179169
OS 2.0429214 3.1102362
OS 2.0444492 3.1025555
OS 2.0488 3.0960441
OS 2.0553114 3.0916933
OS 2.0629921 3.0901655
OS 2.0649311 3.0905512
OS 2.0807381 3.0905512
OS 2.0826771 3.0901655
OS 2.0903578 3.0916933
OS 2.0968692 3.0960441
OS 2.10122 3.1025555
OS 2.1027478 3.1102362
OS 2.10122 3.1179169
OS 2.0968692 3.1244283
OS 2.0903578 3.1287791
OS 2.0826771 3.1303069
OE
OB 2.9409449 3.0986566 H
OS 2.9363365 3.0977399
OS 2.9324296 3.0951295
OS 2.9298192 3.0912226
OS 2.9289025 3.0866142
OS 2.9298192 3.0820058
OS 2.9324296 3.0780989
OS 2.9363365 3.0754885
OS 2.9409449 3.0745718
OS 2.9455533 3.0754885
OS 2.9494602 3.0780989
OS 2.9520706 3.0820058
OS 2.9529873 3.0866142
OS 2.9520706 3.0912226
OS 2.9494602 3.0951295
OS 2.9455533 3.0977399
OS 2.9409449 3.0986566
OE
OB 2.0826772 3.0750345 H
OS 2.0780688 3.0741178
OS 2.074162 3.0715074
OS 2.0715073 3.0715074
OS 2.0676005 3.0741178
OS 2.0629921 3.0750345
OS 2.0583837 3.0741178
OS 2.0544768 3.0715074
OS 2.0518664 3.0676005
OS 2.0509497 3.0629921
OS 2.0518664 3.0583837
OS 2.0544768 3.0544768
OS 2.0583837 3.0518664
OS 2.0629921 3.0509497
OS 2.0676005 3.0518664
OS 2.0715073 3.0544768
OS 2.074162 3.0544768
OS 2.0780688 3.0518664
OS 2.0826772 3.0509497
OS 2.0872856 3.0518664
OS 2.0911925 3.0544768
OS 2.0938029 3.0583837
OS 2.0947196 3.0629921
OS 2.0938029 3.0676005
OS 2.0911925 3.0715074
OS 2.0872856 3.0741178
OS 2.0826772 3.0750345
OE
OB 2.8897638 3.2010188 H
OS 2.8851554 3.2001021
OS 2.8812485 3.1974917
OS 2.8786381 3.1935848
OS 2.8777214 3.1889764
OS 2.8786381 3.184368
OS 2.8812485 3.1804611
OS 2.8851554 3.1778507
OS 2.8897638 3.176934
OS 2.8904976 3.17708
OS 2.8918979 3.1759346
OS 2.8941491 3.1727083
OS 2.8934694 3.1692913
OS 2.8943861 3.1646829
OS 2.8969965 3.160776
OS 2.9009034 3.1581656
OS 2.9055118 3.1572489
OS 2.9101202 3.1581656
OS 2.9140271 3.160776
OS 2.9166375 3.1646829
OS 2.9175542 3.1692913
OS 2.9168761 3.1727004
OS 2.9181311 3.1744963
OS 2.9212613 3.1753529
OS 2.9243915 3.1744962
OS 2.9256441 3.1727029
OS 2.9249655 3.1692913
OS 2.9258822 3.1646829
OS 2.9284926 3.160776
OS 2.9323995 3.1581656
OS 2.9370079 3.1572489
OS 2.9416163 3.1581656
OS 2.9455232 3.160776
OS 2.9481336 3.1646829
OS 2.9490503 3.1692913
OS 2.9481336 3.1738997
OS 2.9455232 3.1778066
OS 2.9416163 3.180417
OS 2.9370079 3.1813337
OS 2.9362723 3.1811874
OS 2.9348752 3.1823267
OS 2.9326178 3.1855584
OS 2.9332964 3.18897
OS 2.9323797 3.1935784
OS 2.9297693 3.1974853
OS 2.9258624 3.2000957
OS 2.921254 3.2010124
OS 2.9166456 3.2000957
OS 2.9127387 3.1974853
OS 2.9101283 3.1935784
OS 2.9092116 3.18897
OS 2.9098897 3.1855609
OS 2.9086363 3.1837673
OS 2.9054986 3.1829115
OS 2.9023761 3.1837685
OS 2.9011265 3.1855594
OS 2.9018062 3.1889764
OS 2.9008895 3.1935848
OS 2.8982791 3.1974917
OS 2.8943722 3.2001021
OS 2.8897638 3.2010188
OE
OB 2.476378 3.2640109 H
OS 2.4717696 3.2630942
OS 2.4678627 3.2604838
OS 2.4652523 3.2565769
OS 2.4643356 3.2519685
OS 2.4652523 3.2473601
OS 2.4678627 3.2434532
OS 2.4717696 3.2408428
OS 2.476378 3.2399261
OS 2.4809864 3.2408428
OS 2.4848933 3.2434532
OS 2.4875037 3.2473601
OS 2.4884204 3.2519685
OS 2.4875037 3.2565769
OS 2.4848933 3.2604838
OS 2.4809864 3.2630942
OS 2.476378 3.2640109
OE
OB 2.2795276 3.2640109 H
OS 2.2749192 3.2630942
OS 2.2710123 3.2604838
OS 2.2684019 3.2565769
OS 2.2674852 3.2519685
OS 2.2684019 3.2473601
OS 2.2710123 3.2434532
OS 2.2749192 3.2408428
OS 2.2795276 3.2399261
OS 2.284136 3.2408428
OS 2.2880429 3.2434532
OS 2.2906533 3.2473601
OS 2.29157 3.2519685
OS 2.2906533 3.2565769
OS 2.2880429 3.2604838
OS 2.284136 3.2630942
OS 2.2795276 3.2640109
OE
OB 2.2992126 3.2049558 H
OS 2.2946042 3.2040391
OS 2.2906973 3.2014287
OS 2.2880869 3.1975218
OS 2.2871702 3.1929134
OS 2.2880869 3.188305
OS 2.2906973 3.1843981
OS 2.2946042 3.1817877
OS 2.2992126 3.180871
OS 2.303821 3.1817877
OS 2.3077279 3.1843981
OS 2.3103383 3.188305
OS 2.311255 3.1929134
OS 2.3103383 3.1975218
OS 2.3077279 3.2014287
OS 2.303821 3.2040391
OS 2.2992126 3.2049558
OE
OB 2.1333897 4.2863385 H
OS 2.0892519 4.2863385
OS 2.0892519 4.2422007
OS 2.0971401 4.2432392
OS 2.10915 4.2482138
OS 2.1194631 4.2561273
OS 2.1273766 4.2664404
OS 2.1323512 4.2784503
OS 2.1333897 4.2863385
OE
OB 2.0792519 4.2863385 H
OS 2.0351141 4.2863385
OS 2.0361526 4.2784503
OS 2.0411272 4.2664404
OS 2.0490407 4.2561273
OS 2.0593538 4.2482138
OS 2.0713637 4.2432392
OS 2.0792519 4.2422007
OS 2.0792519 4.2863385
OE
OB 2.6385079 4.2469684 H
OS 2.5943701 4.2469684
OS 2.5943701 4.2028306
OS 2.6022583 4.2038691
OS 2.6142682 4.2088437
OS 2.6245813 4.2167572
OS 2.6324948 4.2270704
OS 2.6374694 4.2390802
OS 2.6385079 4.2469684
OE
OB 2.5843701 4.3011062 H
OS 2.5764819 4.3000677
OS 2.564472 4.2950931
OS 2.5541589 4.2871796
OS 2.5462454 4.2768664
OS 2.5412708 4.2648566
OS 2.5402323 4.2569684
OS 2.5843701 4.2569684
OS 2.5843701 4.3011062
OE
OB 2.0892519 4.3404763 H
OS 2.0892519 4.2963385
OS 2.1333897 4.2963385
OS 2.1323512 4.3042267
OS 2.1273766 4.3162366
OS 2.1194631 4.3265497
OS 2.10915 4.3344632
OS 2.0971401 4.3394378
OS 2.0892519 4.3404763
OE
OB 2.0792519 4.3404763 H
OS 2.0713637 4.3394378
OS 2.0593538 4.3344632
OS 2.0490407 4.3265497
OS 2.0411272 4.3162366
OS 2.0361526 4.3042267
OS 2.0351141 4.2963385
OS 2.0792519 4.2963385
OS 2.0792519 4.3404763
OE
OB 2.5943701 4.3011062 H
OS 2.5943701 4.2569684
OS 2.6385079 4.2569684
OS 2.6374694 4.2648566
OS 2.6324948 4.2768664
OS 2.6245813 4.2871796
OS 2.6142682 4.2950931
OS 2.6022583 4.3000677
OS 2.5943701 4.3011062
OE
OB 2.5843701 4.2469684 H
OS 2.5402323 4.2469684
OS 2.5412708 4.2390802
OS 2.5462454 4.2270704
OS 2.5541589 4.2167572
OS 2.564472 4.2088437
OS 2.5764819 4.2038691
OS 2.5843701 4.2028306
OS 2.5843701 4.2469684
OE
OB 2.382 3.4540424 H
OS 2.3773916 3.4531257
OS 2.3734847 3.4505153
OS 2.3708743 3.4466084
OS 2.3699576 3.442
OS 2.3708743 3.4373916
OS 2.3734847 3.4334847
OS 2.3773916 3.4308743
OS 2.382 3.4299576
OS 2.3866084 3.4308743
OS 2.3905153 3.4334847
OS 2.3931257 3.4373916
OS 2.3940424 3.442
OS 2.3931257 3.4466084
OS 2.3905153 3.4505153
OS 2.3866084 3.4531257
OS 2.382 3.4540424
OE
OB 2.7480315 3.3899952 H
OS 2.7434231 3.3890785
OS 2.7395163 3.3864681
OS 2.7368617 3.3864681
OS 2.7329549 3.3890785
OS 2.7283465 3.3899952
OS 2.7237381 3.3890785
OS 2.7198313 3.3864681
OS 2.7171766 3.3864681
OS 2.7132698 3.3890785
OS 2.7086614 3.3899952
OS 2.704053 3.3890785
OS 2.7001462 3.3864681
OS 2.6974916 3.3864681
OS 2.6935848 3.3890785
OS 2.6889764 3.3899952
OS 2.684368 3.3890785
OS 2.6804611 3.3864681
OS 2.6778507 3.3825612
OS 2.676934 3.3779528
OS 2.6778507 3.3733444
OS 2.6804611 3.3694375
OS 2.684368 3.3668271
OS 2.6889764 3.3659104
OS 2.6935848 3.3668271
OS 2.6974916 3.3694375
OS 2.7001462 3.3694375
OS 2.704053 3.3668271
OS 2.7086614 3.3659104
OS 2.7132698 3.3668271
OS 2.7171766 3.3694375
OS 2.7198313 3.3694375
OS 2.7237381 3.3668271
OS 2.7283465 3.3659104
OS 2.7329549 3.3668271
OS 2.7368617 3.3694375
OS 2.7395163 3.3694375
OS 2.7434231 3.3668271
OS 2.7480315 3.3659104
OS 2.7526399 3.3668271
OS 2.7565468 3.3694375
OS 2.7591572 3.3733444
OS 2.7600739 3.3779528
OS 2.7591572 3.3825612
OS 2.7565468 3.3864681
OS 2.7526399 3.3890785
OS 2.7480315 3.3899952
OE
OB 2.6338583 3.3899952 H
OS 2.6292499 3.3890785
OS 2.6253431 3.3864681
OS 2.6226883 3.3864681
OS 2.6187815 3.3890785
OS 2.6141731 3.3899952
OS 2.6095647 3.3890785
OS 2.6056579 3.3864681
OS 2.6030034 3.3864681
OS 2.5990966 3.3890785
OS 2.5944882 3.3899952
OS 2.5898798 3.3890785
OS 2.585973 3.3864681
OS 2.5833183 3.3864681
OS 2.5794115 3.3890785
OS 2.5748031 3.3899952
OS 2.5701947 3.3890785
OS 2.5662879 3.3864681
OS 2.5636333 3.3864681
OS 2.5597265 3.3890785
OS 2.5551181 3.3899952
OS 2.5505097 3.3890785
OS 2.5466029 3.3864681
OS 2.5439483 3.3864681
OS 2.5400415 3.3890785
OS 2.5354331 3.3899952
OS 2.5308247 3.3890785
OS 2.5269179 3.3864681
OS 2.5242632 3.3864681
OS 2.5203564 3.3890785
OS 2.515748 3.3899952
OS 2.5111396 3.3890785
OS 2.5072328 3.3864681
OS 2.5045782 3.3864681
OS 2.5006714 3.3890785
OS 2.496063 3.3899952
OS 2.4914546 3.3890785
OS 2.4875478 3.3864681
OS 2.4848932 3.3864681
OS 2.4809864 3.3890785
OS 2.476378 3.3899952
OS 2.4717696 3.3890785
OS 2.4678627 3.3864681
OS 2.4652523 3.3825612
OS 2.4643356 3.3779528
OS 2.4652523 3.3733444
OS 2.4678627 3.3694375
OS 2.4717696 3.3668271
OS 2.476378 3.3659104
OS 2.4809864 3.3668271
OS 2.4848932 3.3694375
OS 2.4875478 3.3694375
OS 2.4914546 3.3668271
OS 2.496063 3.3659104
OS 2.5006714 3.3668271
OS 2.5045782 3.3694375
OS 2.5072328 3.3694375
OS 2.5111396 3.3668271
OS 2.515748 3.3659104
OS 2.5203564 3.3668271
OS 2.5242632 3.3694375
OS 2.5269179 3.3694375
OS 2.5308247 3.3668271
OS 2.5354331 3.3659104
OS 2.5400415 3.3668271
OS 2.5439483 3.3694375
OS 2.5466029 3.3694375
OS 2.5505097 3.3668271
OS 2.5551181 3.3659104
OS 2.5597265 3.3668271
OS 2.5636333 3.3694375
OS 2.5662879 3.3694375
OS 2.5701947 3.3668271
OS 2.5748031 3.3659104
OS 2.5794115 3.3668271
OS 2.5833183 3.3694375
OS 2.585973 3.3694375
OS 2.5898798 3.3668271
OS 2.5944882 3.3659104
OS 2.5990966 3.3668271
OS 2.6030034 3.3694375
OS 2.6056579 3.3694375
OS 2.6095647 3.3668271
OS 2.6141731 3.3659104
OS 2.6187815 3.3668271
OS 2.6226883 3.3694375
OS 2.6253431 3.3694375
OS 2.6292499 3.3668271
OS 2.6338583 3.3659104
OS 2.6384667 3.3668271
OS 2.6423736 3.3694375
OS 2.644984 3.3733444
OS 2.6459007 3.3779528
OS 2.644984 3.3825612
OS 2.6423736 3.3864681
OS 2.6384667 3.3890785
OS 2.6338583 3.3899952
OE
OB 2.1012595 3.4690707 H
OS 2.0935788 3.4675429
OS 2.091417 3.4660984
OS 2.0892552 3.4675429
OS 2.0815745 3.4690707
OS 2.0738938 3.4675429
OS 2.0673824 3.4631921
OS 2.0630316 3.4566807
OS 2.0615038 3.449
OS 2.0630316 3.4413193
OS 2.0673824 3.4348079
OS 2.0738938 3.4304571
OS 2.0815745 3.4289293
OS 2.0892552 3.4304571
OS 2.091417 3.4319016
OS 2.0935788 3.4304571
OS 2.1012595 3.4289293
OS 2.1089402 3.4304571
OS 2.1154516 3.4348079
OS 2.1198024 3.4413193
OS 2.1213302 3.449
OS 2.1198024 3.4566807
OS 2.1154516 3.4631921
OS 2.1089402 3.4675429
OS 2.1012595 3.4690707
OE
OB 2.829904 3.7882063 H
OS 2.8252956 3.7872896
OS 2.8213887 3.7846792
OS 2.8187783 3.7807723
OS 2.8178616 3.7761639
OS 2.8187783 3.7715555
OS 2.8213887 3.7676486
OS 2.8252956 3.7650382
OS 2.829904 3.7641215
OS 2.8345124 3.7650382
OS 2.8384193 3.7676486
OS 2.8410297 3.7715555
OS 2.8419464 3.7761639
OS 2.8410297 3.7807723
OS 2.8384193 3.7846792
OS 2.8345124 3.7872896
OS 2.829904 3.7882063
OE
OB 2.1181102 3.5277904 H
OS 2.1135018 3.5268737
OS 2.1095949 3.5242633
OS 2.1069845 3.5203564
OS 2.1060678 3.515748
OS 2.1069845 3.5111396
OS 2.1095949 3.5072327
OS 2.1135018 3.5046223
OS 2.1181102 3.5037056
OS 2.1227186 3.5046223
OS 2.1266255 3.5072327
OS 2.1292359 3.5111396
OS 2.1301526 3.515748
OS 2.1292359 3.5203564
OS 2.1266255 3.5242633
OS 2.1227186 3.5268737
OS 2.1181102 3.5277904
OE
OB 2.0629921 3.5277904 H
OS 2.0583837 3.5268737
OS 2.0544768 3.5242633
OS 2.0518664 3.5203564
OS 2.0509497 3.515748
OS 2.0518664 3.5111396
OS 2.0544768 3.5072327
OS 2.0583837 3.5046223
OS 2.0629921 3.5037056
OS 2.0676005 3.5046223
OS 2.0715074 3.5072327
OS 2.0741178 3.5111396
OS 2.0750345 3.515748
OS 2.0741178 3.5203564
OS 2.0715074 3.5242633
OS 2.0676005 3.5268737
OS 2.0629921 3.5277904
OE
SE
S P 0
OB 2.9820457 2.8045277 I
OS 2.9820087 2.8044384
OS 2.9810615 2.7972441
OS 2.9820087 2.7900498
OS 2.9847856 2.7833457
OS 2.989203 2.7775888
OS 2.9949599 2.7731714
OS 2.9999999 2.7710838
OS 3 2.7193106
OS 2.9803447 2.6996553
OS 2.9759273 2.6938984
OS 2.9731504 2.6871943
OS 2.9722032 2.68
OS 2.9722032 2.38
OS 2.9722032 2.34
OS 2.9731504 2.3328057
OS 2.9759273 2.3261016
OS 2.9803447 2.3203447
OS 2.9861016 2.3159273
OS 2.9928057 2.3131504
OS 3 2.3122032
OS 3 2.2007874
OS 3.0916445 2.1091429
OS 3.089731 2.1045235
OS 2.9726606 2.1045235
OS 2.9706652 2.1065189
OS 2.9706652 2.1242971
OS 2.9707037 2.1246752
OS 2.9707204 2.1247788
OS 2.9715996 2.1282628
OS 2.9718244 2.1289683
OS 2.9718354 2.1290661
OS 2.9718811 2.1291537
OS 2.9720106 2.130622
OS 2.9721748 2.1320812
OS 2.9721475 2.1321758
OS 2.9721562 2.1322741
OS 2.9717149 2.1336771
OS 2.9713074 2.1350912
OS 2.9712458 2.1351684
OS 2.9712163 2.1352623
OS 2.9702704 2.1363912
OS 2.969354 2.13754
OS 2.969268 2.1375875
OS 2.9692045 2.1376633
OS 2.967897 2.1383451
OS 2.9678361 2.1383788
OS 2.9678185 2.1384671
OS 2.9652081 2.142374
OS 2.9613012 2.1449844
OS 2.9566928 2.1459011
OS 2.9520844 2.1449844
OS 2.9503231 2.1438076
OS 2.9455231 2.1423736
OS 2.9416163 2.144984
OS 2.9370079 2.1459007
OS 2.9323995 2.144984
OS 2.9284926 2.1423736
OS 2.9258822 2.1384667
OS 2.9249655 2.1338583
OS 2.9258822 2.1292499
OS 2.9265792 2.1282067
OS 2.9229744 2.1246019
OS 2.9219312 2.1252989
OS 2.9173228 2.1262156
OS 2.9127144 2.1252989
OS 2.9088075 2.1226885
OS 2.9061971 2.1187816
OS 2.9052804 2.1141732
OS 2.9061971 2.1095648
OS 2.9068933 2.1085229
OS 2.9032884 2.104918
OS 2.9022462 2.1056144
OS 2.8976378 2.1065311
OS 2.8930294 2.1056144
OS 2.8891225 2.103004
OS 2.8865121 2.0990971
OS 2.8855954 2.0944887
OS 2.8865121 2.0898803
OS 2.8872096 2.0888364
OS 2.8836048 2.0852315
OS 2.8825612 2.0859288
OS 2.8779528 2.0868455
OS 2.8733444 2.0859288
OS 2.8694375 2.0833184
OS 2.8668271 2.0794115
OS 2.8659104 2.0748031
OS 2.8668271 2.0701947
OS 2.867524 2.0691517
OS 2.8639191 2.0655469
OS 2.8628761 2.0662438
OS 2.8582677 2.0671605
OS 2.8536593 2.0662438
OS 2.8497524 2.0636334
OS 2.847142 2.0597265
OS 2.8462253 2.0551181
OS 2.847142 2.0505097
OS 2.8478388 2.0494668
OS 2.844234 2.045862
OS 2.8431911 2.0465588
OS 2.8385827 2.0474755
OS 2.8339743 2.0465588
OS 2.8300674 2.0439484
OS 2.827457 2.0400415
OS 2.8265403 2.0354331
OS 2.827457 2.0308247
OS 2.828154 2.0297815
OS 2.8245492 2.0261767
OS 2.823506 2.0268737
OS 2.8188976 2.0277904
OS 2.8142892 2.0268737
OS 2.8103823 2.0242633
OS 2.8077719 2.0203564
OS 2.8068552 2.015748
OS 2.8077719 2.0111396
OS 2.8084687 2.0100967
OS 2.8048639 2.0064919
OS 2.803821 2.0071887
OS 2.7992126 2.0081054
OS 2.7962559 2.0075172
OS 2.7946151 2.0084984
OS 2.792736 2.0140249
OS 2.7934999 2.0178651
OS 2.7934999 2.0654206
OS 2.792736 2.069261
OS 2.7905606 2.0725166
OS 2.7853605 2.0777167
OS 2.7853739 2.0779767
OS 2.7854505 2.078633
OS 2.7853313 2.0801164
OS 2.7852413 2.0816022
OS 2.785206 2.0816747
OS 2.7851995 2.0817554
OS 2.7845202 2.0830831
OS 2.7838699 2.0844186
OS 2.7838096 2.0844721
OS 2.7837727 2.0845441
OS 2.7826372 2.0855106
OS 2.7815252 2.0864957
OS 2.781449 2.086522
OS 2.7813873 2.0865745
OS 2.7799702 2.0870323
OS 2.7795739 2.087169
OS 2.7782013 2.0892233
OS 2.7742944 2.0918337
OS 2.769686 2.0927504
OS 2.7650776 2.0918337
OS 2.7611707 2.0892233
OS 2.7585603 2.0853164
OS 2.7576436 2.080708
OS 2.7585603 2.0760996
OS 2.7608195 2.0727184
OS 2.7608362 2.0724428
OS 2.7608606 2.0719721
OS 2.7573666 2.0681555
OS 2.7571385 2.0679826
OS 2.7557144 2.0681278
OS 2.7526404 2.0701817
OS 2.748032 2.0710984
OS 2.7434236 2.0701817
OS 2.7395167 2.0675713
OS 2.7369063 2.0636644
OS 2.7359896 2.059056
OS 2.7369063 2.0544476
OS 2.7376051 2.0534017
OS 2.7340003 2.0497969
OS 2.7329544 2.0504957
OS 2.728346 2.0514124
OS 2.7237376 2.0504957
OS 2.7198307 2.0478853
OS 2.7172203 2.0439784
OS 2.7163036 2.03937
OS 2.7172203 2.0347616
OS 2.7179151 2.0337218
OS 2.7143102 2.0301169
OS 2.7132704 2.0308117
OS 2.708662 2.0317284
OS 2.7040536 2.0308117
OS 2.7001467 2.0282013
OS 2.6975363 2.0242944
OS 2.6966196 2.019686
OS 2.6975363 2.0150776
OS 2.6986405 2.013425
OS 2.6990576 2.0120655
OS 2.6972328 2.0088124
OS 2.6916459 2.0080332
OS 2.6625831 2.037096
OS 2.6593275 2.0392714
OS 2.6554871 2.0400353
OS 2.62866 2.0400353
OS 2.6286326 2.0400511
OS 2.628509 2.040135
OS 2.6276803 2.0408201
OS 2.6272197 2.0412679
OS 2.6259528 2.0420889
OS 2.6246955 2.042929
OS 2.6246392 2.0429402
OS 2.6245909 2.0429715
OS 2.6231008 2.0432462
OS 2.6216232 2.0435401
OS 2.6215671 2.0435289
OS 2.6215103 2.0435394
OS 2.6200282 2.0432229
OS 2.6185509 2.042929
OS 2.6185032 2.0428971
OS 2.6184469 2.0428851
OS 2.617203 2.0420284
OS 2.6169432 2.0418548
OS 2.616 2.0420424
OS 2.6113916 2.0411257
OS 2.6074847 2.0385153
OS 2.6048743 2.0346084
OS 2.6039576 2.03
OS 2.6048743 2.0253916
OS 2.6074847 2.0214847
OS 2.6093833 2.0202161
OS 2.6097908 2.0146048
OS 2.6097258 2.0144316
OS 2.6084847 2.0136023
OS 2.6058743 2.0096954
OS 2.6049576 2.005087
OS 2.6058743 2.0004786
OS 2.6084847 1.9965717
OS 2.6123916 1.9939613
OS 2.617 1.9930446
OS 2.6179432 1.9932322
OS 2.618203 1.9930586
OS 2.6194469 1.9922019
OS 2.6195032 1.9921899
OS 2.6195509 1.992158
OS 2.6210318 1.9918634
OS 2.6225103 1.9915477
OS 2.6225668 1.9915581
OS 2.6226232 1.9915469
OS 2.6241077 1.9918422
OS 2.6255909 1.9921156
OS 2.625639 1.9921468
OS 2.6256955 1.992158
OS 2.6269552 1.9929997
OS 2.6282197 1.9938191
OS 2.6287618 1.9943462
OS 2.6291168 1.9946569
OS 2.6294098 1.9948848
OS 2.629633 1.9950362
OS 2.62966 1.9950517
OS 2.6352434 1.9950517
OS 2.6569595 1.9733356
OS 2.6564846 1.9685152
OS 2.6538743 1.9646084
OS 2.6529576 1.96
OS 2.6538743 1.9553916
OS 2.6564847 1.9514847
OS 2.6603916 1.9488743
OS 2.6620113 1.9485521
OS 2.6621401 1.9483921
OS 2.662735 1.9474493
OS 2.6631143 1.9471812
OS 2.6634053 1.9468196
OS 2.6643826 1.946285
OS 2.6652931 1.9456415
OS 2.6657461 1.945539
OS 2.6661534 1.9453162
OS 2.6665147 1.9452771
OS 2.6704348 1.9413569
OS 2.6704351 1.9413567
OS 2.7448722 1.8669197
OS 2.7481278 1.8647443
OS 2.7519682 1.8639804
OS 2.9623879 1.8639804
OS 2.9650605 1.8589804
OS 2.9631657 1.8561446
OS 2.9619435 1.85
OS 2.96279 1.8457441
OS 2.9596889 1.840744
OS 2.9201366 1.840744
OS 2.9169646 1.8446091
OS 2.9170424 1.845
OS 2.9161257 1.8496084
OS 2.9135153 1.8535153
OS 2.9096084 1.8561257
OS 2.905 1.8570424
OS 2.9003916 1.8561257
OS 2.8964847 1.8535153
OS 2.8953857 1.8518705
OS 2.8896143 1.8518705
OS 2.8885153 1.8535153
OS 2.8846084 1.8561257
OS 2.88 1.8570424
OS 2.8753916 1.8561257
OS 2.8714847 1.8535153
OS 2.8703857 1.8518705
OS 2.8646143 1.8518705
OS 2.8635153 1.8535153
OS 2.8596084 1.8561257
OS 2.855 1.8570424
OS 2.8503916 1.8561257
OS 2.8464847 1.8535153
OS 2.8453857 1.8518705
OS 2.8396143 1.8518705
OS 2.8385153 1.8535153
OS 2.8346084 1.8561257
OS 2.83 1.8570424
OS 2.8253916 1.8561257
OS 2.8214847 1.8535153
OS 2.8203857 1.8518705
OS 2.8146143 1.8518705
OS 2.8135153 1.8535153
OS 2.8096084 1.8561257
OS 2.805 1.8570424
OS 2.8003916 1.8561257
OS 2.7964848 1.8535153
OS 2.7935152 1.8535153
OS 2.7896084 1.8561257
OS 2.785 1.8570424
OS 2.7803916 1.8561257
OS 2.7764847 1.8535153
OS 2.7753857 1.8518705
OS 2.7696143 1.8518705
OS 2.7685153 1.8535153
OS 2.7646084 1.8561257
OS 2.76 1.8570424
OS 2.7553916 1.8561257
OS 2.7514848 1.8535153
OS 2.7485152 1.8535153
OS 2.7446084 1.8561257
OS 2.74 1.8570424
OS 2.7353916 1.8561257
OS 2.7314848 1.8535153
OS 2.7285152 1.8535153
OS 2.7246084 1.8561257
OS 2.72 1.8570424
OS 2.7153916 1.8561257
OS 2.7114848 1.8535153
OS 2.7085152 1.8535153
OS 2.7046084 1.8561257
OS 2.7 1.8570424
OS 2.6953916 1.8561257
OS 2.6937527 1.8550307
OS 2.6901182 1.8539294
OS 2.6864838 1.8550307
OS 2.6848449 1.8561257
OS 2.6802365 1.8570424
OS 2.6756281 1.8561257
OS 2.6740436 1.855067
OS 2.670394 1.8539291
OS 2.6667445 1.855067
OS 2.66516 1.8561257
OS 2.6605516 1.8570424
OS 2.6559432 1.8561257
OS 2.6543587 1.855067
OS 2.6507091 1.8539291
OS 2.6470596 1.855067
OS 2.6454751 1.8561257
OS 2.6408667 1.8570424
OS 2.6362583 1.8561257
OS 2.6323514 1.8535153
OS 2.6320621 1.8530823
OS 2.6260487 1.8530823
OS 2.6257594 1.8535153
OS 2.6218525 1.8561257
OS 2.6172441 1.8570424
OS 2.6126357 1.8561257
OS 2.6087288 1.8535153
OS 2.6084398 1.8530827
OS 2.6024263 1.8530827
OS 2.6021373 1.8535153
OS 2.5982304 1.8561257
OS 2.593622 1.8570424
OS 2.5890136 1.8561257
OS 2.5851067 1.8535153
OS 2.5848177 1.8530828
OS 2.5788043 1.8530828
OS 2.5785153 1.8535153
OS 2.5746084 1.8561257
OS 2.57 1.8570424
OS 2.5653916 1.8561257
OS 2.5614848 1.8535153
OS 2.5555152 1.8535146
OS 2.5516084 1.856125
OS 2.547 1.8570417
OS 2.5423916 1.856125
OS 2.5384847 1.8535146
OS 2.537049 1.8513659
OS 2.5328343 1.8538555
OS 2.5340565 1.86
OS 2.5328343 1.8661446
OS 2.5293537 1.8713537
OS 2.5241446 1.8748343
OS 2.518 1.8760565
OS 2.5118554 1.8748343
OS 2.5110993 1.8743291
OS 2.5060993 1.8770017
OS 2.5060993 1.910568
OS 2.5061151 1.9105954
OS 2.506199 1.910719
OS 2.5068841 1.9115477
OS 2.5073319 1.9120083
OS 2.5081529 1.9132752
OS 2.508993 1.9145325
OS 2.5090042 1.9145888
OS 2.5090355 1.9146371
OS 2.5093102 1.9161272
OS 2.5096041 1.9176048
OS 2.5095929 1.9176609
OS 2.5096034 1.9177177
OS 2.5092869 1.9191998
OS 2.508993 1.9206771
OS 2.5089611 1.9207248
OS 2.5089491 1.9207811
OS 2.5080924 1.922025
OS 2.5079188 1.9222848
OS 2.5081064 1.923228
OS 2.5071897 1.9278364
OS 2.5045793 1.9317433
OS 2.5006724 1.9343537
OS 2.496064 1.9352704
OS 2.4914556 1.9343537
OS 2.4898703 1.9332945
OS 2.486221 1.9321572
OS 2.4825717 1.9332945
OS 2.4809864 1.9343537
OS 2.476378 1.9352704
OS 2.4717696 1.9343537
OS 2.4678627 1.9317433
OS 2.4673284 1.9309437
OS 2.4670209 1.9308825
OS 2.4655369 1.930609
OS 2.4654887 1.9305778
OS 2.4654321 1.9305665
OS 2.4641752 1.9297267
OS 2.462908 1.9289056
OS 2.4628753 1.9288582
OS 2.4628275 1.9288262
OS 2.4619879 1.9275696
OS 2.4611312 1.9263257
OS 2.4611192 1.9262695
OS 2.4610872 1.9262216
OS 2.4607924 1.9247397
OS 2.4604769 1.9232624
OS 2.4604662 1.9225059
OS 2.4604351 1.9220367
OS 2.4603889 1.9216674
OS 2.4603381 1.9214023
OS 2.4603299 1.921372
OS 2.455502 1.916544
OS 2.4533266 1.9132884
OS 2.4525627 1.909448
OS 2.4525627 1.8615716
OS 2.448818 1.8584985
OS 2.4450753 1.86157
OS 2.4450753 1.910568
OS 2.4450911 1.9105954
OS 2.445175 1.910719
OS 2.4458601 1.9115477
OS 2.4463079 1.9120083
OS 2.4471289 1.9132752
OS 2.447969 1.9145325
OS 2.4479802 1.9145888
OS 2.4480115 1.9146371
OS 2.4482862 1.9161272
OS 2.4485801 1.9176048
OS 2.4485689 1.9176609
OS 2.4485794 1.9177177
OS 2.4482629 1.9191998
OS 2.447969 1.9206771
OS 2.4479371 1.9207248
OS 2.4479251 1.9207811
OS 2.4470684 1.922025
OS 2.4468948 1.9222848
OS 2.4470824 1.923228
OS 2.4461657 1.9278364
OS 2.4435553 1.9317433
OS 2.4396484 1.9343537
OS 2.43504 1.9352704
OS 2.4304316 1.9343537
OS 2.4274857 1.9323854
OS 2.424213 1.9320091
OS 2.4209403 1.9323854
OS 2.4179944 1.9343537
OS 2.413386 1.9352704
OS 2.4087776 1.9343537
OS 2.4048707 1.9317433
OS 2.4026208 1.9283759
OS 2.4020365 1.9279855
OS 2.4012508 1.9276447
OS 2.4007468 1.9271238
OS 2.400144 1.926721
OS 2.3996682 1.9260089
OS 2.3990727 1.9253934
OS 2.3988064 1.924719
OS 2.3984037 1.9241164
OS 2.3982367 1.9232766
OS 2.397922 1.9224799
OS 2.397934 1.9217549
OS 2.3979265 1.9217175
OS 2.3962406 1.9191944
OS 2.3954767 1.915354
OS 2.3954767 1.8704687
OS 2.3944588 1.8700812
OS 2.3904767 1.869637
OS 2.3884373 1.8726893
OS 2.3845304 1.8752997
OS 2.379922 1.8762164
OS 2.3753136 1.8752997
OS 2.3714067 1.8726893
OS 2.3687963 1.8687824
OS 2.3684927 1.8672561
OS 2.3633947 1.8672561
OS 2.3631257 1.8686084
OS 2.3605153 1.8725153
OS 2.3566084 1.8751257
OS 2.352 1.8760424
OS 2.3473916 1.8751257
OS 2.3434847 1.8725153
OS 2.3408743 1.8686084
OS 2.3407529 1.8679981
OS 2.3390897 1.8674986
OS 2.3355499 1.8674702
OS 2.3335153 1.8705153
OS 2.3296084 1.8731257
OS 2.325 1.8740424
OS 2.3203916 1.8731257
OS 2.3164847 1.8705153
OS 2.3138743 1.8666084
OS 2.3136913 1.8656883
OS 2.3085933 1.8656883
OS 2.3083697 1.8668124
OS 2.3057593 1.8707193
OS 2.3018524 1.8733297
OS 2.297244 1.8742464
OS 2.2926356 1.8733297
OS 2.2887287 1.8707193
OS 2.2861183 1.8668124
OS 2.2852016 1.862204
OS 2.2853892 1.8612608
OS 2.2852156 1.861001
OS 2.2843589 1.8597571
OS 2.2843469 1.8597008
OS 2.284315 1.8596531
OS 2.2840204 1.8581722
OS 2.2837047 1.8566937
OS 2.2837151 1.8566372
OS 2.2837039 1.8565808
OS 2.2839992 1.8550963
OS 2.2842726 1.8536131
OS 2.2843038 1.853565
OS 2.284315 1.8535085
OS 2.2851567 1.8522488
OS 2.2859761 1.8509843
OS 2.2865032 1.8504422
OS 2.2868139 1.8500872
OS 2.2870418 1.8497942
OS 2.2871932 1.849571
OS 2.2872087 1.849544
OS 2.2872087 1.8379497
OS 2.2834645 1.834877
OS 2.2788562 1.8339603
OS 2.2749494 1.83135
OS 2.2747567 1.8312788
OS 2.2698773 1.8327589
OS 2.2698773 1.851514
OS 2.2698931 1.8515414
OS 2.269977 1.851665
OS 2.2706621 1.8524937
OS 2.2711099 1.8529543
OS 2.2719309 1.8542212
OS 2.272771 1.8554785
OS 2.2727822 1.8555348
OS 2.2728135 1.8555831
OS 2.2730882 1.8570732
OS 2.2733821 1.8585508
OS 2.2733709 1.8586069
OS 2.2733814 1.8586637
OS 2.2730649 1.8601458
OS 2.272771 1.8616231
OS 2.2727391 1.8616708
OS 2.2727271 1.8617271
OS 2.2718704 1.862971
OS 2.2716968 1.8632308
OS 2.2718844 1.864174
OS 2.2709677 1.8687824
OS 2.2683573 1.8726893
OS 2.2644504 1.8752997
OS 2.259842 1.8762164
OS 2.2552336 1.8752997
OS 2.2513268 1.8726893
OS 2.2467052 1.8726893
OS 2.2427984 1.8752997
OS 2.23819 1.8762164
OS 2.2335816 1.8752997
OS 2.2296747 1.8726893
OS 2.2270643 1.8687824
OS 2.2261476 1.864174
OS 2.2263352 1.8632308
OS 2.2261616 1.862971
OS 2.2253049 1.8617271
OS 2.2252929 1.8616708
OS 2.225261 1.8616231
OS 2.2249664 1.8601422
OS 2.2246507 1.8586637
OS 2.2246611 1.8586072
OS 2.2246499 1.8585508
OS 2.2249452 1.8570663
OS 2.2252186 1.8555831
OS 2.2252498 1.855535
OS 2.225261 1.8554785
OS 2.2261027 1.8542188
OS 2.2269221 1.8529543
OS 2.2274492 1.8524122
OS 2.2277599 1.8520572
OS 2.2279878 1.8517642
OS 2.2281392 1.851541
OS 2.2281547 1.851514
OS 2.2281547 1.8189623
OS 2.2231546 1.814533
OS 2.2210596 1.8147875
OS 2.2207044 1.8152249
OS 2.2197877 1.8198332
OS 2.2171773 1.8237401
OS 2.2132704 1.8263505
OS 2.208662 1.8272672
OS 2.2040537 1.8263505
OS 2.1995255 1.8283053
OS 2.1974913 1.8313498
OS 2.1935844 1.8339602
OS 2.188976 1.8348769
OS 2.1843676 1.8339602
OS 2.1829244 1.8329959
OS 2.1797731 1.8318591
OS 2.176517 1.8342705
OS 2.1758373 1.8352878
OS 2.1719304 1.8378982
OS 2.167322 1.8388149
OS 2.1627136 1.8378982
OS 2.1612708 1.8369342
OS 2.1581209 1.8357959
OS 2.1548635 1.8382088
OS 2.1541853 1.8392238
OS 2.1502784 1.8418342
OS 2.14567 1.8427509
OS 2.1410616 1.8418342
OS 2.1396184 1.8408699
OS 2.1364671 1.8397331
OS 2.133211 1.8421445
OS 2.1325313 1.8431618
OS 2.1286244 1.8457722
OS 2.124016 1.8466889
OS 2.1194076 1.8457722
OS 2.1179634 1.8448073
OS 2.1148142 1.84367
OS 2.1115561 1.8460818
OS 2.1108773 1.8470978
OS 2.1069704 1.8497082
OS 2.102362 1.8506249
OS 2.0977536 1.8497082
OS 2.0963104 1.8487439
OS 2.0931591 1.8476071
OS 2.089903 1.8500185
OS 2.0892233 1.8510358
OS 2.0853164 1.8536462
OS 2.080708 1.8545629
OS 2.0760996 1.8536462
OS 2.0746568 1.8526822
OS 2.0715069 1.8515439
OS 2.0682495 1.8539568
OS 2.0675713 1.8549718
OS 2.0636644 1.8575822
OS 2.059056 1.8584989
OS 2.0544476 1.8575822
OS 2.053004 1.8566177
OS 2.0498536 1.8554807
OS 2.0465967 1.8578922
OS 2.0459173 1.858909
OS 2.0420104 1.8615194
OS 2.037402 1.8624361
OS 2.0327936 1.8615194
OS 2.0313499 1.8605548
OS 2.0281997 1.8594178
OS 2.0249426 1.8618293
OS 2.0242633 1.862846
OS 2.0203564 1.8654564
OS 2.015748 1.8663731
OS 2.0111396 1.8654564
OS 2.0096959 1.8644918
OS 2.0065457 1.8633548
OS 2.0032886 1.8657663
OS 2.0026093 1.866783
OS 1.9987024 1.8693934
OS 1.994094 1.8703101
OS 1.9894856 1.8693934
OS 1.9880419 1.8684288
OS 1.9848917 1.8672918
OS 1.9816346 1.8697033
OS 1.9809553 1.87072
OS 1.9770484 1.8733304
OS 1.97244 1.8742471
OS 1.9678316 1.8733304
OS 1.9639248 1.87072
OS 1.9593147 1.8726845
OS 1.9592506 1.8727245
OS 1.9553964 1.8752997
OS 1.950788 1.8762164
OS 1.9481054 1.8756828
OS 1.9431053 1.8788013
OS 1.9431053 1.914506
OS 1.9431211 1.9145334
OS 1.943205 1.914657
OS 1.9438901 1.9154857
OS 1.9443379 1.9159463
OS 1.9451589 1.9172132
OS 1.945999 1.9184705
OS 1.9460102 1.9185268
OS 1.9460415 1.9185751
OS 1.9463162 1.9200652
OS 1.9466101 1.9215428
OS 1.9465989 1.9215989
OS 1.9466094 1.9216557
OS 1.9462929 1.9231378
OS 1.945999 1.9246151
OS 1.9459671 1.9246628
OS 1.9459551 1.9247191
OS 1.9450984 1.925963
OS 1.9449248 1.9262228
OS 1.9451124 1.927166
OS 1.9441957 1.9317744
OS 1.9415853 1.9356813
OS 1.9376784 1.9382917
OS 1.9330701 1.9392084
OS 1.9295714 1.9400487
OS 1.9274181 1.9428763
OS 1.927372 1.9430126
OS 1.9264757 1.9475184
OS 1.9238653 1.9514253
OS 1.9199584 1.9540357
OS 1.91535 1.9549524
OS 1.9107416 1.9540357
OS 1.9078003 1.9520705
OS 1.9022152 1.9514293
OS 1.8983084 1.9540397
OS 1.8937 1.9549564
OS 1.8890917 1.9540397
OS 1.8832997 1.9561833
OS 1.8825313 1.9573333
OS 1.8786244 1.9599437
OS 1.874016 1.9608604
OS 1.8694076 1.9599437
OS 1.8679644 1.9589794
OS 1.8648131 1.9578426
OS 1.861557 1.960254
OS 1.8608773 1.9612713
OS 1.8569704 1.9638817
OS 1.852362 1.9647984
OS 1.8477536 1.9638817
OS 1.8463094 1.9629168
OS 1.8431602 1.9617795
OS 1.8399021 1.9641913
OS 1.8392233 1.9652073
OS 1.8353164 1.9678177
OS 1.830708 1.9687344
OS 1.8260996 1.9678177
OS 1.8221928 1.9652073
OS 1.8175712 1.9671773
OS 1.8136644 1.9697877
OS 1.809056 1.9707044
OS 1.8044476 1.9697877
OS 1.8039561 1.9694593
OS 1.7985237 1.9711405
OS 1.7959133 1.9750473
OS 1.7920064 1.9776577
OS 1.787398 1.9785744
OS 1.7827896 1.9776577
OS 1.7798483 1.9756925
OS 1.7742632 1.9750513
OS 1.7703564 1.9776617
OS 1.765748 1.9785784
OS 1.7611396 1.9776617
OS 1.7596954 1.9766968
OS 1.7565462 1.9755595
OS 1.7532881 1.9779713
OS 1.7526093 1.9789873
OS 1.7487024 1.9815977
OS 1.744094 1.9825144
OS 1.7394856 1.9815977
OS 1.7380424 1.9806334
OS 1.7348911 1.9794966
OS 1.731635 1.981908
OS 1.7309553 1.9829253
OS 1.7270484 1.9855357
OS 1.72244 1.9864524
OS 1.7178316 1.9855357
OS 1.7163888 1.9845717
OS 1.7132389 1.9834334
OS 1.7099815 1.9858463
OS 1.7093033 1.9868613
OS 1.7053964 1.9894717
OS 1.700788 1.9903884
OS 1.6961796 1.9894717
OS 1.6947364 1.9885074
OS 1.6915851 1.9873706
OS 1.688329 1.989782
OS 1.6876493 1.9907993
OS 1.6837424 1.9934097
OS 1.679134 1.9943264
OS 1.6745256 1.9934097
OS 1.6730814 1.9924448
OS 1.6699322 1.9913075
OS 1.6666741 1.9937193
OS 1.6659953 1.9947353
OS 1.6620884 1.9973457
OS 1.65748 1.9982624
OS 1.6528716 1.9973457
OS 1.6514284 1.9963814
OS 1.6482771 1.9952446
OS 1.645021 1.997656
OS 1.6443413 1.9986733
OS 1.6404344 2.0012837
OS 1.635826 2.0022004
OS 1.6312176 2.0012837
OS 1.6297748 2.0003197
OS 1.6266249 1.9991814
OS 1.6233675 2.0015943
OS 1.6226893 2.0026093
OS 1.6187824 2.0052197
OS 1.614174 2.0061364
OS 1.6095656 2.0052197
OS 1.6081224 2.0042554
OS 1.6049711 2.0031186
OS 1.601715 2.00553
OS 1.6010353 2.0065473
OS 1.5971284 2.0091577
OS 1.59252 2.0100744
OS 1.5879116 2.0091577
OS 1.5864674 2.0081928
OS 1.5833182 2.0070555
OS 1.5800601 2.0094673
OS 1.5793813 2.0104833
OS 1.5754744 2.0130937
OS 1.570866 2.0140104
OS 1.5662576 2.0130937
OS 1.5648144 2.0121294
OS 1.5616631 2.0109926
OS 1.558407 2.013404
OS 1.5577273 2.0144213
OS 1.5538204 2.0170317
OS 1.549212 2.0179484
OS 1.5446036 2.0170317
OS 1.5431608 2.0160677
OS 1.5400109 2.0149294
OS 1.5367535 2.0173423
OS 1.5360753 2.0183573
OS 1.5321684 2.0209677
OS 1.52756 2.0218844
OS 1.5265447 2.021712
OS 1.522133 2.0235202
OS 1.5215317 2.0253952
OS 1.5209677 2.0282304
OS 1.5183573 2.0321373
OS 1.5144504 2.0347477
OS 1.5114191 2.0353507
OS 1.5081064 2.0393701
OS 1.5071897 2.0439784
OS 1.5045793 2.0478853
OS 1.5006724 2.0504957
OS 1.4960641 2.0514124
OS 1.495213 2.0545352
OS 1.4951811 2.0545828
OS 1.4951691 2.0546391
OS 1.4943124 2.055883
OS 1.4941388 2.0561428
OS 1.4943264 2.057086
OS 1.4934097 2.0616944
OS 1.4907993 2.0656013
OS 1.4868924 2.0682117
OS 1.4822841 2.0691284
OS 1.4785393 2.0722016
OS 1.4785393 2.1679032
OS 1.4835394 2.1716419
OS 1.4872047 2.1709128
OS 1.4910294 2.1709128
OS 1.4910629 2.1709102
OS 1.4928269 2.1706757
OS 1.4944777 2.1703559
OS 1.4960262 2.169954
OS 1.4974735 2.1694747
OS 1.4988277 2.1689204
OS 1.5000979 2.1682914
OS 1.5012908 2.1675882
OS 1.5026618 2.1666367
OS 1.5032084 2.1663989
OS 1.505157 2.1649037
OS 1.5118611 2.1621268
OS 1.5190554 2.1611796
OS 1.5534411 2.1611796
OS 1.5606354 2.1621268
OS 1.5673395 2.1649037
OS 1.5730964 2.1693211
OS 1.601244 2.1974687
OS 1.6271088 2.2216212
OS 1.6398854 2.2321571
OS 1.6447307 2.2356306
OS 1.6485093 2.2379378
OS 1.6507946 2.2389745
OS 1.6510565 2.23894
OS 1.6633897 2.2405637
OS 1.6748824 2.2453241
OS 1.6847514 2.2528969
OS 1.6919281 2.2600736
OS 1.7301844 2.2265681
OS 1.8672668 2.0894856
OS 1.8730237 2.0850682
OS 1.8797278 2.0822913
OS 1.8869221 2.0813441
OS 2.4673453 2.0813441
OS 2.4974786 2.0512108
OS 2.5032355 2.0467935
OS 2.5099396 2.0440165
OS 2.5171339 2.0430693
OS 2.5243282 2.0440165
OS 2.5310323 2.0467935
OS 2.5367892 2.0512108
OS 2.5412065 2.0569677
OS 2.5439835 2.0636718
OS 2.5449307 2.0708661
OS 2.5439835 2.0780604
OS 2.5412065 2.0847645
OS 2.5367892 2.0905214
OS 2.4985144 2.1287962
OS 2.4927575 2.1332136
OS 2.4860534 2.1359905
OS 2.4788591 2.1369377
OS 1.8984359 2.1369377
OS 1.7693875 2.2659861
OS 1.7452345 2.2918515
OS 1.7346986 2.3046281
OS 1.7329103 2.3071226
OS 1.7350045 2.3121785
OS 1.7366282 2.3245117
OS 1.7366282 2.8635288
OS 1.7873725 2.8668881
OS 2.8587086 2.8668882
OS 2.8598009 2.8653414
OS 2.8609234 2.8618881
OS 2.858953 2.8589391
OS 2.8587497 2.857917
OS 2.8531939 2.8556157
OS 2.8526316 2.8559914
OS 2.8480232 2.8569081
OS 2.8434148 2.8559914
OS 2.8395079 2.853381
OS 2.8368975 2.8494741
OS 2.8359808 2.8448657
OS 2.8361684 2.8439225
OS 2.8359948 2.8436627
OS 2.8351381 2.8424188
OS 2.8351261 2.8423625
OS 2.8350942 2.8423148
OS 2.8347996 2.8408339
OS 2.8344839 2.8393554
OS 2.8344943 2.8392989
OS 2.8344831 2.8392425
OS 2.8347784 2.837758
OS 2.8350518 2.8362748
OS 2.835083 2.8362267
OS 2.8350942 2.8361702
OS 2.8359359 2.8349105
OS 2.8367553 2.833646
OS 2.8372824 2.8331039
OS 2.8375931 2.8327489
OS 2.837821 2.8324559
OS 2.8379724 2.8322327
OS 2.8379879 2.8322057
OS 2.8379879 2.612671
OS 2.8379778 2.6126535
OS 2.8378269 2.612432
OS 2.837601 2.6121428
OS 2.8372917 2.6117912
OS 2.8367646 2.6112522
OS 2.8359402 2.609988
OS 2.8350967 2.6087336
OS 2.8350852 2.6086768
OS 2.8350536 2.6086283
OS 2.834775 2.6071409
OS 2.8344766 2.6056631
OS 2.8344877 2.6056065
OS 2.834477 2.6055494
OS 2.8347891 2.6040673
OS 2.8350786 2.602589
OS 2.8351105 2.6025409
OS 2.8351225 2.6024841
OS 2.8359761 2.6012371
OS 2.8361512 2.6009734
OS 2.8359576 2.6
OS 2.8367462 2.5960354
OS 2.8362401 2.5945012
OS 2.8337715 2.5910353
OS 2.5661568 2.5910353
OS 2.5510481 2.606144
OS 2.5510399 2.6061743
OS 2.5510117 2.6063215
OS 2.5509101 2.6073921
OS 2.5509011 2.6080344
OS 2.5505863 2.6095084
OS 2.5502908 2.6109936
OS 2.5502588 2.6110415
OS 2.5502468 2.6110977
OS 2.5493901 2.6123416
OS 2.5485505 2.6135982
OS 2.5485027 2.6136302
OS 2.54847 2.6136776
OS 2.5472028 2.6144987
OS 2.5459459 2.6153385
OS 2.5458893 2.6153498
OS 2.5458411 2.615381
OS 2.5443606 2.6156539
OS 2.5440495 2.6157158
OS 2.5435153 2.6165153
OS 2.5396084 2.6191257
OS 2.535 2.6200424
OS 2.5303916 2.6191257
OS 2.5264847 2.6165153
OS 2.5238742 2.6126085
OS 2.5196083 2.6141257
OS 2.515 2.6150424
OS 2.5103916 2.6141257
OS 2.5064847 2.6115153
OS 2.5038743 2.6076084
OS 2.5029576 2.603
OS 2.5038743 2.5983916
OS 2.5064847 2.5944847
OS 2.5072843 2.5939504
OS 2.5073455 2.5936429
OS 2.507619 2.5921589
OS 2.5076502 2.5921107
OS 2.5076615 2.5920541
OS 2.5085013 2.5907972
OS 2.5093224 2.58953
OS 2.5093698 2.5894973
OS 2.5094018 2.5894495
OS 2.5106584 2.5886099
OS 2.5119023 2.5877532
OS 2.5119585 2.5877412
OS 2.5120064 2.5877092
OS 2.5134883 2.5874144
OS 2.5149656 2.5870989
OS 2.5157221 2.5870882
OS 2.5161913 2.5870571
OS 2.5165606 2.5870109
OS 2.5168257 2.5869601
OS 2.5168561 2.5869519
OS 2.544904 2.558904
OS 2.5481596 2.5567286
OS 2.552 2.5559647
OS 2.8328054 2.5559647
OS 2.8359774 2.5520996
OS 2.8359576 2.552
OS 2.8361452 2.5510568
OS 2.8359716 2.550797
OS 2.8351149 2.5495531
OS 2.8351029 2.5494968
OS 2.835071 2.5494491
OS 2.8347764 2.5479682
OS 2.8344607 2.5464897
OS 2.8344711 2.5464332
OS 2.8344599 2.5463768
OS 2.8347552 2.5448923
OS 2.8350286 2.5434091
OS 2.8350598 2.543361
OS 2.835071 2.5433045
OS 2.8359127 2.5420448
OS 2.8367321 2.5407803
OS 2.8372592 2.5402382
OS 2.8375699 2.5398832
OS 2.8377978 2.5395902
OS 2.8379492 2.539367
OS 2.8379647 2.53934
OS 2.8379647 2.20166
OS 2.8379489 2.2016326
OS 2.837865 2.201509
OS 2.8371799 2.2006803
OS 2.8367321 2.2002197
OS 2.8359111 2.1989528
OS 2.835071 2.1976955
OS 2.8350598 2.1976392
OS 2.8350285 2.1975909
OS 2.8347538 2.1961008
OS 2.8344599 2.1946232
OS 2.8344711 2.1945671
OS 2.8344606 2.1945103
OS 2.8347771 2.1930282
OS 2.835071 2.1915509
OS 2.8351029 2.1915032
OS 2.8351149 2.1914469
OS 2.8359716 2.190203
OS 2.8361452 2.1899432
OS 2.8359576 2.189
OS 2.8368743 2.1843916
OS 2.8394847 2.1804847
OS 2.8433916 2.1778743
OS 2.848 2.1769576
OS 2.8526084 2.1778743
OS 2.8565153 2.1804847
OS 2.8591257 2.1843916
OS 2.8600424 2.189
OS 2.8598548 2.1899432
OS 2.8600284 2.190203
OS 2.8608851 2.1914469
OS 2.8608971 2.1915032
OS 2.860929 2.1915509
OS 2.8612236 2.1930318
OS 2.8615393 2.1945103
OS 2.8615289 2.1945668
OS 2.8615401 2.1946232
OS 2.8612448 2.1961077
OS 2.8609714 2.1975909
OS 2.8609402 2.197639
OS 2.860929 2.1976955
OS 2.8600873 2.1989552
OS 2.8592679 2.2002197
OS 2.8587408 2.2007618
OS 2.8584301 2.2011168
OS 2.8582022 2.2014098
OS 2.8580508 2.201633
OS 2.8580353 2.20166
OS 2.8580353 2.2064397
OS 2.8630353 2.2091123
OS 2.8633916 2.2088743
OS 2.868 2.2079576
OS 2.8726084 2.2088743
OS 2.8765153 2.2114847
OS 2.8770496 2.2122843
OS 2.8773571 2.2123455
OS 2.8788411 2.212619
OS 2.8788893 2.2126502
OS 2.8789459 2.2126615
OS 2.8802028 2.2135013
OS 2.88147 2.2143224
OS 2.8815027 2.2143698
OS 2.8815505 2.2144018
OS 2.8823901 2.2156584
OS 2.8832468 2.2169023
OS 2.8832588 2.2169585
OS 2.8832908 2.2170064
OS 2.8835856 2.2184883
OS 2.8839011 2.2199656
OS 2.8839118 2.2207221
OS 2.8839429 2.2211913
OS 2.8839891 2.2215606
OS 2.8840399 2.2218257
OS 2.8840481 2.2218561
OS 2.9089317 2.2467397
OS 2.9111071 2.2499953
OS 2.911871 2.2538357
OS 2.911871 2.308622
OS 2.9111071 2.3124624
OS 2.9089317 2.315718
OS 2.8875628 2.3370869
OS 2.8875628 2.8468819
OS 2.8867989 2.8507223
OS 2.8850334 2.8533644
OS 2.8850232 2.8533959
OS 2.8848075 2.8544805
OS 2.8845448 2.8548737
OS 2.884399 2.8553239
OS 2.8836811 2.8561662
OS 2.8830671 2.857085
OS 2.8826741 2.8573476
OS 2.882367 2.8577079
OS 2.8813818 2.8582112
OS 2.8813442 2.8582363
OS 2.8812044 2.8589391
OS 2.879234 2.8618881
OS 2.8803565 2.8653414
OS 2.8814488 2.8668882
OS 2.9820457 2.8668882
OS 2.9820457 2.8045277
OE
OB 2.339 2.4180424 H
OS 2.3343916 2.4171257
OS 2.3304848 2.4145153
OS 2.3275152 2.4145153
OS 2.3236084 2.4171257
OS 2.319 2.4180424
OS 2.3143916 2.4171257
OS 2.3104848 2.4145153
OS 2.3075152 2.4145153
OS 2.3036084 2.4171257
OS 2.299 2.4180424
OS 2.2943916 2.4171257
OS 2.2904848 2.4145153
OS 2.2875152 2.4145153
OS 2.2836084 2.4171257
OS 2.279 2.4180424
OS 2.2743916 2.4171257
OS 2.2704847 2.4145153
OS 2.2678743 2.4106084
OS 2.2669576 2.406
OS 2.2672854 2.4043521
OS 2.2670828 2.404
OS 2.2663155 2.4027166
OS 2.2663055 2.4026485
OS 2.266271 2.4025886
OS 2.2660772 2.401098
OS 2.2658592 2.3996175
OS 2.265876 2.3995507
OS 2.2658671 2.3994823
OS 2.2662584 2.3980311
OS 2.2666237 2.3965797
OS 2.2666647 2.3965245
OS 2.2666827 2.3964578
OS 2.2675991 2.3952674
OS 2.2684924 2.3940657
OS 2.2690186 2.3935899
OS 2.2692969 2.393307
OS 2.2694882 2.3930855
OS 2.2694923 2.3930799
OS 2.2694923 2.3347706
OS 2.2694875 2.3347641
OS 2.2692974 2.3345439
OS 2.2690179 2.3342599
OS 2.2684924 2.3337847
OS 2.2675978 2.3325812
OS 2.2666827 2.3313926
OS 2.2666648 2.3313261
OS 2.2666236 2.3312707
OS 2.2662577 2.3298164
OS 2.2658671 2.3283681
OS 2.265876 2.3282997
OS 2.2658592 2.3282329
OS 2.2660775 2.3267496
OS 2.266271 2.3252618
OS 2.2663053 2.3252021
OS 2.2663154 2.3251338
OS 2.2670854 2.323846
OS 2.2672854 2.3234983
OS 2.2669576 2.3218504
OS 2.2678743 2.317242
OS 2.2704847 2.3133351
OS 2.2709627 2.3130157
OS 2.2724316 2.3108174
OS 2.2756873 2.308642
OS 2.2795276 2.3078781
OS 2.2833679 2.308642
OS 2.2862986 2.3106002
OS 2.2903006 2.3132148
OS 2.2928194 2.3117752
OS 2.2943916 2.3107247
OS 2.299 2.309808
OS 2.3036084 2.3107247
OS 2.3075152 2.3133351
OS 2.3104848 2.3133351
OS 2.3143916 2.3107247
OS 2.319 2.309808
OS 2.3236084 2.3107247
OS 2.3275152 2.3133351
OS 2.3304848 2.3133351
OS 2.3343916 2.3107247
OS 2.339 2.309808
OS 2.3436084 2.3107247
OS 2.3475153 2.3133351
OS 2.3487224 2.3151417
OS 2.3496157 2.3157386
OS 2.3517911 2.3189942
OS 2.352555 2.3228346
OS 2.3520862 2.3251915
OS 2.3522236 2.3258822
OS 2.3525393 2.3273607
OS 2.3525289 2.3274172
OS 2.3525401 2.3274736
OS 2.3522448 2.3289581
OS 2.3519714 2.3304413
OS 2.3519402 2.3304894
OS 2.351929 2.3305459
OS 2.3510873 2.3318056
OS 2.3502679 2.3330701
OS 2.3497408 2.3336122
OS 2.3494301 2.3339672
OS 2.3492022 2.3342602
OS 2.3490508 2.3344834
OS 2.3490353 2.3345104
OS 2.3490353 2.39334
OS 2.3490511 2.3933674
OS 2.349135 2.393491
OS 2.3498201 2.3943197
OS 2.3502679 2.3947803
OS 2.3510889 2.3960472
OS 2.351929 2.3973045
OS 2.3519402 2.3973608
OS 2.3519715 2.3974091
OS 2.3522462 2.3988992
OS 2.3525401 2.4003768
OS 2.3525289 2.4004329
OS 2.3525394 2.4004897
OS 2.3522229 2.4019718
OS 2.351929 2.4034491
OS 2.3518971 2.4034968
OS 2.3518851 2.4035531
OS 2.3510284 2.404797
OS 2.3508548 2.4050568
OS 2.3510424 2.406
OS 2.3501257 2.4106084
OS 2.3475153 2.4145153
OS 2.3436084 2.4171257
OS 2.339 2.4180424
OE
SE
S P 0
OB 13.763471 0.0160559 I
OS 13.0635513 0.0160559
OS 13.0618207 0.0207469
OS 13.0661271 0.0244249
OS 13.0767923 0.0369123
OS 13.0853728 0.0509144
OS 13.0916572 0.0660864
OS 13.0954908 0.0820546
OS 13.0967793 0.098426
OS 13.0954908 0.1147974
OS 13.0916572 0.1307656
OS 13.0853728 0.1459376
OS 13.0767923 0.1599397
OS 13.0661271 0.1724271
OS 13.0536397 0.1830923
OS 13.0396376 0.1916728
OS 13.0244656 0.1979572
OS 13.0084974 0.2017908
OS 12.992126 0.2030793
OS 12.9757546 0.2017908
OS 12.9597864 0.1979572
OS 12.9446144 0.1916728
OS 12.9306123 0.1830923
OS 12.9181249 0.1724271
OS 12.9074597 0.1599397
OS 12.8988792 0.1459376
OS 12.8925948 0.1307656
OS 12.8887612 0.1147974
OS 12.8874727 0.098426
OS 12.8887612 0.0820546
OS 12.8925948 0.0660864
OS 12.8988792 0.0509144
OS 12.9074597 0.0369123
OS 12.9181249 0.0244249
OS 12.9224313 0.0207469
OS 12.9207007 0.0160559
OS 10.6635513 0.0160559
OS 10.6618207 0.0207469
OS 10.6661271 0.0244249
OS 10.6767923 0.0369123
OS 10.6853728 0.0509144
OS 10.6916572 0.0660864
OS 10.6954908 0.0820546
OS 10.6967793 0.098426
OS 10.6954908 0.1147974
OS 10.6916572 0.1307656
OS 10.6853728 0.1459376
OS 10.6767923 0.1599397
OS 10.6661271 0.1724271
OS 10.6536397 0.1830923
OS 10.6396376 0.1916728
OS 10.6244656 0.1979572
OS 10.6084974 0.2017908
OS 10.592126 0.2030793
OS 10.5757546 0.2017908
OS 10.5597864 0.1979572
OS 10.5446144 0.1916728
OS 10.5306123 0.1830923
OS 10.5181249 0.1724271
OS 10.5074597 0.1599397
OS 10.4988792 0.1459376
OS 10.4925948 0.1307656
OS 10.4887612 0.1147974
OS 10.4874727 0.098426
OS 10.4887612 0.0820546
OS 10.4925948 0.0660864
OS 10.4988792 0.0509144
OS 10.5074597 0.0369123
OS 10.5181249 0.0244249
OS 10.5224313 0.0207469
OS 10.5207007 0.0160559
OS 8.2635513 0.0160559
OS 8.2618207 0.0207469
OS 8.2661271 0.0244249
OS 8.2767923 0.0369123
OS 8.2853728 0.0509144
OS 8.2916572 0.0660864
OS 8.2954908 0.0820546
OS 8.2967793 0.098426
OS 8.2954908 0.1147974
OS 8.2916572 0.1307656
OS 8.2853728 0.1459376
OS 8.2767923 0.1599397
OS 8.2661271 0.1724271
OS 8.2536397 0.1830923
OS 8.2396376 0.1916728
OS 8.2244656 0.1979572
OS 8.2084974 0.2017908
OS 8.192126 0.2030793
OS 8.1757546 0.2017908
OS 8.1597864 0.1979572
OS 8.1446144 0.1916728
OS 8.1306123 0.1830923
OS 8.1181249 0.1724271
OS 8.1074597 0.1599397
OS 8.0988792 0.1459376
OS 8.0925948 0.1307656
OS 8.0887612 0.1147974
OS 8.0874727 0.098426
OS 8.0887612 0.0820546
OS 8.0925948 0.0660864
OS 8.0988792 0.0509144
OS 8.1074597 0.0369123
OS 8.1181249 0.0244249
OS 8.1224313 0.0207469
OS 8.1207007 0.0160559
OS 6.9685039 0.0160559
OS 6.9685039 0.984252
OS 7.4302661 0.984252
OS 7.7011417 0.7133764
OS 7.7043973 0.711201
OS 7.7082377 0.7104371
OS 7.9388937 0.7104371
OS 7.9404104 0.7054371
OS 7.9403036 0.7053657
OS 7.9376932 0.7014588
OS 7.9367765 0.6968504
OS 7.9376932 0.692242
OS 7.9403036 0.6883351
OS 7.9442105 0.6857247
OS 7.9488189 0.684808
OS 7.9534273 0.6857247
OS 7.9573342 0.6883351
OS 7.9599446 0.692242
OS 7.9608613 0.6968504
OS 7.9599446 0.7014588
OS 7.9573342 0.7053657
OS 7.9572274 0.7054371
OS 7.9587441 0.7104371
OS 10.280203 0.7104371
OS 10.2840434 0.711201
OS 10.287299 0.7133764
OS 10.5087693 0.9348466
OS 11.3546585 0.9348466
OS 11.3584989 0.9356105
OS 11.3617545 0.9377859
OS 11.4082205 0.9842519
OS 12.5196845 0.9842519
OS 12.5196846 1.4425586
OS 12.5210825 1.4446508
OS 12.5218464 1.4484911
OS 12.5218464 2.3577202
OS 12.5477917 2.3836655
OS 12.6917322 2.3836655
OS 12.6917327 2.3836654
OS 12.6955731 2.3844293
OS 12.6988287 2.3866047
OS 12.7421754 2.4299514
OS 12.7481207 2.4288256
OS 12.7486701 2.4275654
OS 12.7475362 2.4258683
OS 12.7466195 2.4212599
OS 12.7475362 2.4166515
OS 12.7501466 2.4127446
OS 12.7540535 2.4101342
OS 12.7586619 2.4092175
OS 12.7613164 2.4097455
OS 12.7637795 2.4051375
OS 12.758548 2.399906
OS 12.7585176 2.3998978
OS 12.7583704 2.3998696
OS 12.7572998 2.399768
OS 12.7566575 2.399759
OS 12.7551835 2.3994442
OS 12.7536983 2.3991487
OS 12.7536504 2.3991167
OS 12.7535942 2.3991047
OS 12.7523503 2.398248
OS 12.7510937 2.3974084
OS 12.7510617 2.3973606
OS 12.7510143 2.3973279
OS 12.7501932 2.3960607
OS 12.7493534 2.3948038
OS 12.7493421 2.3947472
OS 12.7493109 2.394699
OS 12.749038 2.3932185
OS 12.7489761 2.3929074
OS 12.7481766 2.3923732
OS 12.7455662 2.3884663
OS 12.7446495 2.3838579
OS 12.7455662 2.3792495
OS 12.7481766 2.3753427
OS 12.7481766 2.3707191
OS 12.7455662 2.3668123
OS 12.7446495 2.3622039
OS 12.7455662 2.3575955
OS 12.7481766 2.3536887
OS 12.7481766 2.3510351
OS 12.7455662 2.3471283
OS 12.7446495 2.3425199
OS 12.7455662 2.3379115
OS 12.7481766 2.3340047
OS 12.7481766 2.3313491
OS 12.7455662 2.3274423
OS 12.7446495 2.3228339
OS 12.7455662 2.3182255
OS 12.7481766 2.3143186
OS 12.7520835 2.3117082
OS 12.7566919 2.3107915
OS 12.7613003 2.3117082
OS 12.7652072 2.3143186
OS 12.7678176 2.3182255
OS 12.7682499 2.3203988
OS 12.7944004 2.3465492
OS 12.7990198 2.3446357
OS 12.7990198 2.2796621
OS 12.7967482 2.2762623
OS 12.7958315 2.2716539
OS 12.7967482 2.2670455
OS 12.7993586 2.2631386
OS 12.8032655 2.2605282
OS 12.8078739 2.2596115
OS 12.8124823 2.2605282
OS 12.8142445 2.2617056
OS 12.8190447 2.2631386
OS 12.8229515 2.2605282
OS 12.8275599 2.2596115
OS 12.8321683 2.2605282
OS 12.8360752 2.2631386
OS 12.8386856 2.2670455
OS 12.8396023 2.2716539
OS 12.8386856 2.2762622
OS 12.8414369 2.2811446
OS 12.8439491 2.2828231
OS 12.8479698 2.2839606
OS 12.8500741 2.28352
OS 12.8505397 2.2828232
OS 12.8544466 2.2802128
OS 12.859055 2.2792961
OS 12.8636634 2.2802128
OS 12.8675702 2.2828231
OS 12.8715956 2.2839618
OS 12.8736961 2.2835218
OS 12.8741626 2.2828236
OS 12.8780695 2.2802132
OS 12.8826779 2.2792965
OS 12.8872863 2.2802132
OS 12.8911932 2.2828236
OS 12.8938036 2.2867305
OS 12.8947203 2.2913389
OS 12.8938036 2.2959473
OS 12.8911932 2.2998542
OS 12.8903936 2.3003885
OS 12.8903324 2.300696
OS 12.8900589 2.30218
OS 12.8900277 2.3022282
OS 12.8900164 2.3022848
OS 12.8891766 2.3035417
OS 12.8883555 2.3048089
OS 12.8883081 2.3048416
OS 12.8882761 2.3048894
OS 12.8870195 2.305729
OS 12.8857756 2.3065857
OS 12.8857194 2.3065977
OS 12.8856715 2.3066297
OS 12.8841896 2.3069245
OS 12.8827123 2.30724
OS 12.8819558 2.3072507
OS 12.8814866 2.3072818
OS 12.8811173 2.307328
OS 12.8808522 2.3073788
OS 12.8808218 2.307387
OS 12.8505864 2.3376224
OS 12.8505864 2.3521696
OS 12.9534249 2.3521696
OS 12.9560974 2.3471696
OS 12.9560825 2.3471472
OS 12.9553186 2.3433068
OS 12.9553186 2.2902199
OS 12.9553028 2.2901925
OS 12.9552189 2.2900689
OS 12.9545338 2.2892402
OS 12.954086 2.2887796
OS 12.953265 2.2875127
OS 12.9524249 2.2862554
OS 12.9524137 2.2861991
OS 12.9523824 2.2861508
OS 12.9521077 2.2846607
OS 12.9518138 2.2831831
OS 12.951825 2.283127
OS 12.9518145 2.2830702
OS 12.952131 2.2815881
OS 12.9524249 2.2801108
OS 12.9524568 2.2800631
OS 12.9524688 2.2800068
OS 12.9533255 2.2787629
OS 12.9534991 2.2785031
OS 12.9533115 2.2775599
OS 12.9542282 2.2729515
OS 12.9568386 2.2690446
OS 12.9607455 2.2664342
OS 12.9653539 2.2655175
OS 12.9699623 2.2664342
OS 12.9738692 2.2690446
OS 12.975371 2.2712924
OS 12.9755789 2.2713699
OS 12.9807189 2.2713699
OS 12.9809268 2.2712924
OS 12.9824286 2.2690446
OS 12.9863355 2.2664342
OS 12.9909439 2.2655175
OS 12.9955523 2.2664342
OS 12.9994592 2.2690446
OS 13.0020696 2.2729515
OS 13.0026333 2.2757852
OS 13.0032349 2.2776615
OS 13.0077009 2.2794871
OS 13.0086613 2.2792961
OS 13.0132697 2.2802128
OS 13.0171766 2.2828232
OS 13.019787 2.2867301
OS 13.0207037 2.2913385
OS 13.019787 2.2959469
OS 13.0171766 2.2998537
OS 13.0171766 2.3025083
OS 13.019787 2.3064151
OS 13.0207037 2.3110235
OS 13.019787 2.3156319
OS 13.0187282 2.3172166
OS 13.0175904 2.3208661
OS 13.0187282 2.3245155
OS 13.019787 2.3261002
OS 13.0207037 2.3307086
OS 13.019787 2.335317
OS 13.0171766 2.3392239
OS 13.0168232 2.33946
OS 13.0180367 2.3446626
OS 13.0200319 2.3450595
OS 13.0232875 2.3472349
OS 13.1330804 2.4570277
OS 13.1352557 2.4602834
OS 13.1360196 2.4641237
OS 13.1360196 2.8035941
OS 13.1352557 2.8074344
OS 13.1330804 2.8106901
OS 12.860429 3.0833414
OS 12.860429 3.0975762
OS 12.8604448 3.0976036
OS 12.8605287 3.0977272
OS 12.8612138 3.0985559
OS 12.8616616 3.0990165
OS 12.8624826 3.1002834
OS 12.8633227 3.1015407
OS 12.8633339 3.101597
OS 12.8633652 3.1016453
OS 12.8636399 3.1031354
OS 12.8639338 3.104613
OS 12.8639226 3.1046691
OS 12.8639331 3.1047259
OS 12.8636166 3.106208
OS 12.8633227 3.1076853
OS 12.8632908 3.107733
OS 12.8632788 3.1077893
OS 12.8624221 3.1090332
OS 12.8622485 3.109293
OS 12.8624361 3.1102362
OS 12.8615194 3.1148446
OS 12.858909 3.1187515
OS 12.8550021 3.1213619
OS 12.8503938 3.1222786
OS 12.8499444 3.12246
OS 12.8466624 3.1259781
OS 12.8457457 3.1305864
OS 12.8431353 3.1344933
OS 12.8400154 3.1365779
OS 12.8402911 3.140041
OS 12.8408471 3.1415779
OS 12.875987 3.1415779
OS 12.8770929 3.1417979
OS 12.8782172 3.1418938
OS 12.8786175 3.1421011
OS 12.8790593 3.142189
OS 12.8799972 3.1428157
OS 12.8809988 3.1433344
OS 12.8812891 3.1436789
OS 12.8816639 3.1439293
OS 12.8822907 3.1448674
OS 12.8830174 3.1457297
OS 12.8843441 3.1481358
OS 12.8846399 3.1490672
OS 12.8850709 3.1499438
OS 12.8851437 3.1502168
OS 12.8897638 3.1492978
OS 12.8943839 3.1502168
OS 12.8944567 3.1499437
OS 12.8948877 3.1490669
OS 12.8951835 3.1481358
OS 12.8965102 3.1457297
OS 12.8972369 3.1448674
OS 12.8978637 3.1439293
OS 12.8982385 3.1436789
OS 12.8985288 3.1433344
OS 12.8995304 3.1428157
OS 12.9004683 3.142189
OS 12.9009101 3.1421011
OS 12.9013104 3.1418938
OS 12.9024347 3.1417979
OS 12.9035406 3.1415779
OS 12.9468531 3.1415779
OS 12.947959 3.1417979
OS 12.9490833 3.1418938
OS 12.9494836 3.1421011
OS 12.9499254 3.142189
OS 12.9508633 3.1428157
OS 12.9518649 3.1433344
OS 12.9521552 3.1436789
OS 12.95253 3.1439293
OS 12.9531568 3.1448674
OS 12.9538835 3.1457297
OS 12.9552102 3.1481358
OS 12.955506 3.1490672
OS 12.955937 3.1499438
OS 12.9560098 3.1502168
OS 12.9606299 3.1492978
OS 12.96525 3.1502168
OS 12.9653228 3.1499437
OS 12.9657538 3.1490669
OS 12.9660496 3.1481358
OS 12.9673763 3.1457297
OS 12.968103 3.1448674
OS 12.9687298 3.1439293
OS 12.9691046 3.1436789
OS 12.9693949 3.1433344
OS 12.9703965 3.1428157
OS 12.9713344 3.142189
OS 12.9717762 3.1421011
OS 12.9721765 3.1418938
OS 12.9733008 3.1417979
OS 12.9744067 3.1415779
OS 13.0098452 3.1415779
OS 13.0109511 3.1417979
OS 13.0120754 3.1418938
OS 13.0124757 3.1421011
OS 13.0129175 3.142189
OS 13.0138554 3.1428157
OS 13.014857 3.1433344
OS 13.0151473 3.1436789
OS 13.0155221 3.1439293
OS 13.0161489 3.1448674
OS 13.0168756 3.1457297
OS 13.0182023 3.1481358
OS 13.0184981 3.1490672
OS 13.0189291 3.1499438
OS 13.0190019 3.1502168
OS 13.023622 3.1492978
OS 13.0282421 3.1502168
OS 13.0283149 3.1499437
OS 13.0287459 3.1490669
OS 13.0290417 3.1481358
OS 13.0303684 3.1457297
OS 13.0310951 3.1448674
OS 13.0317219 3.1439293
OS 13.0320967 3.1436789
OS 13.032387 3.1433344
OS 13.0333886 3.1428157
OS 13.0343265 3.142189
OS 13.0347683 3.1421011
OS 13.0351686 3.1418938
OS 13.0362929 3.1417979
OS 13.0373988 3.1415779
OS 13.0807114 3.1415779
OS 13.0818173 3.1417979
OS 13.0829416 3.1418938
OS 13.0833419 3.1421011
OS 13.0837837 3.142189
OS 13.0847216 3.1428157
OS 13.0857232 3.1433344
OS 13.0860135 3.1436789
OS 13.0863883 3.1439293
OS 13.0870151 3.1448674
OS 13.0877418 3.1457297
OS 13.0890685 3.1481358
OS 13.0893643 3.1490672
OS 13.0897953 3.1499438
OS 13.0898681 3.1502168
OS 13.0944882 3.1492978
OS 13.0991083 3.1502168
OS 13.0991811 3.1499437
OS 13.0996121 3.1490669
OS 13.0999079 3.1481358
OS 13.1012346 3.1457297
OS 13.1019613 3.1448674
OS 13.1025881 3.1439293
OS 13.1029629 3.1436789
OS 13.1032532 3.1433344
OS 13.1042548 3.1428157
OS 13.1051927 3.142189
OS 13.1056345 3.1421011
OS 13.1060348 3.1418938
OS 13.1071591 3.1417979
OS 13.108265 3.1415779
OS 13.1220471 3.1415779
OS 13.1251194 3.142189
OS 13.127724 3.1439293
OS 13.1294643 3.1465339
OS 13.1300754 3.1496062
OS 13.1300757 3.2480313
OS 13.1294646 3.2511036
OS 13.1277243 3.2537082
OS 13.1251197 3.2554485
OS 13.1220474 3.2560596
OS 13.1051586 3.2560596
OS 13.1043834 3.2559054
OS 13.1035924 3.2559054
OS 13.1028617 3.2556027
OS 13.1020863 3.2554485
OS 13.1014288 3.2550092
OS 13.1006983 3.2547066
OS 13.097502 3.2525709
OS 13.0944898 3.2519717
OS 13.0914779 3.2525708
OS 13.0882815 3.2547066
OS 13.087551 3.2550092
OS 13.0868935 3.2554485
OS 13.0861181 3.2556027
OS 13.0853874 3.2559054
OS 13.0845964 3.2559054
OS 13.0838212 3.2560596
OS 13.0342925 3.2560596
OS 13.0335173 3.2559054
OS 13.0327263 3.2559054
OS 13.0319956 3.2556027
OS 13.0312202 3.2554485
OS 13.0305627 3.2550092
OS 13.0298322 3.2547066
OS 13.0266359 3.2525709
OS 13.0236237 3.2519717
OS 13.0206118 3.2525708
OS 13.0174154 3.2547066
OS 13.0166849 3.2550092
OS 13.0160274 3.2554485
OS 13.015252 3.2556027
OS 13.0145213 3.2559054
OS 13.0137303 3.2559054
OS 13.0129551 3.2560596
OS 12.9712985 3.2560596
OS 12.9705233 3.2559054
OS 12.9697323 3.2559054
OS 12.9690017 3.2556027
OS 12.9682262 3.2554485
OS 12.9675686 3.2550091
OS 12.9668383 3.2547066
OS 12.9636411 3.2525703
OS 12.9606288 3.2519711
OS 12.9576169 3.2525702
OS 12.9544196 3.2547066
OS 12.9536891 3.2550092
OS 12.9530316 3.2554485
OS 12.9522562 3.2556027
OS 12.9515255 3.2559054
OS 12.9507345 3.2559054
OS 12.9499593 3.2560596
OS 12.9004324 3.2560596
OS 12.8996572 3.2559054
OS 12.8988662 3.2559054
OS 12.8981356 3.2556027
OS 12.8973601 3.2554485
OS 12.8967025 3.2550091
OS 12.8959722 3.2547066
OS 12.892775 3.2525703
OS 12.8897627 3.2519711
OS 12.8867508 3.2525702
OS 12.8835535 3.2547066
OS 12.882823 3.2550092
OS 12.8821655 3.2554485
OS 12.8813901 3.2556027
OS 12.8806594 3.2559054
OS 12.8798684 3.2559054
OS 12.8790932 3.2560596
OS 12.5196849 3.2560596
OS 12.5196849 3.2675624
OS 12.8882149 3.2675624
OS 12.8889905 3.2677167
OS 12.8905351 3.2677167
OS 12.8913107 3.2675624
OS 12.959081 3.2675624
OS 12.9598566 3.2677167
OS 12.9614012 3.2677167
OS 12.9621768 3.2675624
OS 13.0220728 3.2675624
OS 13.0228482 3.2677166
OS 13.0243994 3.2677166
OS 13.0251748 3.2675624
OS 13.0929389 3.2675624
OS 13.0937143 3.2677166
OS 13.0952655 3.2677166
OS 13.0960409 3.2675624
OS 13.15 3.2675624
OS 13.1530723 3.2681735
OS 13.1556769 3.2699138
OS 13.1574172 3.2725184
OS 13.1580283 3.2755907
OS 13.1580283 3.5115733
OS 13.2601397 3.5115733
OS 13.6257465 3.1459665
OS 13.6257465 3.0435172
OS 13.6266937 3.0363229
OS 13.6294706 3.0296188
OS 13.633888 3.0238619
OS 13.6396449 3.0194445
OS 13.646349 3.0166676
OS 13.6535433 3.0157204
OS 13.6607376 3.0166676
OS 13.6674417 3.0194445
OS 13.6731986 3.0238619
OS 13.677616 3.0296188
OS 13.6803929 3.0363229
OS 13.6813401 3.0435172
OS 13.6813401 3.1574803
OS 13.6803929 3.1646746
OS 13.677616 3.1713787
OS 13.6731986 3.1771356
OS 13.2913088 3.5590254
OS 13.2855519 3.5634428
OS 13.2788478 3.5662197
OS 13.2716535 3.5671669
OS 13.1580283 3.5671669
OS 13.1580283 3.8976378
OS 13.7634709 3.8976378
OS 13.763471 0.0160559
OE
OB 7.901559 0.6577104 H
OS 7.8969506 0.6567937
OS 7.8930437 0.6541833
OS 7.8904333 0.6502764
OS 7.8895166 0.645668
OS 7.8904333 0.6410596
OS 7.8930437 0.6371527
OS 7.8969506 0.6345423
OS 7.901559 0.6336256
OS 7.9061674 0.6345423
OS 7.9100743 0.6371527
OS 7.9126847 0.6410596
OS 7.9136014 0.645668
OS 7.9126847 0.6502764
OS 7.9100743 0.6541833
OS 7.9061674 0.6567937
OS 7.901559 0.6577104
OE
OB 11.3054849 0.6375851 H
OS 11.3054849 0.6033748
OS 11.3396952 0.6033748
OS 11.338995 0.6086936
OS 11.3350121 0.6183091
OS 11.3286763 0.6265662
OS 11.3204192 0.632902
OS 11.3108037 0.6368849
OS 11.3054849 0.6375851
OE
OB 7.7626216 0.6655857 H
OS 7.7580132 0.664669
OS 7.7541063 0.6620586
OS 7.7514959 0.6581517
OS 7.7505792 0.6535433
OS 7.7514959 0.6489349
OS 7.7541063 0.645028
OS 7.7580132 0.6424176
OS 7.7626216 0.6415009
OS 7.76723 0.6424176
OS 7.7711369 0.645028
OS 7.7737473 0.6489349
OS 7.774664 0.6535433
OS 7.7737473 0.6581517
OS 7.7711369 0.6620586
OS 7.76723 0.664669
OS 7.7626216 0.6655857
OE
OB 7.8031496 0.6813337 H
OS 7.7985412 0.680417
OS 7.7946343 0.6778066
OS 7.7920239 0.6738997
OS 7.7911072 0.6692913
OS 7.7920239 0.6646829
OS 7.7946343 0.660776
OS 7.7985412 0.6581656
OS 7.8031496 0.6572489
OS 7.807758 0.6581656
OS 7.8116649 0.660776
OS 7.8142753 0.6646829
OS 7.815192 0.6692913
OS 7.8142753 0.6738997
OS 7.8116649 0.6778066
OS 7.807758 0.680417
OS 7.8031496 0.6813337
OE
OB 8.4055118 0.6680408 H
OS 8.4009034 0.6671241
OS 8.3969965 0.6645137
OS 8.3943861 0.6606068
OS 8.3934694 0.6559984
OS 8.3943861 0.65139
OS 8.3969965 0.6474831
OS 8.4009034 0.6448727
OS 8.4055118 0.643956
OS 8.4101202 0.6448727
OS 8.4140271 0.6474831
OS 8.4166375 0.65139
OS 8.4175542 0.6559984
OS 8.4166375 0.6606068
OS 8.4140271 0.6645137
OS 8.4101202 0.6671241
OS 8.4055118 0.6680408
OE
OB 11.8004849 0.636099 H
OS 11.7907212 0.6348136
OS 11.7816228 0.6310449
OS 11.7738099 0.6250498
OS 11.7678148 0.6172369
OS 11.7640461 0.6081385
OS 11.7627607 0.5983748
OS 11.7640461 0.5886111
OS 11.7678148 0.5795127
OS 11.7738099 0.5716998
OS 11.7816228 0.5657047
OS 11.7907212 0.561936
OS 11.8004849 0.5606506
OS 11.8102486 0.561936
OS 11.819347 0.5657047
OS 11.8271599 0.5716998
OS 11.833155 0.5795127
OS 11.8369237 0.5886111
OS 11.8382091 0.5983748
OS 11.8369237 0.6081385
OS 11.833155 0.6172369
OS 11.8271599 0.6250498
OS 11.819347 0.6310449
OS 11.8102486 0.6348136
OS 11.8004849 0.636099
OE
OB 11.7004849 0.636099 H
OS 11.6907212 0.6348136
OS 11.6816228 0.6310449
OS 11.6738099 0.6250498
OS 11.6678148 0.6172369
OS 11.6640461 0.6081385
OS 11.6627607 0.5983748
OS 11.6640461 0.5886111
OS 11.6678148 0.5795127
OS 11.6738099 0.5716998
OS 11.6816228 0.5657047
OS 11.6907212 0.561936
OS 11.7004849 0.5606506
OS 11.7102486 0.561936
OS 11.719347 0.5657047
OS 11.7271599 0.5716998
OS 11.733155 0.5795127
OS 11.7369237 0.5886111
OS 11.7382091 0.5983748
OS 11.7369237 0.6081385
OS 11.733155 0.6172369
OS 11.7271599 0.6250498
OS 11.719347 0.6310449
OS 11.7102486 0.6348136
OS 11.7004849 0.636099
OE
OB 7.9212598 0.6104676 H
OS 7.9166514 0.6095509
OS 7.9127445 0.6069405
OS 7.9101341 0.6030336
OS 7.9092174 0.5984252
OS 7.9101341 0.5938168
OS 7.9127445 0.5899099
OS 7.9166514 0.5872995
OS 7.9212598 0.5863828
OS 7.9258682 0.5872995
OS 7.9297751 0.5899099
OS 7.9323855 0.5938168
OS 7.9333022 0.5984252
OS 7.9323855 0.6030336
OS 7.9297751 0.6069405
OS 7.9258682 0.6095509
OS 7.9212598 0.6104676
OE
OB 11.2954849 0.6375851 H
OS 11.2901661 0.6368849
OS 11.2805506 0.632902
OS 11.2722935 0.6265662
OS 11.2659577 0.6183091
OS 11.2619748 0.6086936
OS 11.2612746 0.6033748
OS 11.2954849 0.6033748
OS 11.2954849 0.6375851
OE
OB 7.8740157 0.6380267 H
OS 7.8694073 0.63711
OS 7.8655004 0.6344996
OS 7.86289 0.6305927
OS 7.8619733 0.6259843
OS 7.86289 0.6213759
OS 7.8655004 0.617469
OS 7.8694073 0.6148586
OS 7.8740157 0.6139419
OS 7.8768811 0.6145119
OS 7.8791325 0.6143522
OS 7.8822379 0.6112598
OS 7.8825751 0.6095648
OS 7.8851855 0.6056579
OS 7.8890924 0.6030475
OS 7.8937008 0.6021308
OS 7.8983092 0.6030475
OS 7.9022161 0.6056579
OS 7.9048265 0.6095648
OS 7.9057432 0.6141732
OS 7.9048265 0.6187816
OS 7.9022161 0.6226885
OS 7.8983092 0.6252989
OS 7.8937008 0.6262156
OS 7.8908354 0.6256456
OS 7.888584 0.6258053
OS 7.8854786 0.6288977
OS 7.8851414 0.6305927
OS 7.882531 0.6344996
OS 7.8786241 0.63711
OS 7.8740157 0.6380267
OE
OB 11.8004849 0.736099 H
OS 11.7907212 0.7348136
OS 11.7816228 0.7310449
OS 11.7738099 0.7250498
OS 11.7678148 0.7172369
OS 11.7640461 0.7081385
OS 11.7627607 0.6983748
OS 11.7640461 0.6886111
OS 11.7678148 0.6795127
OS 11.7738099 0.6716998
OS 11.7816228 0.6657047
OS 11.7907212 0.661936
OS 11.8004849 0.6606506
OS 11.8102486 0.661936
OS 11.819347 0.6657047
OS 11.8271599 0.6716998
OS 11.833155 0.6795127
OS 11.8369237 0.6886111
OS 11.8382091 0.6983748
OS 11.8369237 0.7081385
OS 11.833155 0.7172369
OS 11.8271599 0.7250498
OS 11.819347 0.7310449
OS 11.8102486 0.7348136
OS 11.8004849 0.736099
OE
OB 11.7004849 0.736099 H
OS 11.6907212 0.7348136
OS 11.6816228 0.7310449
OS 11.6738099 0.7250498
OS 11.6678148 0.7172369
OS 11.6640461 0.7081385
OS 11.6627607 0.6983748
OS 11.6640461 0.6886111
OS 11.6678148 0.6795127
OS 11.6738099 0.6716998
OS 11.6816228 0.6657047
OS 11.6907212 0.661936
OS 11.7004849 0.6606506
OS 11.7102486 0.661936
OS 11.719347 0.6657047
OS 11.7271599 0.6716998
OS 11.733155 0.6795127
OS 11.7369237 0.6886111
OS 11.7382091 0.6983748
OS 11.7369237 0.7081385
OS 11.733155 0.7172369
OS 11.7271599 0.7250498
OS 11.719347 0.7310449
OS 11.7102486 0.7348136
OS 11.7004849 0.736099
OE
OB 7.9173228 0.6970818 H
OS 7.9127144 0.6961651
OS 7.9088075 0.6935547
OS 7.9061971 0.6896478
OS 7.9052804 0.6850394
OS 7.9061971 0.680431
OS 7.9088075 0.6765241
OS 7.9127144 0.6739137
OS 7.9173228 0.672997
OS 7.9219312 0.6739137
OS 7.9258381 0.6765241
OS 7.9284485 0.680431
OS 7.9293652 0.6850394
OS 7.9284485 0.6896478
OS 7.9258381 0.6935547
OS 7.9219312 0.6961651
OS 7.9173228 0.6970818
OE
OB 11.3400124 0.7379023 H
OS 11.3054849 0.7379023
OS 11.3054849 0.7033748
OS 11.3400124 0.7033748
OS 11.3400124 0.7379023
OE
OB 11.2954849 0.7379023 H
OS 11.2609574 0.7379023
OS 11.2609574 0.7033748
OS 11.2954849 0.7033748
OS 11.2954849 0.7379023
OE
OB 11.3400124 0.6933748 H
OS 11.3054849 0.6933748
OS 11.3054849 0.6588473
OS 11.3400124 0.6588473
OS 11.3400124 0.6933748
OE
OB 11.2954849 0.6933748 H
OS 11.2609574 0.6933748
OS 11.2609574 0.6588473
OS 11.2954849 0.6588473
OS 11.2954849 0.6933748
OE
OB 11.4004849 0.736099 H
OS 11.3907212 0.7348136
OS 11.3816228 0.7310449
OS 11.3738099 0.7250498
OS 11.3678148 0.7172369
OS 11.3640461 0.7081385
OS 11.3627607 0.6983748
OS 11.3640461 0.6886111
OS 11.3678148 0.6795127
OS 11.3738099 0.6716998
OS 11.3816228 0.6657047
OS 11.3907212 0.661936
OS 11.4004849 0.6606506
OS 11.4102486 0.661936
OS 11.419347 0.6657047
OS 11.4271599 0.6716998
OS 11.433155 0.6795127
OS 11.4369237 0.6886111
OS 11.4382091 0.6983748
OS 11.4369237 0.7081385
OS 11.433155 0.7172369
OS 11.4271599 0.7250498
OS 11.419347 0.7310449
OS 11.4102486 0.7348136
OS 11.4004849 0.736099
OE
OB 11.6004849 0.736099 H
OS 11.5907212 0.7348136
OS 11.5816228 0.7310449
OS 11.5738099 0.7250498
OS 11.5678148 0.7172369
OS 11.5640461 0.7081385
OS 11.5627607 0.6983748
OS 11.5640461 0.6886111
OS 11.5678148 0.6795127
OS 11.5738099 0.6716998
OS 11.5816228 0.6657047
OS 11.5907212 0.661936
OS 11.6004849 0.6606506
OS 11.6102486 0.661936
OS 11.619347 0.6657047
OS 11.6271599 0.6716998
OS 11.633155 0.6795127
OS 11.6369237 0.6886111
OS 11.6382091 0.6983748
OS 11.6369237 0.7081385
OS 11.633155 0.7172369
OS 11.6271599 0.7250498
OS 11.619347 0.7310449
OS 11.6102486 0.7348136
OS 11.6004849 0.736099
OE
OB 11.5004849 0.736099 H
OS 11.4907212 0.7348136
OS 11.4816228 0.7310449
OS 11.4738099 0.7250498
OS 11.4678148 0.7172369
OS 11.4640461 0.7081385
OS 11.4627607 0.6983748
OS 11.4640461 0.6886111
OS 11.4678148 0.6795127
OS 11.4738099 0.6716998
OS 11.4816228 0.6657047
OS 11.4907212 0.661936
OS 11.5004849 0.6606506
OS 11.5102486 0.661936
OS 11.519347 0.6657047
OS 11.5271599 0.6716998
OS 11.533155 0.6795127
OS 11.5369237 0.6886111
OS 11.5382091 0.6983748
OS 11.5369237 0.7081385
OS 11.533155 0.7172369
OS 11.5271599 0.7250498
OS 11.519347 0.7310449
OS 11.5102486 0.7348136
OS 11.5004849 0.736099
OE
OB 11.6004849 0.636099 H
OS 11.5907212 0.6348136
OS 11.5816228 0.6310449
OS 11.5738099 0.6250498
OS 11.5678148 0.6172369
OS 11.5640461 0.6081385
OS 11.5627607 0.5983748
OS 11.5640461 0.5886111
OS 11.5678148 0.5795127
OS 11.5738099 0.5716998
OS 11.5816228 0.5657047
OS 11.5907212 0.561936
OS 11.6004849 0.5606506
OS 11.6102486 0.561936
OS 11.619347 0.5657047
OS 11.6271599 0.5716998
OS 11.633155 0.5795127
OS 11.6369237 0.5886111
OS 11.6382091 0.5983748
OS 11.6369237 0.6081385
OS 11.633155 0.6172369
OS 11.6271599 0.6250498
OS 11.619347 0.6310449
OS 11.6102486 0.6348136
OS 11.6004849 0.636099
OE
OB 9.0826772 0.4451133 H
OS 9.0780688 0.4441966
OS 9.0741619 0.4415862
OS 9.0715515 0.4376793
OS 9.0706348 0.4330709
OS 9.0715515 0.4284625
OS 9.0741619 0.4245556
OS 9.0780688 0.4219452
OS 9.0826772 0.4210285
OS 9.0872856 0.4219452
OS 9.0911925 0.4245556
OS 9.0938029 0.4284625
OS 9.0947196 0.4330709
OS 9.0938029 0.4376793
OS 9.0911925 0.4415862
OS 9.0872856 0.4441966
OS 9.0826772 0.4451133
OE
OB 8.4968216 0.4132041 H
OS 8.4922132 0.4122874
OS 8.4883063 0.409677
OS 8.4856959 0.4057701
OS 8.4847792 0.4011617
OS 8.4856959 0.3965533
OS 8.4883063 0.3926464
OS 8.4922132 0.390036
OS 8.4968216 0.3891193
OS 8.50143 0.390036
OS 8.5053369 0.3926464
OS 8.5079473 0.3965533
OS 8.508864 0.4011617
OS 8.5079473 0.4057701
OS 8.5053369 0.409677
OS 8.50143 0.4122874
OS 8.4968216 0.4132041
OE
OB 8.4645669 0.4490503 H
OS 8.4599585 0.4481336
OS 8.4560516 0.4455232
OS 8.4534412 0.4416163
OS 8.4525245 0.4370079
OS 8.4534412 0.4323995
OS 8.4560516 0.4284926
OS 8.4599585 0.4258822
OS 8.4645669 0.4249655
OS 8.4691753 0.4258822
OS 8.4730822 0.4284926
OS 8.4756926 0.4323995
OS 8.4766093 0.4370079
OS 8.4756926 0.4416163
OS 8.4730822 0.4455232
OS 8.4691753 0.4481336
OS 8.4645669 0.4490503
OE
OB 8.7100202 0.4726723 H
OS 8.7054118 0.4717556
OS 8.7015049 0.4691452
OS 8.6988945 0.4652383
OS 8.6979778 0.4606299
OS 8.6988945 0.4560215
OS 8.7015049 0.4521146
OS 8.7054118 0.4495042
OS 8.7100202 0.4485875
OS 8.7146286 0.4495042
OS 8.7185355 0.4521146
OS 8.7211459 0.4560215
OS 8.7220626 0.4606299
OS 8.7211459 0.4652383
OS 8.7185355 0.4691452
OS 8.7146286 0.4717556
OS 8.7100202 0.4726723
OE
OB 8.6692913 0.4569243 H
OS 8.6646829 0.4560076
OS 8.660776 0.4533972
OS 8.6581656 0.4494903
OS 8.6572489 0.4448819
OS 8.6581656 0.4402735
OS 8.660776 0.4363666
OS 8.6646829 0.4337562
OS 8.6692913 0.4328395
OS 8.6738997 0.4337562
OS 8.6778066 0.4363666
OS 8.680417 0.4402735
OS 8.6813337 0.4448819
OS 8.680417 0.4494903
OS 8.6778066 0.4533972
OS 8.6738997 0.4560076
OS 8.6692913 0.4569243
OE
OB 8.3424736 0.3424929 H
OS 8.3378652 0.3415762
OS 8.3339583 0.3389658
OS 8.3313479 0.3350589
OS 8.3304312 0.3304505
OS 8.3313479 0.3258421
OS 8.3339583 0.3219352
OS 8.3378652 0.3193248
OS 8.3424736 0.3184081
OS 8.347082 0.3193248
OS 8.3509889 0.3219352
OS 8.3535993 0.3258421
OS 8.354516 0.3304505
OS 8.3535993 0.3350589
OS 8.3509889 0.3389658
OS 8.347082 0.3415762
OS 8.3424736 0.3424929
OE
OB 8.6338384 0.3053495 H
OS 8.62923 0.3044328
OS 8.6253231 0.3018224
OS 8.6227127 0.2979155
OS 8.621796 0.2933071
OS 8.6227127 0.2886987
OS 8.6253231 0.2847918
OS 8.62923 0.2821814
OS 8.6338383 0.2812647
OS 8.6378188 0.2769585
OS 8.6375466 0.27559
OS 8.6384633 0.2709816
OS 8.6410737 0.2670747
OS 8.6449806 0.2644643
OS 8.6495889 0.2635476
OS 8.6532946 0.2598419
OS 8.6542113 0.2552336
OS 8.6568217 0.2513267
OS 8.6607286 0.2487163
OS 8.665337 0.2477996
OS 8.6699454 0.2487163
OS 8.6738523 0.2513267
OS 8.6764627 0.2552336
OS 8.6773794 0.259842
OS 8.6764627 0.2644504
OS 8.6738523 0.2683573
OS 8.6699454 0.2709677
OS 8.6653371 0.2718844
OS 8.6616314 0.2755901
OS 8.6607147 0.2801984
OS 8.6581043 0.2841053
OS 8.6541974 0.2867157
OS 8.6495891 0.2876324
OS 8.6456086 0.2919386
OS 8.6458808 0.2933071
OS 8.6449641 0.2979155
OS 8.6423537 0.3018224
OS 8.6384468 0.3044328
OS 8.6338384 0.3053495
OE
OB 8.3976378 0.3427511 H
OS 8.3930294 0.3418344
OS 8.3891225 0.339224
OS 8.3865121 0.3353171
OS 8.3855954 0.3307087
OS 8.3865121 0.3261003
OS 8.3891225 0.3221934
OS 8.3930294 0.319583
OS 8.3976378 0.3186663
OS 8.4022462 0.319583
OS 8.4061531 0.3221934
OS 8.4087635 0.3261003
OS 8.4096802 0.3307087
OS 8.4087635 0.3353171
OS 8.4061531 0.339224
OS 8.4022462 0.3418344
OS 8.3976378 0.3427511
OE
OB 8.7086614 0.4018062 H
OS 8.704053 0.4008895
OS 8.7001461 0.3982791
OS 8.6975357 0.3943722
OS 8.696619 0.3897638
OS 8.6975357 0.3851554
OS 8.7001461 0.3812485
OS 8.704053 0.3786381
OS 8.7086614 0.3777214
OS 8.7132698 0.3786381
OS 8.7171767 0.3812485
OS 8.7197871 0.3851554
OS 8.7207038 0.3897638
OS 8.7197871 0.3943722
OS 8.7171767 0.3982791
OS 8.7132698 0.4008895
OS 8.7086614 0.4018062
OE
OB 8.7598425 0.3624361 H
OS 8.7552341 0.3615194
OS 8.7513272 0.358909
OS 8.7487168 0.3550021
OS 8.7478001 0.3503937
OS 8.7487168 0.3457853
OS 8.7513272 0.3418784
OS 8.7552341 0.339268
OS 8.7598425 0.3383513
OS 8.7644509 0.339268
OS 8.7683578 0.3418784
OS 8.7709682 0.3457853
OS 8.7718849 0.3503937
OS 8.7709682 0.3550021
OS 8.7683578 0.358909
OS 8.7644509 0.3615194
OS 8.7598425 0.3624361
OE
OB 11.3396952 0.5933748 H
OS 11.3054849 0.5933748
OS 11.3054849 0.5591645
OS 11.3108037 0.5598647
OS 11.3204192 0.5638476
OS 11.3286763 0.5701834
OS 11.3350121 0.5784405
OS 11.338995 0.588056
OS 11.3396952 0.5933748
OE
OB 11.2954849 0.5933748 H
OS 11.2612746 0.5933748
OS 11.2619748 0.588056
OS 11.2659577 0.5784405
OS 11.2722935 0.5701834
OS 11.2805506 0.5638476
OS 11.2901661 0.5598647
OS 11.2954849 0.5591645
OS 11.2954849 0.5933748
OE
OB 9.0925196 0.5835625 H
OS 9.0879112 0.5826458
OS 9.0840043 0.5800354
OS 9.0813939 0.5761285
OS 9.0804772 0.5715201
OS 9.0813939 0.5669117
OS 9.0840043 0.5630048
OS 9.0879112 0.5603944
OS 9.0925196 0.5594777
OS 9.097128 0.5603944
OS 9.1010349 0.5630048
OS 9.1036453 0.5669117
OS 9.104562 0.5715201
OS 9.1036453 0.5761285
OS 9.1010349 0.5800354
OS 9.097128 0.5826458
OS 9.0925196 0.5835625
OE
OB 11.5004849 0.636099 H
OS 11.4907212 0.6348136
OS 11.4816228 0.6310449
OS 11.4738099 0.6250498
OS 11.4678148 0.6172369
OS 11.4640461 0.6081385
OS 11.4627607 0.5983748
OS 11.4640461 0.5886111
OS 11.4678148 0.5795127
OS 11.4738099 0.5716998
OS 11.4816228 0.5657047
OS 11.4907212 0.561936
OS 11.5004849 0.5606506
OS 11.5102486 0.561936
OS 11.519347 0.5657047
OS 11.5271599 0.5716998
OS 11.533155 0.5795127
OS 11.5369237 0.5886111
OS 11.5382091 0.5983748
OS 11.5369237 0.6081385
OS 11.533155 0.6172369
OS 11.5271599 0.6250498
OS 11.519347 0.6310449
OS 11.5102486 0.6348136
OS 11.5004849 0.636099
OE
OB 11.4004849 0.636099 H
OS 11.3907212 0.6348136
OS 11.3816228 0.6310449
OS 11.3738099 0.6250498
OS 11.3678148 0.6172369
OS 11.3640461 0.6081385
OS 11.3627607 0.5983748
OS 11.3640461 0.5886111
OS 11.3678148 0.5795127
OS 11.3738099 0.5716998
OS 11.3816228 0.5657047
OS 11.3907212 0.561936
OS 11.4004849 0.5606506
OS 11.4102486 0.561936
OS 11.419347 0.5657047
OS 11.4271599 0.5716998
OS 11.433155 0.5795127
OS 11.4369237 0.5886111
OS 11.4382091 0.5983748
OS 11.4369237 0.6081385
OS 11.433155 0.6172369
OS 11.4271599 0.6250498
OS 11.419347 0.6310449
OS 11.4102486 0.6348136
OS 11.4004849 0.636099
OE
OB 9.1732283 0.5357415 H
OS 9.1670837 0.5345193
OS 9.1618746 0.5310387
OS 9.158394 0.5258296
OS 9.1571718 0.519685
OS 9.158394 0.5135404
OS 9.1618746 0.5083313
OS 9.1670837 0.5048507
OS 9.1732283 0.5036285
OS 9.1793729 0.5048507
OS 9.184582 0.5083313
OS 9.1880626 0.5135404
OS 9.1892848 0.519685
OS 9.1880626 0.5258296
OS 9.184582 0.5310387
OS 9.1793729 0.5345193
OS 9.1732283 0.5357415
OE
OB 8.515748 0.4805463 H
OS 8.5111396 0.4796296
OS 8.5072327 0.4770192
OS 8.5046223 0.4731123
OS 8.5037056 0.4685039
OS 8.5046223 0.4638955
OS 8.5072327 0.4599886
OS 8.5111396 0.4573782
OS 8.515748 0.4564615
OS 8.5203564 0.4573782
OS 8.5242633 0.4599886
OS 8.5268737 0.4638955
OS 8.5277904 0.4685039
OS 8.5268737 0.4731123
OS 8.5242633 0.4770192
OS 8.5203564 0.4796296
OS 8.515748 0.4805463
OE
OB 8.7100202 0.5332992 H
OS 8.7054118 0.5323825
OS 8.7015049 0.5297721
OS 8.6988945 0.5258652
OS 8.6979778 0.5212568
OS 8.6988945 0.5166484
OS 8.7015049 0.5127415
OS 8.7054118 0.5101311
OS 8.7100202 0.5092144
OS 8.7146286 0.5101311
OS 8.7185355 0.5127415
OS 8.7211459 0.5166484
OS 8.7220626 0.5212568
OS 8.7211459 0.5258652
OS 8.7185355 0.5297721
OS 8.7146286 0.5323825
OS 8.7100202 0.5332992
OE
OB 8.925179 0.5829074 H
OS 8.9205706 0.5819907
OS 8.9166637 0.5793803
OS 8.9140533 0.5754734
OS 8.9131366 0.570865
OS 8.9140533 0.5662566
OS 8.9166637 0.5623497
OS 8.9205706 0.5597393
OS 8.925179 0.5588226
OS 8.9297874 0.5597393
OS 8.9336943 0.5623497
OS 8.9363047 0.5662566
OS 8.9372214 0.570865
OS 8.9363047 0.5754734
OS 8.9336943 0.5793803
OS 8.9297874 0.5819907
OS 8.925179 0.5829074
OE
OB 8.6496063 0.5829856 H
OS 8.6434617 0.5817634
OS 8.6382526 0.5782828
OS 8.634772 0.5730737
OS 8.6335498 0.5669291
OS 8.634772 0.5607845
OS 8.6382526 0.5555754
OS 8.6434617 0.5520948
OS 8.6496063 0.5508726
OS 8.6557509 0.5520948
OS 8.66096 0.5555754
OS 8.6644406 0.5607845
OS 8.6656628 0.5669291
OS 8.6644406 0.5730737
OS 8.66096 0.5782828
OS 8.6557509 0.5817634
OS 8.6496063 0.5829856
OE
OB 12.9921258 1.6591417 H
OS 12.983544 1.6580119
OS 12.975547 1.6546994
OS 12.9686798 1.64943
OS 12.9634104 1.6425628
OS 12.9600979 1.6345658
OS 12.9589681 1.625984
OS 12.9600979 1.6174022
OS 12.9634104 1.6094052
OS 12.9686798 1.602538
OS 12.975547 1.5972686
OS 12.983544 1.5939561
OS 12.9921258 1.5928263
OS 13.0007076 1.5939561
OS 13.0087046 1.5972686
OS 13.0155718 1.602538
OS 13.0208412 1.6094052
OS 13.0241537 1.6174022
OS 13.0252835 1.625984
OS 13.0241537 1.6345658
OS 13.0208412 1.6425628
OS 13.0155718 1.64943
OS 13.0087046 1.6546994
OS 13.0007076 1.6580119
OS 12.9921258 1.6591417
OE
OB 13.5433071 2.6538518 H
OS 13.5371625 2.6526296
OS 13.5319534 2.649149
OS 13.5284728 2.6439399
OS 13.5272506 2.6377953
OS 13.5284728 2.6316507
OS 13.5319534 2.6264416
OS 13.5371625 2.622961
OS 13.5433071 2.6217388
OS 13.5494517 2.622961
OS 13.5546608 2.6264416
OS 13.5581414 2.6316507
OS 13.5593636 2.6377953
OS 13.5581414 2.6439399
OS 13.5546608 2.649149
OS 13.5494517 2.6526296
OS 13.5433071 2.6538518
OE
OB 13.2549999 2.5310423 H
OS 13.2503915 2.5301256
OS 13.2464846 2.5275152
OS 13.2438742 2.5236083
OS 13.2429575 2.5189999
OS 13.2438742 2.5143915
OS 13.2464846 2.5104846
OS 13.2503915 2.5078742
OS 13.2549999 2.5069575
OS 13.2596083 2.5078742
OS 13.2635152 2.5104846
OS 13.2661256 2.5143915
OS 13.2670423 2.5189999
OS 13.2661256 2.5236083
OS 13.2635152 2.5275152
OS 13.2596083 2.5301256
OS 13.2549999 2.5310423
OE
OB 13.224 2.6500424 H
OS 13.2193916 2.6491257
OS 13.2154847 2.6465153
OS 13.2128743 2.6426084
OS 13.2119576 2.638
OS 13.2128743 2.6333916
OS 13.2154847 2.6294847
OS 13.2193916 2.6268743
OS 13.224 2.6259576
OS 13.2286084 2.6268743
OS 13.2325153 2.6294847
OS 13.2351257 2.6333916
OS 13.2360424 2.638
OS 13.2351257 2.6426084
OS 13.2325153 2.6465153
OS 13.2286084 2.6491257
OS 13.224 2.6500424
OE
OB 13.4259839 2.7462943 H
OS 13.4213755 2.7453776
OS 13.4174686 2.7427672
OS 13.4148582 2.7388603
OS 13.4139415 2.7342519
OS 13.4148582 2.7296435
OS 13.4174686 2.7257366
OS 13.4213755 2.7231262
OS 13.4259839 2.7222095
OS 13.4305923 2.7231262
OS 13.4344992 2.7257366
OS 13.4371096 2.7296435
OS 13.4380263 2.7342519
OS 13.4371096 2.7388603
OS 13.4344992 2.7427672
OS 13.4305923 2.7453776
OS 13.4259839 2.7462943
OE
OB 13.4377959 2.7088923 H
OS 13.4331875 2.7079756
OS 13.4292806 2.7053652
OS 13.4266702 2.7014583
OS 13.4257535 2.6968499
OS 13.4266702 2.6922415
OS 13.4292806 2.6883346
OS 13.4331875 2.6857242
OS 13.4377959 2.6848075
OS 13.4424043 2.6857242
OS 13.4463112 2.6883346
OS 13.4489216 2.6922415
OS 13.4498383 2.6968499
OS 13.4489216 2.7014583
OS 13.4463112 2.7053652
OS 13.4424043 2.7079756
OS 13.4377959 2.7088923
OE
OB 13.2165354 2.315192 H
OS 13.211927 2.3142753
OS 13.2080201 2.3116649
OS 13.2054097 2.307758
OS 13.204493 2.3031496
OS 13.2054097 2.2985412
OS 13.2080201 2.2946343
OS 13.211927 2.2920239
OS 13.2165354 2.2911072
OS 13.2211438 2.2920239
OS 13.2250507 2.2946343
OS 13.2276611 2.2985412
OS 13.2285778 2.3031496
OS 13.2276611 2.307758
OS 13.2250507 2.3116649
OS 13.2211438 2.3142753
OS 13.2165354 2.315192
OE
OB 13.1818899 2.2994443 H
OS 13.1772815 2.2985276
OS 13.1733746 2.2959172
OS 13.1707642 2.2920103
OS 13.1702003 2.2891755
OS 13.1695999 2.2873007
OS 13.1651331 2.2854735
OS 13.1641739 2.2856643
OS 13.1595655 2.2847476
OS 13.1566196 2.2827793
OS 13.1533469 2.282403
OS 13.1500742 2.2827793
OS 13.1471283 2.2847476
OS 13.1425199 2.2856643
OS 13.1379115 2.2847476
OS 13.1340046 2.2821372
OS 13.1313942 2.2782303
OS 13.1304775 2.2736219
OS 13.1313942 2.2690135
OS 13.1340046 2.2651066
OS 13.1379115 2.2624962
OS 13.1425199 2.2615795
OS 13.1471283 2.2624962
OS 13.1510351 2.2651066
OS 13.1556587 2.2651066
OS 13.1595655 2.2624962
OS 13.1641739 2.2615795
OS 13.1687823 2.2624962
OS 13.1726892 2.2651066
OS 13.1752996 2.2690135
OS 13.1758635 2.2718483
OS 13.1764639 2.2737231
OS 13.1809307 2.2755503
OS 13.1818899 2.2753595
OS 13.1848982 2.2759579
OS 13.1881819 2.2743023
OS 13.1897655 2.2724457
OS 13.1904482 2.2690135
OS 13.1930586 2.2651066
OS 13.1969655 2.2624962
OS 13.2015739 2.2615795
OS 13.2061823 2.2624962
OS 13.2100892 2.2651066
OS 13.2126996 2.2690135
OS 13.2136163 2.2736219
OS 13.2126996 2.2782303
OS 13.2100892 2.2821372
OS 13.2061823 2.2847476
OS 13.2015739 2.2856643
OS 13.1985656 2.2850659
OS 13.1952819 2.2867215
OS 13.1936983 2.2885781
OS 13.1930156 2.2920103
OS 13.1904052 2.2959172
OS 13.1864983 2.2985276
OS 13.1818899 2.2994443
OE
OB 13.2527558 2.4136171 H
OS 13.2481474 2.4127004
OS 13.2442405 2.41009
OS 13.2416301 2.4061831
OS 13.2407134 2.4015747
OS 13.2416301 2.3969663
OS 13.2442405 2.3930595
OS 13.2442405 2.3904049
OS 13.2416301 2.3864981
OS 13.2407134 2.3818897
OS 13.2416301 2.3772813
OS 13.2426889 2.3756966
OS 13.2438267 2.3720471
OS 13.2426889 2.3683977
OS 13.2416301 2.366813
OS 13.2407134 2.3622046
OS 13.2416301 2.3575962
OS 13.2442405 2.3536894
OS 13.2442405 2.3510348
OS 13.2416301 2.347128
OS 13.2407134 2.3425196
OS 13.2416301 2.3379112
OS 13.2442405 2.3340043
OS 13.2481474 2.3313939
OS 13.2527558 2.3304772
OS 13.2573642 2.3313939
OS 13.2612711 2.3340043
OS 13.2638815 2.3379112
OS 13.2647982 2.3425196
OS 13.2638815 2.347128
OS 13.2612711 2.3510348
OS 13.2612711 2.3536894
OS 13.2638815 2.3575962
OS 13.2647982 2.3622046
OS 13.2638815 2.366813
OS 13.2628227 2.3683977
OS 13.2616849 2.3720472
OS 13.2628227 2.3756966
OS 13.2638815 2.3772813
OS 13.2647982 2.3818897
OS 13.2638815 2.3864981
OS 13.2612711 2.3904049
OS 13.2612711 2.3930595
OS 13.2638815 2.3969663
OS 13.2647982 2.4015747
OS 13.2638815 2.4061831
OS 13.2612711 2.41009
OS 13.2573642 2.4127004
OS 13.2527558 2.4136171
OE
OB 13.4102361 2.4884203 H
OS 13.4056277 2.4875036
OS 13.4017208 2.4848932
OS 13.3991104 2.4809863
OS 13.3981937 2.4763779
OS 13.3991104 2.4717695
OS 13.4005084 2.4696772
OS 13.4017205 2.4652081
OS 13.3991101 2.4613013
OS 13.3981934 2.4566929
OS 13.3991101 2.4520845
OS 13.4017205 2.4481776
OS 13.4021532 2.4478885
OS 13.4021532 2.441875
OS 13.4017208 2.4415861
OS 13.3991104 2.4376792
OS 13.3981937 2.4330708
OS 13.3991104 2.4284624
OS 13.4017208 2.4245555
OS 13.4056277 2.4219451
OS 13.4102361 2.4210284
OS 13.4148445 2.4219451
OS 13.4187514 2.4245555
OS 13.4213618 2.4284624
OS 13.4222785 2.4330708
OS 13.4213618 2.4376792
OS 13.4187514 2.4415861
OS 13.4183187 2.4418752
OS 13.4183187 2.4478887
OS 13.4187511 2.4481776
OS 13.4213615 2.4520845
OS 13.4222782 2.4566929
OS 13.4213615 2.4613013
OS 13.4199635 2.4633936
OS 13.4187514 2.4678627
OS 13.4213618 2.4717695
OS 13.4222785 2.4763779
OS 13.4213618 2.4809863
OS 13.4187514 2.4848932
OS 13.4148445 2.4875036
OS 13.4102361 2.4884203
OE
OB 13.4082679 2.4136163 H
OS 13.4036595 2.4126996
OS 13.3997526 2.4100892
OS 13.3971422 2.4061823
OS 13.3962255 2.4015739
OS 13.3971422 2.3969655
OS 13.3997526 2.3930586
OS 13.4036595 2.3904482
OS 13.4082679 2.3895315
OS 13.4128763 2.3904482
OS 13.4167832 2.3930586
OS 13.4193936 2.3969655
OS 13.4203103 2.4015739
OS 13.4193936 2.4061823
OS 13.4167832 2.4100892
OS 13.4128763 2.4126996
OS 13.4082679 2.4136163
OE
OB 13.4082679 2.9608603 H
OS 13.4036595 2.9599436
OS 13.3997526 2.9573332
OS 13.3971422 2.9534263
OS 13.3962255 2.9488179
OS 13.3971422 2.9442095
OS 13.3997526 2.9403026
OS 13.4036595 2.9376922
OS 13.4082679 2.9367755
OS 13.4128763 2.9376922
OS 13.4167832 2.9403026
OS 13.4193936 2.9442095
OS 13.4203103 2.9488179
OS 13.4193936 2.9534263
OS 13.4167832 2.9573332
OS 13.4128763 2.9599436
OS 13.4082679 2.9608603
OE
OB 13.2803149 2.8978691 H
OS 13.2757065 2.8969524
OS 13.2717996 2.894342
OS 13.2715106 2.8939094
OS 13.2654971 2.8939094
OS 13.2652081 2.894342
OS 13.2613012 2.8969524
OS 13.2566928 2.8978691
OS 13.2520844 2.8969524
OS 13.2481775 2.894342
OS 13.2478878 2.8939084
OS 13.2418744 2.8939084
OS 13.2415852 2.8943412
OS 13.2376783 2.8969516
OS 13.2330699 2.8978683
OS 13.2284615 2.8969516
OS 13.2245546 2.8943412
OS 13.2242656 2.8939087
OS 13.2182522 2.8939087
OS 13.2179632 2.8943412
OS 13.2140563 2.8969516
OS 13.2094479 2.8978683
OS 13.2048395 2.8969516
OS 13.2009326 2.8943412
OS 13.1983222 2.8904343
OS 13.1974055 2.8858259
OS 13.1983222 2.8812175
OS 13.2009326 2.8773106
OS 13.2048395 2.8747002
OS 13.2094479 2.8737835
OS 13.2140563 2.8747002
OS 13.2179632 2.8773106
OS 13.2182522 2.8777431
OS 13.2242656 2.8777431
OS 13.2245546 2.8773106
OS 13.2284615 2.8747002
OS 13.2330699 2.8737835
OS 13.2376783 2.8747002
OS 13.2415852 2.8773106
OS 13.2418749 2.8777442
OS 13.2478883 2.8777442
OS 13.2481775 2.8773114
OS 13.2520844 2.874701
OS 13.2566928 2.8737843
OS 13.2613012 2.874701
OS 13.2652081 2.8773114
OS 13.2654971 2.877744
OS 13.2715106 2.877744
OS 13.2717996 2.8773114
OS 13.2757065 2.874701
OS 13.2803149 2.8737843
OS 13.2849233 2.874701
OS 13.2888302 2.8773114
OS 13.2914406 2.8812183
OS 13.2923573 2.8858267
OS 13.2914406 2.8904351
OS 13.2888302 2.894342
OS 13.2849233 2.8969524
OS 13.2803149 2.8978691
OE
OB 13.4082679 2.9962943 H
OS 13.4036595 2.9953776
OS 13.3997526 2.9927672
OS 13.3971422 2.9888603
OS 13.3962255 2.9842519
OS 13.3971422 2.9796435
OS 13.3997526 2.9757366
OS 13.4036595 2.9731262
OS 13.4082679 2.9722095
OS 13.4128763 2.9731262
OS 13.4167832 2.9757366
OS 13.4193936 2.9796435
OS 13.4203103 2.9842519
OS 13.4193936 2.9888603
OS 13.4167832 2.9927672
OS 13.4128763 2.9953776
OS 13.4082679 2.9962943
OE
OB 13.4082679 3.0632243 H
OS 13.4036595 3.0623076
OS 13.3997526 3.0596972
OS 13.3971422 3.0557903
OS 13.3962255 3.0511819
OS 13.3971422 3.0465735
OS 13.3997526 3.0426666
OS 13.4036595 3.0400562
OS 13.4082679 3.0391395
OS 13.4128763 3.0400562
OS 13.4167832 3.0426666
OS 13.4193936 3.0465735
OS 13.4203103 3.0511819
OS 13.4193936 3.0557903
OS 13.4167832 3.0596972
OS 13.4128763 3.0623076
OS 13.4082679 3.0632243
OE
OB 13.4082679 3.0277903 H
OS 13.4036595 3.0268736
OS 13.3997526 3.0242632
OS 13.3971422 3.0203563
OS 13.3962255 3.0157479
OS 13.3971422 3.0111395
OS 13.3997526 3.0072326
OS 13.4036595 3.0046222
OS 13.4082679 3.0037055
OS 13.4128763 3.0046222
OS 13.4167832 3.0072326
OS 13.4193936 3.0111395
OS 13.4203103 3.0157479
OS 13.4193936 3.0203563
OS 13.4167832 3.0242632
OS 13.4128763 3.0268736
OS 13.4082679 3.0277903
OE
OB 13.4082679 2.8132243 H
OS 13.4036595 2.8123076
OS 13.3997526 2.8096972
OS 13.3971422 2.8057903
OS 13.3962255 2.8011819
OS 13.3971422 2.7965735
OS 13.3997526 2.7926666
OS 13.4036595 2.7900562
OS 13.4082679 2.7891395
OS 13.4128763 2.7900562
OS 13.4167832 2.7926666
OS 13.4193936 2.7965735
OS 13.4203103 2.8011819
OS 13.4193936 2.8057903
OS 13.4167832 2.8096972
OS 13.4128763 2.8123076
OS 13.4082679 2.8132243
OE
OB 13.4141739 2.7777903 H
OS 13.4095655 2.7768736
OS 13.4056586 2.7742632
OS 13.4030482 2.7703563
OS 13.4021315 2.7657479
OS 13.4030482 2.7611395
OS 13.4056586 2.7572326
OS 13.4095655 2.7546222
OS 13.4141739 2.7537055
OS 13.4187823 2.7546222
OS 13.4226892 2.7572326
OS 13.4252996 2.7611395
OS 13.4262163 2.7657479
OS 13.4252996 2.7703563
OS 13.4226892 2.7742632
OS 13.4187823 2.7768736
OS 13.4141739 2.7777903
OE
OB 13.3267717 2.8507022 H
OS 13.3206271 2.84948
OS 13.315418 2.8459994
OS 13.3119374 2.8407903
OS 13.3107152 2.8346457
OS 13.3119374 2.8285011
OS 13.315418 2.823292
OS 13.3206271 2.8198114
OS 13.3267717 2.8185892
OS 13.3329163 2.8198114
OS 13.3381254 2.823292
OS 13.341606 2.8285011
OS 13.3428282 2.8346457
OS 13.341606 2.8407903
OS 13.3381254 2.8459994
OS 13.3329163 2.84948
OS 13.3267717 2.8507022
OE
OB 13.0949999 2.8850423 H
OS 13.0903915 2.8841256
OS 13.0864846 2.8815152
OS 13.0838742 2.8776083
OS 13.0829575 2.8729999
OS 13.0838742 2.8683915
OS 13.0864846 2.8644846
OS 13.0903915 2.8618742
OS 13.0949999 2.8609575
OS 13.0996083 2.8618742
OS 13.1035152 2.8644846
OS 13.1061256 2.8683915
OS 13.1070423 2.8729999
OS 13.1061256 2.8776083
OS 13.1035152 2.8815152
OS 13.0996083 2.8841256
OS 13.0949999 2.8850423
OE
OB 13.4094488 2.8507022 H
OS 13.4033042 2.84948
OS 13.3980951 2.8459994
OS 13.3946145 2.8407903
OS 13.3933923 2.8346457
OS 13.3946145 2.8285011
OS 13.3980951 2.823292
OS 13.4033042 2.8198114
OS 13.4094488 2.8185892
OS 13.4155934 2.8198114
OS 13.4208025 2.823292
OS 13.4242831 2.8285011
OS 13.4255053 2.8346457
OS 13.4242831 2.8407903
OS 13.4208025 2.8459994
OS 13.4155934 2.84948
OS 13.4094488 2.8507022
OE
OB 13.4219999 2.2830564 H
OS 13.4158553 2.2818342
OS 13.4106462 2.2783536
OS 13.4071656 2.2731445
OS 13.4059434 2.2669999
OS 13.4071656 2.2608553
OS 13.4106462 2.2556462
OS 13.4158553 2.2521656
OS 13.4219999 2.2509434
OS 13.4281445 2.2521656
OS 13.4333536 2.2556462
OS 13.4368342 2.2608553
OS 13.4380564 2.2669999
OS 13.4368342 2.2731445
OS 13.4333536 2.2783536
OS 13.4281445 2.2818342
OS 13.4219999 2.2830564
OE
OB 13.0145659 2.0592863 H
OS 13.0099575 2.0583696
OS 13.0060506 2.0557592
OS 13.0034402 2.0518523
OS 13.0025235 2.0472439
OS 13.0034402 2.0426355
OS 13.0060506 2.0387286
OS 13.0099575 2.0361182
OS 13.0145659 2.0352015
OS 13.0191743 2.0361182
OS 13.0230812 2.0387286
OS 13.0256916 2.0426355
OS 13.0266083 2.0472439
OS 13.0256916 2.0518523
OS 13.0230812 2.0557592
OS 13.0191743 2.0583696
OS 13.0145659 2.0592863
OE
OB 12.8866139 1.9175543 H
OS 12.8820055 1.9166376
OS 12.8780986 1.9140272
OS 12.8754882 1.9101203
OS 12.8751882 1.9086119
OS 12.8709789 1.9082256
OS 12.8700407 1.9083632
OS 12.8675712 1.9120592
OS 12.8636643 1.9146696
OS 12.8590559 1.9155863
OS 12.8544475 1.9146696
OS 12.8505406 1.9120592
OS 12.8479302 1.9081523
OS 12.8470135 1.9035439
OS 12.8479302 1.8989355
OS 12.8505406 1.8950286
OS 12.8544475 1.8924182
OS 12.8590559 1.8915015
OS 12.8636643 1.8924182
OS 12.8675712 1.8950286
OS 12.8701816 1.8989355
OS 12.8704816 1.9004439
OS 12.8746909 1.9008302
OS 12.8756291 1.9006926
OS 12.8780986 1.8969966
OS 12.8820055 1.8943862
OS 12.8866139 1.8934695
OS 12.8912223 1.8943862
OS 12.8951292 1.8969966
OS 12.8977396 1.9009035
OS 12.8986563 1.9055119
OS 12.8977396 1.9101203
OS 12.8951292 1.9140272
OS 12.8912223 1.9166376
OS 12.8866139 1.9175543
OE
OB 12.668 2.0600424 H
OS 12.6633916 2.0591257
OS 12.6594847 2.0565153
OS 12.6568743 2.0526084
OS 12.6559576 2.048
OS 12.6568743 2.0433916
OS 12.6594847 2.0394847
OS 12.6633916 2.0368743
OS 12.668 2.0359576
OS 12.6726084 2.0368743
OS 12.6765153 2.0394847
OS 12.6791257 2.0433916
OS 12.6800424 2.048
OS 12.6791257 2.0526084
OS 12.6765153 2.0565153
OS 12.6726084 2.0591257
OS 12.668 2.0600424
OE
OB 12.808 2.0650424 H
OS 12.8033916 2.0641257
OS 12.7994847 2.0615153
OS 12.7968743 2.0576084
OS 12.7959576 2.053
OS 12.7968743 2.0483916
OS 12.7994847 2.0444847
OS 12.8033916 2.0418743
OS 12.808 2.0409576
OS 12.8126084 2.0418743
OS 12.8165153 2.0444847
OS 12.8191257 2.0483916
OS 12.8200424 2.053
OS 12.8191257 2.0576084
OS 12.8165153 2.0615153
OS 12.8126084 2.0641257
OS 12.808 2.0650424
OE
OB 13.2665359 2.0632243 H
OS 13.2619275 2.0623076
OS 13.2580206 2.0596972
OS 13.2554102 2.0557903
OS 13.2544935 2.0511819
OS 13.2554102 2.0465735
OS 13.2580206 2.0426666
OS 13.2619275 2.0400562
OS 13.2665359 2.0391395
OS 13.2711443 2.0400562
OS 13.2750512 2.0426666
OS 13.2776616 2.0465735
OS 13.2785783 2.0511819
OS 13.2776616 2.0557903
OS 13.2750512 2.0596972
OS 13.2711443 2.0623076
OS 13.2665359 2.0632243
OE
OB 13.3966539 1.6641264 H
OS 13.3905093 1.6629042
OS 13.3853002 1.6594236
OS 13.3818196 1.6542145
OS 13.3805974 1.6480699
OS 13.3818196 1.6419253
OS 13.3853002 1.6367162
OS 13.3905093 1.6332356
OS 13.3966539 1.6320134
OS 13.4027985 1.6332356
OS 13.4080076 1.6367162
OS 13.4114882 1.6419253
OS 13.4127104 1.6480699
OS 13.4114882 1.6542145
OS 13.4080076 1.6594236
OS 13.4027985 1.6629042
OS 13.3966539 1.6641264
OE
OB 12.728 1.6500565 H
OS 12.7218554 1.6488343
OS 12.7166463 1.6453537
OS 12.7131657 1.6401446
OS 12.7119435 1.634
OS 12.7131657 1.6278554
OS 12.7166463 1.6226463
OS 12.7218554 1.6191657
OS 12.728 1.6179435
OS 12.7341446 1.6191657
OS 12.7393537 1.6226463
OS 12.7428343 1.6278554
OS 12.7440565 1.634
OS 12.7428343 1.6401446
OS 12.7393537 1.6453537
OS 12.7341446 1.6488343
OS 12.728 1.6500565
OE
OB 12.5984252 1.779836 H
OS 12.5922806 1.7786138
OS 12.5870715 1.7751332
OS 12.5835909 1.7699241
OS 12.5823687 1.7637795
OS 12.5835909 1.7576349
OS 12.5870715 1.7524258
OS 12.5922806 1.7489452
OS 12.5984252 1.747723
OS 12.6045698 1.7489452
OS 12.6097789 1.7524258
OS 12.6132595 1.7576349
OS 12.6144817 1.7637795
OS 12.6132595 1.7699241
OS 12.6097789 1.7751332
OS 12.6045698 1.7786138
OS 12.5984252 1.779836
OE
OB 13.0992119 1.8545623 H
OS 13.0946035 1.8536456
OS 13.0906966 1.8510352
OS 13.0880862 1.8471283
OS 13.0871695 1.8425199
OS 13.0880862 1.8379115
OS 13.0906966 1.8340046
OS 13.0946035 1.8313942
OS 13.0992119 1.8304775
OS 13.1038203 1.8313942
OS 13.1077272 1.8340046
OS 13.1103376 1.8379115
OS 13.1112543 1.8425199
OS 13.1103376 1.8471283
OS 13.1077272 1.8510352
OS 13.1038203 1.8536456
OS 13.0992119 1.8545623
OE
OB 12.8866139 1.8545623 H
OS 12.8820055 1.8536456
OS 12.8780986 1.8510352
OS 12.8754882 1.8471283
OS 12.8745715 1.8425199
OS 12.8754882 1.8379115
OS 12.8780986 1.8340046
OS 12.8820055 1.8313942
OS 12.8866139 1.8304775
OS 12.8912223 1.8313942
OS 12.8951292 1.8340046
OS 12.8977396 1.8379115
OS 12.8986563 1.8425199
OS 12.8977396 1.8471283
OS 12.8951292 1.8510352
OS 12.8912223 1.8536456
OS 12.8866139 1.8545623
OE
OB 12.9809999 2.1490423 H
OS 12.9763915 2.1481256
OS 12.9724846 2.1455152
OS 12.9698742 2.1416083
OS 12.9689575 2.1369999
OS 12.9698742 2.1323915
OS 12.9724846 2.1284846
OS 12.9763915 2.1258742
OS 12.9809999 2.1249575
OS 12.9856083 2.1258742
OS 12.9895152 2.1284846
OS 12.9921256 2.1323915
OS 12.9930423 2.1369999
OS 12.9921256 2.1416083
OS 12.9895152 2.1455152
OS 12.9856083 2.1481256
OS 12.9809999 2.1490423
OE
OB 12.6011819 2.1380263 H
OS 12.5965735 2.1371096
OS 12.5926666 2.1344992
OS 12.5900562 2.1305923
OS 12.5891395 2.1259839
OS 12.5900562 2.1213755
OS 12.5926666 2.1174686
OS 12.5965735 2.1148582
OS 12.6011819 2.1139415
OS 12.6057903 2.1148582
OS 12.6096972 2.1174686
OS 12.6123076 2.1213755
OS 12.6132243 2.1259839
OS 12.6123076 2.1305923
OS 12.6096972 2.1344992
OS 12.6057903 2.1371096
OS 12.6011819 2.1380263
OE
OB 12.5913379 2.1911763 H
OS 12.5867295 2.1902596
OS 12.5828226 2.1876492
OS 12.5802122 2.1837423
OS 12.5792955 2.1791339
OS 12.5802122 2.1745255
OS 12.5828226 2.1706186
OS 12.5867295 2.1680082
OS 12.5894141 2.1674742
OS 12.5895371 2.1673438
OS 12.5915288 2.1626086
OS 12.5915402 2.1623413
OS 12.5900562 2.1601203
OS 12.5891395 2.1555119
OS 12.5900562 2.1509035
OS 12.5926666 2.1469966
OS 12.5965735 2.1443862
OS 12.6011819 2.1434695
OS 12.6057903 2.1443862
OS 12.6096972 2.1469966
OS 12.6123076 2.1509035
OS 12.6132243 2.1555119
OS 12.6123076 2.1601203
OS 12.6096972 2.1640272
OS 12.6057903 2.1666376
OS 12.6031057 2.1671716
OS 12.6029827 2.167302
OS 12.600991 2.1720372
OS 12.6009796 2.1723045
OS 12.6024636 2.1745255
OS 12.6033803 2.1791339
OS 12.6024636 2.1837423
OS 12.5998532 2.1876492
OS 12.5959463 2.1902596
OS 12.5913379 2.1911763
OE
OB 13.1509999 2.1830564 H
OS 13.1448553 2.1818342
OS 13.1396462 2.1783536
OS 13.1361656 2.1731445
OS 13.1349434 2.1669999
OS 13.1361656 2.1608553
OS 13.1396462 2.1556462
OS 13.1448553 2.1521656
OS 13.1509999 2.1509434
OS 13.1571445 2.1521656
OS 13.1623536 2.1556462
OS 13.1658342 2.1608553
OS 13.1670564 2.1669999
OS 13.1658342 2.1731445
OS 13.1623536 2.1783536
OS 13.1571445 2.1818342
OS 13.1509999 2.1830564
OE
OB 13.4102359 2.1931443 H
OS 13.4056275 2.1922276
OS 13.4017206 2.1896172
OS 13.3991102 2.1857103
OS 13.3981935 2.1811019
OS 13.3991102 2.1764935
OS 13.4017206 2.1725866
OS 13.4039684 2.1710848
OS 13.4040459 2.1708769
OS 13.4040459 2.1657369
OS 13.4039684 2.165529
OS 13.4017206 2.1640272
OS 13.3991102 2.1601203
OS 13.3981935 2.1555119
OS 13.3991102 2.1509035
OS 13.4017206 2.1469966
OS 13.4056275 2.1443862
OS 13.4102359 2.1434695
OS 13.4148443 2.1443862
OS 13.4187512 2.1469966
OS 13.4213616 2.1509035
OS 13.4222783 2.1555119
OS 13.4213616 2.1601203
OS 13.4187512 2.1640272
OS 13.4165034 2.165529
OS 13.4164259 2.1657369
OS 13.4164259 2.1708769
OS 13.4165034 2.1710848
OS 13.4187512 2.1725866
OS 13.4213616 2.1764935
OS 13.4222783 2.1811019
OS 13.4213616 2.1857103
OS 13.4187512 2.1896172
OS 13.4148443 2.1922276
OS 13.4102359 2.1931443
OE
OB 12.826 2.1080564 H
OS 12.8198554 2.1068342
OS 12.8146463 2.1033536
OS 12.8111657 2.0981445
OS 12.8099435 2.0919999
OS 12.8111657 2.0858553
OS 12.8146463 2.0806462
OS 12.8198554 2.0771656
OS 12.826 2.0759434
OS 12.8321446 2.0771656
OS 12.8373537 2.0806462
OS 12.8408343 2.0858553
OS 12.8420565 2.0919999
OS 12.8408343 2.0981445
OS 12.8373537 2.1033536
OS 12.8321446 2.1068342
OS 12.826 2.1080564
OE
OB 13.4102361 2.0986565 H
OS 13.4056277 2.0977398
OS 13.4017208 2.0951294
OS 13.3991104 2.0912225
OS 13.3981937 2.0866141
OS 13.3991104 2.0820057
OS 13.4017208 2.0780988
OS 13.4056277 2.0754884
OS 13.4102361 2.0745717
OS 13.4148445 2.0754884
OS 13.4187514 2.0780988
OS 13.4213618 2.0820057
OS 13.4222785 2.0866141
OS 13.4213618 2.0912225
OS 13.4187514 2.0951294
OS 13.4148445 2.0977398
OS 13.4102361 2.0986565
OE
OB 12.6011819 2.1006243 H
OS 12.5965735 2.0997076
OS 12.5926666 2.0970972
OS 12.5900562 2.0931903
OS 12.5891395 2.0885819
OS 12.5900562 2.0839735
OS 12.5926666 2.0800666
OS 12.5965735 2.0774562
OS 12.6011819 2.0765395
OS 12.6057903 2.0774562
OS 12.6096972 2.0800666
OS 12.6123076 2.0839735
OS 12.6132243 2.0885819
OS 12.6123076 2.0931903
OS 12.6096972 2.0970972
OS 12.6057903 2.0997076
OS 12.6011819 2.1006243
OE
OB 13.4102359 2.1340903 H
OS 13.4056275 2.1331736
OS 13.4017206 2.1305632
OS 13.3991102 2.1266563
OS 13.3981935 2.1220479
OS 13.3991102 2.1174395
OS 13.4017206 2.1135326
OS 13.4056275 2.1109222
OS 13.4102359 2.1100055
OS 13.4148443 2.1109222
OS 13.4187512 2.1135326
OS 13.4213616 2.1174395
OS 13.4222783 2.1220479
OS 13.4213616 2.1266563
OS 13.4187512 2.1305632
OS 13.4148443 2.1331736
OS 13.4102359 2.1340903
OE
OB 12.8767719 2.1025943 H
OS 12.8721635 2.1016776
OS 12.8682566 2.0990672
OS 12.8656462 2.0951603
OS 12.8647295 2.0905519
OS 12.8656462 2.0859435
OS 12.8682566 2.0820366
OS 12.8721635 2.0794262
OS 12.8767719 2.0785095
OS 12.8813803 2.0794262
OS 12.8852872 2.0820366
OS 12.8878976 2.0859435
OS 12.8888143 2.0905519
OS 12.8878976 2.0951603
OS 12.8852872 2.0990672
OS 12.8813803 2.1016776
OS 12.8767719 2.1025943
OE
SE
P 0.1023622 3.2322835 11 P 0 0 ;0=5,1=1
P 0.1889764 3.6614173 11 P 0 0 ;0=5,1=1
P 0.2165354 2.984252 11 P 0 0 ;0=5,1=1
P 0.2165355 2.9527559 11 P 0 0 ;0=5,1=1
P 0.251968 3.826764 11 P 0 0 ;0=5,1=1
P 0.2952756 3.3464567 11 P 0 0 ;0=5,1=1
P 0.3228346 2.6181102 11 P 0 0 ;0=5,1=1
P 0.377952 2.704719 11 P 0 0 ;0=5,1=1
P 0.3832677 2.8466535 11 P 0 0 ;0=5,1=1
P 0.3832677 2.8938976 11 P 0 0 ;0=5,1=1
P 0.3832677 2.9411417 11 P 0 0 ;0=5,1=1
P 0.4015748 2.5866142 11 P 0 0 ;0=5,1=1
P 0.4305118 2.8466535 11 P 0 0 ;0=5,1=1
P 0.4305118 2.8938976 11 P 0 0 ;0=5,1=1
P 0.4305118 2.9411417 11 P 0 0 ;0=5,1=1
P 0.4448819 3.7834646 12 P 0 0 ;0=6,1=1
P 0.4777559 2.8466535 11 P 0 0 ;0=5,1=1
P 0.4777559 2.8938976 11 P 0 0 ;0=5,1=1
P 0.4777559 2.9411417 11 P 0 0 ;0=5,1=1
P 0.507874 2.6574803 11 P 0 0 ;0=5,1=1
P 0.523622 2.7047244 11 P 0 0 ;0=5,1=1
P 0.5472441 3.7952756 12 P 0 0 ;0=6,1=1
P 0.5551181 3.6998031 11 P 0 0 ;0=5,1=1
P 0.625983 2.976372 11 P 0 0 ;0=5,1=1
P 0.6378705 3.3818705 11 P 0 0 ;0=5,1=1
P 0.6535433 2.8897638 11 P 0 0 ;0=5,1=1
P 0.6535433 3.4173228 11 P 0 0 ;0=5,1=1
P 0.6535433 3.8110236 12 P 0 0 ;0=6,1=1
P 0.6771654 2.6692913 11 P 0 0 ;0=5,1=1
P 0.6850394 3.011811 11 P 0 0 ;0=5,1=1
P 0.7401575 2.8897638 11 P 0 0 ;0=5,1=1
P 0.7401575 3.4685039 12 P 0 0 ;0=6,1=1
P 0.7559055 3.7834646 12 P 0 0 ;0=6,1=1
P 0.7795276 2.1811024 11 P 0 0 ;0=5,1=1
P 0.7864173 3.3700787 12 P 0 0 ;0=6,1=1
P 0.7874016 1.8700787 11 P 0 0 ;0=5,1=1
P 0.8149606 3.3976378 12 P 0 0 ;0=6,1=1
P 0.846455 3.452749 12 P 0 0 ;0=6,1=1
P 0.8540778 3.4726938 12 P 0 0 ;0=6,1=1
P 0.8622047 3.2598425 12 P 0 0 ;0=6,1=1
P 0.8740157 3.3464567 12 P 0 0 ;0=6,1=1
P 0.94488 3.476371 12 P 0 0 ;0=6,1=1
P 0.94488 3.5314957 12 P 0 0 ;0=6,1=1
P 0.9488189 3.5679134 12 P 0 0 ;0=6,1=1
P 0.9488189 3.6102362 11 P 0 0 ;0=5,1=1
P 0.984252 2.3897638 11 P 0 0 ;0=5,1=1
P 0.984252 2.5984252 11 P 0 0 ;0=5,1=1
P 1.047242 1.944878 12 P 0 0 ;0=6,1=1
P 1.0669291 1.9409449 12 P 0 0 ;0=6,1=1
P 1.085395 1.9503177 12 P 0 0 ;0=6,1=1
P 1.0856299 1.9173228 12 P 0 0 ;0=6,1=1
P 1.1433706 4.2004094 12 P 0 0 ;0=6,1=1
P 1.1443706 4.3384094 12 P 0 0 ;0=6,1=1
P 1.1496063 3.2165354 11 P 0 0 ;0=5,1=1
P 1.1574803 3.3356299 11 P 0 0 ;0=5,1=1
P 1.1614173 2.6456693 12 P 0 0 ;0=6,1=1
P 1.1614173 2.6850394 12 P 0 0 ;0=6,1=1
P 1.164 2.608 12 P 0 0 ;0=6,1=1
P 1.164 2.903 12 P 0 0 ;0=6,1=1
P 1.165 2.745 12 P 0 0 ;0=6,1=1
P 1.22 2.391 12 P 0 0 ;0=6,1=1
P 1.221 2.053 12 P 0 0 ;0=6,1=1
P 1.221 2.451 12 P 0 0 ;0=6,1=1
P 1.222 2.333 12 P 0 0 ;0=6,1=1
P 1.222 3.199 12 P 0 0 ;0=6,1=1
P 1.222 3.277 12 P 0 0 ;0=6,1=1
P 1.2244094 2.6299213 12 P 0 0 ;0=6,1=1
P 1.2244094 2.6614173 12 P 0 0 ;0=6,1=1
P 1.2244094 2.8818898 12 P 0 0 ;0=6,1=1
P 1.2271775 3.041 12 P 0 0 ;0=6,1=1
P 1.2273622 3.3159449 11 P 0 0 ;0=5,1=1
P 1.230316 2.311024 12 P 0 0 ;0=6,1=1
P 1.2322835 2.5866142 12 P 0 0 ;0=6,1=1
P 1.234 1.786 12 P 0 0 ;0=6,1=1
P 1.2451576 3.2834646 12 P 0 0 ;0=6,1=1
P 1.251968 2.309056 12 P 0 0 ;0=6,1=1
P 1.265748 2.291338 12 P 0 0 ;0=6,1=1
P 1.2810163 4.2420866 11 P 0 0 ;0=5,1=1
P 1.2810163 4.2893307 11 P 0 0 ;0=5,1=1
P 1.2810163 4.3365748 11 P 0 0 ;0=5,1=1
P 1.2822834 2.3255901 12 P 0 0 ;0=6,1=1
P 1.2822834 2.3969541 12 P 0 0 ;0=6,1=1
P 1.287402 2.28937 12 P 0 0 ;0=6,1=1
P 1.301182 2.271654 12 P 0 0 ;0=6,1=1
P 1.307 2.056 12 P 0 0 ;0=6,1=1
P 1.3073706 4.0684094 12 P 0 0 ;0=6,1=1
P 1.324804 2.271654 12 P 0 0 ;0=6,1=1
P 1.3282604 4.2420866 11 P 0 0 ;0=5,1=1
P 1.3282604 4.2893307 11 P 0 0 ;0=5,1=1
P 1.3282604 4.3365748 11 P 0 0 ;0=5,1=1
P 1.341 1.795 12 P 0 0 ;0=6,1=1
P 1.3415354 3.3159449 11 P 0 0 ;0=5,1=1
P 1.3425197 3.217952 11 P 0 0 ;0=5,1=1
P 1.34252 2.255906 12 P 0 0 ;0=6,1=1
P 1.346454 2.468499 12 P 0 0 ;0=6,1=1
P 1.3464567 2.8031496 12 P 0 0 ;0=6,1=1
P 1.3464567 2.8228346 12 P 0 0 ;0=6,1=1
P 1.3464567 2.8425197 12 P 0 0 ;0=6,1=1
P 1.3464567 2.8622047 12 P 0 0 ;0=6,1=1
P 1.3464567 2.8818898 12 P 0 0 ;0=6,1=1
P 1.3573706 4.4704094 12 P 0 0 ;0=6,1=1
P 1.3755045 4.2420866 11 P 0 0 ;0=5,1=1
P 1.3755045 4.2893307 11 P 0 0 ;0=5,1=1
P 1.3755045 4.3365748 11 P 0 0 ;0=5,1=1
P 1.3799886 0.6781827 12 P 0 0 ;0=6,1=1
P 1.3976378 0.6299213 12 P 0 0 ;0=6,1=1
P 1.4015748 1.1309055 12 P 0 0 ;0=6,1=1
P 1.403 3.277 12 P 0 0 ;0=6,1=1
P 1.404 2.391 12 P 0 0 ;0=6,1=1
P 1.404 2.45 12 P 0 0 ;0=6,1=1
P 1.404 2.903 12 P 0 0 ;0=6,1=1
P 1.404 3.041 12 P 0 0 ;0=6,1=1
P 1.404 3.198 12 P 0 0 ;0=6,1=1
P 1.405 2.332 12 P 0 0 ;0=6,1=1
P 1.4094488 3.3366142 11 P 0 0 ;0=5,1=1
P 1.41 2.57 12 P 0 0 ;0=6,1=1
P 1.415 3.297 12 P 0 0 ;0=6,1=1
P 1.4163706 4.4704094 12 P 0 0 ;0=6,1=1
P 1.427166 2.25 12 P 0 0 ;0=6,1=1
P 1.4370079 4.5236221 12 P 0 0 ;0=6,1=1
P 1.44685 2.246064 12 P 0 0 ;0=6,1=1
P 1.4507874 0.3228346 12 P 0 0 ;0=6,1=1
P 1.4507874 0.8307087 12 P 0 0 ;0=6,1=1
P 1.4566929 4.5236221 12 P 0 0 ;0=6,1=1
P 1.4573706 4.1054094 12 P 0 0 ;0=6,1=1
P 1.468504 2.242126 12 P 0 0 ;0=6,1=1
P 1.474 2.726 12 P 0 0 ;0=6,1=1
P 1.480315 1.8740157 12 P 0 0 ;0=6,1=1
P 1.482284 2.057086 12 P 0 0 ;0=6,1=1
P 1.4872047 2.1889764 11 P 0 0 ;0=5,1=1
P 1.496064 2.03937 12 P 0 0 ;0=6,1=1
P 1.507871 0.66929 12 P 0 0 ;0=6,1=1
P 1.5082358 1.4685039 12 P 0 0 ;0=6,1=1
P 1.509842 2.023622 12 P 0 0 ;0=6,1=1
P 1.5190554 2.1889764 11 P 0 0 ;0=5,1=1
P 1.52756 2.009842 12 P 0 0 ;0=6,1=1
P 1.53 1.683 12 P 0 0 ;0=6,1=1
P 1.53 3.434 12 P 0 0 ;0=6,1=1
P 1.543304 1.114171 11 P 0 0 ;0=5,1=1
P 1.5472441 0.9448819 11 P 0 0 ;0=5,1=1
P 1.549212 2.005906 12 P 0 0 ;0=6,1=1
P 1.5590551 0.4409449 11 P 0 0 ;0=5,1=1
P 1.5635993 0.7795416 12 P 0 0 ;0=6,1=1
P 1.57 3.195 12 P 0 0 ;0=6,1=1
P 1.570866 2.001968 12 P 0 0 ;0=6,1=1
P 1.5807808 2.98 11 P 0 0 ;0=5,1=1
P 1.589 1.683 12 P 0 0 ;0=6,1=1
P 1.589 3.434 12 P 0 0 ;0=6,1=1
P 1.59252 1.998032 12 P 0 0 ;0=6,1=1
P 1.6122834 1.4990889 12 P 0 0 ;0=6,1=1
P 1.613 2.98 11 P 0 0 ;0=5,1=1
P 1.614174 1.994094 12 P 0 0 ;0=6,1=1
P 1.6270479 1.4823558 12 P 0 0 ;0=6,1=1
P 1.6300393 3.195 12 P 0 0 ;0=6,1=1
P 1.635826 1.990158 12 P 0 0 ;0=6,1=1
P 1.648 1.683 12 P 0 0 ;0=6,1=1
P 1.65748 1.98622 12 P 0 0 ;0=6,1=1
P 1.6574803 1.4370079 12 P 0 0 ;0=6,1=1
P 1.6638271 1.4055118 12 P 0 0 ;0=6,1=1
P 1.6692913 0.488189 12 P 0 0 ;0=6,1=1
P 1.6705274 1.0218535 12 P 0 0 ;0=6,1=1
P 1.677162 1.389761 12 P 0 0 ;0=6,1=1
P 1.679134 1.982284 12 P 0 0 ;0=6,1=1
P 1.6846505 1.0468552 12 P 0 0 ;0=6,1=1
P 1.690492 0.503937 12 P 0 0 ;0=6,1=1
P 1.6929134 1.2637795 12 P 0 0 ;0=6,1=1
P 1.6929134 4.3503937 12 P 0 0 ;0=6,1=1
P 1.700788 1.978346 12 P 0 0 ;0=6,1=1
P 1.7165354 0.519685 12 P 0 0 ;0=6,1=1
P 1.72244 1.97441 12 P 0 0 ;0=6,1=1
P 1.7244094 1.2637795 12 P 0 0 ;0=6,1=1
P 1.7253937 3.4468504 12 P 0 0 ;0=6,1=1
P 1.7401575 1.0393701 12 P 0 0 ;0=6,1=1
P 1.744094 1.970472 12 P 0 0 ;0=6,1=1
P 1.747 3.195 12 P 0 0 ;0=6,1=1
P 1.7480315 1.0590551 12 P 0 0 ;0=6,1=1
P 1.7508468 0.5247437 12 P 0 0 ;0=6,1=1
P 1.765748 1.966536 12 P 0 0 ;0=6,1=1
P 1.766 3.434 12 P 0 0 ;0=6,1=1
P 1.7757154 2.9799999 11 P 0 0 ;0=5,1=1
P 1.7834646 1.2913385 12 P 0 0 ;0=6,1=1
P 1.787398 1.966532 12 P 0 0 ;0=6,1=1
P 1.806 3.196 12 P 0 0 ;0=6,1=1
P 1.809056 1.958662 12 P 0 0 ;0=6,1=1
P 1.8117308 2.9799999 11 P 0 0 ;0=5,1=1
P 1.825 3.434 12 P 0 0 ;0=6,1=1
P 1.830708 1.956692 12 P 0 0 ;0=6,1=1
P 1.852362 1.952756 12 P 0 0 ;0=6,1=1
P 1.865 3.195 12 P 0 0 ;0=6,1=1
P 1.874016 1.948818 12 P 0 0 ;0=6,1=1
P 1.8937 1.942914 12 P 0 0 ;0=6,1=1
P 1.91535 1.94291 12 P 0 0 ;0=6,1=1
P 1.924 3.195 12 P 0 0 ;0=6,1=1
P 1.93307 1.927166 12 P 0 0 ;0=6,1=1
P 1.950788 1.864174 12 P 0 0 ;0=6,1=1
P 1.9530836 4.6720472 12 P 0 0 ;0=6,1=1
P 1.9645904 1.1850393 12 P 0 0 ;0=6,1=1
P 1.97244 1.8622047 12 P 0 0 ;0=6,1=1
P 1.976378 3.4409449 12 P 0 0 ;0=6,1=1
P 1.983 1.922 12 P 0 0 ;0=6,1=1
P 1.983 3.195 12 P 0 0 ;0=6,1=1
P 1.994094 1.8582677 12 P 0 0 ;0=6,1=1
P 10.3566919 2.322834 12 P 0 0 ;0=6,1=1
P 10.3566919 2.34252 12 P 0 0 ;0=6,1=1
P 10.3566919 2.362204 12 P 0 0 ;0=6,1=1
P 10.3566919 2.383858 12 P 0 0 ;0=6,1=1
P 10.3566919 2.57874 12 P 0 0 ;0=6,1=1
P 10.3566919 2.598426 12 P 0 0 ;0=6,1=1
P 10.3566919 2.65748 12 P 0 0 ;0=6,1=1
P 10.3566928 2.55905 12 P 0 0 ;0=6,1=1
P 10.3566928 2.6377953 12 P 0 0 ;0=6,1=1
P 10.3566928 2.6771654 12 P 0 0 ;0=6,1=1
P 10.3566928 2.6968504 12 P 0 0 ;0=6,1=1
P 10.3566929 2.5374016 12 P 0 0 ;0=6,1=1
P 10.3586619 2.42126 12 P 0 0 ;0=6,1=1
P 10.3586619 2.440944 12 P 0 0 ;0=6,1=1
P 10.3586619 2.46063 12 P 0 0 ;0=6,1=1
P 10.3586619 2.480316 12 P 0 0 ;0=6,1=1
P 10.4078739 2.271654 12 P 0 0 ;0=6,1=1
P 10.4078739 2.769686 12 P 0 0 ;0=6,1=1
P 10.4275599 2.271654 12 P 0 0 ;0=6,1=1
P 10.4275599 2.769686 12 P 0 0 ;0=6,1=1
P 10.4354339 2.2913386 12 P 0 0 ;0=6,1=1
P 10.4472439 2.769686 12 P 0 0 ;0=6,1=1
P 10.459055 2.2913386 12 P 0 0 ;0=6,1=1
P 10.4669299 2.769686 12 P 0 0 ;0=6,1=1
P 10.4826779 2.291339 12 P 0 0 ;0=6,1=1
P 10.4897638 3.2283466 11 P 0 0 ;0=5,1=1
P 10.4897638 3.2913387 11 P 0 0 ;0=5,1=1
P 10.5606299 3.2283466 11 P 0 0 ;0=5,1=1
P 10.5606299 3.2913387 11 P 0 0 ;0=5,1=1
P 10.5653539 2.27756 12 P 0 0 ;0=6,1=1
P 10.5653539 2.769684 12 P 0 0 ;0=6,1=1
P 10.5751959 2.72441 12 P 0 0 ;0=6,1=1
P 10.5751959 2.748032 12 P 0 0 ;0=6,1=1
P 10.5850399 2.769686 12 P 0 0 ;0=6,1=1
P 10.623622 3.2283466 11 P 0 0 ;0=5,1=1
P 10.623622 3.2913387 11 P 0 0 ;0=5,1=1
P 10.6944882 3.2283466 11 P 0 0 ;0=5,1=1
P 10.6944882 3.2913387 11 P 0 0 ;0=5,1=1
P 11.5566919 2.322834 12 P 0 0 ;0=6,1=1
P 11.5566919 2.34252 12 P 0 0 ;0=6,1=1
P 11.5566919 2.362204 12 P 0 0 ;0=6,1=1
P 11.5566919 2.383858 12 P 0 0 ;0=6,1=1
P 11.5566919 2.57874 12 P 0 0 ;0=6,1=1
P 11.5566919 2.598426 12 P 0 0 ;0=6,1=1
P 11.5566919 2.65748 12 P 0 0 ;0=6,1=1
P 11.5566928 2.55905 12 P 0 0 ;0=6,1=1
P 11.5566928 2.6377953 12 P 0 0 ;0=6,1=1
P 11.5566928 2.6771654 12 P 0 0 ;0=6,1=1
P 11.5566928 2.6968504 12 P 0 0 ;0=6,1=1
P 11.5566929 2.538189 12 P 0 0 ;0=6,1=1
P 11.5586619 2.42126 12 P 0 0 ;0=6,1=1
P 11.5586619 2.440944 12 P 0 0 ;0=6,1=1
P 11.5586619 2.46063 12 P 0 0 ;0=6,1=1
P 11.5586619 2.480316 12 P 0 0 ;0=6,1=1
P 11.6078739 2.271654 12 P 0 0 ;0=6,1=1
P 11.6078739 2.769686 12 P 0 0 ;0=6,1=1
P 11.6275599 2.271654 12 P 0 0 ;0=6,1=1
P 11.6275599 2.769686 12 P 0 0 ;0=6,1=1
P 11.6354339 2.2913386 12 P 0 0 ;0=6,1=1
P 11.6472439 2.769686 12 P 0 0 ;0=6,1=1
P 11.659055 2.2913386 12 P 0 0 ;0=6,1=1
P 11.6669299 2.769686 12 P 0 0 ;0=6,1=1
P 11.6826779 2.291339 12 P 0 0 ;0=6,1=1
P 11.6897638 3.2283466 11 P 0 0 ;0=5,1=1
P 11.6897638 3.2913387 11 P 0 0 ;0=5,1=1
P 11.7606299 3.2283466 11 P 0 0 ;0=5,1=1
P 11.7606299 3.2913387 11 P 0 0 ;0=5,1=1
P 11.7653539 2.27756 12 P 0 0 ;0=6,1=1
P 11.7653539 2.769684 12 P 0 0 ;0=6,1=1
P 11.7751959 2.72441 12 P 0 0 ;0=6,1=1
P 11.7751959 2.748032 12 P 0 0 ;0=6,1=1
P 11.7850399 2.769686 12 P 0 0 ;0=6,1=1
P 11.823622 3.2283466 11 P 0 0 ;0=5,1=1
P 11.823622 3.2913387 11 P 0 0 ;0=5,1=1
P 11.8944882 3.2283466 11 P 0 0 ;0=5,1=1
P 11.8944882 3.2913387 11 P 0 0 ;0=5,1=1
P 12.0313926 4.3110236 11 P 0 0 ;0=5,1=1
P 12.0314961 4.3700787 11 P 0 0 ;0=5,1=1
P 12.67714 3.125978 12 P 0 0 ;0=6,1=1
P 12.6929134 3.1102362 12 P 0 0 ;0=6,1=1
P 12.7077479 2.233197 12 P 0 0 ;0=6,1=1
P 12.7086614 3.1259843 12 P 0 0 ;0=6,1=1
P 12.724384 3.11023 12 P 0 0 ;0=6,1=1
P 12.7313926 4.3110236 11 P 0 0 ;0=5,1=1
P 12.7313926 4.3740157 11 P 0 0 ;0=5,1=1
P 12.740132 3.125978 12 P 0 0 ;0=6,1=1
P 12.75588 3.11023 12 P 0 0 ;0=6,1=1
P 12.7566919 2.3228339 12 P 0 0 ;0=6,1=1
P 12.7566919 2.3425199 12 P 0 0 ;0=6,1=1
P 12.7566919 2.3622039 12 P 0 0 ;0=6,1=1
P 12.7566919 2.3838579 12 P 0 0 ;0=6,1=1
P 12.7566919 2.5787399 12 P 0 0 ;0=6,1=1
P 12.7566919 2.5984259 12 P 0 0 ;0=6,1=1
P 12.7566919 2.6574799 12 P 0 0 ;0=6,1=1
P 12.7566928 2.5590499 12 P 0 0 ;0=6,1=1
P 12.7566928 2.6377952 12 P 0 0 ;0=6,1=1
P 12.7566928 2.6771653 12 P 0 0 ;0=6,1=1
P 12.7566928 2.6968503 12 P 0 0 ;0=6,1=1
P 12.7566929 2.538189 12 P 0 0 ;0=6,1=1
P 12.7586619 2.4212599 12 P 0 0 ;0=6,1=1
P 12.7586619 2.4409439 12 P 0 0 ;0=6,1=1
P 12.7586619 2.4606299 12 P 0 0 ;0=6,1=1
P 12.7586619 2.4803159 12 P 0 0 ;0=6,1=1
P 12.7716535 3.1259843 12 P 0 0 ;0=6,1=1
P 12.787376 3.11023 12 P 0 0 ;0=6,1=1
P 12.803124 3.125978 12 P 0 0 ;0=6,1=1
P 12.8078739 2.2716539 12 P 0 0 ;0=6,1=1
P 12.8078739 2.7696859 12 P 0 0 ;0=6,1=1
P 12.818872 3.11023 12 P 0 0 ;0=6,1=1
P 12.8275599 2.2716539 12 P 0 0 ;0=6,1=1
P 12.8275599 2.7696859 12 P 0 0 ;0=6,1=1
P 12.8329999 1.8929999 11 P 0 0 ;0=5,1=1
P 12.83462 3.125978 12 P 0 0 ;0=6,1=1
P 12.8354339 2.2913385 12 P 0 0 ;0=6,1=1
P 12.8472439 2.7696859 12 P 0 0 ;0=6,1=1
P 12.8503937 3.1102362 12 P 0 0 ;0=6,1=1
P 12.859055 2.2913385 12 P 0 0 ;0=6,1=1
P 12.8669299 2.7696859 12 P 0 0 ;0=6,1=1
P 12.8826779 2.2913389 12 P 0 0 ;0=6,1=1
P 12.8849999 1.7169999 11 P 0 0 ;0=5,1=1
P 12.8879999 1.9669999 11 P 0 0 ;0=5,1=1
P 12.889 2.328 12 P 0 0 ;0=6,1=1
P 12.8897628 3.1338583 11 P 0 0 ;0=5,1=1
P 12.8897628 3.2598421 11 P 0 0 ;0=5,1=1
P 12.8897638 3.2283465 11 P 0 0 ;0=5,1=1
P 12.8897638 3.2913386 11 P 0 0 ;0=5,1=1
P 12.89 3.07 12 P 0 0 ;0=6,1=1
P 12.958 3.007 12 P 0 0 ;0=6,1=1
P 12.9606289 3.1338583 11 P 0 0 ;0=5,1=1
P 12.9606289 3.2598421 11 P 0 0 ;0=5,1=1
P 12.9606299 3.2283465 11 P 0 0 ;0=5,1=1
P 12.9606299 3.2913386 11 P 0 0 ;0=5,1=1
P 12.9653539 2.2775599 12 P 0 0 ;0=6,1=1
P 12.9653539 2.7696839 12 P 0 0 ;0=6,1=1
P 12.97 2.98 12 P 0 0 ;0=6,1=1
P 12.9751959 2.7244099 12 P 0 0 ;0=6,1=1
P 12.9751959 2.7480319 12 P 0 0 ;0=6,1=1
P 12.9850399 2.7696859 12 P 0 0 ;0=6,1=1
P 12.987 2.1029999 11 P 0 0 ;0=5,1=1
P 13.014 2.0909999 11 P 0 0 ;0=5,1=1
P 13.023622 3.2283465 11 P 0 0 ;0=5,1=1
P 13.023622 3.2913386 11 P 0 0 ;0=5,1=1
P 13.0236238 3.2598427 11 P 0 0 ;0=5,1=1
P 13.0236246 3.1338583 11 P 0 0 ;0=5,1=1
P 13.084 2.399 12 P 0 0 ;0=6,1=1
P 13.092 3.007 12 P 0 0 ;0=6,1=1
P 13.093 3.071 12 P 0 0 ;0=6,1=1
P 13.0939999 1.9759999 11 P 0 0 ;0=5,1=1
P 13.0944882 3.2283465 11 P 0 0 ;0=5,1=1
P 13.0944882 3.2913386 11 P 0 0 ;0=5,1=1
P 13.0944899 3.2598427 11 P 0 0 ;0=5,1=1
P 13.0944907 3.1338583 11 P 0 0 ;0=5,1=1
P 13.095 2.96 12 P 0 0 ;0=6,1=1
P 13.096 2.33 12 P 0 0 ;0=6,1=1
P 13.0989999 1.7169999 11 P 0 0 ;0=5,1=1
P 13.107 2.906 12 P 0 0 ;0=6,1=1
P 13.1199999 2.2739999 12 P 0 0 ;0=6,1=1
P 13.1209999 1.8619999 11 P 0 0 ;0=5,1=1
P 13.14 2.693 12 P 0 0 ;0=6,1=1
P 13.14 2.757 12 P 0 0 ;0=6,1=1
P 13.142 2.617 12 P 0 0 ;0=6,1=1
P 13.1489918 2.0926359 11 P 0 0 ;0=5,1=1
P 13.1989999 2.9099999 12 P 0 0 ;0=6,1=1
P 13.2419999 2.4209999 12 P 0 0 ;0=6,1=1
P 13.2459999 2.6199999 12 P 0 0 ;0=6,1=1
P 13.2639999 2.2219999 11 P 0 0 ;0=5,1=1
P 13.314 1.545 11 P 0 0 ;0=5,1=1
P 13.3339999 2.7819999 12 P 0 0 ;0=6,1=1
P 13.388 1.777 11 P 0 0 ;0=5,1=1
P 13.4219999 2.2119999 11 P 0 0 ;0=5,1=1
P 13.4599999 2.5099999 12 P 0 0 ;0=6,1=1
P 13.6535433 3.0431116 11 P 0 0 ;0=5,1=1
P 13.6535433 3.0824408 11 P 0 0 ;0=5,1=1
P 13.6535433 3.1181208 11 P 0 0 ;0=5,1=1
P 13.6535433 3.1574803 11 P 0 0 ;0=5,1=1
P 2.003 3.434 12 P 0 0 ;0=6,1=1
P 2.015748 1.8543307 12 P 0 0 ;0=6,1=1
P 2.023622 1.1023622 12 P 0 0 ;0=6,1=1
P 2.0244476 4.6720472 12 P 0 0 ;0=6,1=1
P 2.0371245 3.1102362 12 P 0 0 ;0=6,1=1
P 2.037402 1.8503937 12 P 0 0 ;0=6,1=1
P 2.0393701 1.0275591 12 P 0 0 ;0=6,1=1
P 2.042 1.922 12 P 0 0 ;0=6,1=1
P 2.0557068 3.449 12 P 0 0 ;0=6,1=1
P 2.059056 1.8464565 12 P 0 0 ;0=6,1=1
P 2.080708 1.8425205 12 P 0 0 ;0=6,1=1
P 2.101 1.922 12 P 0 0 ;0=6,1=1
P 2.102362 1.8385825 12 P 0 0 ;0=6,1=1
P 2.1084885 3.1102362 12 P 0 0 ;0=6,1=1
P 2.1114289 0.9638399 12 P 0 0 ;0=6,1=1
P 2.1173979 1.0108424 12 P 0 0 ;0=6,1=1
P 2.124016 1.8346465 12 P 0 0 ;0=6,1=1
P 2.1270708 3.449 12 P 0 0 ;0=6,1=1
P 2.14567 1.8307085 12 P 0 0 ;0=6,1=1
P 2.16 1.923 12 P 0 0 ;0=6,1=1
P 2.16 3.195 12 P 0 0 ;0=6,1=1
P 2.161413 1.232281 12 P 0 0 ;0=6,1=1
P 2.1653543 1.2598425 12 P 0 0 ;0=6,1=1
P 2.1653543 4.3464567 12 P 0 0 ;0=6,1=1
P 2.167322 1.8267725 12 P 0 0 ;0=6,1=1
P 2.18 3.434 12 P 0 0 ;0=6,1=1
P 2.185035 1.244092 12 P 0 0 ;0=6,1=1
P 2.188976 1.8228345 12 P 0 0 ;0=6,1=1
P 2.1960044 1.2726688 12 P 0 0 ;0=6,1=1
P 2.208662 1.8152248 12 P 0 0 ;0=6,1=1
P 2.219 1.922 12 P 0 0 ;0=6,1=1
P 2.22 3.195 12 P 0 0 ;0=6,1=1
P 2.2244094 1.7992126 12 P 0 0 ;0=6,1=1
P 2.2322835 1.7755906 12 P 0 0 ;0=6,1=1
P 2.2362998 0.8814094 12 P 0 0 ;0=6,1=1
P 2.2362998 0.9354094 12 P 0 0 ;0=6,1=1
P 2.2372998 0.8294094 12 P 0 0 ;0=6,1=1
P 2.2372998 0.9874094 12 P 0 0 ;0=6,1=1
P 2.2372998 1.0394094 12 P 0 0 ;0=6,1=1
P 2.2372998 1.0904094 12 P 0 0 ;0=6,1=1
P 2.238 3.378 12 P 0 0 ;0=6,1=1
P 2.23819 1.864174 12 P 0 0 ;0=6,1=1
P 2.259842 1.805118 12 P 0 0 ;0=6,1=1
P 2.259842 1.864174 12 P 0 0 ;0=6,1=1
P 2.279 2.3218504 12 P 0 0 ;0=6,1=1
P 2.279 2.406 12 P 0 0 ;0=6,1=1
P 2.2834646 1.8228346 12 P 0 0 ;0=6,1=1
P 2.297244 1.862204 12 P 0 0 ;0=6,1=1
P 2.299 2.3218504 12 P 0 0 ;0=6,1=1
P 2.299 2.406 12 P 0 0 ;0=6,1=1
P 2.31693 1.820866 12 P 0 0 ;0=6,1=1
P 2.319 2.3218504 12 P 0 0 ;0=6,1=1
P 2.319 2.406 12 P 0 0 ;0=6,1=1
P 2.3200318 4.355118 12 P 0 0 ;0=6,1=1
P 2.325 1.862 12 P 0 0 ;0=6,1=1
P 2.337 1.926 12 P 0 0 ;0=6,1=1
P 2.338582 1.838582 12 P 0 0 ;0=6,1=1
P 2.339 2.3218504 12 P 0 0 ;0=6,1=1
P 2.339 2.406 12 P 0 0 ;0=6,1=1
P 2.352 1.864 12 P 0 0 ;0=6,1=1
P 2.3582677 3.3779528 12 P 0 0 ;0=6,1=1
P 2.366142 1.838582 12 P 0 0 ;0=6,1=1
P 2.379922 1.864174 12 P 0 0 ;0=6,1=1
P 2.413386 1.923228 12 P 0 0 ;0=6,1=1
P 2.417323 1.7854329 12 P 0 0 ;0=6,1=1
P 2.419292 1.846456 12 P 0 0 ;0=6,1=1
P 2.43504 1.923228 12 P 0 0 ;0=6,1=1
P 2.448818 1.846456 12 P 0 0 ;0=6,1=1
P 2.4606299 1.1850394 12 P 0 0 ;0=6,1=1
P 2.476378 1.846456 12 P 0 0 ;0=6,1=1
P 2.476378 1.923228 12 P 0 0 ;0=6,1=1
P 2.476378 1.9488189 12 P 0 0 ;0=6,1=1
P 2.4788591 2.1091409 11 P 0 0 ;0=5,1=1
P 2.485 3.45 12 P 0 0 ;0=6,1=1
P 2.492126 4.3661417 12 P 0 0 ;0=6,1=1
P 2.496064 1.923228 12 P 0 0 ;0=6,1=1
P 2.5111308 2.0768693 11 P 0 0 ;0=5,1=1
P 2.515 2.603 12 P 0 0 ;0=6,1=1
P 2.535 2.608 12 P 0 0 ;0=6,1=1
P 2.5866142 1.2637795 12 P 0 0 ;0=6,1=1
P 2.6102362 1.2559055 12 P 0 0 ;0=6,1=1
P 2.614 3.121 12 P 0 0 ;0=6,1=1
P 2.616 2.03 12 P 0 0 ;0=6,1=1
P 2.617 2.005087 12 P 0 0 ;0=6,1=1
P 2.617 3.252 12 P 0 0 ;0=6,1=1
P 2.6299213 1.2440945 12 P 0 0 ;0=6,1=1
P 2.6338583 1.9212598 12 P 0 0 ;0=6,1=1
P 2.6496063 1.2559055 12 P 0 0 ;0=6,1=1
P 2.6574803 0.8228347 12 P 0 0 ;0=6,1=1
P 2.6574803 0.8740158 12 P 0 0 ;0=6,1=1
P 2.6574803 0.9251969 12 P 0 0 ;0=6,1=1
P 2.6574803 0.976378 12 P 0 0 ;0=6,1=1
P 2.6574803 1.0275591 12 P 0 0 ;0=6,1=1
P 2.6574803 1.0787402 12 P 0 0 ;0=6,1=1
P 2.665 1.96 12 P 0 0 ;0=6,1=1
P 2.668 3.253 12 P 0 0 ;0=6,1=1
P 2.6732283 1.2968736 12 P 0 0 ;0=6,1=1
P 2.682908 1.269525 12 P 0 0 ;0=6,1=1
P 2.686 1.98 12 P 0 0 ;0=6,1=1
P 2.6870077 3.348 12 P 0 0 ;0=6,1=1
P 2.69 3.48 12 P 0 0 ;0=6,1=1
P 2.69073 4.6426343 12 P 0 0 ;0=6,1=1
P 2.69073 4.6662563 12 P 0 0 ;0=6,1=1
P 2.69073 4.6898784 12 P 0 0 ;0=6,1=1
P 2.708662 2 12 P 0 0 ;0=6,1=1
P 2.708662 2.019686 12 P 0 0 ;0=6,1=1
P 2.728346 2.019686 12 P 0 0 ;0=6,1=1
P 2.728346 2.03937 12 P 0 0 ;0=6,1=1
P 2.731571 1.8644096 12 P 0 0 ;0=6,1=1
P 2.735 3.253 12 P 0 0 ;0=6,1=1
P 2.748032 2.03937 12 P 0 0 ;0=6,1=1
P 2.748032 2.059056 12 P 0 0 ;0=6,1=1
P 2.765 4.19 11 P 0 0 ;0=5,1=1
P 2.765 4.22 11 P 0 0 ;0=5,1=1
P 2.769686 2.059056 12 P 0 0 ;0=6,1=1
P 2.769686 2.080708 12 P 0 0 ;0=6,1=1
P 2.771 3.379 12 P 0 0 ;0=6,1=1
P 2.7925 4.22 11 P 0 0 ;0=5,1=1
P 2.795 1.975 12 P 0 0 ;0=6,1=1
P 2.7992126 1.996063 12 P 0 0 ;0=6,1=1
P 2.8188976 2.015748 12 P 0 0 ;0=6,1=1
P 2.82 4.22 11 P 0 0 ;0=5,1=1
P 2.8207106 1.99425 12 P 0 0 ;0=6,1=1
P 2.8273835 4.5479886 11 P 0 0 ;0=5,1=1
P 2.8385827 2.015748 12 P 0 0 ;0=6,1=1
P 2.8385827 2.0354331 12 P 0 0 ;0=6,1=1
P 2.848 2.189 12 P 0 0 ;0=6,1=1
P 2.848 2.552 12 P 0 0 ;0=6,1=1
P 2.848 2.6 12 P 0 0 ;0=6,1=1
P 2.8480232 2.8448657 12 P 0 0 ;0=6,1=1
P 2.851378 3.6496063 12 P 0 0 ;0=6,1=1
P 2.853 3.188 12 P 0 0 ;0=6,1=1
P 2.8582677 2.0354331 12 P 0 0 ;0=6,1=1
P 2.8582677 2.0551181 12 P 0 0 ;0=6,1=1
P 2.8621681 4.5437824 11 P 0 0 ;0=5,1=1
P 2.8621681 4.7012628 11 P 0 0 ;0=5,1=1
P 2.865 2.27 12 P 0 0 ;0=6,1=1
P 2.868 2.22 12 P 0 0 ;0=6,1=1
P 2.8690945 3.3720472 11 P 0 0 ;0=5,1=1
P 2.8700787 2.8543307 12 P 0 0 ;0=6,1=1
P 2.874 3.675 12 P 0 0 ;0=6,1=1
P 2.8779528 2.0551181 12 P 0 0 ;0=6,1=1
P 2.8779528 2.0748031 12 P 0 0 ;0=6,1=1
P 2.8852439 2.27 12 P 0 0 ;0=6,1=1
P 2.8887796 3.3494094 11 P 0 0 ;0=5,1=1
P 2.8976378 2.0748031 12 P 0 0 ;0=6,1=1
P 2.8976378 2.0944887 12 P 0 0 ;0=6,1=1
P 2.9015382 4.6225226 11 P 0 0 ;0=5,1=1
P 2.9015382 4.780003 11 P 0 0 ;0=5,1=1
P 2.908 3.25 12 P 0 0 ;0=6,1=1
P 2.9084646 3.3730315 11 P 0 0 ;0=5,1=1
P 2.9173228 2.0944882 12 P 0 0 ;0=6,1=1
P 2.9173228 2.1141732 12 P 0 0 ;0=6,1=1
P 2.927 3.25 12 P 0 0 ;0=6,1=1
P 2.9281496 3.3494094 11 P 0 0 ;0=5,1=1
P 2.9320866 1.855315 12 P 0 0 ;0=6,1=1
P 2.9370079 2.1141732 12 P 0 0 ;0=6,1=1
P 2.9370079 2.1338583 12 P 0 0 ;0=6,1=1
P 2.9409083 4.5437824 11 P 0 0 ;0=5,1=1
P 2.9409083 4.7012628 11 P 0 0 ;0=5,1=1
P 2.947 3.25 12 P 0 0 ;0=6,1=1
P 2.9566928 2.1338587 12 P 0 0 ;0=6,1=1
P 2.967 3.25 12 P 0 0 ;0=6,1=1
P 2.983 2.133 12 P 0 0 ;0=6,1=1
P 2.987 3.25 12 P 0 0 ;0=6,1=1
P 2.989811 0.66102 11 P 0 0 ;0=5,1=1
P 3 2.34 11 P 0 0 ;0=5,1=1
P 3 2.38 11 P 0 0 ;0=5,1=1
P 3.005 2.111 12 P 0 0 ;0=6,1=1
P 3.007 3.25 12 P 0 0 ;0=6,1=1
P 3.0088583 2.7972441 11 P 0 0 ;0=5,1=1
P 3.0098425 2.894685 11 P 0 0 ;0=5,1=1
P 3.0127953 3.1870079 11 P 0 0 ;0=5,1=1
P 3.023622 3.7362205 12 P 0 0 ;0=6,1=1
P 3.0255906 3.4635826 11 P 0 0 ;0=5,1=1
P 3.0265748 3.1594488 11 P 0 0 ;0=5,1=1
P 3.0275591 3.1299213 11 P 0 0 ;0=5,1=1
P 3.0413386 3.1870079 11 P 0 0 ;0=5,1=1
P 3.043 0.661 11 P 0 0 ;0=5,1=1
P 3.0462598 3.4399606 11 P 0 0 ;0=5,1=1
P 3.0659449 3.4645669 11 P 0 0 ;0=5,1=1
P 3.082 2.547 12 P 0 0 ;0=6,1=1
P 3.0856299 3.4399607 11 P 0 0 ;0=5,1=1
P 3.102551 2.552 12 P 0 0 ;0=6,1=1
P 3.1998031 3.7372047 12 P 0 0 ;0=6,1=1
P 3.216499 4.6225226 11 P 0 0 ;0=5,1=1
P 3.216499 4.780003 11 P 0 0 ;0=5,1=1
P 3.2558691 4.5437824 11 P 0 0 ;0=5,1=1
P 3.2558691 4.7012628 11 P 0 0 ;0=5,1=1
P 3.2677166 2.7648028 12 P 0 0 ;0=6,1=1
P 3.2677166 2.7852752 12 P 0 0 ;0=6,1=1
P 3.2795276 3.9685039 11 P 0 0 ;0=5,1=1
P 3.2795276 3.996063 11 P 0 0 ;0=5,1=1
P 3.2849429 4.0322406 11 P 0 0 ;0=5,1=1
P 3.2849429 4.0597996 11 P 0 0 ;0=5,1=1
P 3.2849429 4.0873587 11 P 0 0 ;0=5,1=1
P 3.2849429 4.1149177 11 P 0 0 ;0=5,1=1
P 3.2952392 4.6225226 11 P 0 0 ;0=5,1=1
P 3.2952392 4.780003 11 P 0 0 ;0=5,1=1
P 3.303 2.6950945 12 P 0 0 ;0=6,1=1
P 3.303 2.7155669 12 P 0 0 ;0=6,1=1
P 3.329 3.199 12 P 0 0 ;0=6,1=1
P 3.3346093 4.5437824 11 P 0 0 ;0=5,1=1
P 3.3346093 4.7012628 11 P 0 0 ;0=5,1=1
P 3.336 3.257 12 P 0 0 ;0=6,1=1
P 3.343 3.179 12 P 0 0 ;0=6,1=1
P 3.3456694 2.2716536 12 P 0 0 ;0=6,1=1
P 3.355 3.237 12 P 0 0 ;0=6,1=1
P 3.3661418 2.2716536 12 P 0 0 ;0=6,1=1
P 3.3739794 4.6225226 11 P 0 0 ;0=5,1=1
P 3.3739794 4.780003 11 P 0 0 ;0=5,1=1
P 3.3818898 4.1338583 11 P 0 0 ;0=5,1=1
P 3.3976378 4.1062992 11 P 0 0 ;0=5,1=1
P 3.4055118 4.1535433 11 P 0 0 ;0=5,1=1
P 3.4133495 4.5437824 11 P 0 0 ;0=5,1=1
P 3.4133495 4.7012628 11 P 0 0 ;0=5,1=1
P 3.452391 2.586609 12 P 0 0 ;0=6,1=1
P 3.4527196 4.6225226 11 P 0 0 ;0=5,1=1
P 3.4527196 4.780003 11 P 0 0 ;0=5,1=1
P 3.452749 2.468499 12 P 0 0 ;0=6,1=1
P 3.4527559 2.1732283 12 P 0 0 ;0=6,1=1
P 3.4527559 2.1929134 12 P 0 0 ;0=6,1=1
P 3.4527559 2.488189 12 P 0 0 ;0=6,1=1
P 3.4527559 2.6062992 12 P 0 0 ;0=6,1=1
P 3.4527559 2.7047244 12 P 0 0 ;0=6,1=1
P 3.4527559 2.7244094 12 P 0 0 ;0=6,1=1
P 3.4527559 2.7637795 12 P 0 0 ;0=6,1=1
P 3.4527559 2.7834646 12 P 0 0 ;0=6,1=1
P 3.4527559 2.8228346 12 P 0 0 ;0=6,1=1
P 3.4527559 2.8818898 12 P 0 0 ;0=6,1=1
P 3.4527559 2.9015748 12 P 0 0 ;0=6,1=1
P 3.4527559 2.9409449 12 P 0 0 ;0=6,1=1
P 3.4527559 2.9606299 12 P 0 0 ;0=6,1=1
P 3.4527559 3 12 P 0 0 ;0=6,1=1
P 3.4527559 3.019685 12 P 0 0 ;0=6,1=1
P 3.4527559 3.1181102 12 P 0 0 ;0=6,1=1
P 3.4527559 3.1377953 12 P 0 0 ;0=6,1=1
P 3.461 2.351 12 P 0 0 ;0=6,1=1
P 3.461 2.371 12 P 0 0 ;0=6,1=1
P 3.4636838 2.839764 12 P 0 0 ;0=6,1=1
P 3.478 3.7686116 12 P 0 0 ;0=6,1=1
P 3.4832902 0.472379 11 P 0 0 ;0=5,1=1
P 3.4864409 0.9841888 11 P 0 0 ;0=5,1=1
P 3.4870926 1.2334876 11 P 0 0 ;0=5,1=1
P 3.488866 0.7211494 11 P 0 0 ;0=5,1=1
P 3.4920897 4.5437824 11 P 0 0 ;0=5,1=1
P 3.4920897 4.7012628 11 P 0 0 ;0=5,1=1
P 3.5167323 3.7372047 12 P 0 0 ;0=6,1=1
P 3.5314598 4.6225226 11 P 0 0 ;0=5,1=1
P 3.5314598 4.780003 11 P 0 0 ;0=5,1=1
P 3.6653547 2.1102364 12 P 0 0 ;0=6,1=1
P 3.6850397 2.1102364 12 P 0 0 ;0=6,1=1
P 3.7047244 2.1102364 12 P 0 0 ;0=6,1=1
P 3.7244094 2.1102364 12 P 0 0 ;0=6,1=1
P 3.7440945 2.1102362 12 P 0 0 ;0=6,1=1
P 3.7637795 2.1102362 12 P 0 0 ;0=6,1=1
P 3.7834646 2.1102362 12 P 0 0 ;0=6,1=1
P 3.794 2.218 12 P 0 0 ;0=6,1=1
P 3.795 2.238 12 P 0 0 ;0=6,1=1
P 3.8031496 2.1102362 12 P 0 0 ;0=6,1=1
P 3.8070505 4.5437824 11 P 0 0 ;0=5,1=1
P 3.8070505 4.7012628 11 P 0 0 ;0=5,1=1
P 3.8210508 3.7580586 12 P 0 0 ;0=6,1=1
P 3.8464206 4.6225226 11 P 0 0 ;0=5,1=1
P 3.8464206 4.780003 11 P 0 0 ;0=5,1=1
P 3.8857907 4.5437824 11 P 0 0 ;0=5,1=1
P 3.8857907 4.7012628 11 P 0 0 ;0=5,1=1
P 3.89 3.7327953 12 P 0 0 ;0=6,1=1
P 3.9251608 4.6225226 11 P 0 0 ;0=5,1=1
P 3.9251608 4.780003 11 P 0 0 ;0=5,1=1
P 3.9645309 4.5437824 11 P 0 0 ;0=5,1=1
P 3.9645309 4.7012628 11 P 0 0 ;0=5,1=1
P 3.98 4.13 11 P 0 0 ;0=5,1=1
P 4 4.105 11 P 0 0 ;0=5,1=1
P 4.003901 4.6225226 11 P 0 0 ;0=5,1=1
P 4.003901 4.780003 11 P 0 0 ;0=5,1=1
P 4.005 4.145 11 P 0 0 ;0=5,1=1
P 4.0432711 4.5437824 11 P 0 0 ;0=5,1=1
P 4.0432711 4.7012628 11 P 0 0 ;0=5,1=1
P 4.0826412 4.6225226 11 P 0 0 ;0=5,1=1
P 4.0826412 4.780003 11 P 0 0 ;0=5,1=1
P 4.1 3.7 12 P 0 0 ;0=6,1=1
P 4.1220113 4.5437824 11 P 0 0 ;0=5,1=1
P 4.1220113 4.7012628 11 P 0 0 ;0=5,1=1
P 4.15 3.65 12 P 0 0 ;0=6,1=1
P 4.15 3.7 12 P 0 0 ;0=6,1=1
P 4.15 3.75 12 P 0 0 ;0=6,1=1
P 4.1613814 4.6225226 11 P 0 0 ;0=5,1=1
P 4.1613814 4.780003 11 P 0 0 ;0=5,1=1
P 4.2 3.6 12 P 0 0 ;0=6,1=1
P 4.2 3.65 12 P 0 0 ;0=6,1=1
P 4.2 3.7 12 P 0 0 ;0=6,1=1
P 4.2 3.75 12 P 0 0 ;0=6,1=1
P 4.25 3.65 12 P 0 0 ;0=6,1=1
P 4.25 3.7 12 P 0 0 ;0=6,1=1
P 4.4369721 4.5437824 11 P 0 0 ;0=5,1=1
P 4.4369721 4.7012628 11 P 0 0 ;0=5,1=1
P 4.4763422 4.6225226 11 P 0 0 ;0=5,1=1
P 4.4763422 4.780003 11 P 0 0 ;0=5,1=1
P 4.4897639 3.0708666 11 P 0 0 ;0=5,1=1
P 4.5157123 4.5437824 11 P 0 0 ;0=5,1=1
P 4.5157123 4.7012628 11 P 0 0 ;0=5,1=1
P 4.522092 3.9370079 12 P 0 0 ;0=6,1=1
P 4.56063 3.0708666 11 P 0 0 ;0=5,1=1
P 4.56063 3.1338587 11 P 0 0 ;0=5,1=1
P 4.6236221 3.0708666 11 P 0 0 ;0=5,1=1
P 4.6236221 3.1338587 11 P 0 0 ;0=5,1=1
P 4.6944883 3.0708666 11 P 0 0 ;0=5,1=1
P 4.6944883 3.1338587 11 P 0 0 ;0=5,1=1
P 4.7304643 4.3793479 11 P 0 0 ;0=5,1=1
P 4.7304643 4.4462771 11 P 0 0 ;0=5,1=1
P 4.7501493 4.414781 11 P 0 0 ;0=5,1=1
P 4.7683152 4.4974016 11 P 0 0 ;0=5,1=1
P 4.7698343 4.3793479 11 P 0 0 ;0=5,1=1
P 4.7698343 4.4462771 11 P 0 0 ;0=5,1=1
P 4.7895194 4.414781 11 P 0 0 ;0=5,1=1
P 4.8092044 4.3793479 11 P 0 0 ;0=5,1=1
P 4.8092044 4.4462771 11 P 0 0 ;0=5,1=1
P 4.8328265 4.414781 11 P 0 0 ;0=5,1=1
P 4.8352444 4.4974016 11 P 0 0 ;0=5,1=1
P 4.8352444 4.5367717 11 P 0 0 ;0=5,1=1
P 4.8667404 4.4816535 11 P 0 0 ;0=5,1=1
P 4.9070478 4.708245 11 P 0 0 ;0=5,1=1
P 4.9297326 4.5131496 11 P 0 0 ;0=5,1=1
P 4.9297326 4.5525197 11 P 0 0 ;0=5,1=1
P 4.9651656 4.5367717 11 P 0 0 ;0=5,1=1
P 4.9997522 4.553302 11 P 0 0 ;0=5,1=1
P 5.0005987 4.4777165 11 P 0 0 ;0=5,1=1
P 5.0005987 4.5170866 11 P 0 0 ;0=5,1=1
P 5.0635908 4.4777165 11 P 0 0 ;0=5,1=1
P 5.0635908 4.5170866 11 P 0 0 ;0=5,1=1
P 5.0635908 4.5564567 11 P 0 0 ;0=5,1=1
P 5.26 4.4825197 11 P 0 0 ;0=5,1=1
P 5.26 4.5218898 11 P 0 0 ;0=5,1=1
P 5.26 4.5612599 11 P 0 0 ;0=5,1=1
P 5.6897639 3.0708666 11 P 0 0 ;0=5,1=1
P 5.6897639 3.1338587 11 P 0 0 ;0=5,1=1
P 5.73 4.62 11 P 0 0 ;0=5,1=1
P 5.7303149 4.6804724 11 P 0 0 ;0=5,1=1
P 5.7359449 4.3795669 11 P 0 0 ;0=5,1=1
P 5.7359449 4.4464961 11 P 0 0 ;0=5,1=1
P 5.7556299 4.415 11 P 0 0 ;0=5,1=1
P 5.76 4.635 11 P 0 0 ;0=5,1=1
P 5.76063 3.0708666 11 P 0 0 ;0=5,1=1
P 5.76063 3.1338587 11 P 0 0 ;0=5,1=1
P 5.761811 4.6017323 11 P 0 0 ;0=5,1=1
P 5.761811 4.6647244 11 P 0 0 ;0=5,1=1
P 5.761811 4.6962205 11 P 0 0 ;0=5,1=1
P 5.7753149 4.3795669 11 P 0 0 ;0=5,1=1
P 5.7753149 4.4464961 11 P 0 0 ;0=5,1=1
P 5.795 4.415 11 P 0 0 ;0=5,1=1
P 5.814685 4.3795669 11 P 0 0 ;0=5,1=1
P 5.814685 4.4464961 11 P 0 0 ;0=5,1=1
P 5.8236221 3.0708666 11 P 0 0 ;0=5,1=1
P 5.8236221 3.1338587 11 P 0 0 ;0=5,1=1
P 5.8383071 4.415 11 P 0 0 ;0=5,1=1
P 5.8944883 3.0708666 11 P 0 0 ;0=5,1=1
P 5.8944883 3.1338587 11 P 0 0 ;0=5,1=1
P 5.9492914 4.5116929 11 P 0 0 ;0=5,1=1
P 5.9492914 4.551063 11 P 0 0 ;0=5,1=1
P 5.9847244 4.4959449 11 P 0 0 ;0=5,1=1
P 5.9847244 4.535315 11 P 0 0 ;0=5,1=1
P 6.019311 4.5518453 11 P 0 0 ;0=5,1=1
P 6.0201575 4.4762598 11 P 0 0 ;0=5,1=1
P 6.0201575 4.5156299 11 P 0 0 ;0=5,1=1
P 6.0516536 4.4959449 11 P 0 0 ;0=5,1=1
P 6.0516536 4.535315 11 P 0 0 ;0=5,1=1
P 6.077 4.9063668 11 P 0 0 ;0=5,1=1
P 6.078 4.8473668 11 P 0 0 ;0=5,1=1
P 6.0831496 4.4801968 11 P 0 0 ;0=5,1=1
P 6.0831496 4.5156299 11 P 0 0 ;0=5,1=1
P 6.0831496 4.555 11 P 0 0 ;0=5,1=1
P 6.0911024 4.817666 11 P 0 0 ;0=5,1=1
P 6.0911024 4.8767211 11 P 0 0 ;0=5,1=1
P 6.1107874 4.8471936 11 P 0 0 ;0=5,1=1
P 6.1127559 4.9062487 11 P 0 0 ;0=5,1=1
P 6.1259843 4.8149606 11 P 0 0 ;0=5,1=1
P 6.1698528 4.9147244 11 P 0 0 ;0=5,1=1
P 6.17 4.81 11 P 0 0 ;0=5,1=1
P 6.2 4.86 11 P 0 0 ;0=5,1=1
P 6.205 4.815 11 P 0 0 ;0=5,1=1
P 6.205 4.905 11 P 0 0 ;0=5,1=1
P 6.28 4.4762598 11 P 0 0 ;0=5,1=1
P 6.28 4.5156299 11 P 0 0 ;0=5,1=1
P 6.28 4.555 11 P 0 0 ;0=5,1=1
P 6.8897639 3.0708666 11 P 0 0 ;0=5,1=1
P 6.8897639 3.1338587 11 P 0 0 ;0=5,1=1
P 6.96063 3.0708666 11 P 0 0 ;0=5,1=1
P 6.96063 3.1338587 11 P 0 0 ;0=5,1=1
P 7.0236221 3.0708666 11 P 0 0 ;0=5,1=1
P 7.0236221 3.1338587 11 P 0 0 ;0=5,1=1
P 7.0944883 3.0708666 11 P 0 0 ;0=5,1=1
P 7.0944883 3.1338587 11 P 0 0 ;0=5,1=1
P 7.2834646 0.6141732 11 P 0 0 ;0=5,1=1
P 7.2834646 0.7086614 11 P 0 0 ;0=5,1=1
P 7.2834646 0.8110236 11 P 0 0 ;0=5,1=1
P 7.5590551 0.8464567 12 P 0 0 ;0=6,1=1
P 7.6377953 0.7637795 12 P 0 0 ;0=6,1=1
P 7.956677 2.539365 12 P 0 0 ;0=6,1=1
P 7.956692 2.322834 12 P 0 0 ;0=6,1=1
P 7.956692 2.34252 12 P 0 0 ;0=6,1=1
P 7.956692 2.362204 12 P 0 0 ;0=6,1=1
P 7.956692 2.383858 12 P 0 0 ;0=6,1=1
P 7.956692 2.57874 12 P 0 0 ;0=6,1=1
P 7.956692 2.598426 12 P 0 0 ;0=6,1=1
P 7.956692 2.65748 12 P 0 0 ;0=6,1=1
P 7.9566929 2.55905 12 P 0 0 ;0=6,1=1
P 7.9566929 2.6377953 12 P 0 0 ;0=6,1=1
P 7.9566929 2.6771654 12 P 0 0 ;0=6,1=1
P 7.9566929 2.6968504 12 P 0 0 ;0=6,1=1
P 7.958662 2.42126 12 P 0 0 ;0=6,1=1
P 7.958662 2.440944 12 P 0 0 ;0=6,1=1
P 7.958662 2.46063 12 P 0 0 ;0=6,1=1
P 7.958662 2.480316 12 P 0 0 ;0=6,1=1
P 8.007874 2.271654 12 P 0 0 ;0=6,1=1
P 8.007874 2.769686 12 P 0 0 ;0=6,1=1
P 8.02756 2.271654 12 P 0 0 ;0=6,1=1
P 8.02756 2.769686 12 P 0 0 ;0=6,1=1
P 8.035434 2.2913386 12 P 0 0 ;0=6,1=1
P 8.047244 2.769686 12 P 0 0 ;0=6,1=1
P 8.0590551 2.2913386 12 P 0 0 ;0=6,1=1
P 8.06693 2.769686 12 P 0 0 ;0=6,1=1
P 8.082678 2.291339 12 P 0 0 ;0=6,1=1
P 8.0897639 3.2283466 11 P 0 0 ;0=5,1=1
P 8.0897639 3.2913387 11 P 0 0 ;0=5,1=1
P 8.16063 3.2283466 11 P 0 0 ;0=5,1=1
P 8.16063 3.2913387 11 P 0 0 ;0=5,1=1
P 8.165354 2.27756 12 P 0 0 ;0=6,1=1
P 8.165354 2.769684 12 P 0 0 ;0=6,1=1
P 8.175196 2.72441 12 P 0 0 ;0=6,1=1
P 8.175196 2.748032 12 P 0 0 ;0=6,1=1
P 8.18504 2.769686 12 P 0 0 ;0=6,1=1
P 8.2236221 3.2283466 11 P 0 0 ;0=5,1=1
P 8.2236221 3.2913387 11 P 0 0 ;0=5,1=1
P 8.2944883 3.2283466 11 P 0 0 ;0=5,1=1
P 8.2944883 3.2913387 11 P 0 0 ;0=5,1=1
P 8.4399736 0.3657692 11 P 0 0 ;0=5,1=1
P 8.507874 0.5984252 11 P 0 0 ;0=5,1=1
P 8.8228346 0.3858268 11 P 0 0 ;0=5,1=1
P 8.8228346 0.503937 11 P 0 0 ;0=5,1=1
P 8.9509452 4.0296852 11 P 0 0 ;0=5,1=1
P 8.9509452 4.2265356 11 P 0 0 ;0=5,1=1
P 9.0493704 4.0296852 11 P 0 0 ;0=5,1=1
P 9.0493704 4.2265356 11 P 0 0 ;0=5,1=1
P 9.0493704 4.423386 11 P 0 0 ;0=5,1=1
P 9.0493704 4.6202364 11 P 0 0 ;0=5,1=1
P 9.0515616 0.3649168 11 P 0 0 ;0=5,1=1
P 9.098583 4.1281104 11 P 0 0 ;0=5,1=1
P 9.098583 4.3249608 11 P 0 0 ;0=5,1=1
P 9.098583 4.5218112 11 P 0 0 ;0=5,1=1
P 9.140432 0.5691809 11 P 0 0 ;0=5,1=1
P 9.1477956 4.0296852 11 P 0 0 ;0=5,1=1
P 9.1477956 4.2265356 11 P 0 0 ;0=5,1=1
P 9.1477956 4.423386 11 P 0 0 ;0=5,1=1
P 9.1477956 4.6202364 11 P 0 0 ;0=5,1=1
P 9.1566919 2.322834 12 P 0 0 ;0=6,1=1
P 9.1566919 2.34252 12 P 0 0 ;0=6,1=1
P 9.1566919 2.362204 12 P 0 0 ;0=6,1=1
P 9.1566919 2.383858 12 P 0 0 ;0=6,1=1
P 9.1566919 2.57874 12 P 0 0 ;0=6,1=1
P 9.1566919 2.598426 12 P 0 0 ;0=6,1=1
P 9.1566919 2.65748 12 P 0 0 ;0=6,1=1
P 9.1566928 2.55905 12 P 0 0 ;0=6,1=1
P 9.1566928 2.6377953 12 P 0 0 ;0=6,1=1
P 9.1566928 2.6771654 12 P 0 0 ;0=6,1=1
P 9.1566928 2.6968504 12 P 0 0 ;0=6,1=1
P 9.157462 2.539365 12 P 0 0 ;0=6,1=1
P 9.1586619 2.42126 12 P 0 0 ;0=6,1=1
P 9.1586619 2.440944 12 P 0 0 ;0=6,1=1
P 9.1586619 2.46063 12 P 0 0 ;0=6,1=1
P 9.1586619 2.480316 12 P 0 0 ;0=6,1=1
P 9.1970082 4.1281104 11 P 0 0 ;0=5,1=1
P 9.1970082 4.3249608 11 P 0 0 ;0=5,1=1
P 9.1970082 4.5218112 11 P 0 0 ;0=5,1=1
P 9.2078739 2.271654 12 P 0 0 ;0=6,1=1
P 9.2078739 2.769686 12 P 0 0 ;0=6,1=1
P 9.2275599 2.271654 12 P 0 0 ;0=6,1=1
P 9.2275599 2.769686 12 P 0 0 ;0=6,1=1
P 9.2354339 2.2913386 12 P 0 0 ;0=6,1=1
P 9.2462208 4.0296852 11 P 0 0 ;0=5,1=1
P 9.2462208 4.2265356 11 P 0 0 ;0=5,1=1
P 9.2462208 4.423386 11 P 0 0 ;0=5,1=1
P 9.2462208 4.6202364 11 P 0 0 ;0=5,1=1
P 9.2472439 2.769686 12 P 0 0 ;0=6,1=1
P 9.259055 2.2913386 12 P 0 0 ;0=6,1=1
P 9.2669299 2.769686 12 P 0 0 ;0=6,1=1
P 9.2792654 0.5514115 11 P 0 0 ;0=5,1=1
P 9.2826779 2.291339 12 P 0 0 ;0=6,1=1
P 9.2897638 3.2283466 11 P 0 0 ;0=5,1=1
P 9.2897638 3.2913387 11 P 0 0 ;0=5,1=1
P 9.2954334 4.1281104 11 P 0 0 ;0=5,1=1
P 9.2954334 4.3249608 11 P 0 0 ;0=5,1=1
P 9.2954334 4.5218112 11 P 0 0 ;0=5,1=1
P 9.344646 4.0296852 11 P 0 0 ;0=5,1=1
P 9.344646 4.2265356 11 P 0 0 ;0=5,1=1
P 9.344646 4.423386 11 P 0 0 ;0=5,1=1
P 9.344646 4.6202364 11 P 0 0 ;0=5,1=1
P 9.3606299 3.2283466 11 P 0 0 ;0=5,1=1
P 9.3606299 3.2913387 11 P 0 0 ;0=5,1=1
P 9.3653539 2.27756 12 P 0 0 ;0=6,1=1
P 9.3653539 2.769684 12 P 0 0 ;0=6,1=1
P 9.3751959 2.72441 12 P 0 0 ;0=6,1=1
P 9.3751959 2.748032 12 P 0 0 ;0=6,1=1
P 9.3850399 2.769686 12 P 0 0 ;0=6,1=1
P 9.3938586 4.1281104 11 P 0 0 ;0=5,1=1
P 9.3938586 4.3249608 11 P 0 0 ;0=5,1=1
P 9.423622 3.2283466 11 P 0 0 ;0=5,1=1
P 9.423622 3.2913387 11 P 0 0 ;0=5,1=1
P 9.4430712 4.0296852 11 P 0 0 ;0=5,1=1
P 9.4430712 4.2265356 11 P 0 0 ;0=5,1=1
P 9.4430712 4.6202364 11 P 0 0 ;0=5,1=1
P 9.4944882 3.2283466 11 P 0 0 ;0=5,1=1
P 9.4944882 3.2913387 11 P 0 0 ;0=5,1=1
P 9.8170833 4.6792896 11 P 0 0 ;0=5,1=1
P 9.8761384 4.5611794 11 P 0 0 ;0=5,1=1
P 9.9351935 4.6792896 11 P 0 0 ;0=5,1=1
