Comment,Description,Designator,Footprint,LibRef,Quantity,Variant,Revision,Trenz-Stock,Value,AN,Case,Mixed,Preferred,Technology,Tolerance,Trenz-Article-Number,Voltage,Center-X(mm),Center-Y(mm),Layer,Ref-X(mm),Ref-Y(mm),Rotation

"100µF","KON 100µF 6,3V X5R 20% SMD BF 3216 (1206)","C1","CAPC3216X180N_V","23116","1","S003","","","100u","23116","3216 (1206)","SMT","Yes","X5R","20%","","6.3V","25.1","83.6","Bottom","25.1","83.6","0"
"470nF","KON 470nF 50V X7R SMD  BF 1608 (0603)","C2","CAPC1608X90N_V","25476","1","S003","","","470n","25476","1608 (0603)","SMT","Yes","X7R","","","50V","221.579","75.743","Top","221.579","75.743","0"
"470nF","KON 470nF 50V X7R SMD  BF 1608 (0603)","C3","CAPC1608X90N_V","25476","1","S003","","","470n","25476","1608 (0603)","SMT","Yes","X7R","","","50V","18.886","74.191","Top","18.886","74.191","90"
"100nF","KON 100nF 50V X7R ±10% SMD BF 1608 (0603)","C4","CAPC1608X90N_V","21382","1","S003","","","100n","21382","1608 (0603)","SMT","Yes","X7R","±10%","","50V","5.831","64.964","Bottom","5.831","64.964","270"
"470nF","KON 470nF 50V X7R SMD  BF 1608 (0603)","C5","CAPC1608X90N_V","25476","1","S003","","","470n","25476","1608 (0603)","SMT","Yes","X7R","","","50V","6.871","71.778","Bottom","6.871","71.778","270"
"470nF","KON 470nF 50V X7R SMD  BF 1608 (0603)","C6","CAPC1608X90N_V","25476","1","S003","","","470n","25476","1608 (0603)","SMT","Yes","X7R","","","50V","11.774","77.391","Bottom","11.774","77.391","180"
"470nF","KON 470nF 50V X7R SMD  BF 1608 (0603)","C7","CAPC1608X90N_V","25476","1","S003","","","470n","25476","1608 (0603)","SMT","Yes","X7R","","","50V","9.716","77.416","Bottom","9.716","77.416","180"
"470nF","KON 470nF 50V X7R SMD  BF 1608 (0603)","C8","CAPC1608X90N_V","25476","1","S003","","","470n","25476","1608 (0603)","SMT","Yes","X7R","","","50V","14.742","68.045","Bottom","14.742","68.045","270"
"470nF","KON 470nF 50V X7R SMD  BF 1608 (0603)","C9","CAPC1608X90N_V","25476","1","S003","","","470n","25476","1608 (0603)","SMT","Yes","X7R","","","50V","15.711","71.854","Bottom","15.711","71.854","90"
"470nF","KON 470nF 50V X7R SMD  BF 1608 (0603)","C10","CAPC1608X90N_V","25476","1","S003","","","470n","25476","1608 (0603)","SMT","Yes","X7R","","","50V","7.075","75.765","Bottom","7.075","75.765","270"
"4.7µF","KON 4.7µF 25V X5R 20%  SMD BF 1608 (0603)","C11","CAPC1608X90N_V","29699","1","S003","","","4.7u","29699","1608 (0603)","SMT","Yes","X5R","20%","","25V","9.627","67.229","Bottom","9.627","67.229","180"
"100pF","KON 100pF 1000V X7R 10%  BF 3216 (1206)","C12","CAPC3216X180N_V","22679","1","S003","","","100p","22679","3216 (1206)","SMT","Yes","X7R","10%","","1000V","21.826","53.945","Bottom","21.826","53.945","0"
"4.7µF","KON 4.7µF 25V X5R 20%  SMD BF 1608 (0603)","C13","CAPC1608X90N_V","29699","1","S003","","","4.7u","29699","1608 (0603)","SMT","Yes","X5R","20%","","25V","15.66","76.68","Bottom","15.66","76.68","270"
"470nF","KON 470nF 50V X7R SMD  BF 1608 (0603)","C14","CAPC1608X90N_V","25476","1","S003","","","470n","25476","1608 (0603)","SMT","Yes","X7R","","","50V","15.66","77.837","Bottom","15.66","77.837","270"
"470nF","KON 470nF 50V X7R SMD  BF 1608 (0603)","C15","CAPC1608X90N_V","25476","1","S003","","","470n","25476","1608 (0603)","SMT","Yes","X7R","","","50V","6.919","74.179","Bottom","6.919","74.179","270"
"470nF","KON 470nF 50V X7R SMD  BF 1608 (0603)","C16","CAPC1608X90N_V","25476","1","S003","","","470n","25476","1608 (0603)","SMT","Yes","X7R","","","50V","11.418","68.196","Bottom","11.418","68.196","270"
"10µF","KON 10µF 6,3V X5R SMD BF 1608 (0603)","C17","CAPC1608X90N_V","22918","1","S003","","","10u","22918","1608 (0603)","SMT","","X5R","","","6.3V","11.418","66.875","Bottom","11.418","66.875","270"
"470nF","KON 470nF 50V X7R SMD  BF 1608 (0603)","C18","CAPC1608X90N_V","25476","1","S003","","","470n","25476","1608 (0603)","SMT","Yes","X7R","","","50V","14.999","67.612","Top","14.999","67.612","0"
"10µF","KON 10µF 6,3V X5R SMD BF 1608 (0603)","C19","CAPC1608X90N_V","22918","1","S003","","","10u","22918","1608 (0603)","SMT","","X5R","","","6.3V","17.666","74.343","Bottom","17.666","74.343","0"
"470nF","KON 470nF 50V X7R SMD  BF 1608 (0603)","C20","CAPC1608X90N_V","25476","1","S003","","","470n","25476","1608 (0603)","SMT","Yes","X7R","","","50V","14.72","73.048","Bottom","14.72","73.048","90"
"220nF","KON 220nF 50V X7R ±10% SMD BF 1608 (0603)","C21","CAPC1608X90N_V","29694","1","S003","","","220n","29694","1608 (0603)","SMT","","X7R","±10%","","50V","14.88","74.751","Bottom","14.88","74.751","0"
"100nF","KON 100nF 50V X7R ±10% SMD BF 1608 (0603)","C22A","CAPC1608X90N_V","21382","1","S003","","","100n","21382","1608 (0603)","SMT","Yes","X7R","±10%","","50V","204.7","54.3","Bottom","204.7","54.3","90"
"100nF","KON 100nF 50V X7R ±10% SMD BF 1608 (0603)","C22B","CAPC1608X90N_V","21382","1","S003","","","100n","21382","1608 (0603)","SMT","Yes","X7R","±10%","","50V","235.2","54.3","Bottom","235.2","54.3","90"
"100nF","KON 100nF 50V X7R ±10% SMD BF 1608 (0603)","C22C","CAPC1608X90N_V","21382","1","S003","","","100n","21382","1608 (0603)","SMT","Yes","X7R","±10%","","50V","265.7","54.3","Bottom","265.7","54.3","90"
"100nF","KON 100nF 50V X7R ±10% SMD BF 1608 (0603)","C22D","CAPC1608X90N_V","21382","1","S003","","","100n","21382","1608 (0603)","SMT","Yes","X7R","±10%","","50V","296.1","54.3","Bottom","296.1","54.3","90"
"100nF","KON 100nF 50V X7R ±10% SMD BF 1608 (0603)","C22E","CAPC1608X90N_V","21382","1","S003","","","100n","21382","1608 (0603)","SMT","Yes","X7R","±10%","","50V","326.6","54.3","Bottom","326.6","54.3","90"
"100nF","KON 100nF 50V X7R ±10% SMD BF 1608 (0603)","C23A","CAPC1608X90N_V","21382","1","S003","","","100n","21382","1608 (0603)","SMT","Yes","X7R","±10%","","50V","198.988","65.407","Bottom","198.988","65.407","180"
"100nF","KON 100nF 50V X7R ±10% SMD BF 1608 (0603)","C23B","CAPC1608X90N_V","21382","1","S003","","","100n","21382","1608 (0603)","SMT","Yes","X7R","±10%","","50V","229.468","65.407","Bottom","229.468","65.407","180"
"100nF","KON 100nF 50V X7R ±10% SMD BF 1608 (0603)","C23C","CAPC1608X90N_V","21382","1","S003","","","100n","21382","1608 (0603)","SMT","Yes","X7R","±10%","","50V","259.948","65.407","Bottom","259.948","65.407","180"
"100nF","KON 100nF 50V X7R ±10% SMD BF 1608 (0603)","C23D","CAPC1608X90N_V","21382","1","S003","","","100n","21382","1608 (0603)","SMT","Yes","X7R","±10%","","50V","290.428","65.407","Bottom","290.428","65.407","180"
"100nF","KON 100nF 50V X7R ±10% SMD BF 1608 (0603)","C23E","CAPC1608X90N_V","21382","1","S003","","","100n","21382","1608 (0603)","SMT","Yes","X7R","±10%","","50V","320.908","65.407","Bottom","320.908","65.407","180"
"100nF","KON 100nF 50V X7R ±10% SMD BF 1608 (0603)","C24A","CAPC1608X90N_V","21382","1","S003","","","100n","21382","1608 (0603)","SMT","Yes","X7R","±10%","","50V","205.613","74.148","Bottom","205.613","74.148","180"
"100nF","KON 100nF 50V X7R ±10% SMD BF 1608 (0603)","C24B","CAPC1608X90N_V","21382","1","S003","","","100n","21382","1608 (0603)","SMT","Yes","X7R","±10%","","50V","236.093","74.148","Bottom","236.093","74.148","180"
"100nF","KON 100nF 50V X7R ±10% SMD BF 1608 (0603)","C24C","CAPC1608X90N_V","21382","1","S003","","","100n","21382","1608 (0603)","SMT","Yes","X7R","±10%","","50V","266.573","74.148","Bottom","266.573","74.148","180"
"100nF","KON 100nF 50V X7R ±10% SMD BF 1608 (0603)","C24D","CAPC1608X90N_V","21382","1","S003","","","100n","21382","1608 (0603)","SMT","Yes","X7R","±10%","","50V","297.053","74.148","Bottom","297.053","74.148","180"
"100nF","KON 100nF 50V X7R ±10% SMD BF 1608 (0603)","C24E","CAPC1608X90N_V","21382","1","S003","","","100n","21382","1608 (0603)","SMT","Yes","X7R","±10%","","50V","327.533","74.148","Bottom","327.533","74.148","180"
"100nF","KON 100nF 50V X7R ±10% SMD BF 1608 (0603)","C25A","CAPC1608X90N_V","21382","1","S003","","","100n","21382","1608 (0603)","SMT","Yes","X7R","±10%","","50V","214.23","38.135","Top","214.23","38.135","90"
"100nF","KON 100nF 50V X7R ±10% SMD BF 1608 (0603)","C25B","CAPC1608X90N_V","21382","1","S003","","","100n","21382","1608 (0603)","SMT","Yes","X7R","±10%","","50V","244.71","38.135","Top","244.71","38.135","90"
"100nF","KON 100nF 50V X7R ±10% SMD BF 1608 (0603)","C25C","CAPC1608X90N_V","21382","1","S003","","","100n","21382","1608 (0603)","SMT","Yes","X7R","±10%","","50V","275.19","38.135","Top","275.19","38.135","90"
"100nF","KON 100nF 50V X7R ±10% SMD BF 1608 (0603)","C25D","CAPC1608X90N_V","21382","1","S003","","","100n","21382","1608 (0603)","SMT","Yes","X7R","±10%","","50V","305.67","38.135","Top","305.67","38.135","90"
"100nF","KON 100nF 50V X7R ±10% SMD BF 1608 (0603)","C25E","CAPC1608X90N_V","21382","1","S003","","","100n","21382","1608 (0603)","SMT","Yes","X7R","±10%","","50V","336.15","38.135","Top","336.15","38.135","90"
"100nF","KON 100nF 50V X7R ±10% SMD BF 1608 (0603)","C26A","CAPC1608X90N_V","21382","1","S003","","","100n","21382","1608 (0603)","SMT","Yes","X7R","±10%","","50V","217.563","38.292","Top","217.563","38.292","90"
"100nF","KON 100nF 50V X7R ±10% SMD BF 1608 (0603)","C26B","CAPC1608X90N_V","21382","1","S003","","","100n","21382","1608 (0603)","SMT","Yes","X7R","±10%","","50V","248.043","38.292","Top","248.043","38.292","90"
"100nF","KON 100nF 50V X7R ±10% SMD BF 1608 (0603)","C26C","CAPC1608X90N_V","21382","1","S003","","","100n","21382","1608 (0603)","SMT","Yes","X7R","±10%","","50V","278.523","38.292","Top","278.523","38.292","90"
"100nF","KON 100nF 50V X7R ±10% SMD BF 1608 (0603)","C26D","CAPC1608X90N_V","21382","1","S003","","","100n","21382","1608 (0603)","SMT","Yes","X7R","±10%","","50V","309.003","38.292","Top","309.003","38.292","90"
"100nF","KON 100nF 50V X7R ±10% SMD BF 1608 (0603)","C26E","CAPC1608X90N_V","21382","1","S003","","","100n","21382","1608 (0603)","SMT","Yes","X7R","±10%","","50V","339.483","38.292","Top","339.483","38.292","90"
"100nF","KON 100nF 50V X7R ±10% SMD BF 1608 (0603)","C27A","CAPC1608X90N_V","21382","1","S003","","","100n","21382","1608 (0603)","SMT","Yes","X7R","±10%","","50V","199.009","71.1","Bottom","199.009","71.1","180"
"100nF","KON 100nF 50V X7R ±10% SMD BF 1608 (0603)","C27B","CAPC1608X90N_V","21382","1","S003","","","100n","21382","1608 (0603)","SMT","Yes","X7R","±10%","","50V","229.489","71.1","Bottom","229.489","71.1","180"
"100nF","KON 100nF 50V X7R ±10% SMD BF 1608 (0603)","C27C","CAPC1608X90N_V","21382","1","S003","","","100n","21382","1608 (0603)","SMT","Yes","X7R","±10%","","50V","259.969","71.1","Bottom","259.969","71.1","180"
"100nF","KON 100nF 50V X7R ±10% SMD BF 1608 (0603)","C27D","CAPC1608X90N_V","21382","1","S003","","","100n","21382","1608 (0603)","SMT","Yes","X7R","±10%","","50V","290.449","71.1","Bottom","290.449","71.1","180"
"100nF","KON 100nF 50V X7R ±10% SMD BF 1608 (0603)","C27E","CAPC1608X90N_V","21382","1","S003","","","100n","21382","1608 (0603)","SMT","Yes","X7R","±10%","","50V","320.929","71.1","Bottom","320.929","71.1","180"
"100nF","KON 100nF 50V X7R ±10% SMD BF 1608 (0603)","C28A","CAPC1608X90N_V","21382","1","S003","","","100n","21382","1608 (0603)","SMT","Yes","X7R","±10%","","50V","209.773","74.048","Bottom","209.773","74.048","180"
"100nF","KON 100nF 50V X7R ±10% SMD BF 1608 (0603)","C28B","CAPC1608X90N_V","21382","1","S003","","","100n","21382","1608 (0603)","SMT","Yes","X7R","±10%","","50V","240.253","74.048","Bottom","240.253","74.048","180"
"100nF","KON 100nF 50V X7R ±10% SMD BF 1608 (0603)","C28C","CAPC1608X90N_V","21382","1","S003","","","100n","21382","1608 (0603)","SMT","Yes","X7R","±10%","","50V","270.733","74.048","Bottom","270.733","74.048","180"
"100nF","KON 100nF 50V X7R ±10% SMD BF 1608 (0603)","C28D","CAPC1608X90N_V","21382","1","S003","","","100n","21382","1608 (0603)","SMT","Yes","X7R","±10%","","50V","301.213","74.048","Bottom","301.213","74.048","180"
"100nF","KON 100nF 50V X7R ±10% SMD BF 1608 (0603)","C28E","CAPC1608X90N_V","21382","1","S003","","","100n","21382","1608 (0603)","SMT","Yes","X7R","±10%","","50V","331.693","74.048","Bottom","331.693","74.048","180"
"100nF","KON 100nF 50V X7R ±10% SMD BF 1608 (0603)","C29A","CAPC1608X90N_V","21382","1","S003","","","100n","21382","1608 (0603)","SMT","Yes","X7R","±10%","","50V","212.217","74.048","Bottom","212.217","74.048","180"
"100nF","KON 100nF 50V X7R ±10% SMD BF 1608 (0603)","C29B","CAPC1608X90N_V","21382","1","S003","","","100n","21382","1608 (0603)","SMT","Yes","X7R","±10%","","50V","242.697","74.048","Bottom","242.697","74.048","180"
"100nF","KON 100nF 50V X7R ±10% SMD BF 1608 (0603)","C29C","CAPC1608X90N_V","21382","1","S003","","","100n","21382","1608 (0603)","SMT","Yes","X7R","±10%","","50V","273.177","74.048","Bottom","273.177","74.048","180"
"100nF","KON 100nF 50V X7R ±10% SMD BF 1608 (0603)","C29D","CAPC1608X90N_V","21382","1","S003","","","100n","21382","1608 (0603)","SMT","Yes","X7R","±10%","","50V","303.657","74.048","Bottom","303.657","74.048","180"
"100nF","KON 100nF 50V X7R ±10% SMD BF 1608 (0603)","C29E","CAPC1608X90N_V","21382","1","S003","","","100n","21382","1608 (0603)","SMT","Yes","X7R","±10%","","50V","334.137","74.048","Bottom","334.137","74.048","180"
"100nF","KON 100nF 50V X7R ±10% SMD BF 1608 (0603)","C30A","CAPC1608X90N_V","21382","1","S003","","","100n","21382","1608 (0603)","SMT","Yes","X7R","±10%","","50V","218.567","63.734","Bottom","218.567","63.734","90"
"100nF","KON 100nF 50V X7R ±10% SMD BF 1608 (0603)","C30B","CAPC1608X90N_V","21382","1","S003","","","100n","21382","1608 (0603)","SMT","Yes","X7R","±10%","","50V","249.047","63.734","Bottom","249.047","63.734","90"
"100nF","KON 100nF 50V X7R ±10% SMD BF 1608 (0603)","C30C","CAPC1608X90N_V","21382","1","S003","","","100n","21382","1608 (0603)","SMT","Yes","X7R","±10%","","50V","279.527","63.734","Bottom","279.527","63.734","90"
"100nF","KON 100nF 50V X7R ±10% SMD BF 1608 (0603)","C30D","CAPC1608X90N_V","21382","1","S003","","","100n","21382","1608 (0603)","SMT","Yes","X7R","±10%","","50V","310.007","63.734","Bottom","310.007","63.734","90"
"100nF","KON 100nF 50V X7R ±10% SMD BF 1608 (0603)","C30E","CAPC1608X90N_V","21382","1","S003","","","100n","21382","1608 (0603)","SMT","Yes","X7R","±10%","","50V","340.487","63.734","Bottom","340.487","63.734","90"
"100nF","KON 100nF 50V X7R ±10% SMD BF 1608 (0603)","C31A","CAPC1608X90N_V","21382","1","S003","","","100n","21382","1608 (0603)","SMT","Yes","X7R","±10%","","50V","218.059","56.876","Bottom","218.059","56.876","0"
"100nF","KON 100nF 50V X7R ±10% SMD BF 1608 (0603)","C31B","CAPC1608X90N_V","21382","1","S003","","","100n","21382","1608 (0603)","SMT","Yes","X7R","±10%","","50V","248.539","56.876","Bottom","248.539","56.876","0"
"100nF","KON 100nF 50V X7R ±10% SMD BF 1608 (0603)","C31C","CAPC1608X90N_V","21382","1","S003","","","100n","21382","1608 (0603)","SMT","Yes","X7R","±10%","","50V","279.019","56.876","Bottom","279.019","56.876","0"
"100nF","KON 100nF 50V X7R ±10% SMD BF 1608 (0603)","C31D","CAPC1608X90N_V","21382","1","S003","","","100n","21382","1608 (0603)","SMT","Yes","X7R","±10%","","50V","309.499","56.876","Bottom","309.499","56.876","0"
"100nF","KON 100nF 50V X7R ±10% SMD BF 1608 (0603)","C31E","CAPC1608X90N_V","21382","1","S003","","","100n","21382","1608 (0603)","SMT","Yes","X7R","±10%","","50V","339.979","56.876","Bottom","339.979","56.876","0"
"100nF","KON 100nF 50V X7R ±10% SMD BF 1608 (0603)","C32A","CAPC1608X90N_V","21382","1","S003","","","100n","21382","1608 (0603)","SMT","Yes","X7R","±10%","","50V","211.201","53.828","Bottom","211.201","53.828","0"
"100nF","KON 100nF 50V X7R ±10% SMD BF 1608 (0603)","C32B","CAPC1608X90N_V","21382","1","S003","","","100n","21382","1608 (0603)","SMT","Yes","X7R","±10%","","50V","241.681","53.828","Bottom","241.681","53.828","0"
"100nF","KON 100nF 50V X7R ±10% SMD BF 1608 (0603)","C32C","CAPC1608X90N_V","21382","1","S003","","","100n","21382","1608 (0603)","SMT","Yes","X7R","±10%","","50V","272.161","53.828","Bottom","272.161","53.828","0"
"100nF","KON 100nF 50V X7R ±10% SMD BF 1608 (0603)","C32D","CAPC1608X90N_V","21382","1","S003","","","100n","21382","1608 (0603)","SMT","Yes","X7R","±10%","","50V","302.641","53.828","Bottom","302.641","53.828","0"
"100nF","KON 100nF 50V X7R ±10% SMD BF 1608 (0603)","C32E","CAPC1608X90N_V","21382","1","S003","","","100n","21382","1608 (0603)","SMT","Yes","X7R","±10%","","50V","333.121","53.828","Bottom","333.121","53.828","0"
"100nF","KON 100nF 50V X7R ±10% SMD BF 1608 (0603)","C33A","CAPC1608X90N_V","21382","1","S003","","","100n","21382","1608 (0603)","SMT","Yes","X7R","±10%","","50V","207.137","53.828","Bottom","207.137","53.828","0"
"100nF","KON 100nF 50V X7R ±10% SMD BF 1608 (0603)","C33B","CAPC1608X90N_V","21382","1","S003","","","100n","21382","1608 (0603)","SMT","Yes","X7R","±10%","","50V","237.617","53.828","Bottom","237.617","53.828","0"
"100nF","KON 100nF 50V X7R ±10% SMD BF 1608 (0603)","C33C","CAPC1608X90N_V","21382","1","S003","","","100n","21382","1608 (0603)","SMT","Yes","X7R","±10%","","50V","268.097","53.828","Bottom","268.097","53.828","0"
"100nF","KON 100nF 50V X7R ±10% SMD BF 1608 (0603)","C33D","CAPC1608X90N_V","21382","1","S003","","","100n","21382","1608 (0603)","SMT","Yes","X7R","±10%","","50V","298.577","53.828","Bottom","298.577","53.828","0"
"100nF","KON 100nF 50V X7R ±10% SMD BF 1608 (0603)","C33E","CAPC1608X90N_V","21382","1","S003","","","100n","21382","1608 (0603)","SMT","Yes","X7R","±10%","","50V","329.057","53.828","Bottom","329.057","53.828","0"
"100nF","KON 100nF 50V X7R ±10% SMD BF 1608 (0603)","C34A","CAPC1608X90N_V","21382","1","S003","","","100n","21382","1608 (0603)","SMT","Yes","X7R","±10%","","50V","141.664","34.855","Top","141.664","34.855","90"
"100nF","KON 100nF 50V X7R ±10% SMD BF 1608 (0603)","C34B","CAPC1608X90N_V","21382","1","S003","","","100n","21382","1608 (0603)","SMT","Yes","X7R","±10%","","50V","167.617","34.855","Top","167.617","34.855","90"
"100nF","KON 100nF 50V X7R ±10% SMD BF 1608 (0603)","C35A","CAPC1608X90N_V","21382","1","S003","","","100n","21382","1608 (0603)","SMT","Yes","X7R","±10%","","50V","141.664","20.933","Top","141.664","20.933","90"
"100nF","KON 100nF 50V X7R ±10% SMD BF 1608 (0603)","C35B","CAPC1608X90N_V","21382","1","S003","","","100n","21382","1608 (0603)","SMT","Yes","X7R","±10%","","50V","167.617","20.933","Top","167.617","20.933","90"
"4.7nF","KON 4.7nF 50V NP0 ±5%  SMD BF 1608 (0603)","C36A","CAPC1608X90N_V","29638","1","S003","","","4.7n","29638","1608 (0603)","SMT","","NP0","±5%","","50V","141.664","19.767","Top","141.664","19.767","90"
"4.7nF","KON 4.7nF 50V NP0 ±5%  SMD BF 1608 (0603)","C36B","CAPC1608X90N_V","29638","1","S003","","","4.7n","29638","1608 (0603)","SMT","","NP0","±5%","","50V","167.617","19.767","Top","167.617","19.767","90"
"1nF","KON 1nF 50V NP0 5% SMD BF 1608 (0603)","C37A","CAPC1608X90N_V","22523","1","S003","","","1n","22523","1608 (0603)","SMT","","NP0","","","50V","127.761","18.415","Top","127.761","18.415","90"
"1nF","KON 1nF 50V NP0 5% SMD BF 1608 (0603)","C37B","CAPC1608X90N_V","22523","1","S003","","","1n","22523","1608 (0603)","SMT","","NP0","","","50V","153.713","18.415","Top","153.713","18.415","90"
"100nF","KON 100nF 50V X7R ±10% SMD BF 1608 (0603)","C38A","CAPC1608X90N_V","21382","1","S003","","","100n","21382","1608 (0603)","SMT","Yes","X7R","±10%","","50V","130.742","35.592","Top","130.742","35.592","180"
"100nF","KON 100nF 50V X7R ±10% SMD BF 1608 (0603)","C38B","CAPC1608X90N_V","21382","1","S003","","","100n","21382","1608 (0603)","SMT","Yes","X7R","±10%","","50V","156.695","35.592","Top","156.695","35.592","180"
"22µF","KON 22µF 25V  X5R 20% SMD BF 2012 (0805)","C39A","CAPC2012X135N_V","29556","1","S003","","","22u","29556","2012 (0805)","SMT","","X5R","20%","","25V","131.826","17.78","Top","131.826","17.78","90"
"22µF","KON 22µF 25V  X5R 20% SMD BF 2012 (0805)","C39B","CAPC2012X135N_V","29556","1","S003","","","22u","29556","2012 (0805)","SMT","","X5R","20%","","25V","157.778","17.78","Top","157.778","17.78","90"
"10µF","KON 10µF 6,3V X5R SMD BF 1608 (0603)","C40A","CAPC1608X90N_V","22918","1","S003","","","10u","22918","1608 (0603)","SMT","","X5R","","","6.3V","127.761","17.27","Top","127.761","17.27","270"
"10µF","KON 10µF 6,3V X5R SMD BF 1608 (0603)","C40B","CAPC1608X90N_V","22918","1","S003","","","10u","22918","1608 (0603)","SMT","","X5R","","","6.3V","153.713","17.27","Top","153.713","17.27","270"
"10µF","KON 10µF 50V X5R 10%  SMD BF 3216 (1206)","C41","CAPC3216X180N_V","24685","1","S003","","","10u","24685","3216 (1206)","SMT","Yes","X5R","10%","","50V","105.847","100.11","Top","105.847","100.11","90"
"10µF","KON 10µF 50V X5R 10%  SMD BF 3216 (1206)","C42","CAPC3216X180N_V","24685","1","S003","","","10u","24685","3216 (1206)","SMT","Yes","X5R","10%","","50V","105.847","102.352","Top","105.847","102.352","90"
"10µF","KON 10µF 50V X5R 10%  SMD BF 3216 (1206)","C43","CAPC3216X180N_V","24685","1","S003","","","10u","24685","3216 (1206)","SMT","Yes","X5R","10%","","50V","105.847","104.603","Top","105.847","104.603","90"
"10µF","KON 10µF 50V X5R 10%  SMD BF 3216 (1206)","C44","CAPC3216X180N_V","24685","1","S003","","","10u","24685","3216 (1206)","SMT","Yes","X5R","10%","","50V","105.847","106.854","Top","105.847","106.854","90"
"100nF","KON 100nF 50V X7R ±10% SMD BF 1608 (0603)","C45","CAPC1608X90N_V","21382","1","S003","","","100n","21382","1608 (0603)","SMT","Yes","X7R","±10%","","50V","105.803","108.539","Top","105.803","108.539","270"
"100µF","KON 100µF 6,3V X5R 20% SMD BF 3216 (1206)","C46","CAPC3216X180N_V","23116","1","S003","","","100u","23116","3216 (1206)","SMT","Yes","X5R","20%","","6.3V","111.497","99.999","Top","111.497","99.999","270"
"470nF","KON 470nF 50V X7R SMD  BF 1608 (0603)","C47","CAPC1608X90N_V","25476","1","S003","","","470n","25476","1608 (0603)","SMT","Yes","X7R","","","50V","112.804","107.904","Top","112.804","107.904","0"
"100µF","KON 100µF 6,3V X5R 20% SMD BF 3216 (1206)","C48","CAPC3216X180N_V","23116","1","S003","","","100u","23116","3216 (1206)","SMT","Yes","X5R","20%","","6.3V","111.497","102.398","Top","111.497","102.398","270"
"100µF","KON 100µF 6,3V X5R 20% SMD BF 3216 (1206)","C49","CAPC3216X180N_V","23116","1","S003","","","100u","23116","3216 (1206)","SMT","Yes","X5R","20%","","6.3V","111.497","104.797","Top","111.497","104.797","270"
"220nF","KON 220nF 50V X7R ±10% SMD BF 1608 (0603)","C50","CAPC1608X90N_V","29694","1","S003","","","220n","29694","1608 (0603)","SMT","","X7R","±10%","","50V","111.557","107.913","Top","111.557","107.913","0"
"10µF","KON 10µF 50V X5R 10%  SMD BF 3216 (1206)","C51","CAPC3216X180N_V","24685","1","S003","","","10u","24685","3216 (1206)","SMT","Yes","X5R","10%","","50V","90.72","100.11","Top","90.72","100.11","90"
"10µF","KON 10µF 50V X5R 10%  SMD BF 3216 (1206)","C52","CAPC3216X180N_V","24685","1","S003","","","10u","24685","3216 (1206)","SMT","Yes","X5R","10%","","50V","90.723","102.352","Top","90.723","102.352","90"
"10µF","KON 10µF 50V X5R 10%  SMD BF 3216 (1206)","C53","CAPC3216X180N_V","24685","1","S003","","","10u","24685","3216 (1206)","SMT","Yes","X5R","10%","","50V","90.723","104.603","Top","90.723","104.603","90"
"10µF","KON 10µF 50V X5R 10%  SMD BF 3216 (1206)","C54","CAPC3216X180N_V","24685","1","S003","","","10u","24685","3216 (1206)","SMT","Yes","X5R","10%","","50V","90.723","106.854","Top","90.723","106.854","90"
"100nF","KON 100nF 50V X7R ±10% SMD BF 1608 (0603)","C55","CAPC1608X90N_V","21382","1","S003","","","100n","21382","1608 (0603)","SMT","Yes","X7R","±10%","","50V","90.403","108.539","Top","90.403","108.539","270"
"100µF","KON 100µF 6,3V X5R 20% SMD BF 3216 (1206)","C56","CAPC3216X180N_V","23116","1","S003","","","100u","23116","3216 (1206)","SMT","Yes","X5R","20%","","6.3V","96.22","100.139","Top","96.22","100.139","270"
"470nF","KON 470nF 50V X7R SMD  BF 1608 (0603)","C57","CAPC1608X90N_V","25476","1","S003","","","470n","25476","1608 (0603)","SMT","Yes","X7R","","","50V","97.442","107.843","Top","97.442","107.843","0"
"100µF","KON 100µF 6,3V X5R 20% SMD BF 3216 (1206)","C58","CAPC3216X180N_V","23116","1","S003","","","100u","23116","3216 (1206)","SMT","Yes","X5R","20%","","6.3V","96.22","104.797","Top","96.22","104.797","270"
"100µF","KON 100µF 6,3V X5R 20% SMD BF 3216 (1206)","C59","CAPC3216X180N_V","23116","1","S003","","","100u","23116","3216 (1206)","SMT","Yes","X5R","20%","","6.3V","96.22","102.494","Top","96.22","102.494","270"
"220nF","KON 220nF 50V X7R ±10% SMD BF 1608 (0603)","C60","CAPC1608X90N_V","29694","1","S003","","","220n","29694","1608 (0603)","SMT","","X7R","±10%","","50V","96.205","107.864","Top","96.205","107.864","0"
"10µF","KON 10µF 50V X5R 10%  SMD BF 3216 (1206)","C61","CAPC3216X180N_V","24685","1","S003","","","10u","24685","3216 (1206)","SMT","Yes","X5R","10%","","50V","74.893","100.11","Top","74.893","100.11","90"
"10µF","KON 10µF 50V X5R 10%  SMD BF 3216 (1206)","C62","CAPC3216X180N_V","24685","1","S003","","","10u","24685","3216 (1206)","SMT","Yes","X5R","10%","","50V","74.887","102.352","Top","74.887","102.352","90"
"10µF","KON 10µF 50V X5R 10%  SMD BF 3216 (1206)","C63","CAPC3216X180N_V","24685","1","S003","","","10u","24685","3216 (1206)","SMT","Yes","X5R","10%","","50V","74.886","104.603","Top","74.886","104.603","90"
"10µF","KON 10µF 50V X5R 10%  SMD BF 3216 (1206)","C64","CAPC3216X180N_V","24685","1","S003","","","10u","24685","3216 (1206)","SMT","Yes","X5R","10%","","50V","74.886","106.854","Top","74.886","106.854","90"
"100nF","KON 100nF 50V X7R ±10% SMD BF 1608 (0603)","C65","CAPC1608X90N_V","21382","1","S003","","","100n","21382","1608 (0603)","SMT","Yes","X7R","±10%","","50V","75.003","108.539","Top","75.003","108.539","270"
"100µF","KON 100µF 6,3V X5R 20% SMD BF 3216 (1206)","C66","CAPC3216X180N_V","23116","1","S003","","","100u","23116","3216 (1206)","SMT","Yes","X5R","20%","","6.3V","80.818","100.139","Top","80.818","100.139","270"
"470nF","KON 470nF 50V X7R SMD  BF 1608 (0603)","C67","CAPC1608X90N_V","25476","1","S003","","","470n","25476","1608 (0603)","SMT","Yes","X7R","","","50V","81.903","107.539","Top","81.903","107.539","0"
"100µF","KON 100µF 6,3V X5R 20% SMD BF 3216 (1206)","C68","CAPC3216X180N_V","23116","1","S003","","","100u","23116","3216 (1206)","SMT","Yes","X5R","20%","","6.3V","80.818","104.797","Top","80.818","104.797","270"
"100µF","KON 100µF 6,3V X5R 20% SMD BF 3216 (1206)","C69","CAPC3216X180N_V","23116","1","S003","","","100u","23116","3216 (1206)","SMT","Yes","X5R","20%","","6.3V","80.818","102.494","Top","80.818","102.494","270"
"220nF","KON 220nF 50V X7R ±10% SMD BF 1608 (0603)","C70","CAPC1608X90N_V","29694","1","S003","","","220n","29694","1608 (0603)","SMT","","X7R","±10%","","50V","80.686","107.544","Top","80.686","107.544","0"
"470nF","KON 470nF 50V X7R SMD  BF 1608 (0603)","C71","CAPC1608X90N_V","25476","1","S003","","","470n","25476","1608 (0603)","SMT","Yes","X7R","","","50V","23.003","87.596","Top","23.003","87.596","90"
"47µF","KON 47µF 6,3V X5R 20% SMD BF 2012 (0805)","C72","CAPC2012X135N_V","24718","1","S003","","","47u","24718","2012 (0805)","SMT","Yes","X5R","20%","","6.3V","4.5","82.2","Top","4.5","82.2","90"
"100nF","KON 100nF 6.3V X5R 10% SMD BF 0603 (0201)","C73A","CAPC0603X33N_V","24915","1","S003","","","100n","24915","0603 (0201)","SMT","Yes","X5R","10%","","6.3V","55.95","79.9","Top","55.95","79.9","0"
"100nF","KON 100nF 6.3V X5R 10% SMD BF 0603 (0201)","C73B","CAPC0603X33N_V","24915","1","S003","","","100n","24915","0603 (0201)","SMT","Yes","X5R","10%","","6.3V","61.725","102.93","Top","61.725","102.93","180"
"100nF","KON 100nF 6.3V X5R 10% SMD BF 0603 (0201)","C74A","CAPC0603X33N_V","24915","1","S003","","","100n","24915","0603 (0201)","SMT","Yes","X5R","10%","","6.3V","55.3","79.9","Top","55.3","79.9","0"
"100nF","KON 100nF 6.3V X5R 10% SMD BF 0603 (0201)","C74B","CAPC0603X33N_V","24915","1","S003","","","100n","24915","0603 (0201)","SMT","Yes","X5R","10%","","6.3V","61.075","102.93","Top","61.075","102.93","180"
"100nF","KON 100nF 50V X7R ±10% SMD BF 1608 (0603)","C75","CAPC1608X90N_V","21382","1","S003","","","100n","21382","1608 (0603)","SMT","Yes","X7R","±10%","","50V","218.13","14.45","Top","218.13","14.45","90"
"100nF","KON 100nF 50V X7R ±10% SMD BF 1608 (0603)","C76","CAPC1608X90N_V","21382","1","S003","","","100n","21382","1608 (0603)","SMT","Yes","X7R","±10%","","50V","233.715","14.45","Top","233.715","14.45","90"
"100nF","KON 100nF 50V X7R ±10% SMD BF 1608 (0603)","C77","CAPC1608X90N_V","21382","1","S003","","","100n","21382","1608 (0603)","SMT","Yes","X7R","±10%","","50V","111.631","30.711","Top","111.631","30.711","180"
"100nF","KON 100nF 50V X7R ±10% SMD BF 1608 (0603)","C78","CAPC1608X90N_V","21382","1","S003","","","100n","21382","1608 (0603)","SMT","Yes","X7R","±10%","","50V","110.488","30.711","Top","110.488","30.711","0"
"100nF","KON 100nF 50V X7R ±10% SMD BF 1608 (0603)","C79","CAPC1608X90N_V","21382","1","S003","","","100n","21382","1608 (0603)","SMT","Yes","X7R","±10%","","50V","117.949","28.044","Top","117.949","28.044","0"
"100nF","KON 100nF 50V X7R ±10% SMD BF 1608 (0603)","C80","CAPC1608X90N_V","21382","1","S003","","","100n","21382","1608 (0603)","SMT","Yes","X7R","±10%","","50V","115.443","16.129","Top","115.443","16.129","270"
"1nF","KON 1nF 50V NP0 5% SMD BF 1608 (0603)","C81","CAPC1608X90N_V","22523","1","S003","","","1n","22523","1608 (0603)","SMT","","NP0","","","50V","102.489","12.192","Top","102.489","12.192","90"
"100nF","KON 100nF 50V X7R ±10% SMD BF 1608 (0603)","C82","CAPC1608X90N_V","21382","1","S003","","","100n","21382","1608 (0603)","SMT","Yes","X7R","±10%","","50V","104.72","30.584","Top","104.72","30.584","180"
"22µF","KON 22µF 25V  X5R 20% SMD BF 2012 (0805)","C83","CAPC2012X135N_V","29556","1","S003","","","22u","29556","2012 (0805)","SMT","","X5R","20%","","25V","108.3","14.8","Top","108.3","14.8","90"
"10µF","KON 10µF 6,3V X5R SMD BF 1608 (0603)","C84","CAPC1608X90N_V","22918","1","S003","","","10u","22918","1608 (0603)","SMT","","X5R","","","6.3V","102.489","10.922","Top","102.489","10.922","270"
"100nF","KON 100nF 6.3V X5R 10% SMD BF 0603 (0201)","C85A","CAPC0603X33N_V","24915","1","S003","","","100n","24915","0603 (0201)","SMT","Yes","X5R","10%","","6.3V","60.8","117.77","Top","60.8","117.77","180"
"100nF","KON 100nF 6.3V X5R 10% SMD BF 0603 (0201)","C85B","CAPC0603X33N_V","24915","1","S003","","","100n","24915","0603 (0201)","SMT","Yes","X5R","10%","","6.3V","53.8","79.9","Top","53.8","79.9","0"
"100nF","KON 100nF 6.3V X5R 10% SMD BF 0603 (0201)","C86A","CAPC0603X33N_V","24915","1","S003","","","100n","24915","0603 (0201)","SMT","Yes","X5R","10%","","6.3V","61.45","117.77","Top","61.45","117.77","180"
"100nF","KON 100nF 6.3V X5R 10% SMD BF 0603 (0201)","C86B","CAPC0603X33N_V","24915","1","S003","","","100n","24915","0603 (0201)","SMT","Yes","X5R","10%","","6.3V","54.45","79.9","Top","54.45","79.9","0"
"470nF","KON 470nF 50V X7R SMD  BF 1608 (0603)","C87","CAPC1608X90N_V","25476","1","S003","","","470n","25476","1608 (0603)","SMT","Yes","X7R","","","50V","34.424","101.017","Top","34.424","101.017","0"
"100nF","KON 100nF 50V X7R ±10% SMD BF 1608 (0603)","C88A","CAPC1608X90N_V","21382","1","S003","","","100n","21382","1608 (0603)","SMT","Yes","X7R","±10%","","50V","128.615","112.034","Top","128.615","112.034","0"
"100nF","KON 100nF 50V X7R ±10% SMD BF 1608 (0603)","C88B","CAPC1608X90N_V","21382","1","S003","","","100n","21382","1608 (0603)","SMT","Yes","X7R","±10%","","50V","154.25","112.034","Top","154.25","112.034","0"
"10µF","KON 10µF 50V X5R 10%  SMD BF 3216 (1206)","C89A","CAPC3216X180N_V","24685","1","S003","","","10u","24685","3216 (1206)","SMT","Yes","X5R","10%","","50V","125.415","111.634","Top","125.415","111.634","180"
"10µF","KON 10µF 50V X5R 10%  SMD BF 3216 (1206)","C89B","CAPC3216X180N_V","24685","1","S003","","","10u","24685","3216 (1206)","SMT","Yes","X5R","10%","","50V","151.05","111.634","Top","151.05","111.634","180"
"100nF","KON 100nF 50V X7R ±10% SMD BF 1608 (0603)","C90A","CAPC1608X90N_V","21382","1","S003","","","100n","21382","1608 (0603)","SMT","Yes","X7R","±10%","","50V","127.215","111.034","Top","127.215","111.034","0"
"100nF","KON 100nF 50V X7R ±10% SMD BF 1608 (0603)","C90B","CAPC1608X90N_V","21382","1","S003","","","100n","21382","1608 (0603)","SMT","Yes","X7R","±10%","","50V","152.85","111.034","Top","152.85","111.034","0"
"100nF","KON 100nF 50V X7R ±10% SMD BF 1608 (0603)","C91A","CAPC1608X90N_V","21382","1","S003","","","100n","21382","1608 (0603)","SMT","Yes","X7R","±10%","","50V","127.615","107.734","Top","127.615","107.734","180"
"100nF","KON 100nF 50V X7R ±10% SMD BF 1608 (0603)","C91B","CAPC1608X90N_V","21382","1","S003","","","100n","21382","1608 (0603)","SMT","Yes","X7R","±10%","","50V","153.25","107.734","Top","153.25","107.734","180"
"47µF","KON 47µF 6,3V X5R 20% SMD BF 2012 (0805)","C92A","CAPC2012X135N_V","24718","1","S003","","","47u","24718","2012 (0805)","SMT","Yes","X5R","20%","","6.3V","130.215","119.334","Top","130.215","119.334","180"
"47µF","KON 47µF 6,3V X5R 20% SMD BF 2012 (0805)","C92B","CAPC2012X135N_V","24718","1","S003","","","47u","24718","2012 (0805)","SMT","Yes","X5R","20%","","6.3V","155.65","119.334","Top","155.65","119.334","180"
"47µF","KON 47µF 6,3V X5R 20% SMD BF 2012 (0805)","C93A","CAPC2012X135N_V","24718","1","S003","","","47u","24718","2012 (0805)","SMT","Yes","X5R","20%","","6.3V","133.115","119.334","Top","133.115","119.334","180"
"47µF","KON 47µF 6,3V X5R 20% SMD BF 2012 (0805)","C93B","CAPC2012X135N_V","24718","1","S003","","","47u","24718","2012 (0805)","SMT","Yes","X5R","20%","","6.3V","158.65","119.334","Top","158.65","119.334","180"
"4.7nF","KON 4.7nF 50V NP0 ±5%  SMD BF 1608 (0603)","C94A","CAPC1608X90N_V","29638","1","S003","","","4.7n","29638","1608 (0603)","SMT","","NP0","±5%","","50V","138.615","109.634","Top","138.615","109.634","180"
"4.7nF","KON 4.7nF 50V NP0 ±5%  SMD BF 1608 (0603)","C94B","CAPC1608X90N_V","29638","1","S003","","","4.7n","29638","1608 (0603)","SMT","","NP0","±5%","","50V","164.25","109.634","Top","164.25","109.634","180"
"47pF","KON 47pF 50V NP0 5%  SMD BF 1608 (0603)","C95A","CAPC1608X90N_V","25942","1","S003","","","47p","25942","1608 (0603)","SMT","Yes","NP0","5%","","50V","137.215","109.634","Top","137.215","109.634","180"
"47pF","KON 47pF 50V NP0 5%  SMD BF 1608 (0603)","C95B","CAPC1608X90N_V","25942","1","S003","","","47p","25942","1608 (0603)","SMT","Yes","NP0","5%","","50V","162.85","109.634","Top","162.85","109.634","180"
"100nF","KON 100nF 50V X7R ±10% SMD BF 1608 (0603)","C96A","CAPC1608X90N_V","21382","1","S003","","","100n","21382","1608 (0603)","SMT","Yes","X7R","±10%","","50V","26.091","24.665","Top","26.091","24.665","270"
"100nF","KON 100nF 50V X7R ±10% SMD BF 1608 (0603)","C96B","CAPC1608X90N_V","21382","1","S003","","","100n","21382","1608 (0603)","SMT","Yes","X7R","±10%","","50V","26.091","32.302","Bottom","26.091","32.302","270"
"100nF","KON 100nF 50V X7R ±10% SMD BF 1608 (0603)","C96C","CAPC1608X90N_V","21382","1","S003","","","100n","21382","1608 (0603)","SMT","Yes","X7R","±10%","","50V","26.1","19.5","Bottom","26.1","19.5","270"
"100nF","KON 100nF 50V X7R ±10% SMD BF 1608 (0603)","C97A","CAPC1608X90N_V","21382","1","S003","","","100n","21382","1608 (0603)","SMT","Yes","X7R","±10%","","50V","38.996","14.739","Top","38.996","14.739","0"
"100nF","KON 100nF 50V X7R ±10% SMD BF 1608 (0603)","C97B","CAPC1608X90N_V","21382","1","S003","","","100n","21382","1608 (0603)","SMT","Yes","X7R","±10%","","50V","38.996","29.855","Bottom","38.996","29.855","0"
"100nF","KON 100nF 50V X7R ±10% SMD BF 1608 (0603)","C97C","CAPC1608X90N_V","21382","1","S003","","","100n","21382","1608 (0603)","SMT","Yes","X7R","±10%","","50V","38.95","17.11","Bottom","38.95","17.11","0"
"100nF","KON 100nF 50V X7R ±10% SMD BF 1608 (0603)","C98A","CAPC1608X90N_V","21382","1","S003","","","100n","21382","1608 (0603)","SMT","Yes","X7R","±10%","","50V","37.679","14.739","Top","37.679","14.739","180"
"100nF","KON 100nF 50V X7R ±10% SMD BF 1608 (0603)","C98B","CAPC1608X90N_V","21382","1","S003","","","100n","21382","1608 (0603)","SMT","Yes","X7R","±10%","","50V","37.68","22.376","Bottom","37.68","22.376","0"
"100nF","KON 100nF 50V X7R ±10% SMD BF 1608 (0603)","C98C","CAPC1608X90N_V","21382","1","S003","","","100n","21382","1608 (0603)","SMT","Yes","X7R","±10%","","50V","37.75","9.8","Bottom","37.75","9.8","0"
"100nF","KON 100nF 50V X7R ±10% SMD BF 1608 (0603)","C99A","CAPC1608X90N_V","21382","1","S003","","","100n","21382","1608 (0603)","SMT","Yes","X7R","±10%","","50V","37.75","22.218","Top","37.75","22.218","0"
"100nF","KON 100nF 50V X7R ±10% SMD BF 1608 (0603)","C99B","CAPC1608X90N_V","21382","1","S003","","","100n","21382","1608 (0603)","SMT","Yes","X7R","±10%","","50V","37.68","29.855","Bottom","37.68","29.855","180"
"100nF","KON 100nF 50V X7R ±10% SMD BF 1608 (0603)","C99C","CAPC1608X90N_V","21382","1","S003","","","100n","21382","1608 (0603)","SMT","Yes","X7R","±10%","","50V","37.75","17.11","Bottom","37.75","17.11","180"
"10nF","KON 10nF 10V X7R 10% SMD BF 0603 (0201)","C100","CAPC0603X33N_V","26312","1","S003","","","10n","26312","0603 (0201)","SMT","Yes","X7R","10%","","10V","120.117","49.925","Top","120.117","49.925","270"
"10nF","KON 10nF 10V X7R 10% SMD BF 0603 (0201)","C101","CAPC0603X33N_V","26312","1","S003","","","10n","26312","0603 (0201)","SMT","Yes","X7R","10%","","10V","120.117","49.325","Top","120.117","49.325","270"
"1nF","KON 1nF 50V NP0 5% SMD BF 1608 (0603)","C102","CAPC1608X90N_V","22523","1","S003","","","1n","22523","1608 (0603)","SMT","","NP0","","","50V","15.913","29.191","Top","15.913","29.191","0"
"100nF","KON 100nF 50V X7R ±10% SMD BF 1608 (0603)","C103","CAPC1608X90N_V","21382","1","S003","","","100n","21382","1608 (0603)","SMT","Yes","X7R","±10%","","50V","38.303","32.631","Top","38.303","32.631","90"
"22µF","KON 22µF 25V  X5R 20% SMD BF 2012 (0805)","C104","CAPC2012X135N_V","29556","1","S003","","","22u","29556","2012 (0805)","SMT","","X5R","20%","","25V","18.351","31.655","Top","18.351","31.655","270"
"10µF","KON 10µF 6,3V X5R SMD BF 1608 (0603)","C105","CAPC1608X90N_V","22918","1","S003","","","10u","22918","1608 (0603)","SMT","","X5R","","","6.3V","21.374","25.879","Top","21.374","25.879","90"
"100nF","KON 100nF 50V X7R ±10% SMD BF 1608 (0603)","C106A","CAPC1608X90N_V","21382","1","S003","","","100n","21382","1608 (0603)","SMT","Yes","X7R","±10%","","50V","200.3","29.09","Bottom","200.3","29.09","90"
"100nF","KON 100nF 50V X7R ±10% SMD BF 1608 (0603)","C106B","CAPC1608X90N_V","21382","1","S003","","","100n","21382","1608 (0603)","SMT","Yes","X7R","±10%","","50V","200.3","26.49","Bottom","200.3","26.49","90"
"100nF","KON 100nF 50V X7R ±10% SMD BF 1608 (0603)","C106C","CAPC1608X90N_V","21382","1","S003","","","100n","21382","1608 (0603)","SMT","Yes","X7R","±10%","","50V","200.3","21.59","Bottom","200.3","21.59","90"
"100nF","KON 100nF 50V X7R ±10% SMD BF 1608 (0603)","C106D","CAPC1608X90N_V","21382","1","S003","","","100n","21382","1608 (0603)","SMT","Yes","X7R","±10%","","50V","200.3","18.99","Bottom","200.3","18.99","90"
"100nF","KON 100nF 50V X7R ±10% SMD BF 1608 (0603)","C106E","CAPC1608X90N_V","21382","1","S003","","","100n","21382","1608 (0603)","SMT","Yes","X7R","±10%","","50V","22.289","14.542","Top","22.289","14.542","180"
"100nF","KON 100nF 50V X7R ±10% SMD BF 1608 (0603)","C106F","CAPC1608X90N_V","21382","1","S003","","","100n","21382","1608 (0603)","SMT","Yes","X7R","±10%","","50V","23.749","14.542","Top","23.749","14.542","180"
"100nF","KON 100nF 50V X7R ±10% SMD BF 1608 (0603)","C106G","CAPC1608X90N_V","21382","1","S003","","","100n","21382","1608 (0603)","SMT","Yes","X7R","±10%","","50V","23.749","22.499","Top","23.749","22.499","0"
"100nF","KON 100nF 50V X7R ±10% SMD BF 1608 (0603)","C106H","CAPC1608X90N_V","21382","1","S003","","","100n","21382","1608 (0603)","SMT","Yes","X7R","±10%","","50V","22.289","22.499","Top","22.289","22.499","0"
"100nF","KON 100nF 50V X7R ±10% SMD BF 1608 (0603)","C106I","CAPC1608X90N_V","21382","1","S003","","","100n","21382","1608 (0603)","SMT","Yes","X7R","±10%","","50V","22.263","30.136","Bottom","22.263","30.136","180"
"100nF","KON 100nF 50V X7R ±10% SMD BF 1608 (0603)","C106J","CAPC1608X90N_V","21382","1","S003","","","100n","21382","1608 (0603)","SMT","Yes","X7R","±10%","","50V","23.755","30.136","Bottom","23.755","30.136","180"
"100nF","KON 100nF 50V X7R ±10% SMD BF 1608 (0603)","C106K","CAPC1608X90N_V","21382","1","S003","","","100n","21382","1608 (0603)","SMT","Yes","X7R","±10%","","50V","23.717","22.179","Bottom","23.717","22.179","0"
"100nF","KON 100nF 50V X7R ±10% SMD BF 1608 (0603)","C106L","CAPC1608X90N_V","21382","1","S003","","","100n","21382","1608 (0603)","SMT","Yes","X7R","±10%","","50V","22.263","22.179","Bottom","22.263","22.179","0"
"100nF","KON 100nF 50V X7R ±10% SMD BF 1608 (0603)","C106M","CAPC1608X90N_V","21382","1","S003","","","100n","21382","1608 (0603)","SMT","Yes","X7R","±10%","","50V","22.231","17.206","Bottom","22.231","17.206","180"
"100nF","KON 100nF 50V X7R ±10% SMD BF 1608 (0603)","C106N","CAPC1608X90N_V","21382","1","S003","","","100n","21382","1608 (0603)","SMT","Yes","X7R","±10%","","50V","23.558","17.206","Bottom","23.558","17.206","180"
"100nF","KON 100nF 50V X7R ±10% SMD BF 1608 (0603)","C106O","CAPC1608X90N_V","21382","1","S003","","","100n","21382","1608 (0603)","SMT","Yes","X7R","±10%","","50V","23.7","9.21","Bottom","23.7","9.21","0"
"100nF","KON 100nF 50V X7R ±10% SMD BF 1608 (0603)","C106P","CAPC1608X90N_V","21382","1","S003","","","100n","21382","1608 (0603)","SMT","Yes","X7R","±10%","","50V","22.169","9.21","Bottom","22.169","9.21","0"
"100nF","KON 100nF 50V X7R ±10% SMD BF 1608 (0603)","C107","CAPC1608X90N_V","21382","1","S003","","","100n","21382","1608 (0603)","SMT","Yes","X7R","±10%","","50V","227.309","114.691","Top","227.309","114.691","270"
"100µF","KON 100µF 6,3V X5R 20% SMD BF 3216 (1206)","C108","CAPC3216X180N_V","23116","1","S003","","","100u","23116","3216 (1206)","SMT","Yes","X5R","20%","","6.3V","111.497","97.6","Top","111.497","97.6","270"
"470nF","KON 470nF 50V X7R SMD  BF 1608 (0603)","C109","CAPC1608X90N_V","25476","1","S003","","","470n","25476","1608 (0603)","SMT","Yes","X7R","","","50V","31.15","112.65","Bottom","31.15","112.65","180"
"100nF","KON 100nF 50V X7R ±10% SMD BF 1608 (0603)","C110","CAPC1608X90N_V","21382","1","S003","","","100n","21382","1608 (0603)","SMT","Yes","X7R","±10%","","50V","132.486","56.185","Top","132.486","56.185","180"
"100nF","KON 100nF 50V X7R ±10% SMD BF 1608 (0603)","C111","CAPC1608X90N_V","21382","1","S003","","","100n","21382","1608 (0603)","SMT","Yes","X7R","±10%","","50V","133.68","56.185","Top","133.68","56.185","0"
"100pF","KON 100pF 50V NP0 ±5% SMD BF 1608 (0603)","C112","CAPC1608X90N_V","21381","1","S003","","","100p","21381","1608 (0603)","SMT","Yes","C0G NP0","±5%","","50V","218.603","84.349","Top","218.603","84.349","0"
"100pF","KON 100pF 50V NP0 ±5% SMD BF 1608 (0603)","C113","CAPC1608X90N_V","21381","1","S003","","","100p","21381","1608 (0603)","SMT","Yes","C0G NP0","±5%","","50V","218.6","88.2","Top","218.6","88.2","0"
"100pF","KON 100pF 50V NP0 ±5% SMD BF 1608 (0603)","C114","CAPC1608X90N_V","21381","1","S003","","","100p","21381","1608 (0603)","SMT","Yes","C0G NP0","±5%","","50V","223.1","89.7","Top","223.1","89.7","90"
"100pF","KON 100pF 50V NP0 ±5% SMD BF 1608 (0603)","C115","CAPC1608X90N_V","21381","1","S003","","","100p","21381","1608 (0603)","SMT","Yes","C0G NP0","±5%","","50V","225.007","85.199","Top","225.007","85.199","0"
"100pF","KON 100pF 50V NP0 ±5% SMD BF 1608 (0603)","C116","CAPC1608X90N_V","21381","1","S003","","","100p","21381","1608 (0603)","SMT","Yes","C0G NP0","±5%","","50V","224.8","88.8","Top","224.8","88.8","0"
"100nF","KON 100nF 50V X7R ±10% SMD BF 1608 (0603)","C117","CAPC1608X90N_V","21382","1","S003","","","100n","21382","1608 (0603)","SMT","Yes","X7R","±10%","","50V","177.3","96.6","Top","177.3","96.6","90"
"100nF","KON 100nF 50V X7R ±10% SMD BF 1608 (0603)","C118","CAPC1608X90N_V","21382","1","S003","","","100n","21382","1608 (0603)","SMT","Yes","X7R","±10%","","50V","179.8","96.6","Top","179.8","96.6","270"
"470nF","KON 470nF 50V X7R SMD  BF 1608 (0603)","C119","CAPC1608X90N_V","25476","1","S003","","","470n","25476","1608 (0603)","SMT","Yes","X7R","","","50V","38.389","108.773","Bottom","38.389","108.773","90"
"470nF","KON 470nF 50V X7R SMD  BF 1608 (0603)","C120","CAPC1608X90N_V","25476","1","S003","","","470n","25476","1608 (0603)","SMT","Yes","X7R","","","50V","38.389","110.135","Bottom","38.389","110.135","90"
"10µF","KON 10µF 50V X5R 10%  SMD BF 3216 (1206)","C121","CAPC3216X180N_V","24685","1","S003","","","10u","24685","3216 (1206)","SMT","Yes","X5R","10%","","50V","202.908","115.072","Top","202.908","115.072","90"
"100nF","KON 100nF 50V X7R ±10% SMD BF 1608 (0603)","C122","CAPC1608X90N_V","21382","1","S003","","","100n","21382","1608 (0603)","SMT","Yes","X7R","±10%","","50V","84.603","104.739","Top","84.603","104.739","0"
"100nF","KON 100nF 50V X7R ±10% SMD BF 1608 (0603)","C123","CAPC1608X90N_V","21382","1","S003","","","100n","21382","1608 (0603)","SMT","Yes","X7R","±10%","","50V","70.403","112.339","Top","70.403","112.339","0"
"100nF","KON 100nF 50V X7R ±10% SMD BF 1608 (0603)","C124","CAPC1608X90N_V","21382","1","S003","","","100n","21382","1608 (0603)","SMT","Yes","X7R","±10%","","50V","61","29.2","Top","61","29.2","90"
"100nF","KON 100nF 50V X7R ±10% SMD BF 1608 (0603)","C125","CAPC1608X90N_V","21382","1","S003","","","100n","21382","1608 (0603)","SMT","Yes","X7R","±10%","","50V","63.5","29.2","Top","63.5","29.2","270"
"470nF","KON 470nF 50V X7R SMD  BF 1608 (0603)","C126","CAPC1608X90N_V","25476","1","S003","","","470n","25476","1608 (0603)","SMT","Yes","X7R","","","50V","31.8","104.928","Bottom","31.8","104.928","0"
"470nF","KON 470nF 50V X7R SMD  BF 1608 (0603)","C127","CAPC1608X90N_V","25476","1","S003","","","470n","25476","1608 (0603)","SMT","Yes","X7R","","","50V","28.457","105.006","Bottom","28.457","105.006","180"
"470nF","KON 470nF 50V X7R SMD  BF 1608 (0603)","C128","CAPC1608X90N_V","25476","1","S003","","","470n","25476","1608 (0603)","SMT","Yes","X7R","","","50V","27.644","110.196","Bottom","27.644","110.196","90"
"4.7µF","KON 4.7µF 25V X5R 20%  SMD BF 1608 (0603)","C129","CAPC1608X90N_V","29699","1","S003","","","4.7u","29699","1608 (0603)","SMT","Yes","X5R","20%","","25V","35.315","112.888","Bottom","35.315","112.888","180"
"100pF","KON 100pF 1000V X7R 10%  BF 3216 (1206)","C130","CAPC3216X180N_V","22679","1","S003","","","100p","22679","3216 (1206)","SMT","Yes","X7R","10%","","1000V","14.278","108.943","Bottom","14.278","108.943","270"
"4.7µF","KON 4.7µF 25V X5R 20%  SMD BF 1608 (0603)","C131","CAPC1608X90N_V","29699","1","S003","","","4.7u","29699","1608 (0603)","SMT","Yes","X5R","20%","","25V","37.297","104.243","Bottom","37.297","104.243","180"
"470nF","KON 470nF 50V X7R SMD  BF 1608 (0603)","C132","CAPC1608X90N_V","25476","1","S003","","","470n","25476","1608 (0603)","SMT","Yes","X7R","","","50V","33.791","112.888","Bottom","33.791","112.888","180"
"470nF","KON 470nF 50V X7R SMD  BF 1608 (0603)","C133","CAPC1608X90N_V","25476","1","S003","","","470n","25476","1608 (0603)","SMT","Yes","X7R","","","50V","38.5","104.243","Bottom","38.5","104.243","180"
"470nF","KON 470nF 50V X7R SMD  BF 1608 (0603)","C134","CAPC1608X90N_V","25476","1","S003","","","470n","25476","1608 (0603)","SMT","Yes","X7R","","","50V","28.28","107.875","Bottom","28.28","107.875","180"
"10µF","KON 10µF 6,3V X5R SMD BF 1608 (0603)","C135","CAPC1608X90N_V","22918","1","S003","","","10u","22918","1608 (0603)","SMT","","X5R","","","6.3V","26.959","107.875","Bottom","26.959","107.875","180"
"470nF","KON 470nF 50V X7R SMD  BF 1608 (0603)","C136","CAPC1608X90N_V","25476","1","S003","","","470n","25476","1608 (0603)","SMT","Yes","X7R","","","50V","34.477","102.236","Bottom","34.477","102.236","90"
"10µF","KON 10µF 6,3V X5R SMD BF 1608 (0603)","C137","CAPC1608X90N_V","22918","1","S003","","","10u","22918","1608 (0603)","SMT","","X5R","","","6.3V","27.899","104.878","Top","27.899","104.878","90"
"470nF","KON 470nF 50V X7R SMD  BF 1608 (0603)","C138","CAPC1608X90N_V","25476","1","S003","","","470n","25476","1608 (0603)","SMT","Yes","X7R","","","50V","33.08","104.928","Bottom","33.08","104.928","0"
"220nF","KON 220nF 50V X7R ±10% SMD BF 1608 (0603)","C139","CAPC1608X90N_V","29694","1","S003","","","220n","29694","1608 (0603)","SMT","","X7R","±10%","","50V","35.488","105.009","Bottom","35.488","105.009","270"
"100nF","KON 100nF 6.3V X5R 10% SMD BF 0603 (0201)","C140","CAPC0603X33N_V","24915","1","S003","","","100n","24915","0603 (0201)","SMT","Yes","X5R","10%","","6.3V","52.95","79.9","Top","52.95","79.9","0"
"100nF","KON 100nF 6.3V X5R 10% SMD BF 0603 (0201)","C141","CAPC0603X33N_V","24915","1","S003","","","100n","24915","0603 (0201)","SMT","Yes","X5R","10%","","6.3V","52.3","79.9","Top","52.3","79.9","0"
"100nF","KON 100nF 6.3V X5R 10% SMD BF 0603 (0201)","C142","CAPC0603X33N_V","24915","1","S003","","","100n","24915","0603 (0201)","SMT","Yes","X5R","10%","","6.3V","50.85","117.83","Top","50.85","117.83","0"
"100nF","KON 100nF 6.3V X5R 10% SMD BF 0603 (0201)","C143","CAPC0603X33N_V","24915","1","S003","","","100n","24915","0603 (0201)","SMT","Yes","X5R","10%","","6.3V","50.2","117.83","Top","50.2","117.83","0"
"100nF","KON 100nF 50V X7R ±10% SMD BF 1608 (0603)","C144","CAPC1608X90N_V","21382","1","S003","","","100n","21382","1608 (0603)","SMT","Yes","X7R","±10%","","50V","25.181","114.064","Bottom","25.181","114.064","180"
"10µF","KON 10µF 50V X5R 10%  SMD BF 3216 (1206)","C145","CAPC3216X180N_V","24685","1","S003","","","10u","24685","3216 (1206)","SMT","Yes","X5R","10%","","50V","243.103","109.446","Top","243.103","109.446","270"
"10µF","KON 10µF 50V X5R 10%  SMD BF 3216 (1206)","C146","CAPC3216X180N_V","24685","1","S003","","","10u","24685","3216 (1206)","SMT","Yes","X5R","10%","","50V","243.103","106.855","Top","243.103","106.855","270"
"10µF","KON 10µF 50V X5R 10%  SMD BF 3216 (1206)","C147","CAPC3216X180N_V","24685","1","S003","","","10u","24685","3216 (1206)","SMT","Yes","X5R","10%","","50V","243.103","104.264","Top","243.103","104.264","270"
"100nF","KON 100nF 6.3V X5R 10% SMD BF 0603 (0201)","C148","CAPC0603X33N_V","24915","1","S003","","","100n","24915","0603 (0201)","SMT","Yes","X5R","10%","","6.3V","52.4","88.43","Top","52.4","88.43","180"
"100nF","KON 100nF 6.3V X5R 10% SMD BF 0603 (0201)","C149","CAPC0603X33N_V","24915","1","S003","","","100n","24915","0603 (0201)","SMT","Yes","X5R","10%","","6.3V","53.8","88.43","Top","53.8","88.43","180"
"100nF","KON 100nF 6.3V X5R 10% SMD BF 0603 (0201)","C150","CAPC0603X33N_V","24915","1","S003","","","100n","24915","0603 (0201)","SMT","Yes","X5R","10%","","6.3V","53.2","78.3","Top","53.2","78.3","270"
"100nF","KON 100nF 6.3V X5R 10% SMD BF 0603 (0201)","C151","CAPC0603X33N_V","24915","1","S003","","","100n","24915","0603 (0201)","SMT","Yes","X5R","10%","","6.3V","52.1","78.3","Top","52.1","78.3","90"
"100nF","KON 100nF 6.3V X5R 10% SMD BF 0603 (0201)","C152","CAPC0603X33N_V","24915","1","S003","","","100n","24915","0603 (0201)","SMT","Yes","X5R","10%","","6.3V","49.1","118.9","Top","49.1","118.9","180"
"100nF","KON 100nF 6.3V X5R 10% SMD BF 0603 (0201)","C153","CAPC0603X33N_V","24915","1","S003","","","100n","24915","0603 (0201)","SMT","Yes","X5R","10%","","6.3V","55.3","49.7","Top","55.3","49.7","180"
"100nF","KON 100nF 6.3V X5R 10% SMD BF 0603 (0201)","C154","CAPC0603X33N_V","24915","1","S003","","","100n","24915","0603 (0201)","SMT","Yes","X5R","10%","","6.3V","55.95","49.7","Top","55.95","49.7","180"
"100nF","KON 100nF 6.3V X5R 10% SMD BF 0603 (0201)","C155","CAPC0603X33N_V","24915","1","S003","","","100n","24915","0603 (0201)","SMT","Yes","X5R","10%","","6.3V","111.2","49.33","Top","111.2","49.33","90"
"100nF","KON 100nF 6.3V X5R 10% SMD BF 0603 (0201)","C156","CAPC0603X33N_V","24915","1","S003","","","100n","24915","0603 (0201)","SMT","Yes","X5R","10%","","6.3V","111.2","49.95","Top","111.2","49.95","90"
"100nF","KON 100nF 6.3V X5R 10% SMD BF 0603 (0201)","C157","CAPC0603X33N_V","24915","1","S003","","","100n","24915","0603 (0201)","SMT","Yes","X5R","10%","","6.3V","51.9","118.9","Top","51.9","118.9","180"
"100nF","KON 100nF 6.3V X5R 10% SMD BF 0603 (0201)","C158","CAPC0603X33N_V","24915","1","S003","","","100n","24915","0603 (0201)","SMT","Yes","X5R","10%","","6.3V","36.2","115.4","Top","36.2","115.4","270"
"100nF","KON 100nF 6.3V X5R 10% SMD BF 0603 (0201)","C159","CAPC0603X33N_V","24915","1","S003","","","100n","24915","0603 (0201)","SMT","Yes","X5R","10%","","6.3V","37.3","115.4","Top","37.3","115.4","90"
"100nF","KON 100nF 6.3V X5R 10% SMD BF 0603 (0201)","C160","CAPC0603X33N_V","24915","1","S003","","","100n","24915","0603 (0201)","SMT","Yes","X5R","10%","","6.3V","124.6","44.5","Top","124.6","44.5","270"
"100nF","KON 100nF 6.3V X5R 10% SMD BF 0603 (0201)","C161","CAPC0603X33N_V","24915","1","S003","","","100n","24915","0603 (0201)","SMT","Yes","X5R","10%","","6.3V","123.5","44.5","Top","123.5","44.5","90"
"LED Red 19-213/R6C-AL1M2VY/3T","Chip LED 0603 Briliant Red","D1","LEDC1608X55N_RED","28261","1","S003","","","","28261","1608 (0603)","SMT","Yes","","","","","99.308","95.859","Top","99.308","95.859","180"
"LED Red 19-213/R6C-AL1M2VY/3T","Chip LED 0603 Briliant Red","D2","LEDC1608X55N_RED","28261","1","S003","","","","28261","1608 (0603)","SMT","Yes","","","","","90.733","95.879","Top","90.733","95.879","180"
"LED Red 19-213/R6C-AL1M2VY/3T","Chip LED 0603 Briliant Red","D3","LEDC1608X55N_RED","28261","1","S003","","","","28261","1608 (0603)","SMT","Yes","","","","","82.01","95.909","Top","82.01","95.909","180"
"BAT46W-7-F","Schottky Diode 0.150A 100V SOD-123","D4A","SOD3715X145N","29999","1","S003","","","150mA","29999","SOD123","SMT","","","","","100V","215.421","42.945","Top","215.421","42.945","180"
"BAT46W-7-F","Schottky Diode 0.150A 100V SOD-123","D4B","SOD3715X145N","29999","1","S003","","","150mA","29999","SOD123","SMT","","","","","100V","245.901","42.945","Top","245.901","42.945","180"
"BAT46W-7-F","Schottky Diode 0.150A 100V SOD-123","D4C","SOD3715X145N","29999","1","S003","","","150mA","29999","SOD123","SMT","","","","","100V","276.381","42.945","Top","276.381","42.945","180"
"BAT46W-7-F","Schottky Diode 0.150A 100V SOD-123","D4D","SOD3715X145N","29999","1","S003","","","150mA","29999","SOD123","SMT","","","","","100V","306.861","42.945","Top","306.861","42.945","180"
"BAT46W-7-F","Schottky Diode 0.150A 100V SOD-123","D4E","SOD3715X145N","29999","1","S003","","","150mA","29999","SOD123","SMT","","","","","100V","337.341","42.945","Top","337.341","42.945","180"
"CDSOT23-T24CAN","TVS Diode 24/40V SOT23-3","D5A","SOT95P237X112-3N","27400","1","S003","","","","27400","SOT23-3","SMT","","","","","","142.11","17.527","Top","142.11","17.527","0"
"CDSOT23-T24CAN","TVS Diode 24/40V SOT23-3","D5B","SOT95P237X112-3N","27400","1","S003","","","","27400","SOT23-3","SMT","","","","","","168.062","17.527","Top","168.062","17.527","0"
"MBR0520LT1G","Schottky Diode 0.5A 20V SOD-123","D6A","SOD3816X120N","26768","1","S003","","","20V","26768","SOD123-FC","SMT","","","","","0.5A","131.826","20.955","Top","131.826","20.955","90"
"MBR0520LT1G","Schottky Diode 0.5A 20V SOD-123","D6B","SOD3816X120N","26768","1","S003","","","20V","26768","SOD123-FC","SMT","","","","","0.5A","157.778","20.955","Top","157.778","20.955","90"
"MBR0520LT1G","Schottky Diode 0.5A 20V SOD-123","D7A","SOD3816X120N","26768","1","S003","","","20V","26768","SOD123-FC","SMT","","","","","0.5A","125.6","20.4","Top","125.6","20.4","90"
"MBR0520LT1G","Schottky Diode 0.5A 20V SOD-123","D7B","SOD3816X120N","26768","1","S003","","","20V","26768","SOD123-FC","SMT","","","","","0.5A","151.552","20.4","Top","151.552","20.4","90"
"LED Green 19-213/G6C-BM1N2/DT","Chip LED 0603 Briliant Green","D10","LEDC1608X55N_GREEN","28262","1","S003","","","","28262","1608 (0603)","SMT","Yes","","","","","126.007","94.056","Top","126.007","94.056","180"
"LED Red 19-213/R6C-AL1M2VY/3T","Chip LED 0603 Briliant Red","D11","LEDC1608X55N_RED","28261","1","S003","","","","28261","1608 (0603)","SMT","Yes","","","","","125.971","96.679","Top","125.971","96.679","180"
"150060BS75000","Chip LED 0603 Blue","D12","LEDC1608X70N_BLUE","30779","1","S003","","","","30779","1608 (0603)","SMT","","","","","","126.007","99.288","Top","126.007","99.288","180"
"MBR0520LT1G","Schottky Diode 0.5A 20V SOD-123","D14","SOD3816X120N","26768","1","S003","","","20V","26768","SOD123-FC","SMT","","","","","0.5A","105.283","14.622","Top","105.283","14.622","90"
"MBR0520LT1G","Schottky Diode 0.5A 20V SOD-123","D15","SOD3816X120N","26768","1","S003","","","20V","26768","SOD123-FC","SMT","","","","","0.5A","99.8","14.622","Top","99.8","14.622","90"
"LED Red 19-213/R6C-AL1M2VY/3T","Chip LED 0603 Briliant Red","D16","LEDC1608X55N_RED","28261","1","S003","","","","28261","1608 (0603)","SMT","Yes","","","","","123.355","121.295","Top","123.355","121.295","180"
"STPS340-Y","Schottky Diode 3A 40V DO-214AA, SMB","D17A","DIOM5336X265N","26110","1","S003","","","","26110","SMB","SMT","","AEC-Q200","","","40V","133.715","114.534","Top","133.715","114.534","180"
"STPS340-Y","Schottky Diode 3A 40V DO-214AA, SMB","D17B","DIOM5336X265N","26110","1","S003","","","","26110","SMB","SMT","","AEC-Q200","","","40V","159.35","114.534","Top","159.35","114.534","180"
"LED Red 19-213/R6C-AL1M2VY/3T","Chip LED 0603 Briliant Red","D18","LEDC1608X55N_RED","28261","1","S003","","","","28261","1608 (0603)","SMT","Yes","","","","","148.978","120.857","Top","148.978","120.857","180"
"MBR0520LT1G","Schottky Diode 0.5A 20V SOD-123","D19","SOD3816X120N","26768","1","S003","","","20V","26768","SOD123-FC","SMT","","","","","0.5A","22.923","28.734","Top","22.923","28.734","0"
"MBR0520LT1G","Schottky Diode 0.5A 20V SOD-123","D20","SOD3816X120N","26768","1","S003","","","20V","26768","SOD123-FC","SMT","","","","","0.5A","22.923","31.401","Top","22.923","31.401","0"
"CPDA10R3V3U-HF","CPDA10R3V3U-HF","D21","DFN230X100X55X10N","29054","1","S003","","","","29054","TSLP-9-1","SMT","","","","","3.3V","200.4","24.3","Bottom","200.4","24.3","270"
"MMSZ5242BT1G","Zener Diode 12V 500mW ±5% SOD-123","D22","SOD3715X135N","29229","1","S003","","","","29229","SOD123","SMT","","","","","12V","224.515","116.723","Top","224.515","116.723","270"
"SMBJ36CA","TVS Diode 36/75.5V 600W","D23","DIOM5236X261N","27476","1","S003","","","600W","27476","SMB DO-214AA","SMT","","","","","36V","225.501","104.671","Top","225.501","104.671","180"
"150060BS75000","Chip LED 0603 Blue","D24A","LEDC1608X70N_BLUE","30779","1","S003","","","","30779","1608 (0603)","SMT","","","","","","84.074","12.68","Top","84.074","12.68","270"
"150060BS75000","Chip LED 0603 Blue","D24B","LEDC1608X70N_BLUE","30779","1","S003","","","","30779","1608 (0603)","SMT","","","","","","84.074","18.9","Top","84.074","18.9","270"
"150060BS75000","Chip LED 0603 Blue","D24C","LEDC1608X70N_BLUE","30779","1","S003","","","","30779","1608 (0603)","SMT","","","","","","84.154","25.68","Top","84.154","25.68","270"
"150060BS75000","Chip LED 0603 Blue","D24D","LEDC1608X70N_BLUE","30779","1","S003","","","","30779","1608 (0603)","SMT","","","","","","84.145","32.038","Top","84.145","32.038","270"
"LED Green 19-213/G6C-BM1N2/DT","Chip LED 0603 Briliant Green","D25","LEDC1608X55N_GREEN","28262","1","S003","","","","28262","1608 (0603)","SMT","Yes","","","","","73.7","95.799","Top","73.7","95.799","180"
"CPDA10R3V3U-HF","CPDA10R3V3U-HF","D27A","DFN230X100X55X10N","29054","1","S003","","","","29054","TSLP-9-1","SMT","","","","","3.3V","20.079","18.426","Top","20.079","18.426","0"
"CPDA10R3V3U-HF","CPDA10R3V3U-HF","D27B","DFN230X100X55X10N","29054","1","S003","","","","29054","TSLP-9-1","SMT","","","","","3.3V","20.011","26.075","Bottom","20.011","26.075","0"
"CPDA10R3V3U-HF","CPDA10R3V3U-HF","D27C","DFN230X100X55X10N","29054","1","S003","","","","29054","TSLP-9-1","SMT","","","","","3.3V","20.089","13.272","Bottom","20.089","13.272","0"
"Fuse 5A 125V SMD with holder","Fuse 5A 125V SMD with holder","F1","0154xxx","30775","1","S003","","Yes","5A","30775","","SMT","","","","","125V","215.259","111.019","Top","215.259","111.019","0"
"SS5-80-3.50-L-D-K-TR","Samtec Ultra Fine Pitch Socket REF192552-01, 160 Pins","J1","SS5-80-3.50-L-D-K-TR","27219","1","S003","","","","27219","","SMT","Yes","","","","","58.622","45.786","Top","58.622","45.786","0"
"SS5-80-3.50-L-D-K-TR","Samtec Ultra Fine Pitch Socket REF192552-01, 160 Pins","J2","SS5-80-3.50-L-D-K-TR","27219","1","S003","","","","27219","","SMT","Yes","","","","","58.622","84.186","Top","58.622","84.186","0"
"SS5-80-3.50-L-D-K-TR","Samtec Ultra Fine Pitch Socket REF192552-01, 160 Pins","J3","SS5-80-3.50-L-D-K-TR","27219","1","S003","","","","27219","","SMT","Yes","","","","","32.622","64.986","Top","32.622","64.986","90"
"SS5-80-3.50-L-D-K-TR","Samtec Ultra Fine Pitch Socket REF192552-01, 160 Pins","J4","SS5-80-3.50-L-D-K-TR","27219","1","S003","","","","27219","","SMT","Yes","","","","","84.622","64.986","Top","84.622","64.986","90"
"1µH","IND SMD 1µH 2.7A 59mOhm Shielded","L1","INDC2520X120N","28114","1","S003","","","1u","28114","2520 (1008)","SMT","","","20%","","2.7A","27.6","84","Bottom","27.6","84","90"
"MPZ1608S221A","Ferritdurchführung MPZ1608S221A","L2","INDC1608X95N_V","22718","1","S003","","Yes","220 OHm @ 100MHz","22718","1608 (0603)","SMT","Yes","50mOhm","25%","","2A","222.223","73.783","Top","222.223","73.783","270"
"MPZ1608S221A","Ferritdurchführung MPZ1608S221A","L3","INDC1608X95N_V","22718","1","S003","","Yes","220 OHm @ 100MHz","22718","1608 (0603)","SMT","Yes","50mOhm","25%","","2A","19.851","76.146","Top","19.851","76.146","0"
"MPZ1608S221A","Ferritdurchführung MPZ1608S221A","L4","INDC1608X95N_V","22718","1","S003","","Yes","220 OHm @ 100MHz","22718","1608 (0603)","SMT","Yes","50mOhm","25%","","2A","14.3","66.7","Bottom","14.3","66.7","270"
"0.3µH","Common Mode Choke SMT 0.3uH 2A 50mOhms","L5A","WE-CNSW-1812","30776","1","S003","","","0.3u","30776","WE-CNSW-1812","SMT","","50mOhm","20%","","2A","137.392","17.976","Top","137.392","17.976","0"
"0.3µH","Common Mode Choke SMT 0.3uH 2A 50mOhms","L5B","WE-CNSW-1812","30776","1","S003","","","0.3u","30776","WE-CNSW-1812","SMT","","50mOhm","20%","","2A","163.344","17.976","Top","163.344","17.976","0"
"WE-CBF","Ferritdurchführung SMD 0805","L6","INDC2012X92N_V","24513","1","S003","","Yes","","24513","2012 (0805)","SMT","","0.15Ohm","","","2000mA","102.703","103.339","Top","102.703","103.339","180"
"WE-CBF","Ferritdurchführung SMD 0805","L7","INDC2012X92N_V","24513","1","S003","","Yes","","24513","2012 (0805)","SMT","","0.15Ohm","","","2000mA","87.403","103.539","Top","87.403","103.539","180"
"WE-CBF","Ferritdurchführung SMD 0805","L8","INDC2012X92N_V","24513","1","S003","","Yes","","24513","2012 (0805)","SMT","","0.15Ohm","","","2000mA","71.7","105.452","Top","71.7","105.452","180"
"MPZ1608S221A","Ferritdurchführung MPZ1608S221A","L9","INDC1608X95N_V","22718","1","S003","","Yes","220 OHm @ 100MHz","22718","1608 (0603)","SMT","Yes","50mOhm","25%","","2A","36.331","100.036","Top","36.331","100.036","270"
"MPZ1608S221A","Ferritdurchführung MPZ1608S221A","L10","INDC1608X95N_V","22718","1","S003","","Yes","220 OHm @ 100MHz","22718","1608 (0603)","SMT","Yes","50mOhm","25%","","2A","26.959","105.436","Bottom","26.959","105.436","180"
"WE-CBF","Ferritdurchführung SMD 0805","L11A","INDC2012X92N_V","24513","1","S003","","Yes","","24513","2012 (0805)","SMT","","0.15Ohm","","","2000mA","122.725","110.185","Top","122.725","110.185","270"
"WE-CBF","Ferritdurchführung SMD 0805","L11B","INDC2012X92N_V","24513","1","S003","","Yes","","24513","2012 (0805)","SMT","","0.15Ohm","","","2000mA","148.36","110.185","Top","148.36","110.185","270"
"XAL5050-153MEC","Power Inductor 15µH 20% 3.9A 76.7mOhms","L12A","IND_XAL5050","26235","1","S003","","","15µ","26235","","SMT","","","","","3.9A 76.7mOhms","140.915","113.934","Top","140.915","113.934","90"
"XAL5050-153MEC","Power Inductor 15µH 20% 3.9A 76.7mOhms","L12B","IND_XAL5050","26235","1","S003","","","15µ","26235","","SMT","","","","","3.9A 76.7mOhms","166.55","113.934","Top","166.55","113.934","90"
"FIDU-DOT - small","FIDU-DOT - SMALL 1mm","PM1","FIDU-DOT - small","22905","1","S003","","","","22905","","FIDU","","","","","","3.5","124.5","Top","3.5","124.5","0"
"FIDU-DOT - small","FIDU-DOT - SMALL 1mm","PM2","FIDU-DOT - small","22905","1","S003","","","","22905","","FIDU","","","","","","346.5","3.5","Top","346.5","3.5","0"
"FIDU-DOT - small","FIDU-DOT - SMALL 1mm","PM3","FIDU-DOT - small","22905","1","S003","","","","22905","","FIDU","","","","","","346.5","3.5","Bottom","346.5","3.5","180"
"FIDU-DOT - small","FIDU-DOT - SMALL 1mm","PM4","FIDU-DOT - small","22905","1","S003","","","","22905","","FIDU","","","","","","3.5","3.5","Top","3.5","3.5","0"
"FIDU-DOT - small","FIDU-DOT - SMALL 1mm","PM5","FIDU-DOT - small","22905","1","S003","","","","22905","","FIDU","","","","","","3.5","3.5","Bottom","3.5","3.5","180"
"FIDU-DOT - small","FIDU-DOT - SMALL 1mm","PM6","FIDU-DOT - small","22905","1","S003","","","","22905","","FIDU","","","","","","3.5","124.5","Bottom","3.5","124.5","180"
"0R","WID SMD 0R 0,1W 1% TK100  BF 1608 (0603)","R1","RESC1608X55N_V","21491","1","S003","","","0","21491","1608 (0603)","SMT","","TK100","1%","","","26.309","114.047","Top","26.309","114.047","270"
"220R","WID SMD 220R 1% 0,1W","R2","RESC1608X55N_V","22324","1","S003","","","220","22324","1608 (0603)","SMT","","TK100","1%","","","102.418","95.867","Top","102.418","95.867","90"
"10K","WID SMD 10K 1% 0,1W  BF 1608 (0603)","R3","RESC1608X55N_V","21492","1","S003","","","10K","21492","1608 (0603)","SMT","Yes","TK100","1%","","","98.533","93.069","Top","98.533","93.069","180"
"220R","WID SMD 220R 1% 0,1W","R4","RESC1608X55N_V","22324","1","S003","","","220","22324","1608 (0603)","SMT","","TK100","1%","","","93.854","95.88","Top","93.854","95.88","90"
"10K","WID SMD 10K 1% 0,1W  BF 1608 (0603)","R5","RESC1608X55N_V","21492","1","S003","","","10K","21492","1608 (0603)","SMT","Yes","TK100","1%","","","90.02","93.084","Top","90.02","93.084","180"
"220R","WID SMD 220R 1% 0,1W","R6","RESC1608X55N_V","22324","1","S003","","","220","22324","1608 (0603)","SMT","","TK100","1%","","","85.076","95.876","Top","85.076","95.876","90"
"10K","WID SMD 10K 1% 0,1W  BF 1608 (0603)","R7","RESC1608X55N_V","21492","1","S003","","","10K","21492","1608 (0603)","SMT","Yes","TK100","1%","","","81.254","93.166","Top","81.254","93.166","180"
"1K","WID SMD 1K 1% 0,1W","R8","RESC1608X55N_V","21375","1","S003","","","1K","21375","1608 (0603)","SMT","Yes","TK100","1%","","","64.182","79.88","Top","64.182","79.88","270"
"100R","WID SMD 100R 1% 0,1W BF 1608 (0603)","R9","RESC1608X55N_V","21380","1","S003","","","100","21380","1608 (0603)","SMT","Yes","TK100","1%","","","64.182","78.381","Top","64.182","78.381","270"
"100R","WID SMD 100R 1% 0,1W BF 1608 (0603)","R10","RESC1608X55N_V","21380","1","S003","","","100","21380","1608 (0603)","SMT","Yes","TK100","1%","","","66.416","79.133","Top","66.416","79.133","0"
"10K","WID SMD 10K 1% 0,1W  BF 1608 (0603)","R11","RESC1608X55N_V","21492","1","S003","","","10K","21492","1608 (0603)","SMT","Yes","TK100","1%","","","88.658","100.638","Bottom","88.658","100.638","0"
"10K","WID SMD 10K 1% 0,1W  BF 1608 (0603)","R12","RESC1608X55N_V","21492","1","S003","","","10K","21492","1608 (0603)","SMT","Yes","TK100","1%","","","87.135","100.638","Bottom","87.135","100.638","0"
"10K","WID SMD 10K 1% 0,1W  BF 1608 (0603)","R13","RESC1608X55N_V","21492","1","S003","","","10K","21492","1608 (0603)","SMT","Yes","TK100","1%","","","85.675","100.638","Bottom","85.675","100.638","0"
"10K","WID SMD 10K 1% 0,1W  BF 1608 (0603)","R14","RESC1608X55N_V","21492","1","S003","","","10K","21492","1608 (0603)","SMT","Yes","TK100","1%","","","84.215","100.638","Bottom","84.215","100.638","0"
"0R","WID SMD 0R 0,1W 1% TK100  BF 1608 (0603)","R15","RESC1608X55N_V","21491","1","S003","","","0","21491","1608 (0603)","SMT","","TK100","1%","","","69.846","78.317","Top","69.846","78.317","90"
"0R","WID SMD 0R 0,1W 1% TK100  BF 1608 (0603)","R16","RESC1608X55N_V","21491","1","S003","","","0","21491","1608 (0603)","SMT","","TK100","1%","","","56.9","83.4","Bottom","56.9","83.4","270"
"10K","WID SMD 10K 1% 0,1W  BF 1608 (0603)","R17","RESC1608X55N_V","21492","1","S003","","","10K","21492","1608 (0603)","SMT","Yes","TK100","1%","","","81.909","100.638","Bottom","81.909","100.638","0"
"10K","WID SMD 10K 1% 0,1W  BF 1608 (0603)","R18","RESC1608X55N_V","21492","1","S003","","","10K","21492","1608 (0603)","SMT","Yes","TK100","1%","","","80.407","100.638","Bottom","80.407","100.638","0"
"10K","WID SMD 10K 1% 0,1W  BF 1608 (0603)","R20","RESC1608X55N_V","21492","1","S003","","","10K","21492","1608 (0603)","SMT","Yes","TK100","1%","","","78.896","100.638","Bottom","78.896","100.638","0"
"10K","WID SMD 10K 1% 0,1W  BF 1608 (0603)","R21","RESC1608X55N_V","21492","1","S003","","","10K","21492","1608 (0603)","SMT","Yes","TK100","1%","","","77.391","100.638","Bottom","77.391","100.638","0"
"10K","WID SMD 10K 1% 0,1W  BF 1608 (0603)","R22","RESC1608X55N_V","21492","1","S003","","","10K","21492","1608 (0603)","SMT","Yes","TK100","1%","","","75.127","100.638","Bottom","75.127","100.638","0"
"10K","WID SMD 10K 1% 0,1W  BF 1608 (0603)","R23","RESC1608X55N_V","21492","1","S003","","","10K","21492","1608 (0603)","SMT","Yes","TK100","1%","","","73.603","100.638","Bottom","73.603","100.638","0"
"10K","WID SMD 10K 1% 0,1W  BF 1608 (0603)","R24","RESC1608X55N_V","21492","1","S003","","","10K","21492","1608 (0603)","SMT","Yes","TK100","1%","","","72.079","100.638","Bottom","72.079","100.638","0"
"10K","WID SMD 10K 1% 0,1W  BF 1608 (0603)","R25","RESC1608X55N_V","21492","1","S003","","","10K","21492","1608 (0603)","SMT","Yes","TK100","1%","","","70.555","100.638","Bottom","70.555","100.638","0"
"0R","WID SMD 0R 0,1W 1% TK100  BF 1608 (0603)","R28A","RESC1608X55N_V","21491","1","S003","","","0","21491","1608 (0603)","SMT","","TK100","1%","","","192.07","43.3","Bottom","192.07","43.3","90"
"0R","WID SMD 0R 0,1W 1% TK100  BF 1608 (0603)","R28B","RESC1608X55N_V","21491","1","S003","","","0","21491","1608 (0603)","SMT","","TK100","1%","","","192.071","40","Bottom","192.071","40","90"
"0R","WID SMD 0R 0,1W 1% TK100  BF 1608 (0603)","R28C","RESC1608X55N_V","21491","1","S003","","","0","21491","1608 (0603)","SMT","","TK100","1%","","","192.071","36.7","Bottom","192.071","36.7","90"
"0R","WID SMD 0R 0,1W 1% TK100  BF 1608 (0603)","R28D","RESC1608X55N_V","21491","1","S003","","","0","21491","1608 (0603)","SMT","","TK100","1%","","","192.071","33.3","Bottom","192.071","33.3","90"
"10K","WID SMD 10K 1% 0,1W  BF 1608 (0603)","R29A","RESC1608X55N_V","21492","1","S003","","","10K","21492","1608 (0603)","SMT","Yes","TK100","1%","","","199.731","44.25","Bottom","199.731","44.25","90"
"10K","WID SMD 10K 1% 0,1W  BF 1608 (0603)","R29B","RESC1608X55N_V","21492","1","S003","","","10K","21492","1608 (0603)","SMT","Yes","TK100","1%","","","199.731","40.95","Bottom","199.731","40.95","90"
"10K","WID SMD 10K 1% 0,1W  BF 1608 (0603)","R29C","RESC1608X55N_V","21492","1","S003","","","10K","21492","1608 (0603)","SMT","Yes","TK100","1%","","","199.731","37.65","Bottom","199.731","37.65","90"
"10K","WID SMD 10K 1% 0,1W  BF 1608 (0603)","R29D","RESC1608X55N_V","21492","1","S003","","","10K","21492","1608 (0603)","SMT","Yes","TK100","1%","","","199.731","34.25","Bottom","199.731","34.25","90"
"22R","WID SMD 22R 1% 0,1W","R30A","RESC1608X55N_V","21518","1","S003","","","22","21518","1608 (0603)","SMT","","TK100","1%","","","136.1","54.05","Top","136.1","54.05","270"
"22R","WID SMD 22R 1% 0,1W","R30B","RESC1608X55N_V","21518","1","S003","","","22","21518","1608 (0603)","SMT","","TK100","1%","","","136.1","55.4","Top","136.1","55.4","270"
"22R","WID SMD 22R 1% 0,1W","R30C","RESC1608X55N_V","21518","1","S003","","","22","21518","1608 (0603)","SMT","","TK100","1%","","","136.1","58.1","Top","136.1","58.1","270"
"22R","WID SMD 22R 1% 0,1W","R31A","RESC1608X55N_V","21518","1","S003","","","22","21518","1608 (0603)","SMT","","TK100","1%","","","136.1","51.35","Top","136.1","51.35","90"
"22R","WID SMD 22R 1% 0,1W","R31B","RESC1608X55N_V","21518","1","S003","","","22","21518","1608 (0603)","SMT","","TK100","1%","","","136.1","52.7","Top","136.1","52.7","90"
"22R","WID SMD 22R 1% 0,1W","R31C","RESC1608X55N_V","21518","1","S003","","","22","21518","1608 (0603)","SMT","","TK100","1%","","","136.1","56.75","Top","136.1","56.75","90"
"10K","WID SMD 10K 1% 0,1W  BF 1608 (0603)","R32","RESC1608X55N_V","21492","1","S003","","","10K","21492","1608 (0603)","SMT","Yes","TK100","1%","","","202.184","42.418","Top","202.184","42.418","90"
"10K","WID SMD 10K 1% 0,1W  BF 1608 (0603)","R33","RESC1608X55N_V","21492","1","S003","","","10K","21492","1608 (0603)","SMT","Yes","TK100","1%","","","232.664","42.418","Top","232.664","42.418","90"
"10K","WID SMD 10K 1% 0,1W  BF 1608 (0603)","R35","RESC1608X55N_V","21492","1","S003","","","10K","21492","1608 (0603)","SMT","Yes","TK100","1%","","","263.144","42.418","Top","263.144","42.418","90"
"10K","WID SMD 10K 1% 0,1W  BF 1608 (0603)","R37","RESC1608X55N_V","21492","1","S003","","","10K","21492","1608 (0603)","SMT","Yes","TK100","1%","","","293.624","42.418","Top","293.624","42.418","90"
"10K","WID SMD 10K 1% 0,1W  BF 1608 (0603)","R39","RESC1608X55N_V","21492","1","S003","","","10K","21492","1608 (0603)","SMT","Yes","TK100","1%","","","324.104","42.418","Top","324.104","42.418","90"
"10K","WID SMD 10K 1% 0,1W  BF 1608 (0603)","R41","RESC1608X55N_V","21492","1","S003","","","10K","21492","1608 (0603)","SMT","Yes","TK100","1%","","","110.799","46.138","Top","110.799","46.138","90"
"10K","WID SMD 10K 1% 0,1W  BF 1608 (0603)","R43","RESC1608X55N_V","21492","1","S003","","","10K","21492","1608 (0603)","SMT","Yes","TK100","1%","","","141.281","46.101","Top","141.281","46.101","90"
"10K","WID SMD 10K 1% 0,1W  BF 1608 (0603)","R45","RESC1608X55N_V","21492","1","S003","","","10K","21492","1608 (0603)","SMT","Yes","TK100","1%","","","171.711","46.203","Top","171.711","46.203","90"
"0R","WID SMD 0R 0,1W 1% TK100  BF 1608 (0603)","R48","RESC1608X55N_V","21491","1","S003","","","0","21491","1608 (0603)","SMT","","TK100","1%","","","6.001","68.445","Top","6.001","68.445","180"
"33R","WID SMD 33R 1% 0,1W","R49","RESC1608X55N_V","22430","1","S003","","","33","22430","1608 (0603)","SMT","","TK100","1%","","","16.422","71.559","Top","16.422","71.559","0"
"4K99","WID SMD 4K99 1% 0,063W BF 1005 (0402)","R50","RESC1005X40N_V","22754","1","S003","","","4.99K","22754","1005 (0402)","SMT","Yes","TK100","1%","","0.063W","5.319","72.755","Top","5.319","72.755","180"
"10K","WID SMD 10K 1% 0,1W  BF 1608 (0603)","R51","RESC1608X55N_V","21492","1","S003","","","10K","21492","1608 (0603)","SMT","Yes","TK100","1%","","","25.158","63.044","Top","25.158","63.044","270"
"220R","WID SMD 220R 1% 0,1W","R52","RESC1608X55N_V","22324","1","S003","","","220","22324","1608 (0603)","SMT","","TK100","1%","","","22.11","63.044","Top","22.11","63.044","270"
"220R","WID SMD 220R 1% 0,1W","R53","RESC1608X55N_V","22324","1","S003","","","220","22324","1608 (0603)","SMT","","TK100","1%","","","22.137","57.82","Top","22.137","57.82","270"
"10K","WID SMD 10K 1% 0,1W  BF 1608 (0603)","R54","RESC1608X55N_V","21492","1","S003","","","10K","21492","1608 (0603)","SMT","Yes","TK100","1%","","","25.16","57.82","Top","25.16","57.82","270"
"1M","WID SMD 1M 5% 0,25W  BF 3216 (1206)","R55","RESC3216X65N_V","22757","1","S003","","","1M","22757","3216 (1206)","SMT","Yes","TK100","5%","","","21.47","49.043","Bottom","21.47","49.043","180"
"4K99","WID SMD 4K99 1% 0,063W BF 1005 (0402)","R56","RESC1005X40N_V","22754","1","S003","","","4.99K","22754","1005 (0402)","SMT","Yes","TK100","1%","","0.063W","16.354","68.754","Top","16.354","68.754","0"
"47R","WID SMD Netz 4 fach 47R","R57A","RESCAV80P160X320X70-8N","22843","1","S003","","","47","22843","3216 (1206)","SMT","","","5%","","","216.8","54.348","Top","216.8","54.348","180"
"47R","WID SMD Netz 4 fach 47R","R57B","RESCAV80P160X320X70-8N","22843","1","S003","","","47","22843","3216 (1206)","SMT","","","5%","","","247.28","54.348","Top","247.28","54.348","180"
"47R","WID SMD Netz 4 fach 47R","R57C","RESCAV80P160X320X70-8N","22843","1","S003","","","47","22843","3216 (1206)","SMT","","","5%","","","277.76","54.348","Top","277.76","54.348","180"
"47R","WID SMD Netz 4 fach 47R","R57D","RESCAV80P160X320X70-8N","22843","1","S003","","","47","22843","3216 (1206)","SMT","","","5%","","","308.24","54.348","Top","308.24","54.348","180"
"47R","WID SMD Netz 4 fach 47R","R57E","RESCAV80P160X320X70-8N","22843","1","S003","","","47","22843","3216 (1206)","SMT","","","5%","","","338.72","54.348","Top","338.72","54.348","180"
"47R","WID SMD Netz 4 fach 47R","R58A","RESCAV80P160X320X70-8N","22843","1","S003","","","47","22843","3216 (1206)","SMT","","","5%","","","216.8","62.222","Top","216.8","62.222","180"
"47R","WID SMD Netz 4 fach 47R","R58B","RESCAV80P160X320X70-8N","22843","1","S003","","","47","22843","3216 (1206)","SMT","","","5%","","","247.28","62.222","Top","247.28","62.222","180"
"47R","WID SMD Netz 4 fach 47R","R58C","RESCAV80P160X320X70-8N","22843","1","S003","","","47","22843","3216 (1206)","SMT","","","5%","","","277.76","62.222","Top","277.76","62.222","180"
"47R","WID SMD Netz 4 fach 47R","R58D","RESCAV80P160X320X70-8N","22843","1","S003","","","47","22843","3216 (1206)","SMT","","","5%","","","308.24","62.222","Top","308.24","62.222","180"
"47R","WID SMD Netz 4 fach 47R","R58E","RESCAV80P160X320X70-8N","22843","1","S003","","","47","22843","3216 (1206)","SMT","","","5%","","","338.72","62.222","Top","338.72","62.222","180"
"47R","WID SMD Netz 4 fach 47R","R59A","RESCAV80P160X320X70-8N","22843","1","S003","","","47","22843","3216 (1206)","SMT","","","5%","","","200","54.348","Top","200","54.348","0"
"47R","WID SMD Netz 4 fach 47R","R59B","RESCAV80P160X320X70-8N","22843","1","S003","","","47","22843","3216 (1206)","SMT","","","5%","","","230.48","54.348","Top","230.48","54.348","0"
"47R","WID SMD Netz 4 fach 47R","R59C","RESCAV80P160X320X70-8N","22843","1","S003","","","47","22843","3216 (1206)","SMT","","","5%","","","260.96","54.348","Top","260.96","54.348","0"
"47R","WID SMD Netz 4 fach 47R","R59D","RESCAV80P160X320X70-8N","22843","1","S003","","","47","22843","3216 (1206)","SMT","","","5%","","","291.44","54.348","Top","291.44","54.348","0"
"47R","WID SMD Netz 4 fach 47R","R59E","RESCAV80P160X320X70-8N","22843","1","S003","","","47","22843","3216 (1206)","SMT","","","5%","","","321.92","54.348","Top","321.92","54.348","0"
"47R","WID SMD Netz 4 fach 47R","R60A","RESCAV80P160X320X70-8N","22843","1","S003","","","47","22843","3216 (1206)","SMT","","","5%","","","200","62.222","Top","200","62.222","0"
"47R","WID SMD Netz 4 fach 47R","R60B","RESCAV80P160X320X70-8N","22843","1","S003","","","47","22843","3216 (1206)","SMT","","","5%","","","230.48","62.222","Top","230.48","62.222","0"
"47R","WID SMD Netz 4 fach 47R","R60C","RESCAV80P160X320X70-8N","22843","1","S003","","","47","22843","3216 (1206)","SMT","","","5%","","","260.96","62.222","Top","260.96","62.222","0"
"47R","WID SMD Netz 4 fach 47R","R60D","RESCAV80P160X320X70-8N","22843","1","S003","","","47","22843","3216 (1206)","SMT","","","5%","","","291.44","62.222","Top","291.44","62.222","0"
"47R","WID SMD Netz 4 fach 47R","R60E","RESCAV80P160X320X70-8N","22843","1","S003","","","47","22843","3216 (1206)","SMT","","","5%","","","321.92","62.222","Top","321.92","62.222","0"
"47R","WID SMD Netz 4 fach 47R","R61A","RESCAV80P160X320X70-8N","22843","1","S003","","","47","22843","3216 (1206)","SMT","","","5%","","","200","69.842","Top","200","69.842","0"
"47R","WID SMD Netz 4 fach 47R","R61B","RESCAV80P160X320X70-8N","22843","1","S003","","","47","22843","3216 (1206)","SMT","","","5%","","","230.48","69.842","Top","230.48","69.842","0"
"47R","WID SMD Netz 4 fach 47R","R61C","RESCAV80P160X320X70-8N","22843","1","S003","","","47","22843","3216 (1206)","SMT","","","5%","","","260.96","69.842","Top","260.96","69.842","0"
"47R","WID SMD Netz 4 fach 47R","R61D","RESCAV80P160X320X70-8N","22843","1","S003","","","47","22843","3216 (1206)","SMT","","","5%","","","291.44","69.842","Top","291.44","69.842","0"
"47R","WID SMD Netz 4 fach 47R","R61E","RESCAV80P160X320X70-8N","22843","1","S003","","","47","22843","3216 (1206)","SMT","","","5%","","","321.92","69.842","Top","321.92","69.842","0"
"47R","WID SMD Netz 4 fach 47R","R62A","RESCAV80P160X320X70-8N","22843","1","S003","","","47","22843","3216 (1206)","SMT","","","5%","","","200","76.192","Top","200","76.192","0"
"47R","WID SMD Netz 4 fach 47R","R62B","RESCAV80P160X320X70-8N","22843","1","S003","","","47","22843","3216 (1206)","SMT","","","5%","","","230.48","76.192","Top","230.48","76.192","0"
"47R","WID SMD Netz 4 fach 47R","R62C","RESCAV80P160X320X70-8N","22843","1","S003","","","47","22843","3216 (1206)","SMT","","","5%","","","260.96","76.192","Top","260.96","76.192","0"
"47R","WID SMD Netz 4 fach 47R","R62D","RESCAV80P160X320X70-8N","22843","1","S003","","","47","22843","3216 (1206)","SMT","","","5%","","","291.44","76.192","Top","291.44","76.192","0"
"47R","WID SMD Netz 4 fach 47R","R62E","RESCAV80P160X320X70-8N","22843","1","S003","","","47","22843","3216 (1206)","SMT","","","5%","","","321.92","76.192","Top","321.92","76.192","0"
"47R","WID SMD Netz 4 fach 47R","R63A","RESCAV80P160X320X70-8N","22843","1","S003","","","47","22843","3216 (1206)","SMT","","","5%","","","216.8","69.842","Top","216.8","69.842","180"
"47R","WID SMD Netz 4 fach 47R","R63B","RESCAV80P160X320X70-8N","22843","1","S003","","","47","22843","3216 (1206)","SMT","","","5%","","","247.28","69.842","Top","247.28","69.842","180"
"47R","WID SMD Netz 4 fach 47R","R63C","RESCAV80P160X320X70-8N","22843","1","S003","","","47","22843","3216 (1206)","SMT","","","5%","","","277.76","69.842","Top","277.76","69.842","180"
"47R","WID SMD Netz 4 fach 47R","R63D","RESCAV80P160X320X70-8N","22843","1","S003","","","47","22843","3216 (1206)","SMT","","","5%","","","308.24","69.842","Top","308.24","69.842","180"
"47R","WID SMD Netz 4 fach 47R","R63E","RESCAV80P160X320X70-8N","22843","1","S003","","","47","22843","3216 (1206)","SMT","","","5%","","","338.72","69.842","Top","338.72","69.842","180"
"47R","WID SMD Netz 4 fach 47R","R64A","RESCAV80P160X320X70-8N","22843","1","S003","","","47","22843","3216 (1206)","SMT","","","5%","","","216.8","76.192","Top","216.8","76.192","180"
"47R","WID SMD Netz 4 fach 47R","R64B","RESCAV80P160X320X70-8N","22843","1","S003","","","47","22843","3216 (1206)","SMT","","","5%","","","247.28","76.192","Top","247.28","76.192","180"
"47R","WID SMD Netz 4 fach 47R","R64C","RESCAV80P160X320X70-8N","22843","1","S003","","","47","22843","3216 (1206)","SMT","","","5%","","","277.76","76.192","Top","277.76","76.192","180"
"47R","WID SMD Netz 4 fach 47R","R64D","RESCAV80P160X320X70-8N","22843","1","S003","","","47","22843","3216 (1206)","SMT","","","5%","","","308.24","76.192","Top","308.24","76.192","180"
"47R","WID SMD Netz 4 fach 47R","R64E","RESCAV80P160X320X70-8N","22843","1","S003","","","47","22843","3216 (1206)","SMT","","","5%","","","338.72","76.192","Top","338.72","76.192","180"
"0R","WID SMD 0R 0,1W 1% TK100  BF 1608 (0603)","R65A","RESC1608X55N_V","21491","1","S003","","","0","21491","1608 (0603)","SMT","","TK100","1%","","","200.787","53.32","Bottom","200.787","53.32","180"
"0R","WID SMD 0R 0,1W 1% TK100  BF 1608 (0603)","R65B","RESC1608X55N_V","21491","1","S003","","","0","21491","1608 (0603)","SMT","","TK100","1%","","","231.3","53.3","Bottom","231.3","53.3","180"
"0R","WID SMD 0R 0,1W 1% TK100  BF 1608 (0603)","R65C","RESC1608X55N_V","21491","1","S003","","","0","21491","1608 (0603)","SMT","","TK100","1%","","","261.709","53.3","Bottom","261.709","53.3","180"
"0R","WID SMD 0R 0,1W 1% TK100  BF 1608 (0603)","R65D","RESC1608X55N_V","21491","1","S003","","","0","21491","1608 (0603)","SMT","","TK100","1%","","","292.227","53.32","Bottom","292.227","53.32","180"
"0R","WID SMD 0R 0,1W 1% TK100  BF 1608 (0603)","R65E","RESC1608X55N_V","21491","1","S003","","","0","21491","1608 (0603)","SMT","","TK100","1%","","","322.707","53.32","Bottom","322.707","53.32","180"
"0R","WID SMD 0R 0,1W 1% TK100  BF 1608 (0603)","R66A","RESC1608X55N_V","21491","1","S003","","","0","21491","1608 (0603)","SMT","","TK100","1%","","","202.311","53.32","Bottom","202.311","53.32","0"
"0R","WID SMD 0R 0,1W 1% TK100  BF 1608 (0603)","R66B","RESC1608X55N_V","21491","1","S003","","","0","21491","1608 (0603)","SMT","","TK100","1%","","","232.6","53.3","Bottom","232.6","53.3","0"
"0R","WID SMD 0R 0,1W 1% TK100  BF 1608 (0603)","R66C","RESC1608X55N_V","21491","1","S003","","","0","21491","1608 (0603)","SMT","","TK100","1%","","","263.2","53.3","Bottom","263.2","53.3","0"
"0R","WID SMD 0R 0,1W 1% TK100  BF 1608 (0603)","R66D","RESC1608X55N_V","21491","1","S003","","","0","21491","1608 (0603)","SMT","","TK100","1%","","","293.8","53.32","Bottom","293.8","53.32","0"
"0R","WID SMD 0R 0,1W 1% TK100  BF 1608 (0603)","R66E","RESC1608X55N_V","21491","1","S003","","","0","21491","1608 (0603)","SMT","","TK100","1%","","","324.231","53.32","Bottom","324.231","53.32","0"
"51R","WID SMD 51R 1% 0,1W  BF 1608 (0603)","R67A","RESC1608X55N_V","25938","1","S003","","","51","25938","1608 (0603)","SMT","Yes","TK100","1%","","","197.5","66.6","Bottom","197.5","66.6","180"
"51R","WID SMD 51R 1% 0,1W  BF 1608 (0603)","R67B","RESC1608X55N_V","25938","1","S003","","","51","25938","1608 (0603)","SMT","Yes","TK100","1%","","","228.048","66.465","Bottom","228.048","66.465","180"
"51R","WID SMD 51R 1% 0,1W  BF 1608 (0603)","R67C","RESC1608X55N_V","25938","1","S003","","","51","25938","1608 (0603)","SMT","Yes","TK100","1%","","","258.528","66.465","Bottom","258.528","66.465","180"
"51R","WID SMD 51R 1% 0,1W  BF 1608 (0603)","R67D","RESC1608X55N_V","25938","1","S003","","","51","25938","1608 (0603)","SMT","Yes","TK100","1%","","","289.008","66.465","Bottom","289.008","66.465","180"
"51R","WID SMD 51R 1% 0,1W  BF 1608 (0603)","R67E","RESC1608X55N_V","25938","1","S003","","","51","25938","1608 (0603)","SMT","Yes","TK100","1%","","","319.488","66.465","Bottom","319.488","66.465","180"
"51R","WID SMD 51R 1% 0,1W  BF 1608 (0603)","R68A","RESC1608X55N_V","25938","1","S003","","","51","25938","1608 (0603)","SMT","Yes","TK100","1%","","","198.131","68.814","Bottom","198.131","68.814","270"
"51R","WID SMD 51R 1% 0,1W  BF 1608 (0603)","R68B","RESC1608X55N_V","25938","1","S003","","","51","25938","1608 (0603)","SMT","Yes","TK100","1%","","","228.611","68.814","Bottom","228.611","68.814","270"
"51R","WID SMD 51R 1% 0,1W  BF 1608 (0603)","R68C","RESC1608X55N_V","25938","1","S003","","","51","25938","1608 (0603)","SMT","Yes","TK100","1%","","","259.091","68.814","Bottom","259.091","68.814","270"
"51R","WID SMD 51R 1% 0,1W  BF 1608 (0603)","R68D","RESC1608X55N_V","25938","1","S003","","","51","25938","1608 (0603)","SMT","Yes","TK100","1%","","","289.571","68.814","Bottom","289.571","68.814","270"
"51R","WID SMD 51R 1% 0,1W  BF 1608 (0603)","R68E","RESC1608X55N_V","25938","1","S003","","","51","25938","1608 (0603)","SMT","Yes","TK100","1%","","","320.051","68.814","Bottom","320.051","68.814","270"
"51R","WID SMD 51R 1% 0,1W  BF 1608 (0603)","R69A","RESC1608X55N_V","25938","1","S003","","","51","25938","1608 (0603)","SMT","Yes","TK100","1%","","","202.819","74.202","Bottom","202.819","74.202","180"
"51R","WID SMD 51R 1% 0,1W  BF 1608 (0603)","R69B","RESC1608X55N_V","25938","1","S003","","","51","25938","1608 (0603)","SMT","Yes","TK100","1%","","","233.299","74.202","Bottom","233.299","74.202","180"
"51R","WID SMD 51R 1% 0,1W  BF 1608 (0603)","R69C","RESC1608X55N_V","25938","1","S003","","","51","25938","1608 (0603)","SMT","Yes","TK100","1%","","","263.779","74.202","Bottom","263.779","74.202","180"
"51R","WID SMD 51R 1% 0,1W  BF 1608 (0603)","R69D","RESC1608X55N_V","25938","1","S003","","","51","25938","1608 (0603)","SMT","Yes","TK100","1%","","","294.259","74.202","Bottom","294.259","74.202","180"
"51R","WID SMD 51R 1% 0,1W  BF 1608 (0603)","R69E","RESC1608X55N_V","25938","1","S003","","","51","25938","1608 (0603)","SMT","Yes","TK100","1%","","","324.739","74.202","Bottom","324.739","74.202","180"
"51R","WID SMD 51R 1% 0,1W  BF 1608 (0603)","R70A","RESC1608X55N_V","25938","1","S003","","","51","25938","1608 (0603)","SMT","Yes","TK100","1%","","","219.275","65.158","Bottom","219.275","65.158","90"
"51R","WID SMD 51R 1% 0,1W  BF 1608 (0603)","R70B","RESC1608X55N_V","25938","1","S003","","","51","25938","1608 (0603)","SMT","Yes","TK100","1%","","","249.755","65.158","Bottom","249.755","65.158","90"
"51R","WID SMD 51R 1% 0,1W  BF 1608 (0603)","R70C","RESC1608X55N_V","25938","1","S003","","","51","25938","1608 (0603)","SMT","Yes","TK100","1%","","","280.235","65.158","Bottom","280.235","65.158","90"
"51R","WID SMD 51R 1% 0,1W  BF 1608 (0603)","R70D","RESC1608X55N_V","25938","1","S003","","","51","25938","1608 (0603)","SMT","Yes","TK100","1%","","","310.715","65.158","Bottom","310.715","65.158","90"
"51R","WID SMD 51R 1% 0,1W  BF 1608 (0603)","R70E","RESC1608X55N_V","25938","1","S003","","","51","25938","1608 (0603)","SMT","Yes","TK100","1%","","","341.195","65.158","Bottom","341.195","65.158","90"
"33R","WID SMD 33R 1% 0,1W","R71A","RESC1608X55N_V","22430","1","S003","","","33","22430","1608 (0603)","SMT","","TK100","1%","","","208.453","74.402","Bottom","208.453","74.402","180"
"33R","WID SMD 33R 1% 0,1W","R71B","RESC1608X55N_V","22430","1","S003","","","33","22430","1608 (0603)","SMT","","TK100","1%","","","238.933","74.402","Bottom","238.933","74.402","180"
"33R","WID SMD 33R 1% 0,1W","R71C","RESC1608X55N_V","22430","1","S003","","","33","22430","1608 (0603)","SMT","","TK100","1%","","","269.413","74.402","Bottom","269.413","74.402","180"
"33R","WID SMD 33R 1% 0,1W","R71D","RESC1608X55N_V","22430","1","S003","","","33","22430","1608 (0603)","SMT","","TK100","1%","","","299.893","74.402","Bottom","299.893","74.402","180"
"33R","WID SMD 33R 1% 0,1W","R71E","RESC1608X55N_V","22430","1","S003","","","33","22430","1608 (0603)","SMT","","TK100","1%","","","330.373","74.402","Bottom","330.373","74.402","180"
"51R","WID SMD 51R 1% 0,1W  BF 1608 (0603)","R72A","RESC1608X55N_V","25938","1","S003","","","51","25938","1608 (0603)","SMT","Yes","TK100","1%","","","218.729","59.162","Bottom","218.729","59.162","90"
"51R","WID SMD 51R 1% 0,1W  BF 1608 (0603)","R72B","RESC1608X55N_V","25938","1","S003","","","51","25938","1608 (0603)","SMT","Yes","TK100","1%","","","249.209","59.162","Bottom","249.209","59.162","90"
"51R","WID SMD 51R 1% 0,1W  BF 1608 (0603)","R72C","RESC1608X55N_V","25938","1","S003","","","51","25938","1608 (0603)","SMT","Yes","TK100","1%","","","279.689","59.162","Bottom","279.689","59.162","90"
"51R","WID SMD 51R 1% 0,1W  BF 1608 (0603)","R72D","RESC1608X55N_V","25938","1","S003","","","51","25938","1608 (0603)","SMT","Yes","TK100","1%","","","310.169","59.162","Bottom","310.169","59.162","90"
"51R","WID SMD 51R 1% 0,1W  BF 1608 (0603)","R72E","RESC1608X55N_V","25938","1","S003","","","51","25938","1608 (0603)","SMT","Yes","TK100","1%","","","340.649","59.162","Bottom","340.649","59.162","90"
"51R","WID SMD 51R 1% 0,1W  BF 1608 (0603)","R73A","RESC1608X55N_V","25938","1","S003","","","51","25938","1608 (0603)","SMT","Yes","TK100","1%","","","213.791","53.67","Bottom","213.791","53.67","0"
"51R","WID SMD 51R 1% 0,1W  BF 1608 (0603)","R73B","RESC1608X55N_V","25938","1","S003","","","51","25938","1608 (0603)","SMT","Yes","TK100","1%","","","244.271","53.67","Bottom","244.271","53.67","0"
"51R","WID SMD 51R 1% 0,1W  BF 1608 (0603)","R73C","RESC1608X55N_V","25938","1","S003","","","51","25938","1608 (0603)","SMT","Yes","TK100","1%","","","274.751","53.67","Bottom","274.751","53.67","0"
"51R","WID SMD 51R 1% 0,1W  BF 1608 (0603)","R73D","RESC1608X55N_V","25938","1","S003","","","51","25938","1608 (0603)","SMT","Yes","TK100","1%","","","305.231","53.67","Bottom","305.231","53.67","0"
"51R","WID SMD 51R 1% 0,1W  BF 1608 (0603)","R73E","RESC1608X55N_V","25938","1","S003","","","51","25938","1608 (0603)","SMT","Yes","TK100","1%","","","335.711","53.67","Bottom","335.711","53.67","0"
"0R","WID SMD 0R 0,1W 1% TK100  BF 1608 (0603)","R74A","RESC1608X55N_V","21491","1","S003","","","0","21491","1608 (0603)","SMT","","TK100","1%","","","214.2","40.9","Top","214.2","40.9","270"
"0R","WID SMD 0R 0,1W 1% TK100  BF 1608 (0603)","R74B","RESC1608X55N_V","21491","1","S003","","","0","21491","1608 (0603)","SMT","","TK100","1%","","","244.7","40.9","Top","244.7","40.9","270"
"0R","WID SMD 0R 0,1W 1% TK100  BF 1608 (0603)","R74C","RESC1608X55N_V","21491","1","S003","","","0","21491","1608 (0603)","SMT","","TK100","1%","","","275.2","40.9","Top","275.2","40.9","270"
"0R","WID SMD 0R 0,1W 1% TK100  BF 1608 (0603)","R74D","RESC1608X55N_V","21491","1","S003","","","0","21491","1608 (0603)","SMT","","TK100","1%","","","305.7","40.9","Top","305.7","40.9","270"
"0R","WID SMD 0R 0,1W 1% TK100  BF 1608 (0603)","R74E","RESC1608X55N_V","21491","1","S003","","","0","21491","1608 (0603)","SMT","","TK100","1%","","","336.1","40.9","Top","336.1","40.9","270"
"62R","WID SMD 62R 1% 0,063W","R76A","RESC1005X40N_V","23134","1","S003","","","62","23134","1005 (0402)","SMT","Yes","TK100","1%","","0.063W","137.986","20.731","Top","137.986","20.731","270"
"62R","WID SMD 62R 1% 0,063W","R76B","RESC1005X40N_V","23134","1","S003","","","62","23134","1005 (0402)","SMT","Yes","TK100","1%","","0.063W","163.938","20.731","Top","163.938","20.731","270"
"62R","WID SMD 62R 1% 0,063W","R77A","RESC1005X40N_V","23134","1","S003","","","62","23134","1005 (0402)","SMT","Yes","TK100","1%","","0.063W","135.538","20.731","Top","135.538","20.731","270"
"62R","WID SMD 62R 1% 0,063W","R77B","RESC1005X40N_V","23134","1","S003","","","62","23134","1005 (0402)","SMT","Yes","TK100","1%","","0.063W","161.49","20.731","Top","161.49","20.731","270"
"22K","WID SMD 22K 1% 0,1W  BF 1608 (0603)","R80A","RESC1608X55N_V","26540","1","S003","","","22K","26540","1608 (0603)","SMT","","TK100","1%","","","129.707","17.471","Top","129.707","17.471","0"
"22K","WID SMD 22K 1% 0,1W  BF 1608 (0603)","R80B","RESC1608X55N_V","26540","1","S003","","","22K","26540","1608 (0603)","SMT","","TK100","1%","","","155.659","17.471","Top","155.659","17.471","0"
"6K98","WID SMD 6K98 1% 0,1W  BF 1608 (0603)","R81A","RESC1608X55N_V","26473","1","S003","","","6.98k","26473","1608 (0603)","SMT","Yes","TK100","1%","","","131.826","16.383","Top","131.826","16.383","90"
"6K98","WID SMD 6K98 1% 0,1W  BF 1608 (0603)","R81B","RESC1608X55N_V","26473","1","S003","","","6.98k","26473","1608 (0603)","SMT","Yes","TK100","1%","","","157.778","16.383","Top","157.778","16.383","90"
"4K7","WID SMD 4K7 1% 0,1W BF 1608 (0603)","R82","RESC1608X55N_V","21378","1","S003","","","4.7K","21378","1608 (0603)","SMT","Yes","TK100","1%","","","108.846","107.555","Top","108.846","107.555","0"
"1K5","WID SMD 1K5 1% 0,1W","R83","RESC1608X55N_V","21514","1","S003","","","1.5K","21514","1608 (0603)","SMT","","TK100","1%","","","110.191","107.595","Top","110.191","107.595","180"
"4K7","WID SMD 4K7 1% 0,1W BF 1608 (0603)","R86","RESC1608X55N_V","21378","1","S003","","","4.7K","21378","1608 (0603)","SMT","Yes","TK100","1%","","","93.565","107.55","Top","93.565","107.55","0"
"1K5","WID SMD 1K5 1% 0,1W","R87","RESC1608X55N_V","21514","1","S003","","","1.5K","21514","1608 (0603)","SMT","","TK100","1%","","","94.903","107.539","Top","94.903","107.539","180"
"47K","WID SMD 47K 1% 0,1W  BF 1608 (0603)","R88","RESC1608X55N_V","22428","1","S003","","","47K","22428","1608 (0603)","SMT","","TK100","1%","","","87.803","107.439","Top","87.803","107.439","0"
"8K06","WID SMD 8K06 1% 0,063W BF 1005 (0402)","R90","RESC1005X40N_V","25052","1","S003","","","8.06K","25052","1005 (0402)","SMT","Yes","TK100","1%","","0.063W","77.892","107.808","Top","77.892","107.808","180"
"100R","WID SMD 100R 1% 0,1W BF 1608 (0603)","R91","RESC1608X55N_V","21380","1","S003","","","100","21380","1608 (0603)","SMT","Yes","TK100","1%","","","115.504","93.576","Top","115.504","93.576","180"
"1K","WID SMD 1K 1% 0,1W","R92","RESC1608X55N_V","21375","1","S003","","","1K","21375","1608 (0603)","SMT","Yes","TK100","1%","","","115.5","96.199","Top","115.5","96.199","180"
"1K5","WID SMD 1K5 1% 0,1W","R93","RESC1608X55N_V","21514","1","S003","","","1.5K","21514","1608 (0603)","SMT","","TK100","1%","","","115.498","98.808","Top","115.498","98.808","180"
"1K5","WID SMD 1K5 1% 0,1W","R94","RESC1608X55N_V","21514","1","S003","","","1.5K","21514","1608 (0603)","SMT","","TK100","1%","","","79.457","107.52","Top","79.457","107.52","0"
"47K","WID SMD 47K 1% 0,1W  BF 1608 (0603)","R95","RESC1608X55N_V","22428","1","S003","","","47K","22428","1608 (0603)","SMT","","TK100","1%","","","71.766","110.764","Top","71.766","110.764","180"
"10K","WID SMD 10K 1% 0,1W  BF 1608 (0603)","R97","RESC1608X55N_V","21492","1","S003","","","10K","21492","1608 (0603)","SMT","Yes","TK100","1%","","","19.204","84.4","Top","19.204","84.4","180"
"0R","WID SMD 0R 0,1W 1% TK100  BF 1608 (0603)","R99","RESC1608X55N_V","21491","1","S003","","","0","21491","1608 (0603)","SMT","","TK100","1%","","","34.4","91.215","Bottom","34.4","91.215","180"
"10K","WID SMD 10K 1% 0,1W  BF 1608 (0603)","R111","RESC1608X55N_V","21492","1","S003","","","10K","21492","1608 (0603)","SMT","Yes","TK100","1%","","","225.639","13.567","Top","225.639","13.567","90"
"10K","WID SMD 10K 1% 0,1W  BF 1608 (0603)","R112","RESC1608X55N_V","21492","1","S003","","","10K","21492","1608 (0603)","SMT","Yes","TK100","1%","","","225.639","12.043","Top","225.639","12.043","90"
"10K","WID SMD 10K 1% 0,1W  BF 1608 (0603)","R113","RESC1608X55N_V","21492","1","S003","","","10K","21492","1608 (0603)","SMT","Yes","TK100","1%","","","225.639","10.519","Top","225.639","10.519","90"
"10K","WID SMD 10K 1% 0,1W  BF 1608 (0603)","R114","RESC1608X55N_V","21492","1","S003","","","10K","21492","1608 (0603)","SMT","Yes","TK100","1%","","","225.639","8.995","Top","225.639","8.995","90"
"10K","WID SMD 10K 1% 0,1W  BF 1608 (0603)","R115","RESC1608X55N_V","21492","1","S003","","","10K","21492","1608 (0603)","SMT","Yes","TK100","1%","","","222.591","8.995","Top","222.591","8.995","270"
"10K","WID SMD 10K 1% 0,1W  BF 1608 (0603)","R116","RESC1608X55N_V","21492","1","S003","","","10K","21492","1608 (0603)","SMT","Yes","TK100","1%","","","222.591","10.519","Top","222.591","10.519","270"
"10K","WID SMD 10K 1% 0,1W  BF 1608 (0603)","R117","RESC1608X55N_V","21492","1","S003","","","10K","21492","1608 (0603)","SMT","Yes","TK100","1%","","","222.591","12.043","Top","222.591","12.043","270"
"10K","WID SMD 10K 1% 0,1W  BF 1608 (0603)","R118","RESC1608X55N_V","21492","1","S003","","","10K","21492","1608 (0603)","SMT","Yes","TK100","1%","","","236.555","13.273","Top","236.555","13.273","0"
"10K","WID SMD 10K 1% 0,1W  BF 1608 (0603)","R119","RESC1608X55N_V","21492","1","S003","","","10K","21492","1608 (0603)","SMT","Yes","TK100","1%","","","222.591","13.567","Top","222.591","13.567","270"
"0R","WID SMD 0R 0,1W 1% TK100  BF 1608 (0603)","R120","RESC1608X55N_V","21491","1","S003","","","0","21491","1608 (0603)","SMT","","TK100","1%","","","116.33","16.538","Bottom","116.33","16.538","180"
"0R","WID SMD 0R 0,1W 1% TK100  BF 1608 (0603)","R121","RESC1608X55N_V","21491","1","S003","","","0","21491","1608 (0603)","SMT","","TK100","1%","","","113.536","16.538","Bottom","113.536","16.538","180"
"10K","WID SMD 10K 1% 0,1W  BF 1608 (0603)","R122","RESC1608X55N_V","21492","1","S003","","","10K","21492","1608 (0603)","SMT","Yes","TK100","1%","","","117.448","33.1","Top","117.448","33.1","180"
"10K","WID SMD 10K 1% 0,1W  BF 1608 (0603)","R123","RESC1608X55N_V","21492","1","S003","","","10K","21492","1608 (0603)","SMT","Yes","TK100","1%","","","116.051","30.717","Top","116.051","30.717","0"
"10K","WID SMD 10K 1% 0,1W  BF 1608 (0603)","R124","RESC1608X55N_V","21492","1","S003","","","10K","21492","1608 (0603)","SMT","Yes","TK100","1%","","","114.628","33.1","Top","114.628","33.1","180"
"10K","WID SMD 10K 1% 0,1W  BF 1608 (0603)","R125","RESC1608X55N_V","21492","1","S003","","","10K","21492","1608 (0603)","SMT","Yes","TK100","1%","","","113.257","33.1","Top","113.257","33.1","180"
"12K","WID SMD 12K 1% 0,1W","R126","RESC1608X55N_V","22655","1","S003","","","12K","22655","1608 (0603)","SMT","","TK100","1%","","","105.283","10.16","Top","105.283","10.16","270"
"6K98","WID SMD 6K98 1% 0,1W  BF 1608 (0603)","R127","RESC1608X55N_V","26473","1","S003","","","6.98k","26473","1608 (0603)","SMT","Yes","TK100","1%","","","105.281","11.407","Top","105.281","11.407","90"
"0R","WID SMD 0R 0,25W","R128","RESC3216X65N_V","25896","1","S003","","","0","25896","3216 (1206)","SMT","Yes","TK100","1%","","","35.291","55.61","Bottom","35.291","55.61","90"
"0R","WID SMD 0R 0,25W","R129","RESC3216X65N_V","25896","1","S003","","","0","25896","3216 (1206)","SMT","Yes","TK100","1%","","","31.679","49.291","Bottom","31.679","49.291","180"
"0R","WID SMD 0R 0,25W","R130","RESC3216X65N_V","25896","1","S003","","","0","25896","3216 (1206)","SMT","Yes","TK100","1%","","","143.066","118.015","Top","143.066","118.015","90"
"0R","WID SMD 0R 0,25W","R131","RESC3216X65N_V","25896","1","S003","","","0","25896","3216 (1206)","SMT","Yes","TK100","1%","","","78.907","72.605","Bottom","78.907","72.605","270"
"0R","WID SMD 0R 0,25W","R133","RESC3216X65N_V","25896","1","S003","","","0","25896","3216 (1206)","SMT","Yes","TK100","1%","","","78.907","70.069","Bottom","78.907","70.069","270"
"0R","WID SMD 0R 0,1W 1% TK100  BF 1608 (0603)","R134A","RESC1608X55N_V","21491","1","S003","","","0","21491","1608 (0603)","SMT","","TK100","1%","","","199.731","42.3","Bottom","199.731","42.3","90"
"0R","WID SMD 0R 0,1W 1% TK100  BF 1608 (0603)","R134B","RESC1608X55N_V","21491","1","S003","","","0","21491","1608 (0603)","SMT","","TK100","1%","","","199.731","39","Bottom","199.731","39","90"
"0R","WID SMD 0R 0,1W 1% TK100  BF 1608 (0603)","R134C","RESC1608X55N_V","21491","1","S003","","","0","21491","1608 (0603)","SMT","","TK100","1%","","","199.731","35.7","Bottom","199.731","35.7","90"
"0R","WID SMD 0R 0,1W 1% TK100  BF 1608 (0603)","R134D","RESC1608X55N_V","21491","1","S003","","","0","21491","1608 (0603)","SMT","","TK100","1%","","","199.731","32.4","Bottom","199.731","32.4","90"
"0R","WID SMD 0R 0,1W 1% TK100  BF 1608 (0603)","R135","RESC1608X55N_V","21491","1","S003","","","0","21491","1608 (0603)","SMT","","TK100","1%","","","32.2","69.8","Bottom","32.2","69.8","180"
"0R","WID SMD 0R 0,25W","R136","RESC3216X65N_V","25896","1","S003","","","0","25896","3216 (1206)","SMT","Yes","TK100","1%","","","64.708","50.447","Bottom","64.708","50.447","180"
"0R","WID SMD 0R 0,1W 1% TK100  BF 1608 (0603)","R138","RESC1608X55N_V","21491","1","S003","","","0","21491","1608 (0603)","SMT","","TK100","1%","","","40.2","110.5","Top","40.2","110.5","180"
"0R","WID SMD 0R 0,25W","R139","RESC3216X65N_V","25896","1","S003","","","0","25896","3216 (1206)","SMT","Yes","TK100","1%","","","162.05","123.434","Top","162.05","123.434","270"
"20K","WID SMD 20K 1% 0,1W","R140A","RESC1608X55N_V","22538","1","S003","","","20K","22538","1608 (0603)","SMT","","TK100","1%","","","141.115","106.834","Top","141.115","106.834","270"
"20K","WID SMD 20K 1% 0,1W","R140B","RESC1608X55N_V","22538","1","S003","","","20K","22538","1608 (0603)","SMT","","TK100","1%","","","166.75","106.834","Top","166.75","106.834","270"
"2K","WID SMD 2K 1% 0,1W AEC-Q200  BF 1608 (0603)","R141A","RESC1608X55N_V","26105","1","S003","","","2k","26105","1608 (0603)","SMT","","TK100","1%","","","142.015","109.234","Top","142.015","109.234","0"
"2K","WID SMD 2K 1% 0,1W AEC-Q200  BF 1608 (0603)","R141B","RESC1608X55N_V","26105","1","S003","","","2k","26105","1608 (0603)","SMT","","TK100","1%","","","167.65","109.234","Top","167.65","109.234","0"
"220R","WID SMD 220R 1% 0,1W","R142","RESC1608X55N_V","22324","1","S003","","","220","22324","1608 (0603)","SMT","","TK100","1%","","","126.555","121.27","Top","126.555","121.27","90"
"20K","WID SMD 20K 1% 0,1W","R143A","RESC1608X55N_V","22538","1","S003","","","20K","22538","1608 (0603)","SMT","","TK100","1%","","","137.958","107.527","Top","137.958","107.527","90"
"20K","WID SMD 20K 1% 0,1W","R143B","RESC1608X55N_V","22538","1","S003","","","20K","22538","1608 (0603)","SMT","","TK100","1%","","","163.593","107.527","Top","163.593","107.527","90"
"1K6","WID SMD 1K6 1% 0,1W AEC-Q200  BF 1608 (0603)","R144A","RESC1608X55N_V","26104","1","S003","","","1.6k","26104","1608 (0603)","SMT","","TK100","1%","","","140.315","109.234","Top","140.315","109.234","180"
"1K6","WID SMD 1K6 1% 0,1W AEC-Q200  BF 1608 (0603)","R144B","RESC1608X55N_V","26104","1","S003","","","1.6k","26104","1608 (0603)","SMT","","TK100","1%","","","165.95","109.234","Top","165.95","109.234","180"
"412K","WID SMD 412K 1% 0,1W AEC-Q200","R145A","RESC1608X55N_V","26111","1","S003","","","412k","26111","1608 (0603)","SMT","Yes","TK100","1%","","","130.015","107.334","Top","130.015","107.334","90"
"412K","WID SMD 412K 1% 0,1W AEC-Q200","R145B","RESC1608X55N_V","26111","1","S003","","","412k","26111","1608 (0603)","SMT","Yes","TK100","1%","","","155.65","107.334","Top","155.65","107.334","90"
"10K","WID SMD 10K 1% 0,1W  BF 1608 (0603)","R146","RESC1608X55N_V","21492","1","S003","","","10K","21492","1608 (0603)","SMT","Yes","TK100","1%","","","123.812","118.882","Top","123.812","118.882","0"
"220R","WID SMD 220R 1% 0,1W","R147","RESC1608X55N_V","22324","1","S003","","","220","22324","1608 (0603)","SMT","","TK100","1%","","","151.9","120.9","Top","151.9","120.9","90"
"10K","WID SMD 10K 1% 0,1W  BF 1608 (0603)","R148","RESC1608X55N_V","21492","1","S003","","","10K","21492","1608 (0603)","SMT","Yes","TK100","1%","","","148.323","118.857","Top","148.323","118.857","0"
"0R","WID SMD 0R 0,1W 1% TK100  BF 1608 (0603)","R149","RESC1608X55N_V","21491","1","S003","","","0","21491","1608 (0603)","SMT","","TK100","1%","","","42.2","113.6","Top","42.2","113.6","0"
"0R","WID SMD 0R 0,1W 1% TK100  BF 1608 (0603)","R150","RESC1608X55N_V","21491","1","S003","","","0","21491","1608 (0603)","SMT","","TK100","1%","","","43","110.5","Top","43","110.5","180"
"0R","WID SMD 0R 0,1W 1% TK100  BF 1608 (0603)","R151","RESC1608X55N_V","21491","1","S003","","","0","21491","1608 (0603)","SMT","","TK100","1%","","","41.6","110.5","Top","41.6","110.5","180"
"0R","WID SMD 0R 0,1W 1% TK100  BF 1608 (0603)","R152","RESC1608X55N_V","21491","1","S003","","","0","21491","1608 (0603)","SMT","","TK100","1%","","","45","113.6","Top","45","113.6","0"
"0R","WID SMD 0R 0,1W 1% TK100  BF 1608 (0603)","R153","RESC1608X55N_V","21491","1","S003","","","0","21491","1608 (0603)","SMT","","TK100","1%","","","43.6","113.6","Top","43.6","113.6","0"
"10K","WID SMD 10K 1% 0,1W  BF 1608 (0603)","R157A","RESC1608X55N_V","21492","1","S003","","","10K","21492","1608 (0603)","SMT","Yes","TK100","1%","","","40.95","14.118","Top","40.95","14.118","270"
"10K","WID SMD 10K 1% 0,1W  BF 1608 (0603)","R157B","RESC1608X55N_V","21492","1","S003","","","10K","21492","1608 (0603)","SMT","Yes","TK100","1%","","","40.95","30.855","Bottom","40.95","30.855","90"
"10K","WID SMD 10K 1% 0,1W  BF 1608 (0603)","R157C","RESC1608X55N_V","21492","1","S003","","","10K","21492","1608 (0603)","SMT","Yes","TK100","1%","","","40.95","17.3","Bottom","40.95","17.3","90"
"10K","WID SMD 10K 1% 0,1W  BF 1608 (0603)","R158A","RESC1608X55N_V","21492","1","S003","","","10K","21492","1608 (0603)","SMT","Yes","TK100","1%","","","40.95","15.518","Top","40.95","15.518","270"
"10K","WID SMD 10K 1% 0,1W  BF 1608 (0603)","R158B","RESC1608X55N_V","21492","1","S003","","","10K","21492","1608 (0603)","SMT","Yes","TK100","1%","","","40.95","29.555","Bottom","40.95","29.555","90"
"10K","WID SMD 10K 1% 0,1W  BF 1608 (0603)","R158C","RESC1608X55N_V","21492","1","S003","","","10K","21492","1608 (0603)","SMT","Yes","TK100","1%","","","40.95","16","Bottom","40.95","16","90"
"10K","WID SMD 10K 1% 0,1W  BF 1608 (0603)","R159A","RESC1608X55N_V","21492","1","S003","","","10K","21492","1608 (0603)","SMT","Yes","TK100","1%","","","43.45","20.718","Top","43.45","20.718","90"
"10K","WID SMD 10K 1% 0,1W  BF 1608 (0603)","R159B","RESC1608X55N_V","21492","1","S003","","","10K","21492","1608 (0603)","SMT","Yes","TK100","1%","","","43.45","23.055","Bottom","43.45","23.055","270"
"10K","WID SMD 10K 1% 0,1W  BF 1608 (0603)","R159C","RESC1608X55N_V","21492","1","S003","","","10K","21492","1608 (0603)","SMT","Yes","TK100","1%","","","43.45","10","Bottom","43.45","10","270"
"10K","WID SMD 10K 1% 0,1W  BF 1608 (0603)","R160A","RESC1608X55N_V","21492","1","S003","","","10K","21492","1608 (0603)","SMT","Yes","TK100","1%","","","43.45","21.918","Top","43.45","21.918","90"
"10K","WID SMD 10K 1% 0,1W  BF 1608 (0603)","R160B","RESC1608X55N_V","21492","1","S003","","","10K","21492","1608 (0603)","SMT","Yes","TK100","1%","","","43.45","21.755","Bottom","43.45","21.755","270"
"10K","WID SMD 10K 1% 0,1W  BF 1608 (0603)","R160C","RESC1608X55N_V","21492","1","S003","","","10K","21492","1608 (0603)","SMT","Yes","TK100","1%","","","43.45","8.7","Bottom","43.45","8.7","270"
"12K","WID SMD 12K 1% 0,1W","R161","RESC1608X55N_V","22655","1","S003","","","12K","22655","1608 (0603)","SMT","","TK100","1%","","","18.442","25.889","Top","18.442","25.889","270"
"22R","WID SMD 22R 1% 0,1W","R162A","RESC1608X55N_V","21518","1","S003","","","22","21518","1608 (0603)","SMT","","TK100","1%","","","133.926","48.2","Top","133.926","48.2","0"
"22R","WID SMD 22R 1% 0,1W","R162B","RESC1608X55N_V","21518","1","S003","","","22","21518","1608 (0603)","SMT","","TK100","1%","","","136.1","50","Top","136.1","50","90"
"22R","WID SMD 22R 1% 0,1W","R162C","RESC1608X55N_V","21518","1","S003","","","22","21518","1608 (0603)","SMT","","TK100","1%","","","186.416","88.1","Top","186.416","88.1","90"
"6K98","WID SMD 6K98 1% 0,1W  BF 1608 (0603)","R164","RESC1608X55N_V","26473","1","S003","","","6.98k","26473","1608 (0603)","SMT","Yes","TK100","1%","","","18.442","24.721","Top","18.442","24.721","90"
"0R","WID SMD 0R 0,1W 1% TK100  BF 1608 (0603)","R168A","RESC1608X55N_V","21491","1","S003","","","0","21491","1608 (0603)","SMT","","TK100","1%","","","193.97","30.4","Bottom","193.97","30.4","90"
"0R","WID SMD 0R 0,1W 1% TK100  BF 1608 (0603)","R168B","RESC1608X55N_V","21491","1","S003","","","0","21491","1608 (0603)","SMT","","TK100","1%","","","193.97","27.7","Bottom","193.97","27.7","90"
"0R","WID SMD 0R 0,1W 1% TK100  BF 1608 (0603)","R168C","RESC1608X55N_V","21491","1","S003","","","0","21491","1608 (0603)","SMT","","TK100","1%","","","193.97","22.8","Bottom","193.97","22.8","90"
"0R","WID SMD 0R 0,1W 1% TK100  BF 1608 (0603)","R168D","RESC1608X55N_V","21491","1","S003","","","0","21491","1608 (0603)","SMT","","TK100","1%","","","193.97","20.2","Bottom","193.97","20.2","90"
"0R","WID SMD 0R 0,1W 1% TK100  BF 1608 (0603)","R168E","RESC1608X55N_V","21491","1","S003","","","0","21491","1608 (0603)","SMT","","TK100","1%","","","16.721","15.212","Top","16.721","15.212","270"
"0R","WID SMD 0R 0,1W 1% TK100  BF 1608 (0603)","R168F","RESC1608X55N_V","21491","1","S003","","","0","21491","1608 (0603)","SMT","","TK100","1%","","","16.721","16.531","Top","16.721","16.531","270"
"0R","WID SMD 0R 0,1W 1% TK100  BF 1608 (0603)","R168G","RESC1608X55N_V","21491","1","S003","","","0","21491","1608 (0603)","SMT","","TK100","1%","","","16.7","20.488","Top","16.7","20.488","270"
"0R","WID SMD 0R 0,1W 1% TK100  BF 1608 (0603)","R168H","RESC1608X55N_V","21491","1","S003","","","0","21491","1608 (0603)","SMT","","TK100","1%","","","16.721","21.806","Top","16.721","21.806","270"
"0R","WID SMD 0R 0,1W 1% TK100  BF 1608 (0603)","R168I","RESC1608X55N_V","21491","1","S003","","","0","21491","1608 (0603)","SMT","","TK100","1%","","","16.727","29.444","Bottom","16.727","29.444","90"
"0R","WID SMD 0R 0,1W 1% TK100  BF 1608 (0603)","R168J","RESC1608X55N_V","21491","1","S003","","","0","21491","1608 (0603)","SMT","","TK100","1%","","","16.727","28.125","Bottom","16.727","28.125","90"
"0R","WID SMD 0R 0,1W 1% TK100  BF 1608 (0603)","R168K","RESC1608X55N_V","21491","1","S003","","","0","21491","1608 (0603)","SMT","","TK100","1%","","","16.727","24.168","Bottom","16.727","24.168","90"
"0R","WID SMD 0R 0,1W 1% TK100  BF 1608 (0603)","R168L","RESC1608X55N_V","21491","1","S003","","","0","21491","1608 (0603)","SMT","","TK100","1%","","","16.727","22.849","Bottom","16.727","22.849","90"
"0R","WID SMD 0R 0,1W 1% TK100  BF 1608 (0603)","R168M","RESC1608X55N_V","21491","1","S003","","","0","21491","1608 (0603)","SMT","","TK100","1%","","","16.731","16.611","Bottom","16.731","16.611","90"
"0R","WID SMD 0R 0,1W 1% TK100  BF 1608 (0603)","R168N","RESC1608X55N_V","21491","1","S003","","","0","21491","1608 (0603)","SMT","","TK100","1%","","","16.731","15.252","Bottom","16.731","15.252","90"
"0R","WID SMD 0R 0,1W 1% TK100  BF 1608 (0603)","R168O","RESC1608X55N_V","21491","1","S003","","","0","21491","1608 (0603)","SMT","","TK100","1%","","","16.731","11.377","Bottom","16.731","11.377","90"
"0R","WID SMD 0R 0,1W 1% TK100  BF 1608 (0603)","R168P","RESC1608X55N_V","21491","1","S003","","","0","21491","1608 (0603)","SMT","","TK100","1%","","","16.731","10.058","Bottom","16.731","10.058","90"
"51R","WID SMD 51R 1% 0,1W  BF 1608 (0603)","R169A","RESC1608X55N_V","25938","1","S003","","","51","25938","1608 (0603)","SMT","Yes","TK100","1%","","","200.3","30.4","Bottom","200.3","30.4","270"
"51R","WID SMD 51R 1% 0,1W  BF 1608 (0603)","R169B","RESC1608X55N_V","25938","1","S003","","","51","25938","1608 (0603)","SMT","Yes","TK100","1%","","","200.3","27.7","Bottom","200.3","27.7","270"
"51R","WID SMD 51R 1% 0,1W  BF 1608 (0603)","R169C","RESC1608X55N_V","25938","1","S003","","","51","25938","1608 (0603)","SMT","Yes","TK100","1%","","","200.3","22.8","Bottom","200.3","22.8","270"
"51R","WID SMD 51R 1% 0,1W  BF 1608 (0603)","R169D","RESC1608X55N_V","25938","1","S003","","","51","25938","1608 (0603)","SMT","Yes","TK100","1%","","","200.3","20.2","Bottom","200.3","20.2","270"
"51R","WID SMD 51R 1% 0,1W  BF 1608 (0603)","R169E","RESC1608X55N_V","25938","1","S003","","","51","25938","1608 (0603)","SMT","Yes","TK100","1%","","","22.829","16.613","Top","22.829","16.613","90"
"51R","WID SMD 51R 1% 0,1W  BF 1608 (0603)","R169F","RESC1608X55N_V","25938","1","S003","","","51","25938","1608 (0603)","SMT","Yes","TK100","1%","","","22.829","17.883","Top","22.829","17.883","90"
"51R","WID SMD 51R 1% 0,1W  BF 1608 (0603)","R169G","RESC1608X55N_V","25938","1","S003","","","51","25938","1608 (0603)","SMT","Yes","TK100","1%","","","22.829","19.153","Top","22.829","19.153","90"
"51R","WID SMD 51R 1% 0,1W  BF 1608 (0603)","R169H","RESC1608X55N_V","25938","1","S003","","","51","25938","1608 (0603)","SMT","Yes","TK100","1%","","","22.829","20.423","Top","22.829","20.423","90"
"51R","WID SMD 51R 1% 0,1W  BF 1608 (0603)","R169I","RESC1608X55N_V","25938","1","S003","","","51","25938","1608 (0603)","SMT","Yes","TK100","1%","","","22.835","28.06","Bottom","22.835","28.06","270"
"51R","WID SMD 51R 1% 0,1W  BF 1608 (0603)","R169J","RESC1608X55N_V","25938","1","S003","","","51","25938","1608 (0603)","SMT","Yes","TK100","1%","","","22.835","26.79","Bottom","22.835","26.79","270"
"51R","WID SMD 51R 1% 0,1W  BF 1608 (0603)","R169K","RESC1608X55N_V","25938","1","S003","","","51","25938","1608 (0603)","SMT","Yes","TK100","1%","","","22.835","25.52","Bottom","22.835","25.52","270"
"51R","WID SMD 51R 1% 0,1W  BF 1608 (0603)","R169L","RESC1608X55N_V","25938","1","S003","","","51","25938","1608 (0603)","SMT","Yes","TK100","1%","","","22.835","24.25","Bottom","22.835","24.25","270"
"51R","WID SMD 51R 1% 0,1W  BF 1608 (0603)","R169M","RESC1608X55N_V","25938","1","S003","","","51","25938","1608 (0603)","SMT","Yes","TK100","1%","","","22.839","15.269","Bottom","22.839","15.269","270"
"51R","WID SMD 51R 1% 0,1W  BF 1608 (0603)","R169N","RESC1608X55N_V","25938","1","S003","","","51","25938","1608 (0603)","SMT","Yes","TK100","1%","","","22.839","13.927","Bottom","22.839","13.927","270"
"51R","WID SMD 51R 1% 0,1W  BF 1608 (0603)","R169O","RESC1608X55N_V","25938","1","S003","","","51","25938","1608 (0603)","SMT","Yes","TK100","1%","","","22.839","12.729","Bottom","22.839","12.729","270"
"51R","WID SMD 51R 1% 0,1W  BF 1608 (0603)","R169P","RESC1608X55N_V","25938","1","S003","","","51","25938","1608 (0603)","SMT","Yes","TK100","1%","","","22.839","11.459","Bottom","22.839","11.459","270"
"PPTC 0,1A 15V","PTC Resettable Fuse 0.1A 15V SMD 0805","R170A","RESC2012X85N","28044","1","S003","","","0.1A","28044","2012 (0805)","SMT","","","","","15V","197","30.05","Bottom","197","30.05","180"
"PPTC 0,1A 15V","PTC Resettable Fuse 0.1A 15V SMD 0805","R170B","RESC2012X85N","28044","1","S003","","","0.1A","28044","2012 (0805)","SMT","","","","","15V","197","28.05","Bottom","197","28.05","180"
"PPTC 0,1A 15V","PTC Resettable Fuse 0.1A 15V SMD 0805","R170C","RESC2012X85N","28044","1","S003","","","0.1A","28044","2012 (0805)","SMT","","","","","15V","197.225","21.325","Bottom","197.225","21.325","180"
"PPTC 0,1A 15V","PTC Resettable Fuse 0.1A 15V SMD 0805","R170D","RESC2012X85N","28044","1","S003","","","0.1A","28044","2012 (0805)","SMT","","","","","15V","197.225","19.275","Bottom","197.225","19.275","180"
"PPTC 0,1A 15V","PTC Resettable Fuse 0.1A 15V SMD 0805","R170E","RESC2012X85N","28044","1","S003","","","0.1A","28044","2012 (0805)","SMT","","","","","15V","19.881","13.999","Top","19.881","13.999","180"
"PPTC 0,1A 15V","PTC Resettable Fuse 0.1A 15V SMD 0805","R170F","RESC2012X85N","28044","1","S003","","","0.1A","28044","2012 (0805)","SMT","","","","","15V","19.9","15.8","Top","19.9","15.8","180"
"PPTC 0,1A 15V","PTC Resettable Fuse 0.1A 15V SMD 0805","R170G","RESC2012X85N","28044","1","S003","","","0.1A","28044","2012 (0805)","SMT","","","","","15V","19.748","20.977","Top","19.748","20.977","180"
"PPTC 0,1A 15V","PTC Resettable Fuse 0.1A 15V SMD 0805","R170H","RESC2012X85N","28044","1","S003","","","0.1A","28044","2012 (0805)","SMT","","","","","15V","19.748","22.856","Top","19.748","22.856","180"
"PPTC 0,1A 15V","PTC Resettable Fuse 0.1A 15V SMD 0805","R170I","RESC2012X85N","28044","1","S003","","","0.1A","28044","2012 (0805)","SMT","","","","","15V","19.754","30.381","Bottom","19.754","30.381","180"
"PPTC 0,1A 15V","PTC Resettable Fuse 0.1A 15V SMD 0805","R170J","RESC2012X85N","28044","1","S003","","","0.1A","28044","2012 (0805)","SMT","","","","","15V","19.754","28.614","Bottom","19.754","28.614","180"
"PPTC 0,1A 15V","PTC Resettable Fuse 0.1A 15V SMD 0805","R170K","RESC2012X85N","28044","1","S003","","","0.1A","28044","2012 (0805)","SMT","","","","","15V","19.887","23.403","Bottom","19.887","23.403","180"
"PPTC 0,1A 15V","PTC Resettable Fuse 0.1A 15V SMD 0805","R170L","RESC2012X85N","28044","1","S003","","","0.1A","28044","2012 (0805)","SMT","","","","","15V","19.887","21.525","Bottom","19.887","21.525","180"
"PPTC 0,1A 15V","PTC Resettable Fuse 0.1A 15V SMD 0805","R170M","RESC2012X85N","28044","1","S003","","","0.1A","28044","2012 (0805)","SMT","","","","","15V","19.758","17.701","Bottom","19.758","17.701","180"
"PPTC 0,1A 15V","PTC Resettable Fuse 0.1A 15V SMD 0805","R170N","RESC2012X85N","28044","1","S003","","","0.1A","28044","2012 (0805)","SMT","","","","","15V","19.758","15.823","Bottom","19.758","15.823","180"
"PPTC 0,1A 15V","PTC Resettable Fuse 0.1A 15V SMD 0805","R170O","RESC2012X85N","28044","1","S003","","","0.1A","28044","2012 (0805)","SMT","","","","","15V","19.891","10.762","Bottom","19.891","10.763","180"
"PPTC 0,1A 15V","PTC Resettable Fuse 0.1A 15V SMD 0805","R170P","RESC2012X85N","28044","1","S003","","","0.1A","28044","2012 (0805)","SMT","","","","","15V","19.891","8.845","Bottom","19.891","8.845","180"
"10K","WID SMD 10K 1% 0,1W  BF 1608 (0603)","R171A","RESC1608X55N_V","21492","1","S003","","","10K","21492","1608 (0603)","SMT","Yes","TK100","1%","","","193.97","29.1","Bottom","193.97","29.1","90"
"10K","WID SMD 10K 1% 0,1W  BF 1608 (0603)","R171B","RESC1608X55N_V","21492","1","S003","","","10K","21492","1608 (0603)","SMT","Yes","TK100","1%","","","193.97","26.5","Bottom","193.97","26.5","90"
"10K","WID SMD 10K 1% 0,1W  BF 1608 (0603)","R171C","RESC1608X55N_V","21492","1","S003","","","10K","21492","1608 (0603)","SMT","Yes","TK100","1%","","","193.97","21.6","Bottom","193.97","21.6","90"
"10K","WID SMD 10K 1% 0,1W  BF 1608 (0603)","R171D","RESC1608X55N_V","21492","1","S003","","","10K","21492","1608 (0603)","SMT","Yes","TK100","1%","","","193.97","19","Bottom","193.97","19","90"
"10K","WID SMD 10K 1% 0,1W  BF 1608 (0603)","R171E","RESC1608X55N_V","21492","1","S003","","","10K","21492","1608 (0603)","SMT","Yes","TK100","1%","","","16.721","13.894","Top","16.721","13.894","270"
"10K","WID SMD 10K 1% 0,1W  BF 1608 (0603)","R171F","RESC1608X55N_V","21492","1","S003","","","10K","21492","1608 (0603)","SMT","Yes","TK100","1%","","","16.721","17.85","Top","16.721","17.85","270"
"10K","WID SMD 10K 1% 0,1W  BF 1608 (0603)","R171G","RESC1608X55N_V","21492","1","S003","","","10K","21492","1608 (0603)","SMT","Yes","TK100","1%","","","16.7","19.169","Top","16.7","19.169","270"
"10K","WID SMD 10K 1% 0,1W  BF 1608 (0603)","R171H","RESC1608X55N_V","21492","1","S003","","","10K","21492","1608 (0603)","SMT","Yes","TK100","1%","","","16.721","23.125","Top","16.721","23.125","270"
"10K","WID SMD 10K 1% 0,1W  BF 1608 (0603)","R171I","RESC1608X55N_V","21492","1","S003","","","10K","21492","1608 (0603)","SMT","Yes","TK100","1%","","","16.727","30.762","Bottom","16.727","30.762","90"
"10K","WID SMD 10K 1% 0,1W  BF 1608 (0603)","R171J","RESC1608X55N_V","21492","1","S003","","","10K","21492","1608 (0603)","SMT","Yes","TK100","1%","","","16.727","26.806","Bottom","16.727","26.806","90"
"10K","WID SMD 10K 1% 0,1W  BF 1608 (0603)","R171K","RESC1608X55N_V","21492","1","S003","","","10K","21492","1608 (0603)","SMT","Yes","TK100","1%","","","16.727","25.487","Bottom","16.727","25.487","90"
"10K","WID SMD 10K 1% 0,1W  BF 1608 (0603)","R171L","RESC1608X55N_V","21492","1","S003","","","10K","21492","1608 (0603)","SMT","Yes","TK100","1%","","","16.727","21.531","Bottom","16.727","21.531","90"
"10K","WID SMD 10K 1% 0,1W  BF 1608 (0603)","R171M","RESC1608X55N_V","21492","1","S003","","","10K","21492","1608 (0603)","SMT","Yes","TK100","1%","","","16.731","17.971","Bottom","16.731","17.971","90"
"10K","WID SMD 10K 1% 0,1W  BF 1608 (0603)","R171N","RESC1608X55N_V","21492","1","S003","","","10K","21492","1608 (0603)","SMT","Yes","TK100","1%","","","16.731","13.91","Bottom","16.731","13.91","90"
"10K","WID SMD 10K 1% 0,1W  BF 1608 (0603)","R171O","RESC1608X55N_V","21492","1","S003","","","10K","21492","1608 (0603)","SMT","Yes","TK100","1%","","","16.731","12.696","Bottom","16.731","12.696","90"
"10K","WID SMD 10K 1% 0,1W  BF 1608 (0603)","R171P","RESC1608X55N_V","21492","1","S003","","","10K","21492","1608 (0603)","SMT","Yes","TK100","1%","","","16.731","8.739","Bottom","16.731","8.739","90"
"47K","WID SMD 47K 1% 0,1W  BF 1608 (0603)","R172","RESC1608X55N_V","22428","1","S003","","","47K","22428","1608 (0603)","SMT","","TK100","1%","","","227.309","115.961","Top","227.309","115.961","90"
"47K","WID SMD 47K 1% 0,1W  BF 1608 (0603)","R173","RESC1608X55N_V","22428","1","S003","","","47K","22428","1608 (0603)","SMT","","TK100","1%","","","227.309","117.231","Top","227.309","117.231","270"
"51R","WID SMD 51R 1% 0,1W  BF 1608 (0603)","R174A","RESC1608X55N_V","25938","1","S003","","","51","25938","1608 (0603)","SMT","Yes","TK100","1%","","","85.09","15.2","Top","85.09","15.2","90"
"51R","WID SMD 51R 1% 0,1W  BF 1608 (0603)","R174B","RESC1608X55N_V","25938","1","S003","","","51","25938","1608 (0603)","SMT","Yes","TK100","1%","","","85.17","21.46","Top","85.17","21.46","90"
"51R","WID SMD 51R 1% 0,1W  BF 1608 (0603)","R174C","RESC1608X55N_V","25938","1","S003","","","51","25938","1608 (0603)","SMT","Yes","TK100","1%","","","85.17","28.2","Top","85.17","28.2","90"
"51R","WID SMD 51R 1% 0,1W  BF 1608 (0603)","R174D","RESC1608X55N_V","25938","1","S003","","","51","25938","1608 (0603)","SMT","Yes","TK100","1%","","","85.161","34.558","Top","85.161","34.558","90"
"10K","WID SMD 10K 1% 0,1W  BF 1608 (0603)","R175A","RESC1608X55N_V","21492","1","S003","","","10K","21492","1608 (0603)","SMT","Yes","TK100","1%","","","85.852","12.66","Top","85.852","12.66","180"
"10K","WID SMD 10K 1% 0,1W  BF 1608 (0603)","R175B","RESC1608X55N_V","21492","1","S003","","","10K","21492","1608 (0603)","SMT","Yes","TK100","1%","","","85.8","19","Top","85.8","19","180"
"10K","WID SMD 10K 1% 0,1W  BF 1608 (0603)","R175C","RESC1608X55N_V","21492","1","S003","","","10K","21492","1608 (0603)","SMT","Yes","TK100","1%","","","85.932","25.66","Top","85.932","25.66","180"
"10K","WID SMD 10K 1% 0,1W  BF 1608 (0603)","R175D","RESC1608X55N_V","21492","1","S003","","","10K","21492","1608 (0603)","SMT","Yes","TK100","1%","","","85.923","32.018","Top","85.923","32.018","180"
"10K","WID SMD 10K 1% 0,1W  BF 1608 (0603)","R181L","RESC1608X55N_V","21492","1","S003","","","10K","21492","1608 (0603)","SMT","Yes","TK100","1%","","","171.351","96.3","Top","171.351","96.3","270"
"10K","WID SMD 10K 1% 0,1W  BF 1608 (0603)","R193","RESC1608X55N_V","21492","1","S003","","","10K","21492","1608 (0603)","SMT","Yes","TK100","1%","","","130.48","56.248","Top","130.48","56.248","0"
"10K","WID SMD 10K 1% 0,1W  BF 1608 (0603)","R194","RESC1608X55N_V","21492","1","S003","","","10K","21492","1608 (0603)","SMT","Yes","TK100","1%","","","129.2","56.248","Top","129.2","56.248","0"
"10K","WID SMD 10K 1% 0,1W  BF 1608 (0603)","R195","RESC1608X55N_V","21492","1","S003","","","10K","21492","1608 (0603)","SMT","Yes","TK100","1%","","","129.2","50.521","Top","129.2","50.521","270"
"10K","WID SMD 10K 1% 0,1W  BF 1608 (0603)","R196","RESC1608X55N_V","21492","1","S003","","","10K","21492","1608 (0603)","SMT","Yes","TK100","1%","","","129.2","49.341","Top","129.2","49.341","270"
"100R","WID SMD 100R 1% 0,1W BF 1608 (0603)","R197","RESC1608X55N_V","21380","1","S003","","","100","21380","1608 (0603)","SMT","Yes","TK100","1%","","","76.9","95.799","Top","76.9","95.799","270"
"10K","WID SMD 10K 1% 0,1W  BF 1608 (0603)","R198","RESC1608X55N_V","21492","1","S003","","","10K","21492","1608 (0603)","SMT","Yes","TK100","1%","","","73.299","93.2","Top","73.299","93.2","180"
"10K","WID SMD 10K 1% 0,1W  BF 1608 (0603)","R199","RESC1608X55N_V","21492","1","S003","","","10K","21492","1608 (0603)","SMT","Yes","TK100","1%","","","54.102","83.566","Bottom","54.102","83.566","180"
"10K","WID SMD 10K 1% 0,1W  BF 1608 (0603)","R201","RESC1608X55N_V","21492","1","S003","","","10K","21492","1608 (0603)","SMT","Yes","TK100","1%","","","52.578","83.566","Bottom","52.578","83.566","180"
"10K","WID SMD 10K 1% 0,1W  BF 1608 (0603)","R202","RESC1608X55N_V","21492","1","S003","","","10K","21492","1608 (0603)","SMT","Yes","TK100","1%","","","76.2","78.4","Bottom","76.2","78.4","270"
"10K","WID SMD 10K 1% 0,1W  BF 1608 (0603)","R203A","RESC1608X55N_V","21492","1","S003","","","10K","21492","1608 (0603)","SMT","Yes","TK100","1%","","","125.111","105.772","Top","125.111","105.772","90"
"10K","WID SMD 10K 1% 0,1W  BF 1608 (0603)","R203B","RESC1608X55N_V","21492","1","S003","","","10K","21492","1608 (0603)","SMT","Yes","TK100","1%","","","150.746","105.772","Top","150.746","105.772","90"
"0R","WID SMD 0R 0,1W 1% TK100  BF 1608 (0603)","R206","RESC1608X55N_V","21491","1","S003","","","0","21491","1608 (0603)","SMT","","TK100","1%","","","220.4","82.5","Top","220.4","82.5","0"
"0R","WID SMD 0R 0,1W 1% TK100  BF 1608 (0603)","R207","RESC1608X55N_V","21491","1","S003","","","0","21491","1608 (0603)","SMT","","TK100","1%","","","222.181","80.205","Top","222.181","80.205","90"
"0R","WID SMD 0R 0,1W 1% TK100  BF 1608 (0603)","R209","RESC1608X55N_V","21491","1","S003","","","0","21491","1608 (0603)","SMT","","TK100","1%","","","224.5","82.4","Top","224.5","82.4","0"
"10K","WID SMD 10K 1% 0,1W  BF 1608 (0603)","R210","RESC1608X55N_V","21492","1","S003","","","10K","21492","1608 (0603)","SMT","Yes","TK100","1%","","","4.499","68.1","Top","4.499","68.1","180"
"0R","WID SMD 0R 0,1W 1% TK100  BF 1608 (0603)","R212","RESC1608X55N_V","21491","1","S003","","","0","21491","1608 (0603)","SMT","","TK100","1%","","","200","58.5","Top","200","58.5","90"
"0R","WID SMD 0R 0,1W 1% TK100  BF 1608 (0603)","R213","RESC1608X55N_V","21491","1","S003","","","0","21491","1608 (0603)","SMT","","TK100","1%","","","216.6","58.5","Top","216.6","58.5","90"
"0R","WID SMD 0R 0,1W 1% TK100  BF 1608 (0603)","R214","RESC1608X55N_V","21491","1","S003","","","0","21491","1608 (0603)","SMT","","TK100","1%","","","248","58.5","Top","248","58.5","90"
"0R","WID SMD 0R 0,1W 1% TK100  BF 1608 (0603)","R215","RESC1608X55N_V","21491","1","S003","","","0","21491","1608 (0603)","SMT","","TK100","1%","","","277.5","58.5","Top","277.5","58.5","90"
"0R","WID SMD 0R 0,1W 1% TK100  BF 1608 (0603)","R216","RESC1608X55N_V","21491","1","S003","","","0","21491","1608 (0603)","SMT","","TK100","1%","","","308.5","58.5","Top","308.5","58.5","90"
"0R","WID SMD 0R 0,1W 1% TK100  BF 1608 (0603)","R217","RESC1608X55N_V","21491","1","S003","","","0","21491","1608 (0603)","SMT","","TK100","1%","","","338.4","58.5","Top","338.4","58.5","90"
"47K","WID SMD 47K 1% 0,1W  BF 1608 (0603)","R219","RESC1608X55N_V","22428","1","S003","","","47K","22428","1608 (0603)","SMT","","TK100","1%","","","201.172","106.944","Top","201.172","106.944","270"
"47K","WID SMD 47K 1% 0,1W  BF 1608 (0603)","R220","RESC1608X55N_V","22428","1","S003","","","47K","22428","1608 (0603)","SMT","","TK100","1%","","","201.172","105.547","Top","201.172","105.547","90"
"0R","WID SMD 0R 0,1W 1% TK100  BF 1608 (0603)","R222","RESC1608X55N_V","21491","1","S003","","","0","21491","1608 (0603)","SMT","","TK100","1%","","","86.703","99.339","Top","86.703","99.339","90"
"0R","WID SMD 0R 0,1W 1% TK100  BF 1608 (0603)","R224","RESC1608X55N_V","21491","1","S003","","","0","21491","1608 (0603)","SMT","","TK100","1%","","","70.003","109.639","Top","70.003","109.639","0"
"10K","WID SMD 10K 1% 0,1W  BF 1608 (0603)","R230","RESC1608X55N_V","21492","1","S003","","","10K","21492","1608 (0603)","SMT","Yes","TK100","1%","","","27.289","111.972","Top","27.289","111.972","270"
"33R","WID SMD 33R 1% 0,1W","R231","RESC1608X55N_V","22430","1","S003","","","33","22430","1608 (0603)","SMT","","TK100","1%","","","31.792","103.354","Top","31.792","103.354","270"
"10K","WID SMD 10K 1% 0,1W  BF 1608 (0603)","R232","RESC1608X55N_V","21492","1","S003","","","10K","21492","1608 (0603)","SMT","Yes","TK100","1%","","","35.433","119.363","Top","35.433","119.363","180"
"220R","WID SMD 220R 1% 0,1W","R233","RESC1608X55N_V","22324","1","S003","","","220","22324","1608 (0603)","SMT","","TK100","1%","","","35.433","121.866","Top","35.433","121.866","180"
"220R","WID SMD 220R 1% 0,1W","R234","RESC1608X55N_V","22324","1","S003","","","220","22324","1608 (0603)","SMT","","TK100","1%","","","41.109","121.866","Top","41.109","121.866","180"
"10K","WID SMD 10K 1% 0,1W  BF 1608 (0603)","R235","RESC1608X55N_V","21492","1","S003","","","10K","21492","1608 (0603)","SMT","Yes","TK100","1%","","","41.109","119.363","Top","41.109","119.363","180"
"4K99","WID SMD 4K99 1% 0,063W BF 1005 (0402)","R236","RESC1005X40N_V","22754","1","S003","","","4.99K","22754","1005 (0402)","SMT","Yes","TK100","1%","","0.063W","28.965","103.455","Top","28.965","103.455","270"
"1M","WID SMD 1M 5% 0,25W  BF 3216 (1206)","R237","RESC3216X65N_V","22757","1","S003","","","1M","22757","3216 (1206)","SMT","Yes","TK100","5%","","","9.376","108.943","Bottom","9.376","108.943","90"
"0R","WID SMD 0R 0,1W 1% TK100  BF 1608 (0603)","R240","RESC1608X55N_V","21491","1","S003","","","0","21491","1608 (0603)","SMT","","TK100","1%","","","4.5","79.6","Bottom","4.5","79.6","0"
"0R","WID SMD 0R 0,1W 1% TK100  BF 1608 (0603)","R241","RESC1608X55N_V","21491","1","S003","","","0","21491","1608 (0603)","SMT","","TK100","1%","","","2.9","79.6","Bottom","2.9","79.6","0"
"CHS-04TA","DIP Schalter 4 fach 1,27mm SMD","SW1","CHS-04TA","23417","1","S003","","Yes","","23417","","SMT","Yes","","","","","86.3","94.4","Bottom","86.3","94.4","90"
"CHS-04TA","DIP Schalter 4 fach 1,27mm SMD","SW2","CHS-04TA","23417","1","S003","","Yes","","23417","","SMT","Yes","","","","","79.365","94.4","Bottom","79.365","94.4","90"
"CHS-04TA","DIP Schalter 4 fach 1,27mm SMD","SW3","CHS-04TA","23417","1","S003","","Yes","","23417","","SMT","Yes","","","","","72.46","94.4","Bottom","72.46","94.4","90"
"MMBT3904","MMBT3904","T1","SOT95P280X145-3N","23806","1","S003","","Yes","","23806","SOT23-3","SMT","","","","","","101.475","93.05","Top","101.475","93.05","0"
"MMBT3904","MMBT3904","T2","SOT95P280X145-3N","23806","1","S003","","Yes","","23806","SOT23-3","SMT","","","","","","92.906","93.114","Top","92.906","93.114","0"
"MMBT3904","MMBT3904","T3","SOT95P280X145-3N","23806","1","S003","","Yes","","23806","SOT23-3","SMT","","","","","","84.156","93.142","Top","84.156","93.142","0"
"MMBT3904","MMBT3904","T4","SOT95P280X145-3N","23806","1","S003","","Yes","","23806","SOT23-3","SMT","","","","","","23.71","65.711","Top","23.71","65.711","180"
"MMBT3904","MMBT3904","T5","SOT95P280X145-3N","23806","1","S003","","Yes","","23806","SOT23-3","SMT","","","","","","23.686","60.411","Top","23.686","60.411","180"
"MMBT3904","MMBT3904","T6","SOT95P280X145-3N","23806","1","S003","","Yes","","23806","SOT23-3","SMT","","","","","","126.631","118.247","Top","126.631","118.247","90"
"MMBT3904","MMBT3904","T7","SOT95P280X145-3N","23806","1","S003","","Yes","","23806","SOT23-3","SMT","","","","","","151.066","118.273","Top","151.066","118.273","90"
"DMP4015SSS-13","DMP4015SSS-13","T8","SOIC127P600X175-8N","27247","1","S003","","Yes","","27247","SO8","SMT","","","","","","225.793","111.004","Top","225.793","111.004","180"
"MMBT3904","MMBT3904","T9A","SOT95P280X145-3N","23806","1","S003","","Yes","","23806","SOT23-3","SMT","","","","","","88.9","12.914","Top","88.9","12.914","0"
"MMBT3904","MMBT3904","T9B","SOT95P280X145-3N","23806","1","S003","","Yes","","23806","SOT23-3","SMT","","","","","","88.9","19.2","Top","88.9","19.2","0"
"MMBT3904","MMBT3904","T9C","SOT95P280X145-3N","23806","1","S003","","Yes","","23806","SOT23-3","SMT","","","","","","88.98","25.914","Top","88.98","25.914","0"
"MMBT3904","MMBT3904","T9D","SOT95P280X145-3N","23806","1","S003","","Yes","","23806","SOT23-3","SMT","","","","","","88.971","32.272","Top","88.971","32.272","0"
"MMBT3904","MMBT3904","T10","SOT95P280X145-3N","23806","1","S003","","Yes","","23806","SOT23-3","SMT","","","","","","76.199","93.2","Top","76.199","93.2","0"
"DMP4015SSS-13","DMP4015SSS-13","T11","SOIC127P600X175-8N","27247","1","S003","","Yes","","27247","SO8","SMT","","","","","","204.311","111.004","Top","204.311","111.004","0"
"MMBT3904","MMBT3904","T12","SOT95P280X145-3N","23806","1","S003","","Yes","","23806","SOT23-3","SMT","","","","","","38.1","120.336","Top","38.1","120.336","90"
"MMBT3904","MMBT3904","T13","SOT95P280X145-3N","23806","1","S003","","Yes","","23806","SOT23-3","SMT","","","","","","43.7","120.336","Top","43.7","120.336","90"
"MMBT3904","MMBT3904","T14A","SOT95P280X145-3N","23806","1","S003","","Yes","","23806","SOT23-3","SMT","","","","","","195.901","43.3","Bottom","195.901","43.3","180"
"MMBT3904","MMBT3904","T14B","SOT95P280X145-3N","23806","1","S003","","Yes","","23806","SOT23-3","SMT","","","","","","195.901","40","Bottom","195.901","40","180"
"MMBT3904","MMBT3904","T14C","SOT95P280X145-3N","23806","1","S003","","Yes","","23806","SOT23-3","SMT","","","","","","195.901","36.7","Bottom","195.901","36.7","180"
"MMBT3904","MMBT3904","T14D","SOT95P280X145-3N","23806","1","S003","","Yes","","23806","SOT23-3","SMT","","","","","","195.901","33.3","Bottom","195.901","33.3","180"
"Testpoint 1mm","Testpoint 1mm","TP1","TP_1mm","25063","1","S003","","","","25063","","MECH","","","","","","56.704","88.298","Bottom","56.704","88.298","180"
"Testpoint 1mm","Testpoint 1mm","TP2","TP_1mm","25063","1","S003","","","","25063","","MECH","","","","","","57.17","89.798","Bottom","57.17","89.798","90"
"Testpoint 1mm","Testpoint 1mm","TP3","TP_1mm","25063","1","S003","","","","25063","","MECH","","","","","","58.228","88.298","Bottom","58.228","88.298","90"
"Testpoint 1mm","Testpoint 1mm","TP4","TP_1mm","25063","1","S003","","","","25063","","MECH","","","","","","58.652","89.898","Bottom","58.652","89.898","90"
"Testpoint 1mm","Testpoint 1mm","TP5","TP_1mm","25063","1","S003","","","","25063","","MECH","","","","","","59.71","88.298","Bottom","59.71","88.298","90"
"Testpoint 1mm","Testpoint 1mm","TP6","TP_1mm","25063","1","S003","","","","25063","","MECH","","","","","","60.168","89.898","Bottom","60.168","89.898","90"
"Testpoint 1mm","Testpoint 1mm","TP7","TP_1mm","25063","1","S003","","","","25063","","MECH","","","","","","61.226","88.298","Bottom","61.226","88.298","90"
"Testpoint 1mm","Testpoint 1mm","TP8","TP_1mm","25063","1","S003","","","","25063","","MECH","","","","","","61.684","89.898","Bottom","61.684","89.898","90"
"Testpoint 1mm","Testpoint 1mm","TP9","TP_1mm","25063","1","S003","","","","25063","","MECH","","","","","","62.742","88.298","Bottom","62.742","88.298","90"
"Testpoint 1mm","Testpoint 1mm","TP10","TP_1mm","25063","1","S003","","","","25063","","MECH","","","","","","63.2","89.898","Bottom","63.2","89.898","90"
"Testpoint 1mm","Testpoint 1mm","TP11","TP_1mm","25063","1","S003","","","","25063","","MECH","","","","","","64.288","88.298","Bottom","64.288","88.298","90"
"Testpoint 1mm","Testpoint 1mm","TP12","TP_1mm","25063","1","S003","","","","25063","","MECH","","","","","","64.684","89.898","Bottom","64.684","89.898","90"
"Testpoint 1mm","Testpoint 1mm","TP13","TP_1mm","25063","1","S003","","","","25063","","MECH","","","","","","65.772","88.298","Bottom","65.772","88.298","90"
"Testpoint 1mm","Testpoint 1mm","TP14","TP_1mm","25063","1","S003","","","","25063","","MECH","","","","","","66.26","89.898","Bottom","66.26","89.898","90"
"Testpoint 1mm","Testpoint 1mm","TP15","TP_1mm","25063","1","S003","","","","25063","","MECH","","","","","","67.248","88.298","Bottom","67.248","88.298","90"
"Testpoint 1mm","Testpoint 1mm","TP16","TP_1mm","25063","1","S003","","","","25063","","MECH","","","","","","67.736","89.898","Bottom","67.736","89.898","90"
"Testpoint 1mm","Testpoint 1mm","TP17","TP_1mm","25063","1","S003","","","","25063","","MECH","","","","","","58.2","78.202","Bottom","58.2","78.202","90"
"Testpoint 1mm","Testpoint 1mm","TP18","TP_1mm","25063","1","S003","","","","25063","","MECH","","","","","","59.686","78.202","Bottom","59.686","78.202","270"
"Testpoint 1mm","Testpoint 1mm","TP19","TP_1mm","25063","1","S003","","","","25063","","MECH","","","","","","60.402","79.698","Bottom","60.402","79.698","90"
"Testpoint 1mm","Testpoint 1mm","TP20","TP_1mm","25063","1","S003","","","","25063","","MECH","","","","","","61.19","78.198","Bottom","61.19","78.198","90"
"Testpoint 1mm","Testpoint 1mm","TP21","TP_1mm","25063","1","S003","","","","25063","","MECH","","","","","","61.924","79.698","Bottom","61.924","79.698","90"
"Testpoint 1mm","Testpoint 1mm","TP22","TP_1mm","25063","1","S003","","","","25063","","MECH","","","","","","62.7","78.198","Bottom","62.7","78.198","90"
"Testpoint 1mm","Testpoint 1mm","TP23","TP_1mm","25063","1","S003","","","","25063","","MECH","","","","","","63.434","79.698","Bottom","63.434","79.698","90"
"Testpoint 1mm","Testpoint 1mm","TP24","TP_1mm","25063","1","S003","","","","25063","","MECH","","","","","","68.346","79.698","Bottom","68.346","79.698","90"
"Testpoint 1mm","Testpoint 1mm","TP25","TP_1mm","25063","1","S003","","","","25063","","MECH","","","","","","68.98","78.198","Bottom","68.98","78.198","90"
"Testpoint 1mm","Testpoint 1mm","TP26","TP_1mm","25063","1","S003","","","","25063","","MECH","","","","","","23.4","82.1","Bottom","23.4","82.1","90"
"Testpoint 1mm","Testpoint 1mm","TP27","TP_1mm","25063","1","S003","","","","25063","","MECH","","","","","","35.895","82.3","Bottom","35.895","82.3","90"
"Testpoint 1mm","Testpoint 1mm","TP28","TP_1mm","25063","1","S003","","","","25063","","MECH","","","","","","41.715","88.547","Bottom","41.715","88.547","90"
"Testpoint 1mm","Testpoint 1mm","TP29","TP_1mm","25063","1","S003","","","","25063","","MECH","","","","","","89.42","54.54","Bottom","89.42","54.54","90"
"Testpoint 1mm","Testpoint 1mm","TP30","TP_1mm","25063","1","S003","","","","25063","","MECH","","","","","","81.686","81.788","Bottom","81.686","81.788","90"
"Testpoint 1mm","Testpoint 1mm","TP31","TP_1mm","25063","1","S003","","","","25063","","MECH","","","","","","37.829","43.513","Bottom","37.829","43.513","90"
"Testpoint 1mm","Testpoint 1mm","TP32","TP_1mm","25063","1","S003","","","","25063","","MECH","","","","","","89.442","46.484","Bottom","89.442","46.484","90"
"Testpoint 1mm","Testpoint 1mm","TP33","TP_1mm","25063","1","S003","","","","25063","","MECH","","","","","","109.939","44.39","Top","109.939","44.39","90"
"Testpoint 1mm","Testpoint 1mm","TP34","TP_1mm","25063","1","S003","","","","25063","","MECH","","","","","","214.123","44.871","Top","214.123","44.871","90"
"Testpoint 1mm","Testpoint 1mm","TP35","TP_1mm","25063","1","S003","","","","25063","","MECH","","","","","","244.603","44.871","Top","244.603","44.871","90"
"Testpoint 1mm","Testpoint 1mm","TP36","TP_1mm","25063","1","S003","","","","25063","","MECH","","","","","","275.083","44.871","Top","275.083","44.871","90"
"Testpoint 1mm","Testpoint 1mm","TP37","TP_1mm","25063","1","S003","","","","25063","","MECH","","","","","","305.563","44.871","Top","305.563","44.871","90"
"Testpoint 1mm","Testpoint 1mm","TP38","TP_1mm","25063","1","S003","","","","25063","","MECH","","","","","","336.043","44.871","Top","336.043","44.871","90"
"Testpoint 1mm","Testpoint 1mm","TP39","TP_1mm","25063","1","S003","","","","25063","","MECH","","","","","","120.9","45.6","Top","120.9","45.6","90"
"Testpoint 1mm","Testpoint 1mm","TP40","TP_1mm","25063","1","S003","","","","25063","","MECH","","","","","","152.025","44.958","Top","152.025","44.958","90"
"Testpoint 1mm","Testpoint 1mm","TP41","TP_1mm","25063","1","S003","","","","25063","","MECH","","","","","","182.499","44.958","Top","182.499","44.958","90"
"Testpoint 1mm","Testpoint 1mm","TP42","TP_1mm","25063","1","S003","","","","25063","","MECH","","","","","","5.036","70.377","Top","5.036","70.377","270"
"Testpoint 1mm","Testpoint 1mm","TP43","TP_1mm","25063","1","S003","","","","25063","","MECH","","","","","","2.401","72.895","Top","2.401","72.895","270"
"Testpoint 1mm","Testpoint 1mm","TP44","TP_1mm","25063","1","S003","","","","25063","","MECH","","","","","","58.9","79.7","Bottom","58.9","79.7","270"
"Testpoint 1mm","Testpoint 1mm","TP45A","TP_1mm","25063","1","S003","","","","25063","","MECH","","","","","","123.106","54.856","Top","123.106","54.856","270"
"Testpoint 1mm","Testpoint 1mm","TP45B","TP_1mm","25063","1","S003","","","","25063","","MECH","","","","","","153.586","54.856","Top","153.586","54.856","270"
"Testpoint 1mm","Testpoint 1mm","TP45C","TP_1mm","25063","1","S003","","","","25063","","MECH","","","","","","184.066","54.856","Top","184.066","54.856","270"
"Testpoint 1mm","Testpoint 1mm","TP46A","TP_1mm","25063","1","S003","","","","25063","","MECH","","","","","","110.382","54.094","Top","110.382","54.094","270"
"Testpoint 1mm","Testpoint 1mm","TP46B","TP_1mm","25063","1","S003","","","","25063","","MECH","","","","","","140.862","54.094","Top","140.862","54.094","270"
"Testpoint 1mm","Testpoint 1mm","TP46C","TP_1mm","25063","1","S003","","","","25063","","MECH","","","","","","171.342","54.094","Top","171.342","54.094","270"
"Testpoint 1mm","Testpoint 1mm","TP47A","TP_1mm","25063","1","S003","","","","25063","","MECH","","","","","","121.328","54.094","Top","121.328","54.094","270"
"Testpoint 1mm","Testpoint 1mm","TP47B","TP_1mm","25063","1","S003","","","","25063","","MECH","","","","","","151.808","54.094","Top","151.808","54.094","270"
"Testpoint 1mm","Testpoint 1mm","TP47C","TP_1mm","25063","1","S003","","","","25063","","MECH","","","","","","182.288","54.094","Top","182.288","54.094","270"
"Testpoint 1mm","Testpoint 1mm","TP48A","TP_1mm","25063","1","S003","","","","25063","","MECH","","","","","","111.406","54.983","Top","111.406","54.983","90"
"Testpoint 1mm","Testpoint 1mm","TP48B","TP_1mm","25063","1","S003","","","","25063","","MECH","","","","","","142.5","54.9","Top","142.5","54.9","90"
"Testpoint 1mm","Testpoint 1mm","TP48C","TP_1mm","25063","1","S003","","","","25063","","MECH","","","","","","172.58","55","Top","172.58","55","90"
"Testpoint 1mm","Testpoint 1mm","TP49A","TP_1mm","25063","1","S003","","","","25063","","MECH","","","","","","123.106","52.4","Top","123.106","52.4","270"
"Testpoint 1mm","Testpoint 1mm","TP49B","TP_1mm","25063","1","S003","","","","25063","","MECH","","","","","","153.586","52.358","Top","153.586","52.358","270"
"Testpoint 1mm","Testpoint 1mm","TP49C","TP_1mm","25063","1","S003","","","","25063","","MECH","","","","","","184.066","52.358","Top","184.066","52.358","270"
"Testpoint 1mm","Testpoint 1mm","TP50","TP_1mm","25063","1","S003","","","","25063","","MECH","","","","","","41.5","107.15","Top","41.5","107.15","90"
"Testpoint 1mm","Testpoint 1mm","TP51A","TP_1mm","25063","1","S003","","","","25063","","MECH","","","","","","121.328","51.6","Top","121.328","51.6","270"
"Testpoint 1mm","Testpoint 1mm","TP51B","TP_1mm","25063","1","S003","","","","25063","","MECH","","","","","","151.808","51.577","Top","151.808","51.577","270"
"Testpoint 1mm","Testpoint 1mm","TP51C","TP_1mm","25063","1","S003","","","","25063","","MECH","","","","","","182.288","51.554","Top","182.288","51.554","270"
"Testpoint 1mm","Testpoint 1mm","TP52A","TP_1mm","25063","1","S003","","","","25063","","MECH","","","","","","110.382","56.4","Top","110.382","56.4","90"
"Testpoint 1mm","Testpoint 1mm","TP52B","TP_1mm","25063","1","S003","","","","25063","","MECH","","","","","","140.862","56.4","Top","140.862","56.4","90"
"Testpoint 1mm","Testpoint 1mm","TP52C","TP_1mm","25063","1","S003","","","","25063","","MECH","","","","","","171.342","56.4","Top","171.342","56.4","90"
"Testpoint 1mm","Testpoint 1mm","TP53A","TP_1mm","25063","1","S003","","","","25063","","MECH","","","","","","212","51.8","Top","212","51.8","90"
"Testpoint 1mm","Testpoint 1mm","TP53B","TP_1mm","25063","1","S003","","","","25063","","MECH","","","","","","242.4","51.7","Top","242.4","51.7","90"
"Testpoint 1mm","Testpoint 1mm","TP53C","TP_1mm","25063","1","S003","","","","25063","","MECH","","","","","","273","51.7","Top","273","51.7","90"
"Testpoint 1mm","Testpoint 1mm","TP53D","TP_1mm","25063","1","S003","","","","25063","","MECH","","","","","","303.6","51.7","Top","303.6","51.7","90"
"Testpoint 1mm","Testpoint 1mm","TP53E","TP_1mm","25063","1","S003","","","","25063","","MECH","","","","","","334.1","51.7","Top","334.1","51.7","90"
"Testpoint 1mm","Testpoint 1mm","TP54A","TP_1mm","25063","1","S003","","","","25063","","MECH","","","","","","204.4","51.8","Top","204.4","51.8","90"
"Testpoint 1mm","Testpoint 1mm","TP54B","TP_1mm","25063","1","S003","","","","25063","","MECH","","","","","","234.8","51.7","Top","234.8","51.7","90"
"Testpoint 1mm","Testpoint 1mm","TP54C","TP_1mm","25063","1","S003","","","","25063","","MECH","","","","","","265.231","51.841","Top","265.231","51.841","90"
"Testpoint 1mm","Testpoint 1mm","TP54D","TP_1mm","25063","1","S003","","","","25063","","MECH","","","","","","295.4","51.7","Top","295.4","51.7","90"
"Testpoint 1mm","Testpoint 1mm","TP54E","TP_1mm","25063","1","S003","","","","25063","","MECH","","","","","","326.6","51.7","Top","326.6","51.7","90"
"Testpoint 1mm","Testpoint 1mm","TP55","TP_1mm","25063","1","S003","","","","25063","","MECH","","","","","","39.9","105.1","Top","39.9","105.1","90"
"Testpoint 1mm","Testpoint 1mm","TP56A","TP_1mm","25063","1","S003","","","","25063","","MECH","","","","","","111.406","47.6","Top","111.406","47.6","270"
"Testpoint 1mm","Testpoint 1mm","TP56B","TP_1mm","25063","1","S003","","","","25063","","MECH","","","","","","142.7","47.6","Top","142.7","47.6","270"
"Testpoint 1mm","Testpoint 1mm","TP56C","TP_1mm","25063","1","S003","","","","25063","","MECH","","","","","","173.1","47.6","Top","173.1","47.6","270"
"Testpoint 1mm","Testpoint 1mm","TP57A","TP_1mm","25063","1","S003","","","","25063","","MECH","","","","","","202.238","50.792","Top","202.238","50.792","90"
"Testpoint 1mm","Testpoint 1mm","TP57B","TP_1mm","25063","1","S003","","","","25063","","MECH","","","","","","232.718","50.792","Top","232.718","50.792","90"
"Testpoint 1mm","Testpoint 1mm","TP57C","TP_1mm","25063","1","S003","","","","25063","","MECH","","","","","","263.198","50.792","Top","263.198","50.792","90"
"Testpoint 1mm","Testpoint 1mm","TP57D","TP_1mm","25063","1","S003","","","","25063","","MECH","","","","","","293.678","50.792","Top","293.678","50.792","90"
"Testpoint 1mm","Testpoint 1mm","TP57E","TP_1mm","25063","1","S003","","","","25063","","MECH","","","","","","324.158","50.792","Top","324.158","50.792","90"
"Testpoint 1mm","Testpoint 1mm","TP58A","TP_1mm","25063","1","S003","","","","25063","","MECH","","","","","","213.668","50.792","Top","213.668","50.792","90"
"Testpoint 1mm","Testpoint 1mm","TP58B","TP_1mm","25063","1","S003","","","","25063","","MECH","","","","","","244.148","50.792","Top","244.148","50.792","90"
"Testpoint 1mm","Testpoint 1mm","TP58C","TP_1mm","25063","1","S003","","","","25063","","MECH","","","","","","274.628","50.792","Top","274.628","50.792","90"
"Testpoint 1mm","Testpoint 1mm","TP58D","TP_1mm","25063","1","S003","","","","25063","","MECH","","","","","","305.108","50.792","Top","305.108","50.792","90"
"Testpoint 1mm","Testpoint 1mm","TP58E","TP_1mm","25063","1","S003","","","","25063","","MECH","","","","","","335.588","50.792","Top","335.588","50.792","90"
"Testpoint 1mm","Testpoint 1mm","TP59A","TP_1mm","25063","1","S003","","","","25063","","MECH","","","","","","198.895","67.292","Bottom","198.895","67.292","270"
"Testpoint 1mm","Testpoint 1mm","TP59B","TP_1mm","25063","1","S003","","","","25063","","MECH","","","","","","229.375","67.292","Bottom","229.375","67.292","270"
"Testpoint 1mm","Testpoint 1mm","TP59C","TP_1mm","25063","1","S003","","","","25063","","MECH","","","","","","259.855","67.292","Bottom","259.855","67.292","270"
"Testpoint 1mm","Testpoint 1mm","TP59D","TP_1mm","25063","1","S003","","","","25063","","MECH","","","","","","290.335","67.292","Bottom","290.335","67.292","270"
"Testpoint 1mm","Testpoint 1mm","TP59E","TP_1mm","25063","1","S003","","","","25063","","MECH","","","","","","320.815","67.292","Bottom","320.815","67.292","270"
"Testpoint 1mm","Testpoint 1mm","TP60A","TP_1mm","25063","1","S003","","","","25063","","MECH","","","","","","197.345","70.544","Bottom","197.345","70.544","270"
"Testpoint 1mm","Testpoint 1mm","TP60B","TP_1mm","25063","1","S003","","","","25063","","MECH","","","","","","227.825","70.544","Bottom","227.825","70.544","270"
"Testpoint 1mm","Testpoint 1mm","TP60C","TP_1mm","25063","1","S003","","","","25063","","MECH","","","","","","258.305","70.544","Bottom","258.305","70.544","270"
"Testpoint 1mm","Testpoint 1mm","TP60D","TP_1mm","25063","1","S003","","","","25063","","MECH","","","","","","288.785","70.544","Bottom","288.785","70.544","270"
"Testpoint 1mm","Testpoint 1mm","TP60E","TP_1mm","25063","1","S003","","","","25063","","MECH","","","","","","319.265","70.544","Bottom","319.265","70.544","270"
"Testpoint 1mm","Testpoint 1mm","TP61A","TP_1mm","25063","1","S003","","","","25063","","MECH","","","","","","202.819","76.596","Bottom","202.819","76.596","270"
"Testpoint 1mm","Testpoint 1mm","TP61B","TP_1mm","25063","1","S003","","","","25063","","MECH","","","","","","233.299","76.596","Bottom","233.299","76.596","270"
"Testpoint 1mm","Testpoint 1mm","TP61C","TP_1mm","25063","1","S003","","","","25063","","MECH","","","","","","263.779","76.596","Bottom","263.779","76.596","270"
"Testpoint 1mm","Testpoint 1mm","TP61D","TP_1mm","25063","1","S003","","","","25063","","MECH","","","","","","294.259","76.596","Bottom","294.259","76.596","270"
"Testpoint 1mm","Testpoint 1mm","TP61E","TP_1mm","25063","1","S003","","","","25063","","MECH","","","","","","324.739","76.596","Bottom","324.739","76.596","270"
"Testpoint 1mm","Testpoint 1mm","TP62A","TP_1mm","25063","1","S003","","","","25063","","MECH","","","","","","206.925","74.042","Bottom","206.925","74.042","270"
"Testpoint 1mm","Testpoint 1mm","TP62B","TP_1mm","25063","1","S003","","","","25063","","MECH","","","","","","237.405","74.042","Bottom","237.405","74.042","270"
"Testpoint 1mm","Testpoint 1mm","TP62C","TP_1mm","25063","1","S003","","","","25063","","MECH","","","","","","267.885","74.042","Bottom","267.885","74.042","270"
"Testpoint 1mm","Testpoint 1mm","TP62D","TP_1mm","25063","1","S003","","","","25063","","MECH","","","","","","298.365","74.042","Bottom","298.365","74.042","270"
"Testpoint 1mm","Testpoint 1mm","TP62E","TP_1mm","25063","1","S003","","","","25063","","MECH","","","","","","328.845","74.042","Bottom","328.845","74.042","270"
"Testpoint 1mm","Testpoint 1mm","TP63A","TP_1mm","25063","1","S003","","","","25063","","MECH","","","","","","209.677","52.558","Bottom","209.677","52.558","270"
"Testpoint 1mm","Testpoint 1mm","TP63B","TP_1mm","25063","1","S003","","","","25063","","MECH","","","","","","240.157","52.558","Bottom","240.157","52.558","270"
"Testpoint 1mm","Testpoint 1mm","TP63C","TP_1mm","25063","1","S003","","","","25063","","MECH","","","","","","270.637","52.558","Bottom","270.637","52.558","270"
"Testpoint 1mm","Testpoint 1mm","TP63D","TP_1mm","25063","1","S003","","","","25063","","MECH","","","","","","301.117","52.558","Bottom","301.117","52.558","270"
"Testpoint 1mm","Testpoint 1mm","TP63E","TP_1mm","25063","1","S003","","","","25063","","MECH","","","","","","331.597","52.558","Bottom","331.597","52.558","270"
"Testpoint 1mm","Testpoint 1mm","TP64A","TP_1mm","25063","1","S003","","","","25063","","MECH","","","","","","202.238","45.712","Top","202.238","45.712","90"
"Testpoint 1mm","Testpoint 1mm","TP64B","TP_1mm","25063","1","S003","","","","25063","","MECH","","","","","","232.718","45.712","Top","232.718","45.712","90"
"Testpoint 1mm","Testpoint 1mm","TP64C","TP_1mm","25063","1","S003","","","","25063","","MECH","","","","","","263.198","45.712","Top","263.198","45.712","90"
"Testpoint 1mm","Testpoint 1mm","TP64D","TP_1mm","25063","1","S003","","","","25063","","MECH","","","","","","293.678","45.712","Top","293.678","45.712","90"
"Testpoint 1mm","Testpoint 1mm","TP64E","TP_1mm","25063","1","S003","","","","25063","","MECH","","","","","","324.158","45.712","Top","324.158","45.712","90"
"Testpoint 1mm","Testpoint 1mm","TP65A","TP_1mm","25063","1","S003","","","","25063","","MECH","","","","","","214.15","46.5","Top","214.15","46.5","90"
"Testpoint 1mm","Testpoint 1mm","TP65B","TP_1mm","25063","1","S003","","","","25063","","MECH","","","","","","244.63","46.5","Top","244.63","46.5","90"
"Testpoint 1mm","Testpoint 1mm","TP65C","TP_1mm","25063","1","S003","","","","25063","","MECH","","","","","","275.11","46.5","Top","275.11","46.5","90"
"Testpoint 1mm","Testpoint 1mm","TP65D","TP_1mm","25063","1","S003","","","","25063","","MECH","","","","","","305.59","46.5","Top","305.59","46.5","90"
"Testpoint 1mm","Testpoint 1mm","TP65E","TP_1mm","25063","1","S003","","","","25063","","MECH","","","","","","336.07","46.5","Top","336.07","46.5","90"
"Testpoint 1mm","Testpoint 1mm","TP66A","TP_1mm","25063","1","S003","","","","25063","","MECH","","","","","","208.661","54.082","Bottom","208.661","54.082","270"
"Testpoint 1mm","Testpoint 1mm","TP66B","TP_1mm","25063","1","S003","","","","25063","","MECH","","","","","","239.141","54.082","Bottom","239.141","54.082","270"
"Testpoint 1mm","Testpoint 1mm","TP66C","TP_1mm","25063","1","S003","","","","25063","","MECH","","","","","","269.621","54.082","Bottom","269.621","54.082","270"
"Testpoint 1mm","Testpoint 1mm","TP66D","TP_1mm","25063","1","S003","","","","25063","","MECH","","","","","","300.101","54.082","Bottom","300.101","54.082","270"
"Testpoint 1mm","Testpoint 1mm","TP66E","TP_1mm","25063","1","S003","","","","25063","","MECH","","","","","","330.581","54.082","Bottom","330.581","54.082","270"
"Testpoint 1mm","Testpoint 1mm","TP67A","TP_1mm","25063","1","S003","","","","25063","","MECH","","","","","","200.968","44.442","Top","200.968","44.442","90"
"Testpoint 1mm","Testpoint 1mm","TP67B","TP_1mm","25063","1","S003","","","","25063","","MECH","","","","","","231.448","44.442","Top","231.448","44.442","90"
"Testpoint 1mm","Testpoint 1mm","TP67C","TP_1mm","25063","1","S003","","","","25063","","MECH","","","","","","261.928","44.442","Top","261.928","44.442","90"
"Testpoint 1mm","Testpoint 1mm","TP67D","TP_1mm","25063","1","S003","","","","25063","","MECH","","","","","","292.408","44.442","Top","292.408","44.442","90"
"Testpoint 1mm","Testpoint 1mm","TP67E","TP_1mm","25063","1","S003","","","","25063","","MECH","","","","","","322.888","44.442","Top","322.888","44.442","90"
"Testpoint 1mm","Testpoint 1mm","TP68A","TP_1mm","25063","1","S003","","","","25063","","MECH","","","","","","139.739","15.054","Top","139.739","15.054","0"
"Testpoint 1mm","Testpoint 1mm","TP68B","TP_1mm","25063","1","S003","","","","25063","","MECH","","","","","","165.691","15.054","Top","165.691","15.054","0"
"Testpoint 1mm","Testpoint 1mm","TP69","TP_1mm","25063","1","S003","","","","25063","","MECH","","","","","","115.175","107.539","Top","115.175","107.539","180"
"Testpoint 1mm","Testpoint 1mm","TP70","TP_1mm","25063","1","S003","","","","25063","","MECH","","","","","","99.772","107.339","Top","99.772","107.339","180"
"Testpoint 1mm","Testpoint 1mm","TP71","TP_1mm","25063","1","S003","","","","25063","","MECH","","","","","","84.496","107.664","Top","84.496","107.664","180"
"Testpoint 1mm","Testpoint 1mm","TP72","TP_1mm","25063","1","S003","","","","25063","","MECH","","","","","","12.7","83.058","Top","12.7","83.058","180"
"Testpoint 1mm","Testpoint 1mm","TP73","TP_1mm","25063","1","S003","","","","25063","","MECH","","","","","","236.555","10.733","Top","236.555","10.733","90"
"Testpoint 1mm","Testpoint 1mm","TP74","TP_1mm","25063","1","S003","","","","25063","","MECH","","","","","","103.122","8.105","Top","103.122","8.105","0"
"Testpoint 1mm","Testpoint 1mm","TP75","TP_1mm","25063","1","S003","","","","25063","","MECH","","","","","","65.735","49.936","Top","65.735","49.936","90"
"Testpoint 1mm","Testpoint 1mm","TP76","TP_1mm","25063","1","S003","","","","25063","","MECH","","","","","","31.404","114.412","Top","31.404","114.412","90"
"Testpoint 1mm","Testpoint 1mm","TP77","TP_1mm","25063","1","S003","","","","25063","","MECH","","","","","","32.7","115.8","Top","32.7","115.8","90"
"Testpoint 1mm","Testpoint 1mm","TP78A","TP_1mm","25063","1","S003","","","","25063","","MECH","","","","","","136.15","117.307","Top","136.15","117.307","90"
"Testpoint 1mm","Testpoint 1mm","TP78B","TP_1mm","25063","1","S003","","","","25063","","MECH","","","","","","161.785","117.307","Top","161.785","117.307","90"
"Testpoint 1mm","Testpoint 1mm","TP79A","TP_1mm","25063","1","S003","","","","25063","","MECH","","","","","","125.863","107.884","Top","125.863","107.884","90"
"Testpoint 1mm","Testpoint 1mm","TP79B","TP_1mm","25063","1","S003","","","","25063","","MECH","","","","","","151.498","107.884","Top","151.498","107.884","90"
"Testpoint 1mm","Testpoint 1mm","TP80","TP_1mm","25063","1","S003","","","","25063","","MECH","","","","","","26.1","5","Top","26.1","5","270"
"Testpoint 1mm","Testpoint 1mm","TP81A","TP_1mm","25063","1","S003","","","","25063","","MECH","","","","","","203.549","47","Top","203.549","47","90"
"Testpoint 1mm","Testpoint 1mm","TP81B","TP_1mm","25063","1","S003","","","","25063","","MECH","","","","","","234.029","47","Top","234.029","47","90"
"Testpoint 1mm","Testpoint 1mm","TP81C","TP_1mm","25063","1","S003","","","","25063","","MECH","","","","","","264.509","47","Top","264.509","47","90"
"Testpoint 1mm","Testpoint 1mm","TP81D","TP_1mm","25063","1","S003","","","","25063","","MECH","","","","","","294.989","47","Top","294.989","47","90"
"Testpoint 1mm","Testpoint 1mm","TP81E","TP_1mm","25063","1","S003","","","","25063","","MECH","","","","","","325.469","47","Top","325.469","47","90"
"Testpoint 1mm","Testpoint 1mm","TP82A","TP_1mm","25063","1","S003","","","","25063","","MECH","","","","","","212.599","46.95","Top","212.599","46.95","90"
"Testpoint 1mm","Testpoint 1mm","TP82B","TP_1mm","25063","1","S003","","","","25063","","MECH","","","","","","243.079","46.95","Top","243.079","46.95","90"
"Testpoint 1mm","Testpoint 1mm","TP82C","TP_1mm","25063","1","S003","","","","25063","","MECH","","","","","","273.559","46.95","Top","273.559","46.95","90"
"Testpoint 1mm","Testpoint 1mm","TP82D","TP_1mm","25063","1","S003","","","","25063","","MECH","","","","","","304.039","46.95","Top","304.039","46.95","90"
"Testpoint 1mm","Testpoint 1mm","TP82E","TP_1mm","25063","1","S003","","","","25063","","MECH","","","","","","334.519","46.95","Top","334.519","46.95","90"
"Testpoint 1mm","Testpoint 1mm","TP83","TP_1mm","25063","1","S003","","","","25063","","MECH","","","","","","217.18","89.923","Top","217.18","89.923","270"
"Testpoint 1mm","Testpoint 1mm","TP84","TP_1mm","25063","1","S003","","","","25063","","MECH","","","","","","41.5","105.9","Top","41.5","105.9","90"
"Testpoint 1mm","Testpoint 1mm","TP85","TP_1mm","25063","1","S003","","","","25063","","MECH","","","","","","39.9","106.5","Top","39.9","106.5","90"
"Testpoint 1mm","Testpoint 1mm","TP86","TP_1mm","25063","1","S003","","","","25063","","MECH","","","","","","39.9","107.9","Top","39.9","107.9","90"
"Testpoint 1mm","Testpoint 1mm","TP87","TP_1mm","25063","1","S003","","","","25063","","MECH","","","","","","41.5","108.4","Top","41.5","108.4","90"
"Testpoint 1mm","Testpoint 1mm","TP88","TP_1mm","25063","1","S003","","","","25063","","MECH","","","","","","29.7","100.9","Top","29.7","100.9","90"
"KC2016Z4.00000C1KX00","KC2016Z4.00000C1KX00 Oszillator 4.000000MHz","U1","2016","30896","1","S003","","","4M","30896","2.0 x 1.6mm","SMT","","","20ppm","","1.8-3.3V","223.529","76.513","Top","223.529","76.513","180"
"88E1512-A0-NNP2I000","88E1512-A0-NNP2I000","U2","QFN50P800X800X100-57N","24652","1","S003","","Yes","","24652","QFN56","SMT","Yes","","","","","10.935","73.505","Top","10.935","73.505","0"
"SiT8008BI-73-18S-25.000000E","SiT8008BI-73-18S-25.000000E MEMS Oszillator 25.000000MHz","U3","2016","27228","1","S003","","","25M","27228","2.0 x 1.6mm","SMT","Yes","","","","1.8V","18.9","72.001","Top","18.9","72.001","270"
"(cs) LC4256V-75TN100C","(cs) LC4256V-75TN100C","U4A","QFP50P1600X1600X160-100N","31885","1","S003","","Yes","","31885","TQFP100","SMT","","","","","","208.407","63.938","Bottom","208.407","63.988","0"
"(cs) LC4256V-75TN100C","(cs) LC4256V-75TN100C","U4B","QFP50P1600X1600X160-100N","31885","1","S003","","Yes","","31885","TQFP100","SMT","","","","","","238.887","63.938","Bottom","238.887","63.988","0"
"(cs) LC4256V-75TN100C","(cs) LC4256V-75TN100C","U4C","QFP50P1600X1600X160-100N","31885","1","S003","","Yes","","31885","TQFP100","SMT","","","","","","269.367","63.938","Bottom","269.367","63.988","0"
"(cs) LC4256V-75TN100C","(cs) LC4256V-75TN100C","U4D","QFP50P1600X1600X160-100N","31885","1","S003","","Yes","","31885","TQFP100","SMT","","","","","","299.847","63.938","Bottom","299.847","63.988","0"
"(cs) LC4256V-75TN100C","(cs) LC4256V-75TN100C","U4E","QFP50P1600X1600X160-100N","31885","1","S003","","Yes","","31885","TQFP100","SMT","","","","","","330.327","63.938","Bottom","330.327","63.988","0"
"SN74LVC1G14DRL","SN74LVC1G14DRL","U5A","SOTFL50P160X60-5N","23582","1","S003","","Yes","","23582","DRL","SMT","","","","","","217.405","40.378","Top","217.405","40.378","0"
"SN74LVC1G14DRL","SN74LVC1G14DRL","U5B","SOTFL50P160X60-5N","23582","1","S003","","Yes","","23582","DRL","SMT","","","","","","247.885","40.378","Top","247.885","40.378","0"
"SN74LVC1G14DRL","SN74LVC1G14DRL","U5C","SOTFL50P160X60-5N","23582","1","S003","","Yes","","23582","DRL","SMT","","","","","","278.365","40.378","Top","278.365","40.378","0"
"SN74LVC1G14DRL","SN74LVC1G14DRL","U5D","SOTFL50P160X60-5N","23582","1","S003","","Yes","","23582","DRL","SMT","","","","","","308.845","40.378","Top","308.845","40.378","0"
"SN74LVC1G14DRL","SN74LVC1G14DRL","U5E","SOTFL50P160X60-5N","23582","1","S003","","Yes","","23582","DRL","SMT","","","","","","339.325","40.378","Top","339.325","40.378","0"
"MAX14878AWE+","MAX14878AWE+","U6A","SOIC127P1030X265-16N","30766","1","S003","","Yes","","30766","SOIC16","SMT","","","","","","137.854","27.87","Top","137.854","27.87","270"
"MAX14878AWE+","MAX14878AWE+","U6B","SOIC127P1030X265-16N","30766","1","S003","","Yes","","30766","SOIC16","SMT","","","","","","163.807","27.87","Top","163.807","27.87","270"
"(cs) LT1761ES5-BYP#TRPBF","(cs) LT1761ES5-BYP#TRPBF","U7A","SOT95P280X100-5N","31706","1","S003","","Yes","","31706","SOT23-5","SMT","","","","","5V","128.35","20.9","Top","128.35","20.9","270"
"(cs) LT1761ES5-BYP#TRPBF","(cs) LT1761ES5-BYP#TRPBF","U7B","SOT95P280X100-5N","31706","1","S003","","Yes","","31706","SOT23-5","SMT","","","","","5V","154.302","20.9","Top","154.302","20.9","270"
"760390015","760390015","U8A","760390015","30767","1","S003","","","","30767","MID-PPTI","SMT","","","","","","128.202","28.126","Top","128.202","28.126","270"
"760390015","760390015","U8B","760390015","30767","1","S003","","","","30767","MID-PPTI","SMT","","","","","","154.155","28.126","Top","154.155","28.126","270"
"(cs) SN6501DBVR","(cs) SN6501DBVR, Transformer Driver","U9A","SOT95P280X145-5N","33200","1","S003","","","","33200","SOT23-5","SMT","","","","","3.0 V - 5.5 V","128.202","35.442","Top","128.202","35.442","90"
"(cs) SN6501DBVR","(cs) SN6501DBVR, Transformer Driver","U9B","SOT95P280X145-5N","33200","1","S003","","","","33200","SOT23-5","SMT","","","","","3.0 V - 5.5 V","154.155","35.442","Top","154.155","35.442","90"
"[Cust.Supply] 171050601","[Cust.Supply] 171050601","U10","7TO-PMOD","30863","1","S003","","","","30863","TO263-7EP","SMT","","","","","","108.972","114.628","Top","108.972","116.676","90"
"[Cust.Supply] 171050601","[Cust.Supply] 171050601","U11","7TO-PMOD","30863","1","S003","","","","30863","TO263-7EP","SMT","","","","","","93.518","114.628","Top","93.518","116.676","90"
"[Cust.Supply] 171050601","[Cust.Supply] 171050601","U12","7TO-PMOD","30863","1","S003","","","","30863","TO263-7EP","SMT","","","","","","78.192","114.628","Top","78.192","116.676","90"
"TXS02612RTWR","TXS02612RTWR","U13","QFN50P400X400X80-25N-255","24904","1","S003","","Yes","","24904","QFN24","SMT","","","","","","21.275","90.899","Top","21.275","90.899","90"
"(cs) TXS0108EPWR","(cs) TXS0108EPWR, Level-Shifter","U14","SOP65P640X120-20N","33202","1","S003","","","","33202","TSSOP20","SMT","","","","","","62.2","24.9","Top","62.2","24.9","0"
"NLV74HC32ADTR2G","NLV74HC32ADTR2G","U15","SOP65P640X120-14N","30783","1","S003","","Yes","","30783","TSSOP14","SMT","","","","","","231.617","11.238","Top","231.617","11.238","0"
"NLV74HC32ADTR2G","NLV74HC32ADTR2G","U16","SOP65P640X120-14N","30783","1","S003","","Yes","","30783","TSSOP14","SMT","","","","","","216","11.238","Top","216","11.238","0"
"(cs) SN74AVC4T774RSVR","(cs) SN74AVC4T774RSVR","U17","QFN40P260X180X55-16N","31504","1","S003","","Yes","","31504","UQFN-16","SMT","","","","","","107.821","31.473","Top","107.821","31.473","270"
"(cs) ISO7741FBDW","(cs) ISO7741FBDW, Digital Isolator","U18","SOIC127P1030X265-16N","33201","1","S003","","","","33201","SOIC16","SMT","","","","","","111.71","22.914","Top","111.71","22.914","270"
"(cs) LT1761ES5-BYP#TRPBF","(cs) LT1761ES5-BYP#TRPBF","U19","SOT95P280X100-5N","31706","1","S003","","Yes","","31706","SOT23-5","SMT","","","","","5V","102.489","14.859","Top","102.489","14.859","270"
"760390015","760390015","U20","760390015","30767","1","S003","","","","30767","MID-PPTI","SMT","","","","","","102.36","22.839","Top","102.36","22.839","270"
"(cs) SN6501DBVR","(cs) SN6501DBVR, Transformer Driver","U21","SOT95P280X145-5N","33200","1","S003","","","","33200","SOT23-5","SMT","","","","","3.0 V - 5.5 V","102.36","30.434","Top","102.36","30.434","90"
"SiT8008BI-73-18S-25.000000E","SiT8008BI-73-18S-25.000000E MEMS Oszillator 25.000000MHz","U22","2016","27228","1","S003","","","25M","27228","2.0 x 1.6mm","SMT","Yes","","","","1.8V","32.234","100.984","Top","32.234","100.984","180"
"(cs) TPS54260DGQR","(cs) TPS54260DGQR","U23A","TSSOP50P490X110-11N-TI-DGQ","31971","1","S003","","Yes","","31971","MSOP10 DGQ (S-PDSO-G10)","SMT","","AEC-Q200","","","","132.718","110.073","Top","132.718","110.073","0"
"(cs) TPS54260DGQR","(cs) TPS54260DGQR","U23B","TSSOP50P490X110-11N-TI-DGQ","31971","1","S003","","Yes","","31971","MSOP10 DGQ (S-PDSO-G10)","SMT","","AEC-Q200","","","","158.353","110.073","Top","158.353","110.073","0"
"(cs) ISO7742QDWRQ1","(cs) ISO7742QDWRQ1","U24A","SOIC127P1030X265-16N","31502","1","S003","","","","31502","SOIC16","SMT","","","","","","30.95","18.518","Top","30.95","18.518","180"
"(cs) ISO7742QDWRQ1","(cs) ISO7742QDWRQ1","U24B","SOIC127P1030X265-16N","31502","1","S003","","","","31502","SOIC16","SMT","","","","","","30.95","26.155","Bottom","30.95","26.155","180"
"(cs) ISO7742QDWRQ1","(cs) ISO7742QDWRQ1","U24C","SOIC127P1030X265-16N","31502","1","S003","","","","31502","SOIC16","SMT","","","","","","30.95","13.435","Bottom","30.95","13.435","180"
"(cs) SN74AVC4T774RSVR","(cs) SN74AVC4T774RSVR","U25A","QFN40P260X180X55-16N","31504","1","S003","","Yes","","31504","UQFN-16","SMT","","","","","","40.55","18.118","Top","40.55","18.118","180"
"(cs) SN74AVC4T774RSVR","(cs) SN74AVC4T774RSVR","U25B","QFN40P260X180X55-16N","31504","1","S003","","Yes","","31504","UQFN-16","SMT","","","","","","40.55","25.755","Bottom","40.55","25.755","180"
"(cs) SN74AVC4T774RSVR","(cs) SN74AVC4T774RSVR","U25C","QFN40P260X180X55-16N","31504","1","S003","","Yes","","31504","UQFN-16","SMT","","","","","","40.65","13","Bottom","40.65","13","180"
"(cs) LT1761ES5-BYP#TRPBF","(cs) LT1761ES5-BYP#TRPBF","U27","SOT95P280X100-5N","31706","1","S003","","Yes","","31706","SOT23-5","SMT","","","","","5V","18.224","28.732","Top","18.224","28.732","270"
"760390015","760390015","U28","760390015","30767","1","S003","","","","30767","MID-PPTI","SMT","","","","","","30.939","30.091","Top","30.939","30.091","180"
"(cs) SN6501DBVR","(cs) SN6501DBVR, Transformer Driver","U29","SOT95P280X145-5N","33200","1","S003","","","","33200","SOT23-5","SMT","","","","","3.0 V - 5.5 V","38.457","30.091","Top","38.457","30.091","0"
"(cs) TXS0108EPWR","(cs) TXS0108EPWR, Level-Shifter","U30","SOP65P640X120-20N","33202","1","S003","","","","33202","TSSOP20","SMT","","","","","","178.4","92.4","Top","178.4","92.4","0"
"(cs) SN74AVC4T774RSVR","(cs) SN74AVC4T774RSVR","U31","QFN40P260X180X55-16N","31504","1","S003","","Yes","","31504","UQFN-16","SMT","","","","","","131.75","53.035","Top","131.75","53.035","0"
"LMK00105SQ/NOPB","LMK00105SQ/NOPB","U32","QFN50P400X400X80-25N","30774","1","S003","","","","30774","WQFN24","SMT","","","","","","221.604","86.599","Top","221.604","86.599","180"
"88E1512-A0-NNP2I000","88E1512-A0-NNP2I000","U33","QFN50P800X800X100-57N","24652","1","S003","","Yes","","24652","QFN56","SMT","Yes","","","","","33.738","108.949","Top","33.738","108.949","270"
"TE0790-Base","TE0790-Base","X1","TE0790-Base","26694","1","S003","","","","26694","","THT","","","","22495","","290.207","16.469","Top","293.382","16.469","90"
"[Cust.Supply] 7499110123","[Cust.Supply] LAN-Transformer 10/100/1000 BaseT","X2","7499110123","30864","1","S003","","Yes","","30864","","THT","","","","","","13.565","109.094","Top","13.3","109.094","270"
"IPL1-110-02-L-D-K","IPL1-110-02-L-D-K","X3","IPL1-110-02-L-D-K","30765","1","S003","","","","30765","IPL1","SMT","","","","","","314.487","110.299","Top","314.487","110.299","0"
"[Cust.Supply] 7499110123","[Cust.Supply] LAN-Transformer 10/100/1000 BaseT","X4","7499110123","30864","1","S003","","Yes","","30864","","THT","","","","","","10.891","53.332","Top","10.891","53.067","0"
"HTEC8-140-01-L-DV-K","HTEC8-140-01-L-DV-K","X5A","HTEC8-140-XX-X-DV","30758","1","S003","","","","30758","HTEC8","SMT","","","","","","116.64","64","Top","116.64","64","270"
"HTEC8-140-01-L-DV-K","HTEC8-140-01-L-DV-K","X5B","HTEC8-140-XX-X-DV","30758","1","S003","","","","30758","HTEC8","SMT","","","","","","147.12","64","Top","147.12","64","270"
"HTEC8-140-01-L-DV-K","HTEC8-140-01-L-DV-K","X5C","HTEC8-140-XX-X-DV","30758","1","S003","","","","30758","HTEC8","SMT","","","","","","177.6","64","Top","177.6","64","270"
"HTEC8-150-01-L-DV-K","HTEC8-150-01-L-DV-K","X6A","HTEC8-150-XX-X-DV","30757","1","S003","","","","30757","HTEC8","SMT","","","","","","208.08","64","Top","208.08","64","270"
"HTEC8-150-01-L-DV-K","HTEC8-150-01-L-DV-K","X6B","HTEC8-150-XX-X-DV","30757","1","S003","","","","30757","HTEC8","SMT","","","","","","238.56","64","Top","238.56","64","270"
"HTEC8-150-01-L-DV-K","HTEC8-150-01-L-DV-K","X6C","HTEC8-150-XX-X-DV","30757","1","S003","","","","30757","HTEC8","SMT","","","","","","269.04","64","Top","269.04","64","270"
"HTEC8-150-01-L-DV-K","HTEC8-150-01-L-DV-K","X6D","HTEC8-150-XX-X-DV","30757","1","S003","","","","30757","HTEC8","SMT","","","","","","299.52","64","Top","299.52","64","270"
"HTEC8-150-01-L-DV-K","HTEC8-150-01-L-DV-K","X6E","HTEC8-150-XX-X-DV","30757","1","S003","","","","30757","HTEC8","SMT","","","","","","330","64","Top","330","64","270"
"IPL1-104-02-L-S-K","IPL1-104-02-L-S-K","X7A","IPL1-104-02-L-S-K","30790","1","S003","","","","30790","IPL1","SMT","","","","","","132.143","11.443","Top","132.143","11.443","180"
"IPL1-104-02-L-S-K","IPL1-104-02-L-S-K","X7B","IPL1-104-02-L-S-K","30790","1","S003","","","","30790","IPL1","SMT","","","","","","158.096","11.443","Top","158.096","11.443","180"
"TE0790-Base","TE0790-Base","X8","TE0790-Base","26694","1","S003","","","","26694","","THT","","","","22495","","58.911","14.497","Top","62.086","14.497","90"
"IPL1-106-02-L-D-K","IPL1-106-02-L-D-K","X10","IPL1-106-02-L-D-K","30763","1","S003","","","","30763","IPL1","SMT","","","","","","76.599","20.6","Top","76.599","20.6","90"
"IPL1-103-02-L-D-K","IPL1-103-02-L-D-K","X12","IPL1-103-02-L-D-K","30760","1","S003","","","","30760","IPL1","SMT","","","","","","111.8","8.5","Top","111.8","8.5","180"
"IPL1-110-02-L-D-K","IPL1-110-02-L-D-K","X13","IPL1-110-02-L-D-K","30765","1","S003","","","","30765","IPL1","SMT","","","","","","6.111","19.19","Top","6.111","19.19","270"
"IPL1-105-02-L-D-K","IPL1-105-02-L-D-K","X14","IPL1-105-02-L-D-K","30762","1","S003","","","","30762","IPL1","SMT","","","","","","192.951","110.741","Top","192.951","110.741","270"
"IPL1-105-02-L-D-K","IPL1-105-02-L-D-K","X14B","IPL1-105-02-L-D-K","30762","1","S003","","","","30762","IPL1","SMT","","","","","","192.951","110.741","Bottom","192.951","110.741","270"
"IPL1-102-02-L-D-K","IPL1-102-02-L-D-K","X15","IPL1-102-02-L-D-K","30759","1","S003","","","","30759","IPL1","SMT","","","","","","243.345","114.577","Top","243.345","114.577","270"
"microSD Memory Card Connector with Detec","microSD Memory Card Connector with Detect Switch","X16","104031-0811","26322","1","S003","","Yes","","26322","microSD","SMT","","","","","","11.725","90.554","Top","11.8","90.547","270"
"Molex 67800-5005","SATA 7Pol. Connector Vertical","X17A","67800-5005","25614","1","S003","","","","25614","","SMT","","","","","","59.38","121.498","Top","59.235","120.948","0"
"Molex 67800-5005","SATA 7Pol. Connector Vertical","X17B","67800-5005","25614","1","S003","","","","25614","","SMT","","","","","","59.355","108.55","Top","59.5","109.1","180"
"IPL1-113-02-L-D-K","IPL1-113-02-L-D-K","X18","IPL1-113-02-L-D-K","30828","1","S003","","","","30828","IPL1","SMT","","","","","","185","28.245","Bottom","185","28.245","270"
"IPL1-102-02-L-D-K","IPL1-102-02-L-D-K","X19","IPL1-102-02-L-D-K","30759","1","S003","","","","30759","IPL1","SMT","","","","","","20.2","9.03","Top","20.2","9.03","270"
