Comment,Description,Designator,Footprint,LibRef,Quantity,Variant,Revision,Trenz-Stock,Value,AN,Case,Mixed,Preferred,Technology,Tolerance,Trenz-Article-Number,Voltage,Center-X(mm),Center-Y(mm),Layer,Ref-X(mm),Ref-Y(mm),Rotation

"100µF","KON 100µF 6,3V X5R 20% SMD BF 3216 (1206)","C1","CAPC3216X180N_V","23116","1","B","","","100u","23116","3216 (1206)","SMT","Yes","X5R","20%","","6.3V","0","0","None","0","0","0"
"470nF","KON 470nF 50V X7R SMD  BF 1608 (0603)","C2","CAPC1608X90N_V","25476","1","B","","","470n","25476","1608 (0603)","SMT","Yes","X7R","","","50V","0","0","None","0","0","0"
"470nF","KON 470nF 50V X7R SMD  BF 1608 (0603)","C3","CAPC1608X90N_V","25476","1","B","","","470n","25476","1608 (0603)","SMT","Yes","X7R","","","50V","0","0","None","0","0","0"
"100nF","KON 100nF 50V X7R ±10% SMD BF 1608 (0603)","C4","CAPC1608X90N_V","21382","1","B","","","100n","21382","1608 (0603)","SMT","Yes","X7R","±10%","","50V","0","0","None","0","0","0"
"470nF","KON 470nF 50V X7R SMD  BF 1608 (0603)","C5","CAPC1608X90N_V","25476","1","B","","","470n","25476","1608 (0603)","SMT","Yes","X7R","","","50V","0","0","None","0","0","0"
"470nF","KON 470nF 50V X7R SMD  BF 1608 (0603)","C6","CAPC1608X90N_V","25476","1","B","","","470n","25476","1608 (0603)","SMT","Yes","X7R","","","50V","0","0","None","0","0","0"
"470nF","KON 470nF 50V X7R SMD  BF 1608 (0603)","C7","CAPC1608X90N_V","25476","1","B","","","470n","25476","1608 (0603)","SMT","Yes","X7R","","","50V","0","0","None","0","0","0"
"470nF","KON 470nF 50V X7R SMD  BF 1608 (0603)","C8","CAPC1608X90N_V","25476","1","B","","","470n","25476","1608 (0603)","SMT","Yes","X7R","","","50V","0","0","None","0","0","0"
"470nF","KON 470nF 50V X7R SMD  BF 1608 (0603)","C9","CAPC1608X90N_V","25476","1","B","","","470n","25476","1608 (0603)","SMT","Yes","X7R","","","50V","0","0","None","0","0","0"
"470nF","KON 470nF 50V X7R SMD  BF 1608 (0603)","C10","CAPC1608X90N_V","25476","1","B","","","470n","25476","1608 (0603)","SMT","Yes","X7R","","","50V","0","0","None","0","0","0"
"4.7µF","KON 4.7µF 25V X5R 20%  SMD BF 1608 (0603)","C11","CAPC1608X90N_V","29699","1","B","","","4.7u","29699","1608 (0603)","SMT","Yes","X5R","20%","","25V","0","0","None","0","0","0"
"100pF","KON 100pF 1000V X7R 10%  BF 3216 (1206)","C12","CAPC3216X180N_V","22679","1","B","","","100p","22679","3216 (1206)","SMT","Yes","X7R","10%","","1000V","0","0","None","0","0","0"
"4.7µF","KON 4.7µF 25V X5R 20%  SMD BF 1608 (0603)","C13","CAPC1608X90N_V","29699","1","B","","","4.7u","29699","1608 (0603)","SMT","Yes","X5R","20%","","25V","0","0","None","0","0","0"
"470nF","KON 470nF 50V X7R SMD  BF 1608 (0603)","C14","CAPC1608X90N_V","25476","1","B","","","470n","25476","1608 (0603)","SMT","Yes","X7R","","","50V","0","0","None","0","0","0"
"470nF","KON 470nF 50V X7R SMD  BF 1608 (0603)","C15","CAPC1608X90N_V","25476","1","B","","","470n","25476","1608 (0603)","SMT","Yes","X7R","","","50V","0","0","None","0","0","0"
"470nF","KON 470nF 50V X7R SMD  BF 1608 (0603)","C16","CAPC1608X90N_V","25476","1","B","","","470n","25476","1608 (0603)","SMT","Yes","X7R","","","50V","0","0","None","0","0","0"
"10µF","KON 10µF 6,3V X5R SMD BF 1608 (0603)","C17","CAPC1608X90N_V","22918","1","B","","","10u","22918","1608 (0603)","SMT","","X5R","","","6.3V","0","0","None","0","0","0"
"470nF","KON 470nF 50V X7R SMD  BF 1608 (0603)","C18","CAPC1608X90N_V","25476","1","B","","","470n","25476","1608 (0603)","SMT","Yes","X7R","","","50V","0","0","None","0","0","0"
"10µF","KON 10µF 6,3V X5R SMD BF 1608 (0603)","C19","CAPC1608X90N_V","22918","1","B","","","10u","22918","1608 (0603)","SMT","","X5R","","","6.3V","0","0","None","0","0","0"
"470nF","KON 470nF 50V X7R SMD  BF 1608 (0603)","C20","CAPC1608X90N_V","25476","1","B","","","470n","25476","1608 (0603)","SMT","Yes","X7R","","","50V","0","0","None","0","0","0"
"220nF","KON 220nF 50V X7R ±10% SMD BF 1608 (0603)","C21","CAPC1608X90N_V","29694","1","B","","","220n","29694","1608 (0603)","SMT","","X7R","±10%","","50V","0","0","None","0","0","0"
"100nF","KON 100nF 50V X7R ±10% SMD BF 1608 (0603)","C22A","CAPC1608X90N_V","21382","1","B","","","100n","21382","1608 (0603)","SMT","Yes","X7R","±10%","","50V","0","0","None","0","0","0"
"100nF","KON 100nF 50V X7R ±10% SMD BF 1608 (0603)","C22B","CAPC1608X90N_V","21382","1","B","","","100n","21382","1608 (0603)","SMT","Yes","X7R","±10%","","50V","0","0","None","0","0","0"
"100nF","KON 100nF 50V X7R ±10% SMD BF 1608 (0603)","C22C","CAPC1608X90N_V","21382","1","B","","","100n","21382","1608 (0603)","SMT","Yes","X7R","±10%","","50V","0","0","None","0","0","0"
"100nF","KON 100nF 50V X7R ±10% SMD BF 1608 (0603)","C22D","CAPC1608X90N_V","21382","1","B","","","100n","21382","1608 (0603)","SMT","Yes","X7R","±10%","","50V","0","0","None","0","0","0"
"100nF","KON 100nF 50V X7R ±10% SMD BF 1608 (0603)","C22E","CAPC1608X90N_V","21382","1","B","","","100n","21382","1608 (0603)","SMT","Yes","X7R","±10%","","50V","0","0","None","0","0","0"
"100nF","KON 100nF 50V X7R ±10% SMD BF 1608 (0603)","C23A","CAPC1608X90N_V","21382","1","B","","","100n","21382","1608 (0603)","SMT","Yes","X7R","±10%","","50V","0","0","None","0","0","0"
"100nF","KON 100nF 50V X7R ±10% SMD BF 1608 (0603)","C23B","CAPC1608X90N_V","21382","1","B","","","100n","21382","1608 (0603)","SMT","Yes","X7R","±10%","","50V","0","0","None","0","0","0"
"100nF","KON 100nF 50V X7R ±10% SMD BF 1608 (0603)","C23C","CAPC1608X90N_V","21382","1","B","","","100n","21382","1608 (0603)","SMT","Yes","X7R","±10%","","50V","0","0","None","0","0","0"
"100nF","KON 100nF 50V X7R ±10% SMD BF 1608 (0603)","C23D","CAPC1608X90N_V","21382","1","B","","","100n","21382","1608 (0603)","SMT","Yes","X7R","±10%","","50V","0","0","None","0","0","0"
"100nF","KON 100nF 50V X7R ±10% SMD BF 1608 (0603)","C23E","CAPC1608X90N_V","21382","1","B","","","100n","21382","1608 (0603)","SMT","Yes","X7R","±10%","","50V","0","0","None","0","0","0"
"100nF","KON 100nF 50V X7R ±10% SMD BF 1608 (0603)","C24A","CAPC1608X90N_V","21382","1","B","","","100n","21382","1608 (0603)","SMT","Yes","X7R","±10%","","50V","0","0","None","0","0","0"
"100nF","KON 100nF 50V X7R ±10% SMD BF 1608 (0603)","C24B","CAPC1608X90N_V","21382","1","B","","","100n","21382","1608 (0603)","SMT","Yes","X7R","±10%","","50V","0","0","None","0","0","0"
"100nF","KON 100nF 50V X7R ±10% SMD BF 1608 (0603)","C24C","CAPC1608X90N_V","21382","1","B","","","100n","21382","1608 (0603)","SMT","Yes","X7R","±10%","","50V","0","0","None","0","0","0"
"100nF","KON 100nF 50V X7R ±10% SMD BF 1608 (0603)","C24D","CAPC1608X90N_V","21382","1","B","","","100n","21382","1608 (0603)","SMT","Yes","X7R","±10%","","50V","0","0","None","0","0","0"
"100nF","KON 100nF 50V X7R ±10% SMD BF 1608 (0603)","C24E","CAPC1608X90N_V","21382","1","B","","","100n","21382","1608 (0603)","SMT","Yes","X7R","±10%","","50V","0","0","None","0","0","0"
"100nF","KON 100nF 50V X7R ±10% SMD BF 1608 (0603)","C25A","CAPC1608X90N_V","21382","1","B","","","100n","21382","1608 (0603)","SMT","Yes","X7R","±10%","","50V","0","0","None","0","0","0"
"100nF","KON 100nF 50V X7R ±10% SMD BF 1608 (0603)","C25B","CAPC1608X90N_V","21382","1","B","","","100n","21382","1608 (0603)","SMT","Yes","X7R","±10%","","50V","0","0","None","0","0","0"
"100nF","KON 100nF 50V X7R ±10% SMD BF 1608 (0603)","C25C","CAPC1608X90N_V","21382","1","B","","","100n","21382","1608 (0603)","SMT","Yes","X7R","±10%","","50V","0","0","None","0","0","0"
"100nF","KON 100nF 50V X7R ±10% SMD BF 1608 (0603)","C25D","CAPC1608X90N_V","21382","1","B","","","100n","21382","1608 (0603)","SMT","Yes","X7R","±10%","","50V","0","0","None","0","0","0"
"100nF","KON 100nF 50V X7R ±10% SMD BF 1608 (0603)","C25E","CAPC1608X90N_V","21382","1","B","","","100n","21382","1608 (0603)","SMT","Yes","X7R","±10%","","50V","0","0","None","0","0","0"
"100nF","KON 100nF 50V X7R ±10% SMD BF 1608 (0603)","C26A","CAPC1608X90N_V","21382","1","B","","","100n","21382","1608 (0603)","SMT","Yes","X7R","±10%","","50V","0","0","None","0","0","0"
"100nF","KON 100nF 50V X7R ±10% SMD BF 1608 (0603)","C26B","CAPC1608X90N_V","21382","1","B","","","100n","21382","1608 (0603)","SMT","Yes","X7R","±10%","","50V","0","0","None","0","0","0"
"100nF","KON 100nF 50V X7R ±10% SMD BF 1608 (0603)","C26C","CAPC1608X90N_V","21382","1","B","","","100n","21382","1608 (0603)","SMT","Yes","X7R","±10%","","50V","0","0","None","0","0","0"
"100nF","KON 100nF 50V X7R ±10% SMD BF 1608 (0603)","C26D","CAPC1608X90N_V","21382","1","B","","","100n","21382","1608 (0603)","SMT","Yes","X7R","±10%","","50V","0","0","None","0","0","0"
"100nF","KON 100nF 50V X7R ±10% SMD BF 1608 (0603)","C26E","CAPC1608X90N_V","21382","1","B","","","100n","21382","1608 (0603)","SMT","Yes","X7R","±10%","","50V","0","0","None","0","0","0"
"100nF","KON 100nF 50V X7R ±10% SMD BF 1608 (0603)","C27A","CAPC1608X90N_V","21382","1","B","","","100n","21382","1608 (0603)","SMT","Yes","X7R","±10%","","50V","0","0","None","0","0","0"
"100nF","KON 100nF 50V X7R ±10% SMD BF 1608 (0603)","C27B","CAPC1608X90N_V","21382","1","B","","","100n","21382","1608 (0603)","SMT","Yes","X7R","±10%","","50V","0","0","None","0","0","0"
"100nF","KON 100nF 50V X7R ±10% SMD BF 1608 (0603)","C27C","CAPC1608X90N_V","21382","1","B","","","100n","21382","1608 (0603)","SMT","Yes","X7R","±10%","","50V","0","0","None","0","0","0"
"100nF","KON 100nF 50V X7R ±10% SMD BF 1608 (0603)","C27D","CAPC1608X90N_V","21382","1","B","","","100n","21382","1608 (0603)","SMT","Yes","X7R","±10%","","50V","0","0","None","0","0","0"
"100nF","KON 100nF 50V X7R ±10% SMD BF 1608 (0603)","C27E","CAPC1608X90N_V","21382","1","B","","","100n","21382","1608 (0603)","SMT","Yes","X7R","±10%","","50V","0","0","None","0","0","0"
"100nF","KON 100nF 50V X7R ±10% SMD BF 1608 (0603)","C28A","CAPC1608X90N_V","21382","1","B","","","100n","21382","1608 (0603)","SMT","Yes","X7R","±10%","","50V","0","0","None","0","0","0"
"100nF","KON 100nF 50V X7R ±10% SMD BF 1608 (0603)","C28B","CAPC1608X90N_V","21382","1","B","","","100n","21382","1608 (0603)","SMT","Yes","X7R","±10%","","50V","0","0","None","0","0","0"
"100nF","KON 100nF 50V X7R ±10% SMD BF 1608 (0603)","C28C","CAPC1608X90N_V","21382","1","B","","","100n","21382","1608 (0603)","SMT","Yes","X7R","±10%","","50V","0","0","None","0","0","0"
"100nF","KON 100nF 50V X7R ±10% SMD BF 1608 (0603)","C28D","CAPC1608X90N_V","21382","1","B","","","100n","21382","1608 (0603)","SMT","Yes","X7R","±10%","","50V","0","0","None","0","0","0"
"100nF","KON 100nF 50V X7R ±10% SMD BF 1608 (0603)","C28E","CAPC1608X90N_V","21382","1","B","","","100n","21382","1608 (0603)","SMT","Yes","X7R","±10%","","50V","0","0","None","0","0","0"
"100nF","KON 100nF 50V X7R ±10% SMD BF 1608 (0603)","C29A","CAPC1608X90N_V","21382","1","B","","","100n","21382","1608 (0603)","SMT","Yes","X7R","±10%","","50V","0","0","None","0","0","0"
"100nF","KON 100nF 50V X7R ±10% SMD BF 1608 (0603)","C29B","CAPC1608X90N_V","21382","1","B","","","100n","21382","1608 (0603)","SMT","Yes","X7R","±10%","","50V","0","0","None","0","0","0"
"100nF","KON 100nF 50V X7R ±10% SMD BF 1608 (0603)","C29C","CAPC1608X90N_V","21382","1","B","","","100n","21382","1608 (0603)","SMT","Yes","X7R","±10%","","50V","0","0","None","0","0","0"
"100nF","KON 100nF 50V X7R ±10% SMD BF 1608 (0603)","C29D","CAPC1608X90N_V","21382","1","B","","","100n","21382","1608 (0603)","SMT","Yes","X7R","±10%","","50V","0","0","None","0","0","0"
"100nF","KON 100nF 50V X7R ±10% SMD BF 1608 (0603)","C29E","CAPC1608X90N_V","21382","1","B","","","100n","21382","1608 (0603)","SMT","Yes","X7R","±10%","","50V","0","0","None","0","0","0"
"100nF","KON 100nF 50V X7R ±10% SMD BF 1608 (0603)","C30A","CAPC1608X90N_V","21382","1","B","","","100n","21382","1608 (0603)","SMT","Yes","X7R","±10%","","50V","0","0","None","0","0","0"
"100nF","KON 100nF 50V X7R ±10% SMD BF 1608 (0603)","C30B","CAPC1608X90N_V","21382","1","B","","","100n","21382","1608 (0603)","SMT","Yes","X7R","±10%","","50V","0","0","None","0","0","0"
"100nF","KON 100nF 50V X7R ±10% SMD BF 1608 (0603)","C30C","CAPC1608X90N_V","21382","1","B","","","100n","21382","1608 (0603)","SMT","Yes","X7R","±10%","","50V","0","0","None","0","0","0"
"100nF","KON 100nF 50V X7R ±10% SMD BF 1608 (0603)","C30D","CAPC1608X90N_V","21382","1","B","","","100n","21382","1608 (0603)","SMT","Yes","X7R","±10%","","50V","0","0","None","0","0","0"
"100nF","KON 100nF 50V X7R ±10% SMD BF 1608 (0603)","C30E","CAPC1608X90N_V","21382","1","B","","","100n","21382","1608 (0603)","SMT","Yes","X7R","±10%","","50V","0","0","None","0","0","0"
"100nF","KON 100nF 50V X7R ±10% SMD BF 1608 (0603)","C31A","CAPC1608X90N_V","21382","1","B","","","100n","21382","1608 (0603)","SMT","Yes","X7R","±10%","","50V","0","0","None","0","0","0"
"100nF","KON 100nF 50V X7R ±10% SMD BF 1608 (0603)","C31B","CAPC1608X90N_V","21382","1","B","","","100n","21382","1608 (0603)","SMT","Yes","X7R","±10%","","50V","0","0","None","0","0","0"
"100nF","KON 100nF 50V X7R ±10% SMD BF 1608 (0603)","C31C","CAPC1608X90N_V","21382","1","B","","","100n","21382","1608 (0603)","SMT","Yes","X7R","±10%","","50V","0","0","None","0","0","0"
"100nF","KON 100nF 50V X7R ±10% SMD BF 1608 (0603)","C31D","CAPC1608X90N_V","21382","1","B","","","100n","21382","1608 (0603)","SMT","Yes","X7R","±10%","","50V","0","0","None","0","0","0"
"100nF","KON 100nF 50V X7R ±10% SMD BF 1608 (0603)","C31E","CAPC1608X90N_V","21382","1","B","","","100n","21382","1608 (0603)","SMT","Yes","X7R","±10%","","50V","0","0","None","0","0","0"
"100nF","KON 100nF 50V X7R ±10% SMD BF 1608 (0603)","C32A","CAPC1608X90N_V","21382","1","B","","","100n","21382","1608 (0603)","SMT","Yes","X7R","±10%","","50V","0","0","None","0","0","0"
"100nF","KON 100nF 50V X7R ±10% SMD BF 1608 (0603)","C32B","CAPC1608X90N_V","21382","1","B","","","100n","21382","1608 (0603)","SMT","Yes","X7R","±10%","","50V","0","0","None","0","0","0"
"100nF","KON 100nF 50V X7R ±10% SMD BF 1608 (0603)","C32C","CAPC1608X90N_V","21382","1","B","","","100n","21382","1608 (0603)","SMT","Yes","X7R","±10%","","50V","0","0","None","0","0","0"
"100nF","KON 100nF 50V X7R ±10% SMD BF 1608 (0603)","C32D","CAPC1608X90N_V","21382","1","B","","","100n","21382","1608 (0603)","SMT","Yes","X7R","±10%","","50V","0","0","None","0","0","0"
"100nF","KON 100nF 50V X7R ±10% SMD BF 1608 (0603)","C32E","CAPC1608X90N_V","21382","1","B","","","100n","21382","1608 (0603)","SMT","Yes","X7R","±10%","","50V","0","0","None","0","0","0"
"100nF","KON 100nF 50V X7R ±10% SMD BF 1608 (0603)","C33A","CAPC1608X90N_V","21382","1","B","","","100n","21382","1608 (0603)","SMT","Yes","X7R","±10%","","50V","0","0","None","0","0","0"
"100nF","KON 100nF 50V X7R ±10% SMD BF 1608 (0603)","C33B","CAPC1608X90N_V","21382","1","B","","","100n","21382","1608 (0603)","SMT","Yes","X7R","±10%","","50V","0","0","None","0","0","0"
"100nF","KON 100nF 50V X7R ±10% SMD BF 1608 (0603)","C33C","CAPC1608X90N_V","21382","1","B","","","100n","21382","1608 (0603)","SMT","Yes","X7R","±10%","","50V","0","0","None","0","0","0"
"100nF","KON 100nF 50V X7R ±10% SMD BF 1608 (0603)","C33D","CAPC1608X90N_V","21382","1","B","","","100n","21382","1608 (0603)","SMT","Yes","X7R","±10%","","50V","0","0","None","0","0","0"
"100nF","KON 100nF 50V X7R ±10% SMD BF 1608 (0603)","C33E","CAPC1608X90N_V","21382","1","B","","","100n","21382","1608 (0603)","SMT","Yes","X7R","±10%","","50V","0","0","None","0","0","0"
"100nF","KON 100nF 50V X7R ±10% SMD BF 1608 (0603)","C34A","CAPC1608X90N_V","21382","1","B","","","100n","21382","1608 (0603)","SMT","Yes","X7R","±10%","","50V","0","0","None","0","0","0"
"100nF","KON 100nF 50V X7R ±10% SMD BF 1608 (0603)","C34B","CAPC1608X90N_V","21382","1","B","","","100n","21382","1608 (0603)","SMT","Yes","X7R","±10%","","50V","0","0","None","0","0","0"
"100nF","KON 100nF 50V X7R ±10% SMD BF 1608 (0603)","C35A","CAPC1608X90N_V","21382","1","B","","","100n","21382","1608 (0603)","SMT","Yes","X7R","±10%","","50V","0","0","None","0","0","0"
"100nF","KON 100nF 50V X7R ±10% SMD BF 1608 (0603)","C35B","CAPC1608X90N_V","21382","1","B","","","100n","21382","1608 (0603)","SMT","Yes","X7R","±10%","","50V","0","0","None","0","0","0"
"4.7nF","KON 4.7nF 50V NP0 ±5%  SMD BF 1608 (0603)","C36A","CAPC1608X90N_V","29638","1","B","","","4.7n","29638","1608 (0603)","SMT","","NP0","±5%","","50V","0","0","None","0","0","0"
"4.7nF","KON 4.7nF 50V NP0 ±5%  SMD BF 1608 (0603)","C36B","CAPC1608X90N_V","29638","1","B","","","4.7n","29638","1608 (0603)","SMT","","NP0","±5%","","50V","0","0","None","0","0","0"
"1nF","KON 1nF 50V NP0 5% SMD BF 1608 (0603)","C37A","CAPC1608X90N_V","22523","1","B","","","1n","22523","1608 (0603)","SMT","","NP0","","","50V","0","0","None","0","0","0"
"1nF","KON 1nF 50V NP0 5% SMD BF 1608 (0603)","C37B","CAPC1608X90N_V","22523","1","B","","","1n","22523","1608 (0603)","SMT","","NP0","","","50V","0","0","None","0","0","0"
"100nF","KON 100nF 50V X7R ±10% SMD BF 1608 (0603)","C38A","CAPC1608X90N_V","21382","1","B","","","100n","21382","1608 (0603)","SMT","Yes","X7R","±10%","","50V","0","0","None","0","0","0"
"100nF","KON 100nF 50V X7R ±10% SMD BF 1608 (0603)","C38B","CAPC1608X90N_V","21382","1","B","","","100n","21382","1608 (0603)","SMT","Yes","X7R","±10%","","50V","0","0","None","0","0","0"
"22µF","KON 22µF 25V  X5R 20% SMD BF 2012 (0805)","C39A","CAPC2012X135N_V","29556","1","B","","","22u","29556","2012 (0805)","SMT","","X5R","20%","","25V","0","0","None","0","0","0"
"22µF","KON 22µF 25V  X5R 20% SMD BF 2012 (0805)","C39B","CAPC2012X135N_V","29556","1","B","","","22u","29556","2012 (0805)","SMT","","X5R","20%","","25V","0","0","None","0","0","0"
"10µF","KON 10µF 6,3V X5R SMD BF 1608 (0603)","C40A","CAPC1608X90N_V","22918","1","B","","","10u","22918","1608 (0603)","SMT","","X5R","","","6.3V","0","0","None","0","0","0"
"10µF","KON 10µF 6,3V X5R SMD BF 1608 (0603)","C40B","CAPC1608X90N_V","22918","1","B","","","10u","22918","1608 (0603)","SMT","","X5R","","","6.3V","0","0","None","0","0","0"
"10µF","KON 10µF 50V X5R 10%  SMD BF 3216 (1206)","C41","CAPC3216X180N_V","24685","1","B","","","10u","24685","3216 (1206)","SMT","Yes","X5R","10%","","50V","0","0","None","0","0","0"
"10µF","KON 10µF 50V X5R 10%  SMD BF 3216 (1206)","C42","CAPC3216X180N_V","24685","1","B","","","10u","24685","3216 (1206)","SMT","Yes","X5R","10%","","50V","0","0","None","0","0","0"
"10µF","KON 10µF 50V X5R 10%  SMD BF 3216 (1206)","C43","CAPC3216X180N_V","24685","1","B","","","10u","24685","3216 (1206)","SMT","Yes","X5R","10%","","50V","0","0","None","0","0","0"
"10µF","KON 10µF 50V X5R 10%  SMD BF 3216 (1206)","C44","CAPC3216X180N_V","24685","1","B","","","10u","24685","3216 (1206)","SMT","Yes","X5R","10%","","50V","0","0","None","0","0","0"
"100nF","KON 100nF 50V X7R ±10% SMD BF 1608 (0603)","C45","CAPC1608X90N_V","21382","1","B","","","100n","21382","1608 (0603)","SMT","Yes","X7R","±10%","","50V","0","0","None","0","0","0"
"100µF","KON 100µF 6,3V X5R 20% SMD BF 3216 (1206)","C46","CAPC3216X180N_V","23116","1","B","","","100u","23116","3216 (1206)","SMT","Yes","X5R","20%","","6.3V","0","0","None","0","0","0"
"470nF","KON 470nF 50V X7R SMD  BF 1608 (0603)","C47","CAPC1608X90N_V","25476","1","B","","","470n","25476","1608 (0603)","SMT","Yes","X7R","","","50V","0","0","None","0","0","0"
"100µF","KON 100µF 6,3V X5R 20% SMD BF 3216 (1206)","C48","CAPC3216X180N_V","23116","1","B","","","100u","23116","3216 (1206)","SMT","Yes","X5R","20%","","6.3V","0","0","None","0","0","0"
"100µF","KON 100µF 6,3V X5R 20% SMD BF 3216 (1206)","C49","CAPC3216X180N_V","23116","1","B","","","100u","23116","3216 (1206)","SMT","Yes","X5R","20%","","6.3V","0","0","None","0","0","0"
"220nF","KON 220nF 50V X7R ±10% SMD BF 1608 (0603)","C50","CAPC1608X90N_V","29694","1","B","","","220n","29694","1608 (0603)","SMT","","X7R","±10%","","50V","0","0","None","0","0","0"
"10µF","KON 10µF 50V X5R 10%  SMD BF 3216 (1206)","C51","CAPC3216X180N_V","24685","1","B","","","10u","24685","3216 (1206)","SMT","Yes","X5R","10%","","50V","0","0","None","0","0","0"
"10µF","KON 10µF 50V X5R 10%  SMD BF 3216 (1206)","C52","CAPC3216X180N_V","24685","1","B","","","10u","24685","3216 (1206)","SMT","Yes","X5R","10%","","50V","0","0","None","0","0","0"
"10µF","KON 10µF 50V X5R 10%  SMD BF 3216 (1206)","C53","CAPC3216X180N_V","24685","1","B","","","10u","24685","3216 (1206)","SMT","Yes","X5R","10%","","50V","0","0","None","0","0","0"
"10µF","KON 10µF 50V X5R 10%  SMD BF 3216 (1206)","C54","CAPC3216X180N_V","24685","1","B","","","10u","24685","3216 (1206)","SMT","Yes","X5R","10%","","50V","0","0","None","0","0","0"
"100nF","KON 100nF 50V X7R ±10% SMD BF 1608 (0603)","C55","CAPC1608X90N_V","21382","1","B","","","100n","21382","1608 (0603)","SMT","Yes","X7R","±10%","","50V","0","0","None","0","0","0"
"100µF","KON 100µF 6,3V X5R 20% SMD BF 3216 (1206)","C56","CAPC3216X180N_V","23116","1","B","","","100u","23116","3216 (1206)","SMT","Yes","X5R","20%","","6.3V","0","0","None","0","0","0"
"470nF","KON 470nF 50V X7R SMD  BF 1608 (0603)","C57","CAPC1608X90N_V","25476","1","B","","","470n","25476","1608 (0603)","SMT","Yes","X7R","","","50V","0","0","None","0","0","0"
"100µF","KON 100µF 6,3V X5R 20% SMD BF 3216 (1206)","C58","CAPC3216X180N_V","23116","1","B","","","100u","23116","3216 (1206)","SMT","Yes","X5R","20%","","6.3V","0","0","None","0","0","0"
"100µF","KON 100µF 6,3V X5R 20% SMD BF 3216 (1206)","C59","CAPC3216X180N_V","23116","1","B","","","100u","23116","3216 (1206)","SMT","Yes","X5R","20%","","6.3V","0","0","None","0","0","0"
"220nF","KON 220nF 50V X7R ±10% SMD BF 1608 (0603)","C60","CAPC1608X90N_V","29694","1","B","","","220n","29694","1608 (0603)","SMT","","X7R","±10%","","50V","0","0","None","0","0","0"
"10µF","KON 10µF 50V X5R 10%  SMD BF 3216 (1206)","C61","CAPC3216X180N_V","24685","1","B","","","10u","24685","3216 (1206)","SMT","Yes","X5R","10%","","50V","0","0","None","0","0","0"
"10µF","KON 10µF 50V X5R 10%  SMD BF 3216 (1206)","C62","CAPC3216X180N_V","24685","1","B","","","10u","24685","3216 (1206)","SMT","Yes","X5R","10%","","50V","0","0","None","0","0","0"
"10µF","KON 10µF 50V X5R 10%  SMD BF 3216 (1206)","C63","CAPC3216X180N_V","24685","1","B","","","10u","24685","3216 (1206)","SMT","Yes","X5R","10%","","50V","0","0","None","0","0","0"
"10µF","KON 10µF 50V X5R 10%  SMD BF 3216 (1206)","C64","CAPC3216X180N_V","24685","1","B","","","10u","24685","3216 (1206)","SMT","Yes","X5R","10%","","50V","0","0","None","0","0","0"
"100nF","KON 100nF 50V X7R ±10% SMD BF 1608 (0603)","C65","CAPC1608X90N_V","21382","1","B","","","100n","21382","1608 (0603)","SMT","Yes","X7R","±10%","","50V","0","0","None","0","0","0"
"100µF","KON 100µF 6,3V X5R 20% SMD BF 3216 (1206)","C66","CAPC3216X180N_V","23116","1","B","","","100u","23116","3216 (1206)","SMT","Yes","X5R","20%","","6.3V","0","0","None","0","0","0"
"470nF","KON 470nF 50V X7R SMD  BF 1608 (0603)","C67","CAPC1608X90N_V","25476","1","B","","","470n","25476","1608 (0603)","SMT","Yes","X7R","","","50V","0","0","None","0","0","0"
"100µF","KON 100µF 6,3V X5R 20% SMD BF 3216 (1206)","C68","CAPC3216X180N_V","23116","1","B","","","100u","23116","3216 (1206)","SMT","Yes","X5R","20%","","6.3V","0","0","None","0","0","0"
"100µF","KON 100µF 6,3V X5R 20% SMD BF 3216 (1206)","C69","CAPC3216X180N_V","23116","1","B","","","100u","23116","3216 (1206)","SMT","Yes","X5R","20%","","6.3V","0","0","None","0","0","0"
"220nF","KON 220nF 50V X7R ±10% SMD BF 1608 (0603)","C70","CAPC1608X90N_V","29694","1","B","","","220n","29694","1608 (0603)","SMT","","X7R","±10%","","50V","0","0","None","0","0","0"
"470nF","KON 470nF 50V X7R SMD  BF 1608 (0603)","C71","CAPC1608X90N_V","25476","1","B","","","470n","25476","1608 (0603)","SMT","Yes","X7R","","","50V","0","0","None","0","0","0"
"47µF","KON 47µF 6,3V X5R 20% SMD BF 2012 (0805)","C72","CAPC2012X135N_V","24718","1","B","","","47u","24718","2012 (0805)","SMT","Yes","X5R","20%","","6.3V","0","0","None","0","0","0"
"100nF","KON 100nF 6.3V X5R 10% SMD BF 0603 (0201)","C73A","CAPC0603X33N_V","24915","1","B","","","100n","24915","0603 (0201)","SMT","Yes","X5R","10%","","6.3V","0","0","None","0","0","0"
"100nF","KON 100nF 6.3V X5R 10% SMD BF 0603 (0201)","C73B","CAPC0603X33N_V","24915","1","B","","","100n","24915","0603 (0201)","SMT","Yes","X5R","10%","","6.3V","0","0","None","0","0","0"
"100nF","KON 100nF 6.3V X5R 10% SMD BF 0603 (0201)","C74A","CAPC0603X33N_V","24915","1","B","","","100n","24915","0603 (0201)","SMT","Yes","X5R","10%","","6.3V","0","0","None","0","0","0"
"100nF","KON 100nF 6.3V X5R 10% SMD BF 0603 (0201)","C74B","CAPC0603X33N_V","24915","1","B","","","100n","24915","0603 (0201)","SMT","Yes","X5R","10%","","6.3V","0","0","None","0","0","0"
"100nF","KON 100nF 50V X7R ±10% SMD BF 1608 (0603)","C75","CAPC1608X90N_V","21382","1","B","","","100n","21382","1608 (0603)","SMT","Yes","X7R","±10%","","50V","0","0","None","0","0","0"
"100nF","KON 100nF 50V X7R ±10% SMD BF 1608 (0603)","C76","CAPC1608X90N_V","21382","1","B","","","100n","21382","1608 (0603)","SMT","Yes","X7R","±10%","","50V","0","0","None","0","0","0"
"100nF","KON 100nF 50V X7R ±10% SMD BF 1608 (0603)","C77","CAPC1608X90N_V","21382","1","B","","","100n","21382","1608 (0603)","SMT","Yes","X7R","±10%","","50V","0","0","None","0","0","0"
"100nF","KON 100nF 50V X7R ±10% SMD BF 1608 (0603)","C78","CAPC1608X90N_V","21382","1","B","","","100n","21382","1608 (0603)","SMT","Yes","X7R","±10%","","50V","0","0","None","0","0","0"
"100nF","KON 100nF 50V X7R ±10% SMD BF 1608 (0603)","C79","CAPC1608X90N_V","21382","1","B","","","100n","21382","1608 (0603)","SMT","Yes","X7R","±10%","","50V","0","0","None","0","0","0"
"100nF","KON 100nF 50V X7R ±10% SMD BF 1608 (0603)","C80","CAPC1608X90N_V","21382","1","B","","","100n","21382","1608 (0603)","SMT","Yes","X7R","±10%","","50V","0","0","None","0","0","0"
"1nF","KON 1nF 50V NP0 5% SMD BF 1608 (0603)","C81","CAPC1608X90N_V","22523","1","B","","","1n","22523","1608 (0603)","SMT","","NP0","","","50V","0","0","None","0","0","0"
"100nF","KON 100nF 50V X7R ±10% SMD BF 1608 (0603)","C82","CAPC1608X90N_V","21382","1","B","","","100n","21382","1608 (0603)","SMT","Yes","X7R","±10%","","50V","0","0","None","0","0","0"
"22µF","KON 22µF 25V  X5R 20% SMD BF 2012 (0805)","C83","CAPC2012X135N_V","29556","1","B","","","22u","29556","2012 (0805)","SMT","","X5R","20%","","25V","0","0","None","0","0","0"
"10µF","KON 10µF 6,3V X5R SMD BF 1608 (0603)","C84","CAPC1608X90N_V","22918","1","B","","","10u","22918","1608 (0603)","SMT","","X5R","","","6.3V","0","0","None","0","0","0"
"100nF","KON 100nF 6.3V X5R 10% SMD BF 0603 (0201)","C85A","CAPC0603X33N_V","24915","1","B","","","100n","24915","0603 (0201)","SMT","Yes","X5R","10%","","6.3V","0","0","None","0","0","0"
"100nF","KON 100nF 6.3V X5R 10% SMD BF 0603 (0201)","C85B","CAPC0603X33N_V","24915","1","B","","","100n","24915","0603 (0201)","SMT","Yes","X5R","10%","","6.3V","0","0","None","0","0","0"
"100nF","KON 100nF 6.3V X5R 10% SMD BF 0603 (0201)","C86A","CAPC0603X33N_V","24915","1","B","","","100n","24915","0603 (0201)","SMT","Yes","X5R","10%","","6.3V","0","0","None","0","0","0"
"100nF","KON 100nF 6.3V X5R 10% SMD BF 0603 (0201)","C86B","CAPC0603X33N_V","24915","1","B","","","100n","24915","0603 (0201)","SMT","Yes","X5R","10%","","6.3V","0","0","None","0","0","0"
"470nF","KON 470nF 50V X7R SMD  BF 1608 (0603)","C87","CAPC1608X90N_V","25476","1","B","","","470n","25476","1608 (0603)","SMT","Yes","X7R","","","50V","0","0","None","0","0","0"
"100nF","KON 100nF 50V X7R ±10% SMD BF 1608 (0603)","C88A","CAPC1608X90N_V","21382","1","B","","","100n","21382","1608 (0603)","SMT","Yes","X7R","±10%","","50V","0","0","None","0","0","0"
"100nF","KON 100nF 50V X7R ±10% SMD BF 1608 (0603)","C88B","CAPC1608X90N_V","21382","1","B","","","100n","21382","1608 (0603)","SMT","Yes","X7R","±10%","","50V","0","0","None","0","0","0"
"10µF","KON 10µF 50V X5R 10%  SMD BF 3216 (1206)","C89A","CAPC3216X180N_V","24685","1","B","","","10u","24685","3216 (1206)","SMT","Yes","X5R","10%","","50V","0","0","None","0","0","0"
"10µF","KON 10µF 50V X5R 10%  SMD BF 3216 (1206)","C89B","CAPC3216X180N_V","24685","1","B","","","10u","24685","3216 (1206)","SMT","Yes","X5R","10%","","50V","0","0","None","0","0","0"
"100nF","KON 100nF 50V X7R ±10% SMD BF 1608 (0603)","C90A","CAPC1608X90N_V","21382","1","B","","","100n","21382","1608 (0603)","SMT","Yes","X7R","±10%","","50V","0","0","None","0","0","0"
"100nF","KON 100nF 50V X7R ±10% SMD BF 1608 (0603)","C90B","CAPC1608X90N_V","21382","1","B","","","100n","21382","1608 (0603)","SMT","Yes","X7R","±10%","","50V","0","0","None","0","0","0"
"100nF","KON 100nF 50V X7R ±10% SMD BF 1608 (0603)","C91A","CAPC1608X90N_V","21382","1","B","","","100n","21382","1608 (0603)","SMT","Yes","X7R","±10%","","50V","0","0","None","0","0","0"
"100nF","KON 100nF 50V X7R ±10% SMD BF 1608 (0603)","C91B","CAPC1608X90N_V","21382","1","B","","","100n","21382","1608 (0603)","SMT","Yes","X7R","±10%","","50V","0","0","None","0","0","0"
"47µF","KON 47µF 6,3V X5R 20% SMD BF 2012 (0805)","C92A","CAPC2012X135N_V","24718","1","B","","","47u","24718","2012 (0805)","SMT","Yes","X5R","20%","","6.3V","0","0","None","0","0","0"
"47µF","KON 47µF 6,3V X5R 20% SMD BF 2012 (0805)","C92B","CAPC2012X135N_V","24718","1","B","","","47u","24718","2012 (0805)","SMT","Yes","X5R","20%","","6.3V","0","0","None","0","0","0"
"47µF","KON 47µF 6,3V X5R 20% SMD BF 2012 (0805)","C93A","CAPC2012X135N_V","24718","1","B","","","47u","24718","2012 (0805)","SMT","Yes","X5R","20%","","6.3V","0","0","None","0","0","0"
"47µF","KON 47µF 6,3V X5R 20% SMD BF 2012 (0805)","C93B","CAPC2012X135N_V","24718","1","B","","","47u","24718","2012 (0805)","SMT","Yes","X5R","20%","","6.3V","0","0","None","0","0","0"
"4.7nF","KON 4.7nF 50V NP0 ±5%  SMD BF 1608 (0603)","C94A","CAPC1608X90N_V","29638","1","B","","","4.7n","29638","1608 (0603)","SMT","","NP0","±5%","","50V","0","0","None","0","0","0"
"4.7nF","KON 4.7nF 50V NP0 ±5%  SMD BF 1608 (0603)","C94B","CAPC1608X90N_V","29638","1","B","","","4.7n","29638","1608 (0603)","SMT","","NP0","±5%","","50V","0","0","None","0","0","0"
"47pF","KON 47pF 50V NP0 5%  SMD BF 1608 (0603)","C95A","CAPC1608X90N_V","25942","1","B","","","47p","25942","1608 (0603)","SMT","Yes","NP0","5%","","50V","0","0","None","0","0","0"
"47pF","KON 47pF 50V NP0 5%  SMD BF 1608 (0603)","C95B","CAPC1608X90N_V","25942","1","B","","","47p","25942","1608 (0603)","SMT","Yes","NP0","5%","","50V","0","0","None","0","0","0"
"100nF","KON 100nF 50V X7R ±10% SMD BF 1608 (0603)","C96A","CAPC1608X90N_V","21382","1","B","","","100n","21382","1608 (0603)","SMT","Yes","X7R","±10%","","50V","0","0","None","0","0","0"
"100nF","KON 100nF 50V X7R ±10% SMD BF 1608 (0603)","C96B","CAPC1608X90N_V","21382","1","B","","","100n","21382","1608 (0603)","SMT","Yes","X7R","±10%","","50V","0","0","None","0","0","0"
"100nF","KON 100nF 50V X7R ±10% SMD BF 1608 (0603)","C96C","CAPC1608X90N_V","21382","1","B","","","100n","21382","1608 (0603)","SMT","Yes","X7R","±10%","","50V","0","0","None","0","0","0"
"100nF","KON 100nF 50V X7R ±10% SMD BF 1608 (0603)","C97A","CAPC1608X90N_V","21382","1","B","","","100n","21382","1608 (0603)","SMT","Yes","X7R","±10%","","50V","0","0","None","0","0","0"
"100nF","KON 100nF 50V X7R ±10% SMD BF 1608 (0603)","C97B","CAPC1608X90N_V","21382","1","B","","","100n","21382","1608 (0603)","SMT","Yes","X7R","±10%","","50V","0","0","None","0","0","0"
"100nF","KON 100nF 50V X7R ±10% SMD BF 1608 (0603)","C97C","CAPC1608X90N_V","21382","1","B","","","100n","21382","1608 (0603)","SMT","Yes","X7R","±10%","","50V","0","0","None","0","0","0"
"100nF","KON 100nF 50V X7R ±10% SMD BF 1608 (0603)","C98A","CAPC1608X90N_V","21382","1","B","","","100n","21382","1608 (0603)","SMT","Yes","X7R","±10%","","50V","0","0","None","0","0","0"
"100nF","KON 100nF 50V X7R ±10% SMD BF 1608 (0603)","C98B","CAPC1608X90N_V","21382","1","B","","","100n","21382","1608 (0603)","SMT","Yes","X7R","±10%","","50V","0","0","None","0","0","0"
"100nF","KON 100nF 50V X7R ±10% SMD BF 1608 (0603)","C98C","CAPC1608X90N_V","21382","1","B","","","100n","21382","1608 (0603)","SMT","Yes","X7R","±10%","","50V","0","0","None","0","0","0"
"100nF","KON 100nF 50V X7R ±10% SMD BF 1608 (0603)","C99A","CAPC1608X90N_V","21382","1","B","","","100n","21382","1608 (0603)","SMT","Yes","X7R","±10%","","50V","0","0","None","0","0","0"
"100nF","KON 100nF 50V X7R ±10% SMD BF 1608 (0603)","C99B","CAPC1608X90N_V","21382","1","B","","","100n","21382","1608 (0603)","SMT","Yes","X7R","±10%","","50V","0","0","None","0","0","0"
"100nF","KON 100nF 50V X7R ±10% SMD BF 1608 (0603)","C99C","CAPC1608X90N_V","21382","1","B","","","100n","21382","1608 (0603)","SMT","Yes","X7R","±10%","","50V","0","0","None","0","0","0"
"10nF","KON 10nF 10V X7R 10% SMD BF 0603 (0201)","C100","CAPC0603X33N_V","26312","1","B","","","10n","26312","0603 (0201)","SMT","Yes","X7R","10%","","10V","0","0","None","0","0","0"
"10nF","KON 10nF 10V X7R 10% SMD BF 0603 (0201)","C101","CAPC0603X33N_V","26312","1","B","","","10n","26312","0603 (0201)","SMT","Yes","X7R","10%","","10V","0","0","None","0","0","0"
"1nF","KON 1nF 50V NP0 5% SMD BF 1608 (0603)","C102","CAPC1608X90N_V","22523","1","B","","","1n","22523","1608 (0603)","SMT","","NP0","","","50V","0","0","None","0","0","0"
"100nF","KON 100nF 50V X7R ±10% SMD BF 1608 (0603)","C103","CAPC1608X90N_V","21382","1","B","","","100n","21382","1608 (0603)","SMT","Yes","X7R","±10%","","50V","0","0","None","0","0","0"
"22µF","KON 22µF 25V  X5R 20% SMD BF 2012 (0805)","C104","CAPC2012X135N_V","29556","1","B","","","22u","29556","2012 (0805)","SMT","","X5R","20%","","25V","0","0","None","0","0","0"
"10µF","KON 10µF 6,3V X5R SMD BF 1608 (0603)","C105","CAPC1608X90N_V","22918","1","B","","","10u","22918","1608 (0603)","SMT","","X5R","","","6.3V","0","0","None","0","0","0"
"100nF","KON 100nF 50V X7R ±10% SMD BF 1608 (0603)","C106A","CAPC1608X90N_V","21382","1","B","","","100n","21382","1608 (0603)","SMT","Yes","X7R","±10%","","50V","0","0","None","0","0","0"
"100nF","KON 100nF 50V X7R ±10% SMD BF 1608 (0603)","C106B","CAPC1608X90N_V","21382","1","B","","","100n","21382","1608 (0603)","SMT","Yes","X7R","±10%","","50V","0","0","None","0","0","0"
"100nF","KON 100nF 50V X7R ±10% SMD BF 1608 (0603)","C106C","CAPC1608X90N_V","21382","1","B","","","100n","21382","1608 (0603)","SMT","Yes","X7R","±10%","","50V","0","0","None","0","0","0"
"100nF","KON 100nF 50V X7R ±10% SMD BF 1608 (0603)","C106D","CAPC1608X90N_V","21382","1","B","","","100n","21382","1608 (0603)","SMT","Yes","X7R","±10%","","50V","0","0","None","0","0","0"
"100nF","KON 100nF 50V X7R ±10% SMD BF 1608 (0603)","C106E","CAPC1608X90N_V","21382","1","B","","","100n","21382","1608 (0603)","SMT","Yes","X7R","±10%","","50V","0","0","None","0","0","0"
"100nF","KON 100nF 50V X7R ±10% SMD BF 1608 (0603)","C106F","CAPC1608X90N_V","21382","1","B","","","100n","21382","1608 (0603)","SMT","Yes","X7R","±10%","","50V","0","0","None","0","0","0"
"100nF","KON 100nF 50V X7R ±10% SMD BF 1608 (0603)","C106G","CAPC1608X90N_V","21382","1","B","","","100n","21382","1608 (0603)","SMT","Yes","X7R","±10%","","50V","0","0","None","0","0","0"
"100nF","KON 100nF 50V X7R ±10% SMD BF 1608 (0603)","C106H","CAPC1608X90N_V","21382","1","B","","","100n","21382","1608 (0603)","SMT","Yes","X7R","±10%","","50V","0","0","None","0","0","0"
"100nF","KON 100nF 50V X7R ±10% SMD BF 1608 (0603)","C106I","CAPC1608X90N_V","21382","1","B","","","100n","21382","1608 (0603)","SMT","Yes","X7R","±10%","","50V","0","0","None","0","0","0"
"100nF","KON 100nF 50V X7R ±10% SMD BF 1608 (0603)","C106J","CAPC1608X90N_V","21382","1","B","","","100n","21382","1608 (0603)","SMT","Yes","X7R","±10%","","50V","0","0","None","0","0","0"
"100nF","KON 100nF 50V X7R ±10% SMD BF 1608 (0603)","C106K","CAPC1608X90N_V","21382","1","B","","","100n","21382","1608 (0603)","SMT","Yes","X7R","±10%","","50V","0","0","None","0","0","0"
"100nF","KON 100nF 50V X7R ±10% SMD BF 1608 (0603)","C106L","CAPC1608X90N_V","21382","1","B","","","100n","21382","1608 (0603)","SMT","Yes","X7R","±10%","","50V","0","0","None","0","0","0"
"100nF","KON 100nF 50V X7R ±10% SMD BF 1608 (0603)","C106M","CAPC1608X90N_V","21382","1","B","","","100n","21382","1608 (0603)","SMT","Yes","X7R","±10%","","50V","0","0","None","0","0","0"
"100nF","KON 100nF 50V X7R ±10% SMD BF 1608 (0603)","C106N","CAPC1608X90N_V","21382","1","B","","","100n","21382","1608 (0603)","SMT","Yes","X7R","±10%","","50V","0","0","None","0","0","0"
"100nF","KON 100nF 50V X7R ±10% SMD BF 1608 (0603)","C106O","CAPC1608X90N_V","21382","1","B","","","100n","21382","1608 (0603)","SMT","Yes","X7R","±10%","","50V","0","0","None","0","0","0"
"100nF","KON 100nF 50V X7R ±10% SMD BF 1608 (0603)","C106P","CAPC1608X90N_V","21382","1","B","","","100n","21382","1608 (0603)","SMT","Yes","X7R","±10%","","50V","0","0","None","0","0","0"
"100nF","KON 100nF 50V X7R ±10% SMD BF 1608 (0603)","C107","CAPC1608X90N_V","21382","1","B","","","100n","21382","1608 (0603)","SMT","Yes","X7R","±10%","","50V","0","0","None","0","0","0"
"100µF","KON 100µF 6,3V X5R 20% SMD BF 3216 (1206)","C108","CAPC3216X180N_V","23116","1","B","","","100u","23116","3216 (1206)","SMT","Yes","X5R","20%","","6.3V","0","0","None","0","0","0"
"470nF","KON 470nF 50V X7R SMD  BF 1608 (0603)","C109","CAPC1608X90N_V","25476","1","B","","","470n","25476","1608 (0603)","SMT","Yes","X7R","","","50V","0","0","None","0","0","0"
"100nF","KON 100nF 50V X7R ±10% SMD BF 1608 (0603)","C110","CAPC1608X90N_V","21382","1","B","","","100n","21382","1608 (0603)","SMT","Yes","X7R","±10%","","50V","0","0","None","0","0","0"
"100nF","KON 100nF 50V X7R ±10% SMD BF 1608 (0603)","C111","CAPC1608X90N_V","21382","1","B","","","100n","21382","1608 (0603)","SMT","Yes","X7R","±10%","","50V","0","0","None","0","0","0"
"100pF","KON 100pF 50V NP0 ±5% SMD BF 1608 (0603)","C112","CAPC1608X90N_V","21381","1","B","","","100p","21381","1608 (0603)","SMT","Yes","C0G NP0","±5%","","50V","0","0","None","0","0","0"
"100pF","KON 100pF 50V NP0 ±5% SMD BF 1608 (0603)","C113","CAPC1608X90N_V","21381","1","B","","","100p","21381","1608 (0603)","SMT","Yes","C0G NP0","±5%","","50V","0","0","None","0","0","0"
"100pF","KON 100pF 50V NP0 ±5% SMD BF 1608 (0603)","C114","CAPC1608X90N_V","21381","1","B","","","100p","21381","1608 (0603)","SMT","Yes","C0G NP0","±5%","","50V","0","0","None","0","0","0"
"100pF","KON 100pF 50V NP0 ±5% SMD BF 1608 (0603)","C115","CAPC1608X90N_V","21381","1","B","","","100p","21381","1608 (0603)","SMT","Yes","C0G NP0","±5%","","50V","0","0","None","0","0","0"
"100pF","KON 100pF 50V NP0 ±5% SMD BF 1608 (0603)","C116","CAPC1608X90N_V","21381","1","B","","","100p","21381","1608 (0603)","SMT","Yes","C0G NP0","±5%","","50V","0","0","None","0","0","0"
"100nF","KON 100nF 50V X7R ±10% SMD BF 1608 (0603)","C117","CAPC1608X90N_V","21382","1","B","","","100n","21382","1608 (0603)","SMT","Yes","X7R","±10%","","50V","0","0","None","0","0","0"
"100nF","KON 100nF 50V X7R ±10% SMD BF 1608 (0603)","C118","CAPC1608X90N_V","21382","1","B","","","100n","21382","1608 (0603)","SMT","Yes","X7R","±10%","","50V","0","0","None","0","0","0"
"470nF","KON 470nF 50V X7R SMD  BF 1608 (0603)","C119","CAPC1608X90N_V","25476","1","B","","","470n","25476","1608 (0603)","SMT","Yes","X7R","","","50V","0","0","None","0","0","0"
"470nF","KON 470nF 50V X7R SMD  BF 1608 (0603)","C120","CAPC1608X90N_V","25476","1","B","","","470n","25476","1608 (0603)","SMT","Yes","X7R","","","50V","0","0","None","0","0","0"
"10µF","KON 10µF 50V X5R 10%  SMD BF 3216 (1206)","C121","CAPC3216X180N_V","24685","1","B","","","10u","24685","3216 (1206)","SMT","Yes","X5R","10%","","50V","0","0","None","0","0","0"
"100nF","KON 100nF 50V X7R ±10% SMD BF 1608 (0603)","C122","CAPC1608X90N_V","21382","1","B","","","100n","21382","1608 (0603)","SMT","Yes","X7R","±10%","","50V","0","0","None","0","0","0"
"100nF","KON 100nF 50V X7R ±10% SMD BF 1608 (0603)","C123","CAPC1608X90N_V","21382","1","B","","","100n","21382","1608 (0603)","SMT","Yes","X7R","±10%","","50V","0","0","None","0","0","0"
"100nF","KON 100nF 50V X7R ±10% SMD BF 1608 (0603)","C124","CAPC1608X90N_V","21382","1","B","","","100n","21382","1608 (0603)","SMT","Yes","X7R","±10%","","50V","0","0","None","0","0","0"
"100nF","KON 100nF 50V X7R ±10% SMD BF 1608 (0603)","C125","CAPC1608X90N_V","21382","1","B","","","100n","21382","1608 (0603)","SMT","Yes","X7R","±10%","","50V","0","0","None","0","0","0"
"470nF","KON 470nF 50V X7R SMD  BF 1608 (0603)","C126","CAPC1608X90N_V","25476","1","B","","","470n","25476","1608 (0603)","SMT","Yes","X7R","","","50V","0","0","None","0","0","0"
"470nF","KON 470nF 50V X7R SMD  BF 1608 (0603)","C127","CAPC1608X90N_V","25476","1","B","","","470n","25476","1608 (0603)","SMT","Yes","X7R","","","50V","0","0","None","0","0","0"
"470nF","KON 470nF 50V X7R SMD  BF 1608 (0603)","C128","CAPC1608X90N_V","25476","1","B","","","470n","25476","1608 (0603)","SMT","Yes","X7R","","","50V","0","0","None","0","0","0"
"4.7µF","KON 4.7µF 25V X5R 20%  SMD BF 1608 (0603)","C129","CAPC1608X90N_V","29699","1","B","","","4.7u","29699","1608 (0603)","SMT","Yes","X5R","20%","","25V","0","0","None","0","0","0"
"100pF","KON 100pF 1000V X7R 10%  BF 3216 (1206)","C130","CAPC3216X180N_V","22679","1","B","","","100p","22679","3216 (1206)","SMT","Yes","X7R","10%","","1000V","0","0","None","0","0","0"
"4.7µF","KON 4.7µF 25V X5R 20%  SMD BF 1608 (0603)","C131","CAPC1608X90N_V","29699","1","B","","","4.7u","29699","1608 (0603)","SMT","Yes","X5R","20%","","25V","0","0","None","0","0","0"
"470nF","KON 470nF 50V X7R SMD  BF 1608 (0603)","C132","CAPC1608X90N_V","25476","1","B","","","470n","25476","1608 (0603)","SMT","Yes","X7R","","","50V","0","0","None","0","0","0"
"470nF","KON 470nF 50V X7R SMD  BF 1608 (0603)","C133","CAPC1608X90N_V","25476","1","B","","","470n","25476","1608 (0603)","SMT","Yes","X7R","","","50V","0","0","None","0","0","0"
"470nF","KON 470nF 50V X7R SMD  BF 1608 (0603)","C134","CAPC1608X90N_V","25476","1","B","","","470n","25476","1608 (0603)","SMT","Yes","X7R","","","50V","0","0","None","0","0","0"
"10µF","KON 10µF 6,3V X5R SMD BF 1608 (0603)","C135","CAPC1608X90N_V","22918","1","B","","","10u","22918","1608 (0603)","SMT","","X5R","","","6.3V","0","0","None","0","0","0"
"470nF","KON 470nF 50V X7R SMD  BF 1608 (0603)","C136","CAPC1608X90N_V","25476","1","B","","","470n","25476","1608 (0603)","SMT","Yes","X7R","","","50V","0","0","None","0","0","0"
"10µF","KON 10µF 6,3V X5R SMD BF 1608 (0603)","C137","CAPC1608X90N_V","22918","1","B","","","10u","22918","1608 (0603)","SMT","","X5R","","","6.3V","0","0","None","0","0","0"
"470nF","KON 470nF 50V X7R SMD  BF 1608 (0603)","C138","CAPC1608X90N_V","25476","1","B","","","470n","25476","1608 (0603)","SMT","Yes","X7R","","","50V","0","0","None","0","0","0"
"220nF","KON 220nF 50V X7R ±10% SMD BF 1608 (0603)","C139","CAPC1608X90N_V","29694","1","B","","","220n","29694","1608 (0603)","SMT","","X7R","±10%","","50V","0","0","None","0","0","0"
"100nF","KON 100nF 6.3V X5R 10% SMD BF 0603 (0201)","C140","CAPC0603X33N_V","24915","1","B","","","100n","24915","0603 (0201)","SMT","Yes","X5R","10%","","6.3V","0","0","None","0","0","0"
"100nF","KON 100nF 6.3V X5R 10% SMD BF 0603 (0201)","C141","CAPC0603X33N_V","24915","1","B","","","100n","24915","0603 (0201)","SMT","Yes","X5R","10%","","6.3V","0","0","None","0","0","0"
"100nF","KON 100nF 6.3V X5R 10% SMD BF 0603 (0201)","C142","CAPC0603X33N_V","24915","1","B","","","100n","24915","0603 (0201)","SMT","Yes","X5R","10%","","6.3V","0","0","None","0","0","0"
"100nF","KON 100nF 6.3V X5R 10% SMD BF 0603 (0201)","C143","CAPC0603X33N_V","24915","1","B","","","100n","24915","0603 (0201)","SMT","Yes","X5R","10%","","6.3V","0","0","None","0","0","0"
"100nF","KON 100nF 50V X7R ±10% SMD BF 1608 (0603)","C144","CAPC1608X90N_V","21382","1","B","","","100n","21382","1608 (0603)","SMT","Yes","X7R","±10%","","50V","0","0","None","0","0","0"
"10µF","KON 10µF 50V X5R 10%  SMD BF 3216 (1206)","C145","CAPC3216X180N_V","24685","1","B","","","10u","24685","3216 (1206)","SMT","Yes","X5R","10%","","50V","0","0","None","0","0","0"
"10µF","KON 10µF 50V X5R 10%  SMD BF 3216 (1206)","C146","CAPC3216X180N_V","24685","1","B","","","10u","24685","3216 (1206)","SMT","Yes","X5R","10%","","50V","0","0","None","0","0","0"
"10µF","KON 10µF 50V X5R 10%  SMD BF 3216 (1206)","C147","CAPC3216X180N_V","24685","1","B","","","10u","24685","3216 (1206)","SMT","Yes","X5R","10%","","50V","0","0","None","0","0","0"
"100nF","KON 100nF 6.3V X5R 10% SMD BF 0603 (0201)","C148","CAPC0603X33N_V","24915","1","B","","","100n","24915","0603 (0201)","SMT","Yes","X5R","10%","","6.3V","0","0","None","0","0","0"
"100nF","KON 100nF 6.3V X5R 10% SMD BF 0603 (0201)","C149","CAPC0603X33N_V","24915","1","B","","","100n","24915","0603 (0201)","SMT","Yes","X5R","10%","","6.3V","0","0","None","0","0","0"
"100nF","KON 100nF 6.3V X5R 10% SMD BF 0603 (0201)","C150","CAPC0603X33N_V","24915","1","B","","","100n","24915","0603 (0201)","SMT","Yes","X5R","10%","","6.3V","0","0","None","0","0","0"
"100nF","KON 100nF 6.3V X5R 10% SMD BF 0603 (0201)","C151","CAPC0603X33N_V","24915","1","B","","","100n","24915","0603 (0201)","SMT","Yes","X5R","10%","","6.3V","0","0","None","0","0","0"
"100nF","KON 100nF 6.3V X5R 10% SMD BF 0603 (0201)","C152","CAPC0603X33N_V","24915","1","B","","","100n","24915","0603 (0201)","SMT","Yes","X5R","10%","","6.3V","0","0","None","0","0","0"
"100nF","KON 100nF 6.3V X5R 10% SMD BF 0603 (0201)","C153","CAPC0603X33N_V","24915","1","B","","","100n","24915","0603 (0201)","SMT","Yes","X5R","10%","","6.3V","0","0","None","0","0","0"
"100nF","KON 100nF 6.3V X5R 10% SMD BF 0603 (0201)","C154","CAPC0603X33N_V","24915","1","B","","","100n","24915","0603 (0201)","SMT","Yes","X5R","10%","","6.3V","0","0","None","0","0","0"
"100nF","KON 100nF 6.3V X5R 10% SMD BF 0603 (0201)","C155","CAPC0603X33N_V","24915","1","B","","","100n","24915","0603 (0201)","SMT","Yes","X5R","10%","","6.3V","0","0","None","0","0","0"
"100nF","KON 100nF 6.3V X5R 10% SMD BF 0603 (0201)","C156","CAPC0603X33N_V","24915","1","B","","","100n","24915","0603 (0201)","SMT","Yes","X5R","10%","","6.3V","0","0","None","0","0","0"
"100nF","KON 100nF 6.3V X5R 10% SMD BF 0603 (0201)","C157","CAPC0603X33N_V","24915","1","B","","","100n","24915","0603 (0201)","SMT","Yes","X5R","10%","","6.3V","0","0","None","0","0","0"
"100nF","KON 100nF 6.3V X5R 10% SMD BF 0603 (0201)","C158","CAPC0603X33N_V","24915","1","B","","","100n","24915","0603 (0201)","SMT","Yes","X5R","10%","","6.3V","0","0","None","0","0","0"
"100nF","KON 100nF 6.3V X5R 10% SMD BF 0603 (0201)","C159","CAPC0603X33N_V","24915","1","B","","","100n","24915","0603 (0201)","SMT","Yes","X5R","10%","","6.3V","0","0","None","0","0","0"
"100nF","KON 100nF 6.3V X5R 10% SMD BF 0603 (0201)","C160","CAPC0603X33N_V","24915","1","B","","","100n","24915","0603 (0201)","SMT","Yes","X5R","10%","","6.3V","0","0","None","0","0","0"
"100nF","KON 100nF 6.3V X5R 10% SMD BF 0603 (0201)","C161","CAPC0603X33N_V","24915","1","B","","","100n","24915","0603 (0201)","SMT","Yes","X5R","10%","","6.3V","0","0","None","0","0","0"
"LED Red 19-213/R6C-AL1M2VY/3T","Chip LED 0603 Briliant Red","D1","LEDC1608X55N_RED","28261","1","B","","","","28261","1608 (0603)","SMT","Yes","","","","","0","0","None","0","0","0"
"LED Red 19-213/R6C-AL1M2VY/3T","Chip LED 0603 Briliant Red","D2","LEDC1608X55N_RED","28261","1","B","","","","28261","1608 (0603)","SMT","Yes","","","","","0","0","None","0","0","0"
"LED Red 19-213/R6C-AL1M2VY/3T","Chip LED 0603 Briliant Red","D3","LEDC1608X55N_RED","28261","1","B","","","","28261","1608 (0603)","SMT","Yes","","","","","0","0","None","0","0","0"
"BAT46W-7-F","Schottky Diode 0.150A 100V SOD-123","D4A","SOD3715X145N","29999","1","B","","","150mA","29999","SOD123","SMT","","","","","100V","0","0","None","0","0","0"
"BAT46W-7-F","Schottky Diode 0.150A 100V SOD-123","D4B","SOD3715X145N","29999","1","B","","","150mA","29999","SOD123","SMT","","","","","100V","0","0","None","0","0","0"
"BAT46W-7-F","Schottky Diode 0.150A 100V SOD-123","D4C","SOD3715X145N","29999","1","B","","","150mA","29999","SOD123","SMT","","","","","100V","0","0","None","0","0","0"
"BAT46W-7-F","Schottky Diode 0.150A 100V SOD-123","D4D","SOD3715X145N","29999","1","B","","","150mA","29999","SOD123","SMT","","","","","100V","0","0","None","0","0","0"
"BAT46W-7-F","Schottky Diode 0.150A 100V SOD-123","D4E","SOD3715X145N","29999","1","B","","","150mA","29999","SOD123","SMT","","","","","100V","0","0","None","0","0","0"
"CDSOT23-T24CAN","TVS Diode 24/40V SOT23-3","D5A","SOT95P237X112-3N","27400","1","B","","","","27400","SOT23-3","SMT","","","","","","0","0","None","0","0","0"
"CDSOT23-T24CAN","TVS Diode 24/40V SOT23-3","D5B","SOT95P237X112-3N","27400","1","B","","","","27400","SOT23-3","SMT","","","","","","0","0","None","0","0","0"
"MBR0520LT1G","Schottky Diode 0.5A 20V SOD-123","D6A","SOD3816X120N","26768","1","B","","","20V","26768","SOD123-FC","SMT","","","","","0.5A","0","0","None","0","0","0"
"MBR0520LT1G","Schottky Diode 0.5A 20V SOD-123","D6B","SOD3816X120N","26768","1","B","","","20V","26768","SOD123-FC","SMT","","","","","0.5A","0","0","None","0","0","0"
"MBR0520LT1G","Schottky Diode 0.5A 20V SOD-123","D7A","SOD3816X120N","26768","1","B","","","20V","26768","SOD123-FC","SMT","","","","","0.5A","0","0","None","0","0","0"
"MBR0520LT1G","Schottky Diode 0.5A 20V SOD-123","D7B","SOD3816X120N","26768","1","B","","","20V","26768","SOD123-FC","SMT","","","","","0.5A","0","0","None","0","0","0"
"LED Green 19-213/G6C-BM1N2/DT","Chip LED 0603 Briliant Green","D10","LEDC1608X55N_GREEN","28262","1","B","","","","28262","1608 (0603)","SMT","Yes","","","","","0","0","None","0","0","0"
"LED Red 19-213/R6C-AL1M2VY/3T","Chip LED 0603 Briliant Red","D11","LEDC1608X55N_RED","28261","1","B","","","","28261","1608 (0603)","SMT","Yes","","","","","0","0","None","0","0","0"
"150060BS75000","Chip LED 0603 Blue","D12","LEDC1608X70N_BLUE","30779","1","B","","","","30779","1608 (0603)","SMT","","","","","","0","0","None","0","0","0"
"MBR0520LT1G","Schottky Diode 0.5A 20V SOD-123","D14","SOD3816X120N","26768","1","B","","","20V","26768","SOD123-FC","SMT","","","","","0.5A","0","0","None","0","0","0"
"MBR0520LT1G","Schottky Diode 0.5A 20V SOD-123","D15","SOD3816X120N","26768","1","B","","","20V","26768","SOD123-FC","SMT","","","","","0.5A","0","0","None","0","0","0"
"LED Red 19-213/R6C-AL1M2VY/3T","Chip LED 0603 Briliant Red","D16","LEDC1608X55N_RED","28261","1","B","","","","28261","1608 (0603)","SMT","Yes","","","","","0","0","None","0","0","0"
"STPS340-Y","Schottky Diode 3A 40V DO-214AA, SMB","D17A","DIOM5336X265N","26110","1","B","","","","26110","SMB","SMT","","AEC-Q200","","","40V","0","0","None","0","0","0"
"STPS340-Y","Schottky Diode 3A 40V DO-214AA, SMB","D17B","DIOM5336X265N","26110","1","B","","","","26110","SMB","SMT","","AEC-Q200","","","40V","0","0","None","0","0","0"
"LED Red 19-213/R6C-AL1M2VY/3T","Chip LED 0603 Briliant Red","D18","LEDC1608X55N_RED","28261","1","B","","","","28261","1608 (0603)","SMT","Yes","","","","","0","0","None","0","0","0"
"MBR0520LT1G","Schottky Diode 0.5A 20V SOD-123","D19","SOD3816X120N","26768","1","B","","","20V","26768","SOD123-FC","SMT","","","","","0.5A","0","0","None","0","0","0"
"MBR0520LT1G","Schottky Diode 0.5A 20V SOD-123","D20","SOD3816X120N","26768","1","B","","","20V","26768","SOD123-FC","SMT","","","","","0.5A","0","0","None","0","0","0"
"CPDA10R3V3U-HF","CPDA10R3V3U-HF","D21","DFN230X100X55X10N","29054","1","B","","","","29054","TSLP-9-1","SMT","","","","","3.3V","0","0","None","0","0","0"
"MMSZ5242BT1G","Zener Diode 12V 500mW ±5% SOD-123","D22","SOD3715X135N","29229","1","B","","","","29229","SOD123","SMT","","","","","12V","0","0","None","0","0","0"
"SMBJ36CA","TVS Diode 36/75.5V 600W","D23","DIOM5236X261N","27476","1","B","","","600W","27476","SMB DO-214AA","SMT","","","","","36V","0","0","None","0","0","0"
"150060BS75000","Chip LED 0603 Blue","D24A","LEDC1608X70N_BLUE","30779","1","B","","","","30779","1608 (0603)","SMT","","","","","","0","0","None","0","0","0"
"150060BS75000","Chip LED 0603 Blue","D24B","LEDC1608X70N_BLUE","30779","1","B","","","","30779","1608 (0603)","SMT","","","","","","0","0","None","0","0","0"
"150060BS75000","Chip LED 0603 Blue","D24C","LEDC1608X70N_BLUE","30779","1","B","","","","30779","1608 (0603)","SMT","","","","","","0","0","None","0","0","0"
"150060BS75000","Chip LED 0603 Blue","D24D","LEDC1608X70N_BLUE","30779","1","B","","","","30779","1608 (0603)","SMT","","","","","","0","0","None","0","0","0"
"LED Green 19-213/G6C-BM1N2/DT","Chip LED 0603 Briliant Green","D25","LEDC1608X55N_GREEN","28262","1","B","","","","28262","1608 (0603)","SMT","Yes","","","","","0","0","None","0","0","0"
"CPDA10R3V3U-HF","CPDA10R3V3U-HF","D27A","DFN230X100X55X10N","29054","1","B","","","","29054","TSLP-9-1","SMT","","","","","3.3V","0","0","None","0","0","0"
"CPDA10R3V3U-HF","CPDA10R3V3U-HF","D27B","DFN230X100X55X10N","29054","1","B","","","","29054","TSLP-9-1","SMT","","","","","3.3V","0","0","None","0","0","0"
"CPDA10R3V3U-HF","CPDA10R3V3U-HF","D27C","DFN230X100X55X10N","29054","1","B","","","","29054","TSLP-9-1","SMT","","","","","3.3V","0","0","None","0","0","0"
"Fuse 5A 125V SMD with holder","Fuse 5A 125V SMD with holder","F1","0154xxx","30775","1","B","","Yes","5A","30775","","SMT","","","","","125V","0","0","None","0","0","0"
"SS5-80-3.50-L-D-K-TR","Samtec Ultra Fine Pitch Socket REF192552-01, 160 Pins","J1","SS5-80-3.50-L-D-K-TR","27219","1","B","","","","27219","","SMT","Yes","","","","","0","0","None","0","0","0"
"SS5-80-3.50-L-D-K-TR","Samtec Ultra Fine Pitch Socket REF192552-01, 160 Pins","J2","SS5-80-3.50-L-D-K-TR","27219","1","B","","","","27219","","SMT","Yes","","","","","0","0","None","0","0","0"
"SS5-80-3.50-L-D-K-TR","Samtec Ultra Fine Pitch Socket REF192552-01, 160 Pins","J3","SS5-80-3.50-L-D-K-TR","27219","1","B","","","","27219","","SMT","Yes","","","","","0","0","None","0","0","0"
"SS5-80-3.50-L-D-K-TR","Samtec Ultra Fine Pitch Socket REF192552-01, 160 Pins","J4","SS5-80-3.50-L-D-K-TR","27219","1","B","","","","27219","","SMT","Yes","","","","","0","0","None","0","0","0"
"1µH","IND SMD 1µH 2.7A 59mOhm Shielded","L1","INDC2520X120N","28114","1","B","","","1u","28114","2520 (1008)","SMT","","","20%","","2.7A","0","0","None","0","0","0"
"MPZ1608S221A","Ferritdurchführung MPZ1608S221A","L2","INDC1608X95N_V","22718","1","B","","Yes","220 OHm @ 100MHz","22718","1608 (0603)","SMT","Yes","","","","","0","0","None","0","0","0"
"MPZ1608S221A","Ferritdurchführung MPZ1608S221A","L3","INDC1608X95N_V","22718","1","B","","Yes","220 OHm @ 100MHz","22718","1608 (0603)","SMT","Yes","","","","","0","0","None","0","0","0"
"MPZ1608S221A","Ferritdurchführung MPZ1608S221A","L4","INDC1608X95N_V","22718","1","B","","Yes","220 OHm @ 100MHz","22718","1608 (0603)","SMT","Yes","","","","","0","0","None","0","0","0"
"744235900","Common Mode Choke SMT 0.3uH 2A 50mOhms","L5A","WE-CNSW-1812","30776","1","B","","","0.3u","30776","WE-CNSW-1812","SMT","","50mOhm","20%","","2A","0","0","None","0","0","0"
"744235900","Common Mode Choke SMT 0.3uH 2A 50mOhms","L5B","WE-CNSW-1812","30776","1","B","","","0.3u","30776","WE-CNSW-1812","SMT","","50mOhm","20%","","2A","0","0","None","0","0","0"
"WE-CBF","Ferritdurchführung SMD 0805","L6","INDC2012X92N_V","24513","1","B","","Yes","","24513","2012 (0805)","SMT","","0.15Ohm","","","2000mA","0","0","None","0","0","0"
"WE-CBF","Ferritdurchführung SMD 0805","L7","INDC2012X92N_V","24513","1","B","","Yes","","24513","2012 (0805)","SMT","","0.15Ohm","","","2000mA","0","0","None","0","0","0"
"WE-CBF","Ferritdurchführung SMD 0805","L8","INDC2012X92N_V","24513","1","B","","Yes","","24513","2012 (0805)","SMT","","0.15Ohm","","","2000mA","0","0","None","0","0","0"
"MPZ1608S221A","Ferritdurchführung MPZ1608S221A","L9","INDC1608X95N_V","22718","1","B","","Yes","220 OHm @ 100MHz","22718","1608 (0603)","SMT","Yes","","","","","0","0","None","0","0","0"
"MPZ1608S221A","Ferritdurchführung MPZ1608S221A","L10","INDC1608X95N_V","22718","1","B","","Yes","220 OHm @ 100MHz","22718","1608 (0603)","SMT","Yes","","","","","0","0","None","0","0","0"
"WE-CBF","Ferritdurchführung SMD 0805","L11A","INDC2012X92N_V","24513","1","B","","Yes","","24513","2012 (0805)","SMT","","0.15Ohm","","","2000mA","0","0","None","0","0","0"
"WE-CBF","Ferritdurchführung SMD 0805","L11B","INDC2012X92N_V","24513","1","B","","Yes","","24513","2012 (0805)","SMT","","0.15Ohm","","","2000mA","0","0","None","0","0","0"
"XAL5050-153MEC","Power Inductor 15µH 20% 3.9A 76.7mOhms","L12A","IND_XAL5050","26235","1","B","","","15µ","26235","","SMT","","","","","3.9A 76.7mOhms","0","0","None","0","0","0"
"XAL5050-153MEC","Power Inductor 15µH 20% 3.9A 76.7mOhms","L12B","IND_XAL5050","26235","1","B","","","15µ","26235","","SMT","","","","","3.9A 76.7mOhms","0","0","None","0","0","0"
"FIDU-DOT - small","FIDU-DOT - SMALL 1mm","PM1","FIDU-DOT - small","22905","1","B","","","","22905","","FIDU","","","","","","0","0","None","0","0","0"
"FIDU-DOT - small","FIDU-DOT - SMALL 1mm","PM2","FIDU-DOT - small","22905","1","B","","","","22905","","FIDU","","","","","","0","0","None","0","0","0"
"FIDU-DOT - small","FIDU-DOT - SMALL 1mm","PM3","FIDU-DOT - small","22905","1","B","","","","22905","","FIDU","","","","","","0","0","None","0","0","0"
"FIDU-DOT - small","FIDU-DOT - SMALL 1mm","PM4","FIDU-DOT - small","22905","1","B","","","","22905","","FIDU","","","","","","0","0","None","0","0","0"
"FIDU-DOT - small","FIDU-DOT - SMALL 1mm","PM5","FIDU-DOT - small","22905","1","B","","","","22905","","FIDU","","","","","","0","0","None","0","0","0"
"FIDU-DOT - small","FIDU-DOT - SMALL 1mm","PM6","FIDU-DOT - small","22905","1","B","","","","22905","","FIDU","","","","","","0","0","None","0","0","0"
"0R","WID SMD 0R 0,1W 1% TK100  BF 1608 (0603)","R1","RESC1608X55N_V","21491","1","B","","","0","21491","1608 (0603)","SMT","","TK100","1%","","","0","0","None","0","0","0"
"220R","WID SMD 220R 1% 0,1W","R2","RESC1608X55N_V","22324","1","B","","","220","22324","1608 (0603)","SMT","","TK100","1%","","","0","0","None","0","0","0"
"10K","WID SMD 10K 1% 0,1W  BF 1608 (0603)","R3","RESC1608X55N_V","21492","1","B","","","10K","21492","1608 (0603)","SMT","Yes","TK100","1%","","","0","0","None","0","0","0"
"220R","WID SMD 220R 1% 0,1W","R4","RESC1608X55N_V","22324","1","B","","","220","22324","1608 (0603)","SMT","","TK100","1%","","","0","0","None","0","0","0"
"10K","WID SMD 10K 1% 0,1W  BF 1608 (0603)","R5","RESC1608X55N_V","21492","1","B","","","10K","21492","1608 (0603)","SMT","Yes","TK100","1%","","","0","0","None","0","0","0"
"220R","WID SMD 220R 1% 0,1W","R6","RESC1608X55N_V","22324","1","B","","","220","22324","1608 (0603)","SMT","","TK100","1%","","","0","0","None","0","0","0"
"10K","WID SMD 10K 1% 0,1W  BF 1608 (0603)","R7","RESC1608X55N_V","21492","1","B","","","10K","21492","1608 (0603)","SMT","Yes","TK100","1%","","","0","0","None","0","0","0"
"1K","WID SMD 1K 1% 0,1W","R8","RESC1608X55N_V","21375","1","B","","","1K","21375","1608 (0603)","SMT","Yes","TK100","1%","","","0","0","None","0","0","0"
"100R","WID SMD 100R 1% 0,1W BF 1608 (0603)","R9","RESC1608X55N_V","21380","1","B","","","100","21380","1608 (0603)","SMT","Yes","TK100","1%","","","0","0","None","0","0","0"
"100R","WID SMD 100R 1% 0,1W BF 1608 (0603)","R10","RESC1608X55N_V","21380","1","B","","","100","21380","1608 (0603)","SMT","Yes","TK100","1%","","","0","0","None","0","0","0"
"10K","WID SMD 10K 1% 0,1W  BF 1608 (0603)","R11","RESC1608X55N_V","21492","1","B","","","10K","21492","1608 (0603)","SMT","Yes","TK100","1%","","","0","0","None","0","0","0"
"10K","WID SMD 10K 1% 0,1W  BF 1608 (0603)","R12","RESC1608X55N_V","21492","1","B","","","10K","21492","1608 (0603)","SMT","Yes","TK100","1%","","","0","0","None","0","0","0"
"10K","WID SMD 10K 1% 0,1W  BF 1608 (0603)","R13","RESC1608X55N_V","21492","1","B","","","10K","21492","1608 (0603)","SMT","Yes","TK100","1%","","","0","0","None","0","0","0"
"10K","WID SMD 10K 1% 0,1W  BF 1608 (0603)","R14","RESC1608X55N_V","21492","1","B","","","10K","21492","1608 (0603)","SMT","Yes","TK100","1%","","","0","0","None","0","0","0"
"0R","WID SMD 0R 0,1W 1% TK100  BF 1608 (0603)","R15","RESC1608X55N_V","21491","1","B","","","0","21491","1608 (0603)","SMT","","TK100","1%","","","0","0","None","0","0","0"
"0R","WID SMD 0R 0,1W 1% TK100  BF 1608 (0603)","R16","RESC1608X55N_V","21491","1","B","","","0","21491","1608 (0603)","SMT","","TK100","1%","","","0","0","None","0","0","0"
"10K","WID SMD 10K 1% 0,1W  BF 1608 (0603)","R17","RESC1608X55N_V","21492","1","B","","","10K","21492","1608 (0603)","SMT","Yes","TK100","1%","","","0","0","None","0","0","0"
"10K","WID SMD 10K 1% 0,1W  BF 1608 (0603)","R18","RESC1608X55N_V","21492","1","B","","","10K","21492","1608 (0603)","SMT","Yes","TK100","1%","","","0","0","None","0","0","0"
"10K","WID SMD 10K 1% 0,1W  BF 1608 (0603)","R20","RESC1608X55N_V","21492","1","B","","","10K","21492","1608 (0603)","SMT","Yes","TK100","1%","","","0","0","None","0","0","0"
"10K","WID SMD 10K 1% 0,1W  BF 1608 (0603)","R21","RESC1608X55N_V","21492","1","B","","","10K","21492","1608 (0603)","SMT","Yes","TK100","1%","","","0","0","None","0","0","0"
"10K","WID SMD 10K 1% 0,1W  BF 1608 (0603)","R22","RESC1608X55N_V","21492","1","B","","","10K","21492","1608 (0603)","SMT","Yes","TK100","1%","","","0","0","None","0","0","0"
"10K","WID SMD 10K 1% 0,1W  BF 1608 (0603)","R23","RESC1608X55N_V","21492","1","B","","","10K","21492","1608 (0603)","SMT","Yes","TK100","1%","","","0","0","None","0","0","0"
"10K","WID SMD 10K 1% 0,1W  BF 1608 (0603)","R24","RESC1608X55N_V","21492","1","B","","","10K","21492","1608 (0603)","SMT","Yes","TK100","1%","","","0","0","None","0","0","0"
"10K","WID SMD 10K 1% 0,1W  BF 1608 (0603)","R25","RESC1608X55N_V","21492","1","B","","","10K","21492","1608 (0603)","SMT","Yes","TK100","1%","","","0","0","None","0","0","0"
"0R","WID SMD 0R 0,1W 1% TK100  BF 1608 (0603)","R28A","RESC1608X55N_V","21491","1","B","","","0","21491","1608 (0603)","SMT","","TK100","1%","","","0","0","None","0","0","0"
"0R","WID SMD 0R 0,1W 1% TK100  BF 1608 (0603)","R28B","RESC1608X55N_V","21491","1","B","","","0","21491","1608 (0603)","SMT","","TK100","1%","","","0","0","None","0","0","0"
"0R","WID SMD 0R 0,1W 1% TK100  BF 1608 (0603)","R28C","RESC1608X55N_V","21491","1","B","","","0","21491","1608 (0603)","SMT","","TK100","1%","","","0","0","None","0","0","0"
"0R","WID SMD 0R 0,1W 1% TK100  BF 1608 (0603)","R28D","RESC1608X55N_V","21491","1","B","","","0","21491","1608 (0603)","SMT","","TK100","1%","","","0","0","None","0","0","0"
"10K","WID SMD 10K 1% 0,1W  BF 1608 (0603)","R29A","RESC1608X55N_V","21492","1","B","","","10K","21492","1608 (0603)","SMT","Yes","TK100","1%","","","0","0","None","0","0","0"
"10K","WID SMD 10K 1% 0,1W  BF 1608 (0603)","R29B","RESC1608X55N_V","21492","1","B","","","10K","21492","1608 (0603)","SMT","Yes","TK100","1%","","","0","0","None","0","0","0"
"10K","WID SMD 10K 1% 0,1W  BF 1608 (0603)","R29C","RESC1608X55N_V","21492","1","B","","","10K","21492","1608 (0603)","SMT","Yes","TK100","1%","","","0","0","None","0","0","0"
"10K","WID SMD 10K 1% 0,1W  BF 1608 (0603)","R29D","RESC1608X55N_V","21492","1","B","","","10K","21492","1608 (0603)","SMT","Yes","TK100","1%","","","0","0","None","0","0","0"
"22R","WID SMD 22R 1% 0,1W","R30A","RESC1608X55N_V","21518","1","B","","","22","21518","1608 (0603)","SMT","","TK100","1%","","","0","0","None","0","0","0"
"22R","WID SMD 22R 1% 0,1W","R30B","RESC1608X55N_V","21518","1","B","","","22","21518","1608 (0603)","SMT","","TK100","1%","","","0","0","None","0","0","0"
"22R","WID SMD 22R 1% 0,1W","R30C","RESC1608X55N_V","21518","1","B","","","22","21518","1608 (0603)","SMT","","TK100","1%","","","0","0","None","0","0","0"
"22R","WID SMD 22R 1% 0,1W","R31A","RESC1608X55N_V","21518","1","B","","","22","21518","1608 (0603)","SMT","","TK100","1%","","","0","0","None","0","0","0"
"22R","WID SMD 22R 1% 0,1W","R31B","RESC1608X55N_V","21518","1","B","","","22","21518","1608 (0603)","SMT","","TK100","1%","","","0","0","None","0","0","0"
"22R","WID SMD 22R 1% 0,1W","R31C","RESC1608X55N_V","21518","1","B","","","22","21518","1608 (0603)","SMT","","TK100","1%","","","0","0","None","0","0","0"
"10K","WID SMD 10K 1% 0,1W  BF 1608 (0603)","R32","RESC1608X55N_V","21492","1","B","","","10K","21492","1608 (0603)","SMT","Yes","TK100","1%","","","0","0","None","0","0","0"
"10K","WID SMD 10K 1% 0,1W  BF 1608 (0603)","R33","RESC1608X55N_V","21492","1","B","","","10K","21492","1608 (0603)","SMT","Yes","TK100","1%","","","0","0","None","0","0","0"
"10K","WID SMD 10K 1% 0,1W  BF 1608 (0603)","R35","RESC1608X55N_V","21492","1","B","","","10K","21492","1608 (0603)","SMT","Yes","TK100","1%","","","0","0","None","0","0","0"
"10K","WID SMD 10K 1% 0,1W  BF 1608 (0603)","R37","RESC1608X55N_V","21492","1","B","","","10K","21492","1608 (0603)","SMT","Yes","TK100","1%","","","0","0","None","0","0","0"
"10K","WID SMD 10K 1% 0,1W  BF 1608 (0603)","R39","RESC1608X55N_V","21492","1","B","","","10K","21492","1608 (0603)","SMT","Yes","TK100","1%","","","0","0","None","0","0","0"
"10K","WID SMD 10K 1% 0,1W  BF 1608 (0603)","R41","RESC1608X55N_V","21492","1","B","","","10K","21492","1608 (0603)","SMT","Yes","TK100","1%","","","0","0","None","0","0","0"
"10K","WID SMD 10K 1% 0,1W  BF 1608 (0603)","R43","RESC1608X55N_V","21492","1","B","","","10K","21492","1608 (0603)","SMT","Yes","TK100","1%","","","0","0","None","0","0","0"
"10K","WID SMD 10K 1% 0,1W  BF 1608 (0603)","R45","RESC1608X55N_V","21492","1","B","","","10K","21492","1608 (0603)","SMT","Yes","TK100","1%","","","0","0","None","0","0","0"
"0R","WID SMD 0R 0,1W 1% TK100  BF 1608 (0603)","R48","RESC1608X55N_V","21491","1","B","","","0","21491","1608 (0603)","SMT","","TK100","1%","","","0","0","None","0","0","0"
"33R","WID SMD 33R 1% 0,1W","R49","RESC1608X55N_V","22430","1","B","","","33","22430","1608 (0603)","SMT","","TK100","1%","","","0","0","None","0","0","0"
"4K99","WID SMD 4K99 1% 0,063W BF 1005 (0402)","R50","RESC1005X40N_V","22754","1","B","","","4.99K","22754","1005 (0402)","SMT","Yes","TK100","1%","","","0","0","None","0","0","0"
"10K","WID SMD 10K 1% 0,1W  BF 1608 (0603)","R51","RESC1608X55N_V","21492","1","B","","","10K","21492","1608 (0603)","SMT","Yes","TK100","1%","","","0","0","None","0","0","0"
"220R","WID SMD 220R 1% 0,1W","R52","RESC1608X55N_V","22324","1","B","","","220","22324","1608 (0603)","SMT","","TK100","1%","","","0","0","None","0","0","0"
"220R","WID SMD 220R 1% 0,1W","R53","RESC1608X55N_V","22324","1","B","","","220","22324","1608 (0603)","SMT","","TK100","1%","","","0","0","None","0","0","0"
"10K","WID SMD 10K 1% 0,1W  BF 1608 (0603)","R54","RESC1608X55N_V","21492","1","B","","","10K","21492","1608 (0603)","SMT","Yes","TK100","1%","","","0","0","None","0","0","0"
"1M","WID SMD 1M 5% 0,25W  BF 3216 (1206)","R55","RESC3216X65N_V","22757","1","B","","","1M","22757","3216 (1206)","SMT","Yes","TK100","5%","","","0","0","None","0","0","0"
"4K99","WID SMD 4K99 1% 0,063W BF 1005 (0402)","R56","RESC1005X40N_V","22754","1","B","","","4.99K","22754","1005 (0402)","SMT","Yes","TK100","1%","","","0","0","None","0","0","0"
"47R","WID SMD Netz 4 fach 47R","R57A","RESCAV80P160X320X70-8N","22843","1","B","","","47","22843","3216 (1206)","SMT","","","5%","","","0","0","None","0","0","0"
"47R","WID SMD Netz 4 fach 47R","R57B","RESCAV80P160X320X70-8N","22843","1","B","","","47","22843","3216 (1206)","SMT","","","5%","","","0","0","None","0","0","0"
"47R","WID SMD Netz 4 fach 47R","R57C","RESCAV80P160X320X70-8N","22843","1","B","","","47","22843","3216 (1206)","SMT","","","5%","","","0","0","None","0","0","0"
"47R","WID SMD Netz 4 fach 47R","R57D","RESCAV80P160X320X70-8N","22843","1","B","","","47","22843","3216 (1206)","SMT","","","5%","","","0","0","None","0","0","0"
"47R","WID SMD Netz 4 fach 47R","R57E","RESCAV80P160X320X70-8N","22843","1","B","","","47","22843","3216 (1206)","SMT","","","5%","","","0","0","None","0","0","0"
"47R","WID SMD Netz 4 fach 47R","R58A","RESCAV80P160X320X70-8N","22843","1","B","","","47","22843","3216 (1206)","SMT","","","5%","","","0","0","None","0","0","0"
"47R","WID SMD Netz 4 fach 47R","R58B","RESCAV80P160X320X70-8N","22843","1","B","","","47","22843","3216 (1206)","SMT","","","5%","","","0","0","None","0","0","0"
"47R","WID SMD Netz 4 fach 47R","R58C","RESCAV80P160X320X70-8N","22843","1","B","","","47","22843","3216 (1206)","SMT","","","5%","","","0","0","None","0","0","0"
"47R","WID SMD Netz 4 fach 47R","R58D","RESCAV80P160X320X70-8N","22843","1","B","","","47","22843","3216 (1206)","SMT","","","5%","","","0","0","None","0","0","0"
"47R","WID SMD Netz 4 fach 47R","R58E","RESCAV80P160X320X70-8N","22843","1","B","","","47","22843","3216 (1206)","SMT","","","5%","","","0","0","None","0","0","0"
"47R","WID SMD Netz 4 fach 47R","R59A","RESCAV80P160X320X70-8N","22843","1","B","","","47","22843","3216 (1206)","SMT","","","5%","","","0","0","None","0","0","0"
"47R","WID SMD Netz 4 fach 47R","R59B","RESCAV80P160X320X70-8N","22843","1","B","","","47","22843","3216 (1206)","SMT","","","5%","","","0","0","None","0","0","0"
"47R","WID SMD Netz 4 fach 47R","R59C","RESCAV80P160X320X70-8N","22843","1","B","","","47","22843","3216 (1206)","SMT","","","5%","","","0","0","None","0","0","0"
"47R","WID SMD Netz 4 fach 47R","R59D","RESCAV80P160X320X70-8N","22843","1","B","","","47","22843","3216 (1206)","SMT","","","5%","","","0","0","None","0","0","0"
"47R","WID SMD Netz 4 fach 47R","R59E","RESCAV80P160X320X70-8N","22843","1","B","","","47","22843","3216 (1206)","SMT","","","5%","","","0","0","None","0","0","0"
"47R","WID SMD Netz 4 fach 47R","R60A","RESCAV80P160X320X70-8N","22843","1","B","","","47","22843","3216 (1206)","SMT","","","5%","","","0","0","None","0","0","0"
"47R","WID SMD Netz 4 fach 47R","R60B","RESCAV80P160X320X70-8N","22843","1","B","","","47","22843","3216 (1206)","SMT","","","5%","","","0","0","None","0","0","0"
"47R","WID SMD Netz 4 fach 47R","R60C","RESCAV80P160X320X70-8N","22843","1","B","","","47","22843","3216 (1206)","SMT","","","5%","","","0","0","None","0","0","0"
"47R","WID SMD Netz 4 fach 47R","R60D","RESCAV80P160X320X70-8N","22843","1","B","","","47","22843","3216 (1206)","SMT","","","5%","","","0","0","None","0","0","0"
"47R","WID SMD Netz 4 fach 47R","R60E","RESCAV80P160X320X70-8N","22843","1","B","","","47","22843","3216 (1206)","SMT","","","5%","","","0","0","None","0","0","0"
"47R","WID SMD Netz 4 fach 47R","R61A","RESCAV80P160X320X70-8N","22843","1","B","","","47","22843","3216 (1206)","SMT","","","5%","","","0","0","None","0","0","0"
"47R","WID SMD Netz 4 fach 47R","R61B","RESCAV80P160X320X70-8N","22843","1","B","","","47","22843","3216 (1206)","SMT","","","5%","","","0","0","None","0","0","0"
"47R","WID SMD Netz 4 fach 47R","R61C","RESCAV80P160X320X70-8N","22843","1","B","","","47","22843","3216 (1206)","SMT","","","5%","","","0","0","None","0","0","0"
"47R","WID SMD Netz 4 fach 47R","R61D","RESCAV80P160X320X70-8N","22843","1","B","","","47","22843","3216 (1206)","SMT","","","5%","","","0","0","None","0","0","0"
"47R","WID SMD Netz 4 fach 47R","R61E","RESCAV80P160X320X70-8N","22843","1","B","","","47","22843","3216 (1206)","SMT","","","5%","","","0","0","None","0","0","0"
"47R","WID SMD Netz 4 fach 47R","R62A","RESCAV80P160X320X70-8N","22843","1","B","","","47","22843","3216 (1206)","SMT","","","5%","","","0","0","None","0","0","0"
"47R","WID SMD Netz 4 fach 47R","R62B","RESCAV80P160X320X70-8N","22843","1","B","","","47","22843","3216 (1206)","SMT","","","5%","","","0","0","None","0","0","0"
"47R","WID SMD Netz 4 fach 47R","R62C","RESCAV80P160X320X70-8N","22843","1","B","","","47","22843","3216 (1206)","SMT","","","5%","","","0","0","None","0","0","0"
"47R","WID SMD Netz 4 fach 47R","R62D","RESCAV80P160X320X70-8N","22843","1","B","","","47","22843","3216 (1206)","SMT","","","5%","","","0","0","None","0","0","0"
"47R","WID SMD Netz 4 fach 47R","R62E","RESCAV80P160X320X70-8N","22843","1","B","","","47","22843","3216 (1206)","SMT","","","5%","","","0","0","None","0","0","0"
"47R","WID SMD Netz 4 fach 47R","R63A","RESCAV80P160X320X70-8N","22843","1","B","","","47","22843","3216 (1206)","SMT","","","5%","","","0","0","None","0","0","0"
"47R","WID SMD Netz 4 fach 47R","R63B","RESCAV80P160X320X70-8N","22843","1","B","","","47","22843","3216 (1206)","SMT","","","5%","","","0","0","None","0","0","0"
"47R","WID SMD Netz 4 fach 47R","R63C","RESCAV80P160X320X70-8N","22843","1","B","","","47","22843","3216 (1206)","SMT","","","5%","","","0","0","None","0","0","0"
"47R","WID SMD Netz 4 fach 47R","R63D","RESCAV80P160X320X70-8N","22843","1","B","","","47","22843","3216 (1206)","SMT","","","5%","","","0","0","None","0","0","0"
"47R","WID SMD Netz 4 fach 47R","R63E","RESCAV80P160X320X70-8N","22843","1","B","","","47","22843","3216 (1206)","SMT","","","5%","","","0","0","None","0","0","0"
"47R","WID SMD Netz 4 fach 47R","R64A","RESCAV80P160X320X70-8N","22843","1","B","","","47","22843","3216 (1206)","SMT","","","5%","","","0","0","None","0","0","0"
"47R","WID SMD Netz 4 fach 47R","R64B","RESCAV80P160X320X70-8N","22843","1","B","","","47","22843","3216 (1206)","SMT","","","5%","","","0","0","None","0","0","0"
"47R","WID SMD Netz 4 fach 47R","R64C","RESCAV80P160X320X70-8N","22843","1","B","","","47","22843","3216 (1206)","SMT","","","5%","","","0","0","None","0","0","0"
"47R","WID SMD Netz 4 fach 47R","R64D","RESCAV80P160X320X70-8N","22843","1","B","","","47","22843","3216 (1206)","SMT","","","5%","","","0","0","None","0","0","0"
"47R","WID SMD Netz 4 fach 47R","R64E","RESCAV80P160X320X70-8N","22843","1","B","","","47","22843","3216 (1206)","SMT","","","5%","","","0","0","None","0","0","0"
"0R","WID SMD 0R 0,1W 1% TK100  BF 1608 (0603)","R65A","RESC1608X55N_V","21491","1","B","","","0","21491","1608 (0603)","SMT","","TK100","1%","","","0","0","None","0","0","0"
"0R","WID SMD 0R 0,1W 1% TK100  BF 1608 (0603)","R65B","RESC1608X55N_V","21491","1","B","","","0","21491","1608 (0603)","SMT","","TK100","1%","","","0","0","None","0","0","0"
"0R","WID SMD 0R 0,1W 1% TK100  BF 1608 (0603)","R65C","RESC1608X55N_V","21491","1","B","","","0","21491","1608 (0603)","SMT","","TK100","1%","","","0","0","None","0","0","0"
"0R","WID SMD 0R 0,1W 1% TK100  BF 1608 (0603)","R65D","RESC1608X55N_V","21491","1","B","","","0","21491","1608 (0603)","SMT","","TK100","1%","","","0","0","None","0","0","0"
"0R","WID SMD 0R 0,1W 1% TK100  BF 1608 (0603)","R65E","RESC1608X55N_V","21491","1","B","","","0","21491","1608 (0603)","SMT","","TK100","1%","","","0","0","None","0","0","0"
"0R","WID SMD 0R 0,1W 1% TK100  BF 1608 (0603)","R66A","RESC1608X55N_V","21491","1","B","","","0","21491","1608 (0603)","SMT","","TK100","1%","","","0","0","None","0","0","0"
"0R","WID SMD 0R 0,1W 1% TK100  BF 1608 (0603)","R66B","RESC1608X55N_V","21491","1","B","","","0","21491","1608 (0603)","SMT","","TK100","1%","","","0","0","None","0","0","0"
"0R","WID SMD 0R 0,1W 1% TK100  BF 1608 (0603)","R66C","RESC1608X55N_V","21491","1","B","","","0","21491","1608 (0603)","SMT","","TK100","1%","","","0","0","None","0","0","0"
"0R","WID SMD 0R 0,1W 1% TK100  BF 1608 (0603)","R66D","RESC1608X55N_V","21491","1","B","","","0","21491","1608 (0603)","SMT","","TK100","1%","","","0","0","None","0","0","0"
"0R","WID SMD 0R 0,1W 1% TK100  BF 1608 (0603)","R66E","RESC1608X55N_V","21491","1","B","","","0","21491","1608 (0603)","SMT","","TK100","1%","","","0","0","None","0","0","0"
"51R","WID SMD 51R 1% 0,1W  BF 1608 (0603)","R67A","RESC1608X55N_V","25938","1","B","","","51","25938","1608 (0603)","SMT","Yes","TK100","1%","","","0","0","None","0","0","0"
"51R","WID SMD 51R 1% 0,1W  BF 1608 (0603)","R67B","RESC1608X55N_V","25938","1","B","","","51","25938","1608 (0603)","SMT","Yes","TK100","1%","","","0","0","None","0","0","0"
"51R","WID SMD 51R 1% 0,1W  BF 1608 (0603)","R67C","RESC1608X55N_V","25938","1","B","","","51","25938","1608 (0603)","SMT","Yes","TK100","1%","","","0","0","None","0","0","0"
"51R","WID SMD 51R 1% 0,1W  BF 1608 (0603)","R67D","RESC1608X55N_V","25938","1","B","","","51","25938","1608 (0603)","SMT","Yes","TK100","1%","","","0","0","None","0","0","0"
"51R","WID SMD 51R 1% 0,1W  BF 1608 (0603)","R67E","RESC1608X55N_V","25938","1","B","","","51","25938","1608 (0603)","SMT","Yes","TK100","1%","","","0","0","None","0","0","0"
"51R","WID SMD 51R 1% 0,1W  BF 1608 (0603)","R68A","RESC1608X55N_V","25938","1","B","","","51","25938","1608 (0603)","SMT","Yes","TK100","1%","","","0","0","None","0","0","0"
"51R","WID SMD 51R 1% 0,1W  BF 1608 (0603)","R68B","RESC1608X55N_V","25938","1","B","","","51","25938","1608 (0603)","SMT","Yes","TK100","1%","","","0","0","None","0","0","0"
"51R","WID SMD 51R 1% 0,1W  BF 1608 (0603)","R68C","RESC1608X55N_V","25938","1","B","","","51","25938","1608 (0603)","SMT","Yes","TK100","1%","","","0","0","None","0","0","0"
"51R","WID SMD 51R 1% 0,1W  BF 1608 (0603)","R68D","RESC1608X55N_V","25938","1","B","","","51","25938","1608 (0603)","SMT","Yes","TK100","1%","","","0","0","None","0","0","0"
"51R","WID SMD 51R 1% 0,1W  BF 1608 (0603)","R68E","RESC1608X55N_V","25938","1","B","","","51","25938","1608 (0603)","SMT","Yes","TK100","1%","","","0","0","None","0","0","0"
"51R","WID SMD 51R 1% 0,1W  BF 1608 (0603)","R69A","RESC1608X55N_V","25938","1","B","","","51","25938","1608 (0603)","SMT","Yes","TK100","1%","","","0","0","None","0","0","0"
"51R","WID SMD 51R 1% 0,1W  BF 1608 (0603)","R69B","RESC1608X55N_V","25938","1","B","","","51","25938","1608 (0603)","SMT","Yes","TK100","1%","","","0","0","None","0","0","0"
"51R","WID SMD 51R 1% 0,1W  BF 1608 (0603)","R69C","RESC1608X55N_V","25938","1","B","","","51","25938","1608 (0603)","SMT","Yes","TK100","1%","","","0","0","None","0","0","0"
"51R","WID SMD 51R 1% 0,1W  BF 1608 (0603)","R69D","RESC1608X55N_V","25938","1","B","","","51","25938","1608 (0603)","SMT","Yes","TK100","1%","","","0","0","None","0","0","0"
"51R","WID SMD 51R 1% 0,1W  BF 1608 (0603)","R69E","RESC1608X55N_V","25938","1","B","","","51","25938","1608 (0603)","SMT","Yes","TK100","1%","","","0","0","None","0","0","0"
"51R","WID SMD 51R 1% 0,1W  BF 1608 (0603)","R70A","RESC1608X55N_V","25938","1","B","","","51","25938","1608 (0603)","SMT","Yes","TK100","1%","","","0","0","None","0","0","0"
"51R","WID SMD 51R 1% 0,1W  BF 1608 (0603)","R70B","RESC1608X55N_V","25938","1","B","","","51","25938","1608 (0603)","SMT","Yes","TK100","1%","","","0","0","None","0","0","0"
"51R","WID SMD 51R 1% 0,1W  BF 1608 (0603)","R70C","RESC1608X55N_V","25938","1","B","","","51","25938","1608 (0603)","SMT","Yes","TK100","1%","","","0","0","None","0","0","0"
"51R","WID SMD 51R 1% 0,1W  BF 1608 (0603)","R70D","RESC1608X55N_V","25938","1","B","","","51","25938","1608 (0603)","SMT","Yes","TK100","1%","","","0","0","None","0","0","0"
"51R","WID SMD 51R 1% 0,1W  BF 1608 (0603)","R70E","RESC1608X55N_V","25938","1","B","","","51","25938","1608 (0603)","SMT","Yes","TK100","1%","","","0","0","None","0","0","0"
"33R","WID SMD 33R 1% 0,1W","R71A","RESC1608X55N_V","22430","1","B","","","33","22430","1608 (0603)","SMT","","TK100","1%","","","0","0","None","0","0","0"
"33R","WID SMD 33R 1% 0,1W","R71B","RESC1608X55N_V","22430","1","B","","","33","22430","1608 (0603)","SMT","","TK100","1%","","","0","0","None","0","0","0"
"33R","WID SMD 33R 1% 0,1W","R71C","RESC1608X55N_V","22430","1","B","","","33","22430","1608 (0603)","SMT","","TK100","1%","","","0","0","None","0","0","0"
"33R","WID SMD 33R 1% 0,1W","R71D","RESC1608X55N_V","22430","1","B","","","33","22430","1608 (0603)","SMT","","TK100","1%","","","0","0","None","0","0","0"
"33R","WID SMD 33R 1% 0,1W","R71E","RESC1608X55N_V","22430","1","B","","","33","22430","1608 (0603)","SMT","","TK100","1%","","","0","0","None","0","0","0"
"51R","WID SMD 51R 1% 0,1W  BF 1608 (0603)","R72A","RESC1608X55N_V","25938","1","B","","","51","25938","1608 (0603)","SMT","Yes","TK100","1%","","","0","0","None","0","0","0"
"51R","WID SMD 51R 1% 0,1W  BF 1608 (0603)","R72B","RESC1608X55N_V","25938","1","B","","","51","25938","1608 (0603)","SMT","Yes","TK100","1%","","","0","0","None","0","0","0"
"51R","WID SMD 51R 1% 0,1W  BF 1608 (0603)","R72C","RESC1608X55N_V","25938","1","B","","","51","25938","1608 (0603)","SMT","Yes","TK100","1%","","","0","0","None","0","0","0"
"51R","WID SMD 51R 1% 0,1W  BF 1608 (0603)","R72D","RESC1608X55N_V","25938","1","B","","","51","25938","1608 (0603)","SMT","Yes","TK100","1%","","","0","0","None","0","0","0"
"51R","WID SMD 51R 1% 0,1W  BF 1608 (0603)","R72E","RESC1608X55N_V","25938","1","B","","","51","25938","1608 (0603)","SMT","Yes","TK100","1%","","","0","0","None","0","0","0"
"51R","WID SMD 51R 1% 0,1W  BF 1608 (0603)","R73A","RESC1608X55N_V","25938","1","B","","","51","25938","1608 (0603)","SMT","Yes","TK100","1%","","","0","0","None","0","0","0"
"51R","WID SMD 51R 1% 0,1W  BF 1608 (0603)","R73B","RESC1608X55N_V","25938","1","B","","","51","25938","1608 (0603)","SMT","Yes","TK100","1%","","","0","0","None","0","0","0"
"51R","WID SMD 51R 1% 0,1W  BF 1608 (0603)","R73C","RESC1608X55N_V","25938","1","B","","","51","25938","1608 (0603)","SMT","Yes","TK100","1%","","","0","0","None","0","0","0"
"51R","WID SMD 51R 1% 0,1W  BF 1608 (0603)","R73D","RESC1608X55N_V","25938","1","B","","","51","25938","1608 (0603)","SMT","Yes","TK100","1%","","","0","0","None","0","0","0"
"51R","WID SMD 51R 1% 0,1W  BF 1608 (0603)","R73E","RESC1608X55N_V","25938","1","B","","","51","25938","1608 (0603)","SMT","Yes","TK100","1%","","","0","0","None","0","0","0"
"0R","WID SMD 0R 0,1W 1% TK100  BF 1608 (0603)","R74A","RESC1608X55N_V","21491","1","B","","","0","21491","1608 (0603)","SMT","","TK100","1%","","","0","0","None","0","0","0"
"0R","WID SMD 0R 0,1W 1% TK100  BF 1608 (0603)","R74B","RESC1608X55N_V","21491","1","B","","","0","21491","1608 (0603)","SMT","","TK100","1%","","","0","0","None","0","0","0"
"0R","WID SMD 0R 0,1W 1% TK100  BF 1608 (0603)","R74C","RESC1608X55N_V","21491","1","B","","","0","21491","1608 (0603)","SMT","","TK100","1%","","","0","0","None","0","0","0"
"0R","WID SMD 0R 0,1W 1% TK100  BF 1608 (0603)","R74D","RESC1608X55N_V","21491","1","B","","","0","21491","1608 (0603)","SMT","","TK100","1%","","","0","0","None","0","0","0"
"0R","WID SMD 0R 0,1W 1% TK100  BF 1608 (0603)","R74E","RESC1608X55N_V","21491","1","B","","","0","21491","1608 (0603)","SMT","","TK100","1%","","","0","0","None","0","0","0"
"62R","WID SMD 62R 1% 0,063W","R76A","RESC1005X40N_V","23134","1","B","","","62","23134","1005 (0402)","SMT","Yes","TK100","1%","","","0","0","None","0","0","0"
"62R","WID SMD 62R 1% 0,063W","R76B","RESC1005X40N_V","23134","1","B","","","62","23134","1005 (0402)","SMT","Yes","TK100","1%","","","0","0","None","0","0","0"
"62R","WID SMD 62R 1% 0,063W","R77A","RESC1005X40N_V","23134","1","B","","","62","23134","1005 (0402)","SMT","Yes","TK100","1%","","","0","0","None","0","0","0"
"62R","WID SMD 62R 1% 0,063W","R77B","RESC1005X40N_V","23134","1","B","","","62","23134","1005 (0402)","SMT","Yes","TK100","1%","","","0","0","None","0","0","0"
"22K","WID SMD 22K 1% 0,1W  BF 1608 (0603)","R80A","RESC1608X55N_V","26540","1","B","","","22K","26540","1608 (0603)","SMT","","TK100","1%","","","0","0","None","0","0","0"
"22K","WID SMD 22K 1% 0,1W  BF 1608 (0603)","R80B","RESC1608X55N_V","26540","1","B","","","22K","26540","1608 (0603)","SMT","","TK100","1%","","","0","0","None","0","0","0"
"6K98","WID SMD 6K98 1% 0,1W  BF 1608 (0603)","R81A","RESC1608X55N_V","26473","1","B","","","6.98k","26473","1608 (0603)","SMT","Yes","TK100","1%","","","0","0","None","0","0","0"
"6K98","WID SMD 6K98 1% 0,1W  BF 1608 (0603)","R81B","RESC1608X55N_V","26473","1","B","","","6.98k","26473","1608 (0603)","SMT","Yes","TK100","1%","","","0","0","None","0","0","0"
"4K7","WID SMD 4K7 1% 0,1W BF 1608 (0603)","R82","RESC1608X55N_V","21378","1","B","","","4.7K","21378","1608 (0603)","SMT","Yes","TK100","1%","","","0","0","None","0","0","0"
"1K5","WID SMD 1K5 1% 0,1W","R83","RESC1608X55N_V","21514","1","B","","","1.5K","21514","1608 (0603)","SMT","","TK100","1%","","","0","0","None","0","0","0"
"4K7","WID SMD 4K7 1% 0,1W BF 1608 (0603)","R86","RESC1608X55N_V","21378","1","B","","","4.7K","21378","1608 (0603)","SMT","Yes","TK100","1%","","","0","0","None","0","0","0"
"1K5","WID SMD 1K5 1% 0,1W","R87","RESC1608X55N_V","21514","1","B","","","1.5K","21514","1608 (0603)","SMT","","TK100","1%","","","0","0","None","0","0","0"
"47K","WID SMD 47K 1% 0,1W  BF 1608 (0603)","R88","RESC1608X55N_V","22428","1","B","","","47K","22428","1608 (0603)","SMT","","TK100","1%","","","0","0","None","0","0","0"
"8K06","WID SMD 8K06 1% 0,063W BF 1005 (0402)","R90","RESC1005X40N_V","25052","1","B","","","8.06K","25052","1005 (0402)","SMT","Yes","TK100","1%","","","0","0","None","0","0","0"
"100R","WID SMD 100R 1% 0,1W BF 1608 (0603)","R91","RESC1608X55N_V","21380","1","B","","","100","21380","1608 (0603)","SMT","Yes","TK100","1%","","","0","0","None","0","0","0"
"1K","WID SMD 1K 1% 0,1W","R92","RESC1608X55N_V","21375","1","B","","","1K","21375","1608 (0603)","SMT","Yes","TK100","1%","","","0","0","None","0","0","0"
"1K5","WID SMD 1K5 1% 0,1W","R93","RESC1608X55N_V","21514","1","B","","","1.5K","21514","1608 (0603)","SMT","","TK100","1%","","","0","0","None","0","0","0"
"1K5","WID SMD 1K5 1% 0,1W","R94","RESC1608X55N_V","21514","1","B","","","1.5K","21514","1608 (0603)","SMT","","TK100","1%","","","0","0","None","0","0","0"
"47K","WID SMD 47K 1% 0,1W  BF 1608 (0603)","R95","RESC1608X55N_V","22428","1","B","","","47K","22428","1608 (0603)","SMT","","TK100","1%","","","0","0","None","0","0","0"
"10K","WID SMD 10K 1% 0,1W  BF 1608 (0603)","R97","RESC1608X55N_V","21492","1","B","","","10K","21492","1608 (0603)","SMT","Yes","TK100","1%","","","0","0","None","0","0","0"
"0R","WID SMD 0R 0,1W 1% TK100  BF 1608 (0603)","R99","RESC1608X55N_V","21491","1","B","","","0","21491","1608 (0603)","SMT","","TK100","1%","","","0","0","None","0","0","0"
"10K","WID SMD 10K 1% 0,1W  BF 1608 (0603)","R111","RESC1608X55N_V","21492","1","B","","","10K","21492","1608 (0603)","SMT","Yes","TK100","1%","","","0","0","None","0","0","0"
"10K","WID SMD 10K 1% 0,1W  BF 1608 (0603)","R112","RESC1608X55N_V","21492","1","B","","","10K","21492","1608 (0603)","SMT","Yes","TK100","1%","","","0","0","None","0","0","0"
"10K","WID SMD 10K 1% 0,1W  BF 1608 (0603)","R113","RESC1608X55N_V","21492","1","B","","","10K","21492","1608 (0603)","SMT","Yes","TK100","1%","","","0","0","None","0","0","0"
"10K","WID SMD 10K 1% 0,1W  BF 1608 (0603)","R114","RESC1608X55N_V","21492","1","B","","","10K","21492","1608 (0603)","SMT","Yes","TK100","1%","","","0","0","None","0","0","0"
"10K","WID SMD 10K 1% 0,1W  BF 1608 (0603)","R115","RESC1608X55N_V","21492","1","B","","","10K","21492","1608 (0603)","SMT","Yes","TK100","1%","","","0","0","None","0","0","0"
"10K","WID SMD 10K 1% 0,1W  BF 1608 (0603)","R116","RESC1608X55N_V","21492","1","B","","","10K","21492","1608 (0603)","SMT","Yes","TK100","1%","","","0","0","None","0","0","0"
"10K","WID SMD 10K 1% 0,1W  BF 1608 (0603)","R117","RESC1608X55N_V","21492","1","B","","","10K","21492","1608 (0603)","SMT","Yes","TK100","1%","","","0","0","None","0","0","0"
"10K","WID SMD 10K 1% 0,1W  BF 1608 (0603)","R118","RESC1608X55N_V","21492","1","B","","","10K","21492","1608 (0603)","SMT","Yes","TK100","1%","","","0","0","None","0","0","0"
"10K","WID SMD 10K 1% 0,1W  BF 1608 (0603)","R119","RESC1608X55N_V","21492","1","B","","","10K","21492","1608 (0603)","SMT","Yes","TK100","1%","","","0","0","None","0","0","0"
"0R","WID SMD 0R 0,1W 1% TK100  BF 1608 (0603)","R120","RESC1608X55N_V","21491","1","B","","","0","21491","1608 (0603)","SMT","","TK100","1%","","","0","0","None","0","0","0"
"0R","WID SMD 0R 0,1W 1% TK100  BF 1608 (0603)","R121","RESC1608X55N_V","21491","1","B","","","0","21491","1608 (0603)","SMT","","TK100","1%","","","0","0","None","0","0","0"
"10K","WID SMD 10K 1% 0,1W  BF 1608 (0603)","R122","RESC1608X55N_V","21492","1","B","","","10K","21492","1608 (0603)","SMT","Yes","TK100","1%","","","0","0","None","0","0","0"
"10K","WID SMD 10K 1% 0,1W  BF 1608 (0603)","R123","RESC1608X55N_V","21492","1","B","","","10K","21492","1608 (0603)","SMT","Yes","TK100","1%","","","0","0","None","0","0","0"
"10K","WID SMD 10K 1% 0,1W  BF 1608 (0603)","R124","RESC1608X55N_V","21492","1","B","","","10K","21492","1608 (0603)","SMT","Yes","TK100","1%","","","0","0","None","0","0","0"
"10K","WID SMD 10K 1% 0,1W  BF 1608 (0603)","R125","RESC1608X55N_V","21492","1","B","","","10K","21492","1608 (0603)","SMT","Yes","TK100","1%","","","0","0","None","0","0","0"
"12K","WID SMD 12K 1% 0,1W","R126","RESC1608X55N_V","22655","1","B","","","12K","22655","1608 (0603)","SMT","","TK100","1%","","","0","0","None","0","0","0"
"6K98","WID SMD 6K98 1% 0,1W  BF 1608 (0603)","R127","RESC1608X55N_V","26473","1","B","","","6.98k","26473","1608 (0603)","SMT","Yes","TK100","1%","","","0","0","None","0","0","0"
"0R","WID SMD 0R 0,25W","R128","RESC3216X65N_V","25896","1","B","","","0","25896","3216 (1206)","SMT","Yes","TK100","1%","","","0","0","None","0","0","0"
"0R","WID SMD 0R 0,25W","R129","RESC3216X65N_V","25896","1","B","","","0","25896","3216 (1206)","SMT","Yes","TK100","1%","","","0","0","None","0","0","0"
"0R","WID SMD 0R 0,25W","R130","RESC3216X65N_V","25896","1","B","","","0","25896","3216 (1206)","SMT","Yes","TK100","1%","","","0","0","None","0","0","0"
"0R","WID SMD 0R 0,25W","R131","RESC3216X65N_V","25896","1","B","","","0","25896","3216 (1206)","SMT","Yes","TK100","1%","","","0","0","None","0","0","0"
"0R","WID SMD 0R 0,25W","R133","RESC3216X65N_V","25896","1","B","","","0","25896","3216 (1206)","SMT","Yes","TK100","1%","","","0","0","None","0","0","0"
"0R","WID SMD 0R 0,1W 1% TK100  BF 1608 (0603)","R134A","RESC1608X55N_V","21491","1","B","","","0","21491","1608 (0603)","SMT","","TK100","1%","","","0","0","None","0","0","0"
"0R","WID SMD 0R 0,1W 1% TK100  BF 1608 (0603)","R134B","RESC1608X55N_V","21491","1","B","","","0","21491","1608 (0603)","SMT","","TK100","1%","","","0","0","None","0","0","0"
"0R","WID SMD 0R 0,1W 1% TK100  BF 1608 (0603)","R134C","RESC1608X55N_V","21491","1","B","","","0","21491","1608 (0603)","SMT","","TK100","1%","","","0","0","None","0","0","0"
"0R","WID SMD 0R 0,1W 1% TK100  BF 1608 (0603)","R134D","RESC1608X55N_V","21491","1","B","","","0","21491","1608 (0603)","SMT","","TK100","1%","","","0","0","None","0","0","0"
"0R","WID SMD 0R 0,1W 1% TK100  BF 1608 (0603)","R135","RESC1608X55N_V","21491","1","B","","","0","21491","1608 (0603)","SMT","","TK100","1%","","","0","0","None","0","0","0"
"0R","WID SMD 0R 0,25W","R136","RESC3216X65N_V","25896","1","B","","","0","25896","3216 (1206)","SMT","Yes","TK100","1%","","","0","0","None","0","0","0"
"0R","WID SMD 0R 0,1W 1% TK100  BF 1608 (0603)","R137","RESC1608X55N_V","21491","1","B","","","0","21491","1608 (0603)","SMT","","TK100","1%","","","0","0","None","0","0","0"
"0R","WID SMD 0R 0,1W 1% TK100  BF 1608 (0603)","R138","RESC1608X55N_V","21491","1","B","","","0","21491","1608 (0603)","SMT","","TK100","1%","","","0","0","None","0","0","0"
"0R","WID SMD 0R 0,25W","R139","RESC3216X65N_V","25896","1","B","","","0","25896","3216 (1206)","SMT","Yes","TK100","1%","","","0","0","None","0","0","0"
"20K","WID SMD 20K 1% 0,1W","R140A","RESC1608X55N_V","22538","1","B","","","20K","22538","1608 (0603)","SMT","","TK100","1%","","","0","0","None","0","0","0"
"20K","WID SMD 20K 1% 0,1W","R140B","RESC1608X55N_V","22538","1","B","","","20K","22538","1608 (0603)","SMT","","TK100","1%","","","0","0","None","0","0","0"
"2K","WID SMD 2K 1% 0,1W AEC-Q200  BF 1608 (0603)","R141A","RESC1608X55N_V","26105","1","B","","","2k","26105","1608 (0603)","SMT","","TK100","1%","","","0","0","None","0","0","0"
"2K","WID SMD 2K 1% 0,1W AEC-Q200  BF 1608 (0603)","R141B","RESC1608X55N_V","26105","1","B","","","2k","26105","1608 (0603)","SMT","","TK100","1%","","","0","0","None","0","0","0"
"220R","WID SMD 220R 1% 0,1W","R142","RESC1608X55N_V","22324","1","B","","","220","22324","1608 (0603)","SMT","","TK100","1%","","","0","0","None","0","0","0"
"20K","WID SMD 20K 1% 0,1W","R143A","RESC1608X55N_V","22538","1","B","","","20K","22538","1608 (0603)","SMT","","TK100","1%","","","0","0","None","0","0","0"
"20K","WID SMD 20K 1% 0,1W","R143B","RESC1608X55N_V","22538","1","B","","","20K","22538","1608 (0603)","SMT","","TK100","1%","","","0","0","None","0","0","0"
"1K6","WID SMD 1K6 1% 0,1W AEC-Q200  BF 1608 (0603)","R144A","RESC1608X55N_V","26104","1","B","","","1.6k","26104","1608 (0603)","SMT","","TK100","1%","","","0","0","None","0","0","0"
"1K6","WID SMD 1K6 1% 0,1W AEC-Q200  BF 1608 (0603)","R144B","RESC1608X55N_V","26104","1","B","","","1.6k","26104","1608 (0603)","SMT","","TK100","1%","","","0","0","None","0","0","0"
"412K","WID SMD 412K 1% 0,1W AEC-Q200","R145A","RESC1608X55N_V","26111","1","B","","","412k","26111","1608 (0603)","SMT","Yes","TK100","1%","","","0","0","None","0","0","0"
"412K","WID SMD 412K 1% 0,1W AEC-Q200","R145B","RESC1608X55N_V","26111","1","B","","","412k","26111","1608 (0603)","SMT","Yes","TK100","1%","","","0","0","None","0","0","0"
"10K","WID SMD 10K 1% 0,1W  BF 1608 (0603)","R146","RESC1608X55N_V","21492","1","B","","","10K","21492","1608 (0603)","SMT","Yes","TK100","1%","","","0","0","None","0","0","0"
"220R","WID SMD 220R 1% 0,1W","R147","RESC1608X55N_V","22324","1","B","","","220","22324","1608 (0603)","SMT","","TK100","1%","","","0","0","None","0","0","0"
"10K","WID SMD 10K 1% 0,1W  BF 1608 (0603)","R148","RESC1608X55N_V","21492","1","B","","","10K","21492","1608 (0603)","SMT","Yes","TK100","1%","","","0","0","None","0","0","0"
"0R","WID SMD 0R 0,1W 1% TK100  BF 1608 (0603)","R149","RESC1608X55N_V","21491","1","B","","","0","21491","1608 (0603)","SMT","","TK100","1%","","","0","0","None","0","0","0"
"0R","WID SMD 0R 0,1W 1% TK100  BF 1608 (0603)","R150","RESC1608X55N_V","21491","1","B","","","0","21491","1608 (0603)","SMT","","TK100","1%","","","0","0","None","0","0","0"
"0R","WID SMD 0R 0,1W 1% TK100  BF 1608 (0603)","R151","RESC1608X55N_V","21491","1","B","","","0","21491","1608 (0603)","SMT","","TK100","1%","","","0","0","None","0","0","0"
"0R","WID SMD 0R 0,1W 1% TK100  BF 1608 (0603)","R152","RESC1608X55N_V","21491","1","B","","","0","21491","1608 (0603)","SMT","","TK100","1%","","","0","0","None","0","0","0"
"0R","WID SMD 0R 0,1W 1% TK100  BF 1608 (0603)","R153","RESC1608X55N_V","21491","1","B","","","0","21491","1608 (0603)","SMT","","TK100","1%","","","0","0","None","0","0","0"
"10K","WID SMD 10K 1% 0,1W  BF 1608 (0603)","R157A","RESC1608X55N_V","21492","1","B","","","10K","21492","1608 (0603)","SMT","Yes","TK100","1%","","","0","0","None","0","0","0"
"10K","WID SMD 10K 1% 0,1W  BF 1608 (0603)","R157B","RESC1608X55N_V","21492","1","B","","","10K","21492","1608 (0603)","SMT","Yes","TK100","1%","","","0","0","None","0","0","0"
"10K","WID SMD 10K 1% 0,1W  BF 1608 (0603)","R157C","RESC1608X55N_V","21492","1","B","","","10K","21492","1608 (0603)","SMT","Yes","TK100","1%","","","0","0","None","0","0","0"
"10K","WID SMD 10K 1% 0,1W  BF 1608 (0603)","R158A","RESC1608X55N_V","21492","1","B","","","10K","21492","1608 (0603)","SMT","Yes","TK100","1%","","","0","0","None","0","0","0"
"10K","WID SMD 10K 1% 0,1W  BF 1608 (0603)","R158B","RESC1608X55N_V","21492","1","B","","","10K","21492","1608 (0603)","SMT","Yes","TK100","1%","","","0","0","None","0","0","0"
"10K","WID SMD 10K 1% 0,1W  BF 1608 (0603)","R158C","RESC1608X55N_V","21492","1","B","","","10K","21492","1608 (0603)","SMT","Yes","TK100","1%","","","0","0","None","0","0","0"
"10K","WID SMD 10K 1% 0,1W  BF 1608 (0603)","R159A","RESC1608X55N_V","21492","1","B","","","10K","21492","1608 (0603)","SMT","Yes","TK100","1%","","","0","0","None","0","0","0"
"10K","WID SMD 10K 1% 0,1W  BF 1608 (0603)","R159B","RESC1608X55N_V","21492","1","B","","","10K","21492","1608 (0603)","SMT","Yes","TK100","1%","","","0","0","None","0","0","0"
"10K","WID SMD 10K 1% 0,1W  BF 1608 (0603)","R159C","RESC1608X55N_V","21492","1","B","","","10K","21492","1608 (0603)","SMT","Yes","TK100","1%","","","0","0","None","0","0","0"
"10K","WID SMD 10K 1% 0,1W  BF 1608 (0603)","R160A","RESC1608X55N_V","21492","1","B","","","10K","21492","1608 (0603)","SMT","Yes","TK100","1%","","","0","0","None","0","0","0"
"10K","WID SMD 10K 1% 0,1W  BF 1608 (0603)","R160B","RESC1608X55N_V","21492","1","B","","","10K","21492","1608 (0603)","SMT","Yes","TK100","1%","","","0","0","None","0","0","0"
"10K","WID SMD 10K 1% 0,1W  BF 1608 (0603)","R160C","RESC1608X55N_V","21492","1","B","","","10K","21492","1608 (0603)","SMT","Yes","TK100","1%","","","0","0","None","0","0","0"
"12K","WID SMD 12K 1% 0,1W","R161","RESC1608X55N_V","22655","1","B","","","12K","22655","1608 (0603)","SMT","","TK100","1%","","","0","0","None","0","0","0"
"22R","WID SMD 22R 1% 0,1W","R162A","RESC1608X55N_V","21518","1","B","","","22","21518","1608 (0603)","SMT","","TK100","1%","","","0","0","None","0","0","0"
"22R","WID SMD 22R 1% 0,1W","R162B","RESC1608X55N_V","21518","1","B","","","22","21518","1608 (0603)","SMT","","TK100","1%","","","0","0","None","0","0","0"
"22R","WID SMD 22R 1% 0,1W","R162C","RESC1608X55N_V","21518","1","B","","","22","21518","1608 (0603)","SMT","","TK100","1%","","","0","0","None","0","0","0"
"6K98","WID SMD 6K98 1% 0,1W  BF 1608 (0603)","R164","RESC1608X55N_V","26473","1","B","","","6.98k","26473","1608 (0603)","SMT","Yes","TK100","1%","","","0","0","None","0","0","0"
"0R","WID SMD 0R 0,1W 1% TK100  BF 1608 (0603)","R168A","RESC1608X55N_V","21491","1","B","","","0","21491","1608 (0603)","SMT","","TK100","1%","","","0","0","None","0","0","0"
"0R","WID SMD 0R 0,1W 1% TK100  BF 1608 (0603)","R168B","RESC1608X55N_V","21491","1","B","","","0","21491","1608 (0603)","SMT","","TK100","1%","","","0","0","None","0","0","0"
"0R","WID SMD 0R 0,1W 1% TK100  BF 1608 (0603)","R168C","RESC1608X55N_V","21491","1","B","","","0","21491","1608 (0603)","SMT","","TK100","1%","","","0","0","None","0","0","0"
"0R","WID SMD 0R 0,1W 1% TK100  BF 1608 (0603)","R168D","RESC1608X55N_V","21491","1","B","","","0","21491","1608 (0603)","SMT","","TK100","1%","","","0","0","None","0","0","0"
"0R","WID SMD 0R 0,1W 1% TK100  BF 1608 (0603)","R168E","RESC1608X55N_V","21491","1","B","","","0","21491","1608 (0603)","SMT","","TK100","1%","","","0","0","None","0","0","0"
"0R","WID SMD 0R 0,1W 1% TK100  BF 1608 (0603)","R168F","RESC1608X55N_V","21491","1","B","","","0","21491","1608 (0603)","SMT","","TK100","1%","","","0","0","None","0","0","0"
"0R","WID SMD 0R 0,1W 1% TK100  BF 1608 (0603)","R168G","RESC1608X55N_V","21491","1","B","","","0","21491","1608 (0603)","SMT","","TK100","1%","","","0","0","None","0","0","0"
"0R","WID SMD 0R 0,1W 1% TK100  BF 1608 (0603)","R168H","RESC1608X55N_V","21491","1","B","","","0","21491","1608 (0603)","SMT","","TK100","1%","","","0","0","None","0","0","0"
"0R","WID SMD 0R 0,1W 1% TK100  BF 1608 (0603)","R168I","RESC1608X55N_V","21491","1","B","","","0","21491","1608 (0603)","SMT","","TK100","1%","","","0","0","None","0","0","0"
"0R","WID SMD 0R 0,1W 1% TK100  BF 1608 (0603)","R168J","RESC1608X55N_V","21491","1","B","","","0","21491","1608 (0603)","SMT","","TK100","1%","","","0","0","None","0","0","0"
"0R","WID SMD 0R 0,1W 1% TK100  BF 1608 (0603)","R168K","RESC1608X55N_V","21491","1","B","","","0","21491","1608 (0603)","SMT","","TK100","1%","","","0","0","None","0","0","0"
"0R","WID SMD 0R 0,1W 1% TK100  BF 1608 (0603)","R168L","RESC1608X55N_V","21491","1","B","","","0","21491","1608 (0603)","SMT","","TK100","1%","","","0","0","None","0","0","0"
"0R","WID SMD 0R 0,1W 1% TK100  BF 1608 (0603)","R168M","RESC1608X55N_V","21491","1","B","","","0","21491","1608 (0603)","SMT","","TK100","1%","","","0","0","None","0","0","0"
"0R","WID SMD 0R 0,1W 1% TK100  BF 1608 (0603)","R168N","RESC1608X55N_V","21491","1","B","","","0","21491","1608 (0603)","SMT","","TK100","1%","","","0","0","None","0","0","0"
"0R","WID SMD 0R 0,1W 1% TK100  BF 1608 (0603)","R168O","RESC1608X55N_V","21491","1","B","","","0","21491","1608 (0603)","SMT","","TK100","1%","","","0","0","None","0","0","0"
"0R","WID SMD 0R 0,1W 1% TK100  BF 1608 (0603)","R168P","RESC1608X55N_V","21491","1","B","","","0","21491","1608 (0603)","SMT","","TK100","1%","","","0","0","None","0","0","0"
"51R","WID SMD 51R 1% 0,1W  BF 1608 (0603)","R169A","RESC1608X55N_V","25938","1","B","","","51","25938","1608 (0603)","SMT","Yes","TK100","1%","","","0","0","None","0","0","0"
"51R","WID SMD 51R 1% 0,1W  BF 1608 (0603)","R169B","RESC1608X55N_V","25938","1","B","","","51","25938","1608 (0603)","SMT","Yes","TK100","1%","","","0","0","None","0","0","0"
"51R","WID SMD 51R 1% 0,1W  BF 1608 (0603)","R169C","RESC1608X55N_V","25938","1","B","","","51","25938","1608 (0603)","SMT","Yes","TK100","1%","","","0","0","None","0","0","0"
"51R","WID SMD 51R 1% 0,1W  BF 1608 (0603)","R169D","RESC1608X55N_V","25938","1","B","","","51","25938","1608 (0603)","SMT","Yes","TK100","1%","","","0","0","None","0","0","0"
"51R","WID SMD 51R 1% 0,1W  BF 1608 (0603)","R169E","RESC1608X55N_V","25938","1","B","","","51","25938","1608 (0603)","SMT","Yes","TK100","1%","","","0","0","None","0","0","0"
"51R","WID SMD 51R 1% 0,1W  BF 1608 (0603)","R169F","RESC1608X55N_V","25938","1","B","","","51","25938","1608 (0603)","SMT","Yes","TK100","1%","","","0","0","None","0","0","0"
"51R","WID SMD 51R 1% 0,1W  BF 1608 (0603)","R169G","RESC1608X55N_V","25938","1","B","","","51","25938","1608 (0603)","SMT","Yes","TK100","1%","","","0","0","None","0","0","0"
"51R","WID SMD 51R 1% 0,1W  BF 1608 (0603)","R169H","RESC1608X55N_V","25938","1","B","","","51","25938","1608 (0603)","SMT","Yes","TK100","1%","","","0","0","None","0","0","0"
"51R","WID SMD 51R 1% 0,1W  BF 1608 (0603)","R169I","RESC1608X55N_V","25938","1","B","","","51","25938","1608 (0603)","SMT","Yes","TK100","1%","","","0","0","None","0","0","0"
"51R","WID SMD 51R 1% 0,1W  BF 1608 (0603)","R169J","RESC1608X55N_V","25938","1","B","","","51","25938","1608 (0603)","SMT","Yes","TK100","1%","","","0","0","None","0","0","0"
"51R","WID SMD 51R 1% 0,1W  BF 1608 (0603)","R169K","RESC1608X55N_V","25938","1","B","","","51","25938","1608 (0603)","SMT","Yes","TK100","1%","","","0","0","None","0","0","0"
"51R","WID SMD 51R 1% 0,1W  BF 1608 (0603)","R169L","RESC1608X55N_V","25938","1","B","","","51","25938","1608 (0603)","SMT","Yes","TK100","1%","","","0","0","None","0","0","0"
"51R","WID SMD 51R 1% 0,1W  BF 1608 (0603)","R169M","RESC1608X55N_V","25938","1","B","","","51","25938","1608 (0603)","SMT","Yes","TK100","1%","","","0","0","None","0","0","0"
"51R","WID SMD 51R 1% 0,1W  BF 1608 (0603)","R169N","RESC1608X55N_V","25938","1","B","","","51","25938","1608 (0603)","SMT","Yes","TK100","1%","","","0","0","None","0","0","0"
"51R","WID SMD 51R 1% 0,1W  BF 1608 (0603)","R169O","RESC1608X55N_V","25938","1","B","","","51","25938","1608 (0603)","SMT","Yes","TK100","1%","","","0","0","None","0","0","0"
"51R","WID SMD 51R 1% 0,1W  BF 1608 (0603)","R169P","RESC1608X55N_V","25938","1","B","","","51","25938","1608 (0603)","SMT","Yes","TK100","1%","","","0","0","None","0","0","0"
"PPTC 0,1A 15V","PTC Resettable Fuse 0.1A 15V SMD 0805","R170A","RESC2012X85N","28044","1","B","","","0.1A","28044","2012 (0805)","SMT","","","","","15V","0","0","None","0","0","0"
"PPTC 0,1A 15V","PTC Resettable Fuse 0.1A 15V SMD 0805","R170B","RESC2012X85N","28044","1","B","","","0.1A","28044","2012 (0805)","SMT","","","","","15V","0","0","None","0","0","0"
"PPTC 0,1A 15V","PTC Resettable Fuse 0.1A 15V SMD 0805","R170C","RESC2012X85N","28044","1","B","","","0.1A","28044","2012 (0805)","SMT","","","","","15V","0","0","None","0","0","0"
"PPTC 0,1A 15V","PTC Resettable Fuse 0.1A 15V SMD 0805","R170D","RESC2012X85N","28044","1","B","","","0.1A","28044","2012 (0805)","SMT","","","","","15V","0","0","None","0","0","0"
"PPTC 0,1A 15V","PTC Resettable Fuse 0.1A 15V SMD 0805","R170E","RESC2012X85N","28044","1","B","","","0.1A","28044","2012 (0805)","SMT","","","","","15V","0","0","None","0","0","0"
"PPTC 0,1A 15V","PTC Resettable Fuse 0.1A 15V SMD 0805","R170F","RESC2012X85N","28044","1","B","","","0.1A","28044","2012 (0805)","SMT","","","","","15V","0","0","None","0","0","0"
"PPTC 0,1A 15V","PTC Resettable Fuse 0.1A 15V SMD 0805","R170G","RESC2012X85N","28044","1","B","","","0.1A","28044","2012 (0805)","SMT","","","","","15V","0","0","None","0","0","0"
"PPTC 0,1A 15V","PTC Resettable Fuse 0.1A 15V SMD 0805","R170H","RESC2012X85N","28044","1","B","","","0.1A","28044","2012 (0805)","SMT","","","","","15V","0","0","None","0","0","0"
"PPTC 0,1A 15V","PTC Resettable Fuse 0.1A 15V SMD 0805","R170I","RESC2012X85N","28044","1","B","","","0.1A","28044","2012 (0805)","SMT","","","","","15V","0","0","None","0","0","0"
"PPTC 0,1A 15V","PTC Resettable Fuse 0.1A 15V SMD 0805","R170J","RESC2012X85N","28044","1","B","","","0.1A","28044","2012 (0805)","SMT","","","","","15V","0","0","None","0","0","0"
"PPTC 0,1A 15V","PTC Resettable Fuse 0.1A 15V SMD 0805","R170K","RESC2012X85N","28044","1","B","","","0.1A","28044","2012 (0805)","SMT","","","","","15V","0","0","None","0","0","0"
"PPTC 0,1A 15V","PTC Resettable Fuse 0.1A 15V SMD 0805","R170L","RESC2012X85N","28044","1","B","","","0.1A","28044","2012 (0805)","SMT","","","","","15V","0","0","None","0","0","0"
"PPTC 0,1A 15V","PTC Resettable Fuse 0.1A 15V SMD 0805","R170M","RESC2012X85N","28044","1","B","","","0.1A","28044","2012 (0805)","SMT","","","","","15V","0","0","None","0","0","0"
"PPTC 0,1A 15V","PTC Resettable Fuse 0.1A 15V SMD 0805","R170N","RESC2012X85N","28044","1","B","","","0.1A","28044","2012 (0805)","SMT","","","","","15V","0","0","None","0","0","0"
"PPTC 0,1A 15V","PTC Resettable Fuse 0.1A 15V SMD 0805","R170O","RESC2012X85N","28044","1","B","","","0.1A","28044","2012 (0805)","SMT","","","","","15V","0","0","None","0","0","0"
"PPTC 0,1A 15V","PTC Resettable Fuse 0.1A 15V SMD 0805","R170P","RESC2012X85N","28044","1","B","","","0.1A","28044","2012 (0805)","SMT","","","","","15V","0","0","None","0","0","0"
"10K","WID SMD 10K 1% 0,1W  BF 1608 (0603)","R171A","RESC1608X55N_V","21492","1","B","","","10K","21492","1608 (0603)","SMT","Yes","TK100","1%","","","0","0","None","0","0","0"
"10K","WID SMD 10K 1% 0,1W  BF 1608 (0603)","R171B","RESC1608X55N_V","21492","1","B","","","10K","21492","1608 (0603)","SMT","Yes","TK100","1%","","","0","0","None","0","0","0"
"10K","WID SMD 10K 1% 0,1W  BF 1608 (0603)","R171C","RESC1608X55N_V","21492","1","B","","","10K","21492","1608 (0603)","SMT","Yes","TK100","1%","","","0","0","None","0","0","0"
"10K","WID SMD 10K 1% 0,1W  BF 1608 (0603)","R171D","RESC1608X55N_V","21492","1","B","","","10K","21492","1608 (0603)","SMT","Yes","TK100","1%","","","0","0","None","0","0","0"
"10K","WID SMD 10K 1% 0,1W  BF 1608 (0603)","R171E","RESC1608X55N_V","21492","1","B","","","10K","21492","1608 (0603)","SMT","Yes","TK100","1%","","","0","0","None","0","0","0"
"10K","WID SMD 10K 1% 0,1W  BF 1608 (0603)","R171F","RESC1608X55N_V","21492","1","B","","","10K","21492","1608 (0603)","SMT","Yes","TK100","1%","","","0","0","None","0","0","0"
"10K","WID SMD 10K 1% 0,1W  BF 1608 (0603)","R171G","RESC1608X55N_V","21492","1","B","","","10K","21492","1608 (0603)","SMT","Yes","TK100","1%","","","0","0","None","0","0","0"
"10K","WID SMD 10K 1% 0,1W  BF 1608 (0603)","R171H","RESC1608X55N_V","21492","1","B","","","10K","21492","1608 (0603)","SMT","Yes","TK100","1%","","","0","0","None","0","0","0"
"10K","WID SMD 10K 1% 0,1W  BF 1608 (0603)","R171I","RESC1608X55N_V","21492","1","B","","","10K","21492","1608 (0603)","SMT","Yes","TK100","1%","","","0","0","None","0","0","0"
"10K","WID SMD 10K 1% 0,1W  BF 1608 (0603)","R171J","RESC1608X55N_V","21492","1","B","","","10K","21492","1608 (0603)","SMT","Yes","TK100","1%","","","0","0","None","0","0","0"
"10K","WID SMD 10K 1% 0,1W  BF 1608 (0603)","R171K","RESC1608X55N_V","21492","1","B","","","10K","21492","1608 (0603)","SMT","Yes","TK100","1%","","","0","0","None","0","0","0"
"10K","WID SMD 10K 1% 0,1W  BF 1608 (0603)","R171L","RESC1608X55N_V","21492","1","B","","","10K","21492","1608 (0603)","SMT","Yes","TK100","1%","","","0","0","None","0","0","0"
"10K","WID SMD 10K 1% 0,1W  BF 1608 (0603)","R171M","RESC1608X55N_V","21492","1","B","","","10K","21492","1608 (0603)","SMT","Yes","TK100","1%","","","0","0","None","0","0","0"
"10K","WID SMD 10K 1% 0,1W  BF 1608 (0603)","R171N","RESC1608X55N_V","21492","1","B","","","10K","21492","1608 (0603)","SMT","Yes","TK100","1%","","","0","0","None","0","0","0"
"10K","WID SMD 10K 1% 0,1W  BF 1608 (0603)","R171O","RESC1608X55N_V","21492","1","B","","","10K","21492","1608 (0603)","SMT","Yes","TK100","1%","","","0","0","None","0","0","0"
"10K","WID SMD 10K 1% 0,1W  BF 1608 (0603)","R171P","RESC1608X55N_V","21492","1","B","","","10K","21492","1608 (0603)","SMT","Yes","TK100","1%","","","0","0","None","0","0","0"
"47K","WID SMD 47K 1% 0,1W  BF 1608 (0603)","R172","RESC1608X55N_V","22428","1","B","","","47K","22428","1608 (0603)","SMT","","TK100","1%","","","0","0","None","0","0","0"
"47K","WID SMD 47K 1% 0,1W  BF 1608 (0603)","R173","RESC1608X55N_V","22428","1","B","","","47K","22428","1608 (0603)","SMT","","TK100","1%","","","0","0","None","0","0","0"
"51R","WID SMD 51R 1% 0,1W  BF 1608 (0603)","R174A","RESC1608X55N_V","25938","1","B","","","51","25938","1608 (0603)","SMT","Yes","TK100","1%","","","0","0","None","0","0","0"
"51R","WID SMD 51R 1% 0,1W  BF 1608 (0603)","R174B","RESC1608X55N_V","25938","1","B","","","51","25938","1608 (0603)","SMT","Yes","TK100","1%","","","0","0","None","0","0","0"
"51R","WID SMD 51R 1% 0,1W  BF 1608 (0603)","R174C","RESC1608X55N_V","25938","1","B","","","51","25938","1608 (0603)","SMT","Yes","TK100","1%","","","0","0","None","0","0","0"
"51R","WID SMD 51R 1% 0,1W  BF 1608 (0603)","R174D","RESC1608X55N_V","25938","1","B","","","51","25938","1608 (0603)","SMT","Yes","TK100","1%","","","0","0","None","0","0","0"
"10K","WID SMD 10K 1% 0,1W  BF 1608 (0603)","R175A","RESC1608X55N_V","21492","1","B","","","10K","21492","1608 (0603)","SMT","Yes","TK100","1%","","","0","0","None","0","0","0"
"10K","WID SMD 10K 1% 0,1W  BF 1608 (0603)","R175B","RESC1608X55N_V","21492","1","B","","","10K","21492","1608 (0603)","SMT","Yes","TK100","1%","","","0","0","None","0","0","0"
"10K","WID SMD 10K 1% 0,1W  BF 1608 (0603)","R175C","RESC1608X55N_V","21492","1","B","","","10K","21492","1608 (0603)","SMT","Yes","TK100","1%","","","0","0","None","0","0","0"
"10K","WID SMD 10K 1% 0,1W  BF 1608 (0603)","R175D","RESC1608X55N_V","21492","1","B","","","10K","21492","1608 (0603)","SMT","Yes","TK100","1%","","","0","0","None","0","0","0"
"10K","WID SMD 10K 1% 0,1W  BF 1608 (0603)","R181L","RESC1608X55N_V","21492","1","B","","","10K","21492","1608 (0603)","SMT","Yes","TK100","1%","","","0","0","None","0","0","0"
"10K","WID SMD 10K 1% 0,1W  BF 1608 (0603)","R193","RESC1608X55N_V","21492","1","B","","","10K","21492","1608 (0603)","SMT","Yes","TK100","1%","","","0","0","None","0","0","0"
"10K","WID SMD 10K 1% 0,1W  BF 1608 (0603)","R194","RESC1608X55N_V","21492","1","B","","","10K","21492","1608 (0603)","SMT","Yes","TK100","1%","","","0","0","None","0","0","0"
"10K","WID SMD 10K 1% 0,1W  BF 1608 (0603)","R195","RESC1608X55N_V","21492","1","B","","","10K","21492","1608 (0603)","SMT","Yes","TK100","1%","","","0","0","None","0","0","0"
"10K","WID SMD 10K 1% 0,1W  BF 1608 (0603)","R196","RESC1608X55N_V","21492","1","B","","","10K","21492","1608 (0603)","SMT","Yes","TK100","1%","","","0","0","None","0","0","0"
"100R","WID SMD 100R 1% 0,1W BF 1608 (0603)","R197","RESC1608X55N_V","21380","1","B","","","100","21380","1608 (0603)","SMT","Yes","TK100","1%","","","0","0","None","0","0","0"
"10K","WID SMD 10K 1% 0,1W  BF 1608 (0603)","R198","RESC1608X55N_V","21492","1","B","","","10K","21492","1608 (0603)","SMT","Yes","TK100","1%","","","0","0","None","0","0","0"
"10K","WID SMD 10K 1% 0,1W  BF 1608 (0603)","R199","RESC1608X55N_V","21492","1","B","","","10K","21492","1608 (0603)","SMT","Yes","TK100","1%","","","0","0","None","0","0","0"
"10K","WID SMD 10K 1% 0,1W  BF 1608 (0603)","R201","RESC1608X55N_V","21492","1","B","","","10K","21492","1608 (0603)","SMT","Yes","TK100","1%","","","0","0","None","0","0","0"
"10K","WID SMD 10K 1% 0,1W  BF 1608 (0603)","R202","RESC1608X55N_V","21492","1","B","","","10K","21492","1608 (0603)","SMT","Yes","TK100","1%","","","0","0","None","0","0","0"
"10K","WID SMD 10K 1% 0,1W  BF 1608 (0603)","R203A","RESC1608X55N_V","21492","1","B","","","10K","21492","1608 (0603)","SMT","Yes","TK100","1%","","","0","0","None","0","0","0"
"10K","WID SMD 10K 1% 0,1W  BF 1608 (0603)","R203B","RESC1608X55N_V","21492","1","B","","","10K","21492","1608 (0603)","SMT","Yes","TK100","1%","","","0","0","None","0","0","0"
"0R","WID SMD 0R 0,1W 1% TK100  BF 1608 (0603)","R206","RESC1608X55N_V","21491","1","B","","","0","21491","1608 (0603)","SMT","","TK100","1%","","","0","0","None","0","0","0"
"0R","WID SMD 0R 0,1W 1% TK100  BF 1608 (0603)","R207","RESC1608X55N_V","21491","1","B","","","0","21491","1608 (0603)","SMT","","TK100","1%","","","0","0","None","0","0","0"
"0R","WID SMD 0R 0,1W 1% TK100  BF 1608 (0603)","R209","RESC1608X55N_V","21491","1","B","","","0","21491","1608 (0603)","SMT","","TK100","1%","","","0","0","None","0","0","0"
"0R","WID SMD 0R 0,1W 1% TK100  BF 1608 (0603)","R210","RESC1608X55N_V","21491","1","B","","","0","21491","1608 (0603)","SMT","","TK100","1%","","","0","0","None","0","0","0"
"0R","WID SMD 0R 0,1W 1% TK100  BF 1608 (0603)","R212","RESC1608X55N_V","21491","1","B","","","0","21491","1608 (0603)","SMT","","TK100","1%","","","0","0","None","0","0","0"
"0R","WID SMD 0R 0,1W 1% TK100  BF 1608 (0603)","R213","RESC1608X55N_V","21491","1","B","","","0","21491","1608 (0603)","SMT","","TK100","1%","","","0","0","None","0","0","0"
"0R","WID SMD 0R 0,1W 1% TK100  BF 1608 (0603)","R214","RESC1608X55N_V","21491","1","B","","","0","21491","1608 (0603)","SMT","","TK100","1%","","","0","0","None","0","0","0"
"0R","WID SMD 0R 0,1W 1% TK100  BF 1608 (0603)","R215","RESC1608X55N_V","21491","1","B","","","0","21491","1608 (0603)","SMT","","TK100","1%","","","0","0","None","0","0","0"
"0R","WID SMD 0R 0,1W 1% TK100  BF 1608 (0603)","R216","RESC1608X55N_V","21491","1","B","","","0","21491","1608 (0603)","SMT","","TK100","1%","","","0","0","None","0","0","0"
"0R","WID SMD 0R 0,1W 1% TK100  BF 1608 (0603)","R217","RESC1608X55N_V","21491","1","B","","","0","21491","1608 (0603)","SMT","","TK100","1%","","","0","0","None","0","0","0"
"47K","WID SMD 47K 1% 0,1W  BF 1608 (0603)","R219","RESC1608X55N_V","22428","1","B","","","47K","22428","1608 (0603)","SMT","","TK100","1%","","","0","0","None","0","0","0"
"47K","WID SMD 47K 1% 0,1W  BF 1608 (0603)","R220","RESC1608X55N_V","22428","1","B","","","47K","22428","1608 (0603)","SMT","","TK100","1%","","","0","0","None","0","0","0"
"0R","WID SMD 0R 0,1W 1% TK100  BF 1608 (0603)","R222","RESC1608X55N_V","21491","1","B","","","0","21491","1608 (0603)","SMT","","TK100","1%","","","0","0","None","0","0","0"
"0R","WID SMD 0R 0,1W 1% TK100  BF 1608 (0603)","R224","RESC1608X55N_V","21491","1","B","","","0","21491","1608 (0603)","SMT","","TK100","1%","","","0","0","None","0","0","0"
"0R","WID SMD 0R 0,1W 1% TK100  BF 1608 (0603)","R230","RESC1608X55N_V","21491","1","B","","","0","21491","1608 (0603)","SMT","","TK100","1%","","","0","0","None","0","0","0"
"33R","WID SMD 33R 1% 0,1W","R231","RESC1608X55N_V","22430","1","B","","","33","22430","1608 (0603)","SMT","","TK100","1%","","","0","0","None","0","0","0"
"10K","WID SMD 10K 1% 0,1W  BF 1608 (0603)","R232","RESC1608X55N_V","21492","1","B","","","10K","21492","1608 (0603)","SMT","Yes","TK100","1%","","","0","0","None","0","0","0"
"220R","WID SMD 220R 1% 0,1W","R233","RESC1608X55N_V","22324","1","B","","","220","22324","1608 (0603)","SMT","","TK100","1%","","","0","0","None","0","0","0"
"220R","WID SMD 220R 1% 0,1W","R234","RESC1608X55N_V","22324","1","B","","","220","22324","1608 (0603)","SMT","","TK100","1%","","","0","0","None","0","0","0"
"10K","WID SMD 10K 1% 0,1W  BF 1608 (0603)","R235","RESC1608X55N_V","21492","1","B","","","10K","21492","1608 (0603)","SMT","Yes","TK100","1%","","","0","0","None","0","0","0"
"4K99","WID SMD 4K99 1% 0,063W BF 1005 (0402)","R236","RESC1005X40N_V","22754","1","B","","","4.99K","22754","1005 (0402)","SMT","Yes","TK100","1%","","","0","0","None","0","0","0"
"1M","WID SMD 1M 5% 0,25W  BF 3216 (1206)","R237","RESC3216X65N_V","22757","1","B","","","1M","22757","3216 (1206)","SMT","Yes","TK100","5%","","","0","0","None","0","0","0"
"0R","WID SMD 0R 0,1W 1% TK100  BF 1608 (0603)","R240","RESC1608X55N_V","21491","1","B","","","0","21491","1608 (0603)","SMT","","TK100","1%","","","0","0","None","0","0","0"
"0R","WID SMD 0R 0,1W 1% TK100  BF 1608 (0603)","R241","RESC1608X55N_V","21491","1","B","","","0","21491","1608 (0603)","SMT","","TK100","1%","","","0","0","None","0","0","0"
"CHS-04TA","DIP Schalter 4 fach 1,27mm SMD","SW1","CHS-04TA","23417","1","B","","Yes","","23417","","SMT","Yes","","","","","0","0","None","0","0","0"
"CHS-04TA","DIP Schalter 4 fach 1,27mm SMD","SW2","CHS-04TA","23417","1","B","","Yes","","23417","","SMT","Yes","","","","","0","0","None","0","0","0"
"CHS-04TA","DIP Schalter 4 fach 1,27mm SMD","SW3","CHS-04TA","23417","1","B","","Yes","","23417","","SMT","Yes","","","","","0","0","None","0","0","0"
"MMBT3904","MMBT3904","T1","SOT95P280X145-3N","23806","1","B","","Yes","","23806","SOT23-3","SMT","Yes","","","","","0","0","None","0","0","0"
"MMBT3904","MMBT3904","T2","SOT95P280X145-3N","23806","1","B","","Yes","","23806","SOT23-3","SMT","Yes","","","","","0","0","None","0","0","0"
"MMBT3904","MMBT3904","T3","SOT95P280X145-3N","23806","1","B","","Yes","","23806","SOT23-3","SMT","Yes","","","","","0","0","None","0","0","0"
"MMBT3904","MMBT3904","T4","SOT95P280X145-3N","23806","1","B","","Yes","","23806","SOT23-3","SMT","Yes","","","","","0","0","None","0","0","0"
"MMBT3904","MMBT3904","T5","SOT95P280X145-3N","23806","1","B","","Yes","","23806","SOT23-3","SMT","Yes","","","","","0","0","None","0","0","0"
"MMBT3904","MMBT3904","T6","SOT95P280X145-3N","23806","1","B","","Yes","","23806","SOT23-3","SMT","Yes","","","","","0","0","None","0","0","0"
"MMBT3904","MMBT3904","T7","SOT95P280X145-3N","23806","1","B","","Yes","","23806","SOT23-3","SMT","Yes","","","","","0","0","None","0","0","0"
"DMP4015SSS-13","DMP4015SSS-13","T8","SOIC127P600X175-8N","27247","1","B","","Yes","","27247","SO8","SMT","","","","","","0","0","None","0","0","0"
"MMBT3904","MMBT3904","T9A","SOT95P280X145-3N","23806","1","B","","Yes","","23806","SOT23-3","SMT","Yes","","","","","0","0","None","0","0","0"
"MMBT3904","MMBT3904","T9B","SOT95P280X145-3N","23806","1","B","","Yes","","23806","SOT23-3","SMT","Yes","","","","","0","0","None","0","0","0"
"MMBT3904","MMBT3904","T9C","SOT95P280X145-3N","23806","1","B","","Yes","","23806","SOT23-3","SMT","Yes","","","","","0","0","None","0","0","0"
"MMBT3904","MMBT3904","T9D","SOT95P280X145-3N","23806","1","B","","Yes","","23806","SOT23-3","SMT","Yes","","","","","0","0","None","0","0","0"
"MMBT3904","MMBT3904","T10","SOT95P280X145-3N","23806","1","B","","Yes","","23806","SOT23-3","SMT","Yes","","","","","0","0","None","0","0","0"
"DMP4015SSS-13","DMP4015SSS-13","T11","SOIC127P600X175-8N","27247","1","B","","Yes","","27247","SO8","SMT","","","","","","0","0","None","0","0","0"
"MMBT3904","MMBT3904","T12","SOT95P280X145-3N","23806","1","B","","Yes","","23806","SOT23-3","SMT","Yes","","","","","0","0","None","0","0","0"
"MMBT3904","MMBT3904","T13","SOT95P280X145-3N","23806","1","B","","Yes","","23806","SOT23-3","SMT","Yes","","","","","0","0","None","0","0","0"
"MMBT3904","MMBT3904","T14A","SOT95P280X145-3N","23806","1","B","","Yes","","23806","SOT23-3","SMT","Yes","","","","","0","0","None","0","0","0"
"MMBT3904","MMBT3904","T14B","SOT95P280X145-3N","23806","1","B","","Yes","","23806","SOT23-3","SMT","Yes","","","","","0","0","None","0","0","0"
"MMBT3904","MMBT3904","T14C","SOT95P280X145-3N","23806","1","B","","Yes","","23806","SOT23-3","SMT","Yes","","","","","0","0","None","0","0","0"
"MMBT3904","MMBT3904","T14D","SOT95P280X145-3N","23806","1","B","","Yes","","23806","SOT23-3","SMT","Yes","","","","","0","0","None","0","0","0"
"Testpoint 1mm","Testpoint 1mm","TP1","TP_1mm","25063","1","B","","","","25063","","SMT","","","","","","0","0","None","0","0","0"
"Testpoint 1mm","Testpoint 1mm","TP2","TP_1mm","25063","1","B","","","","25063","","SMT","","","","","","0","0","None","0","0","0"
"Testpoint 1mm","Testpoint 1mm","TP3","TP_1mm","25063","1","B","","","","25063","","SMT","","","","","","0","0","None","0","0","0"
"Testpoint 1mm","Testpoint 1mm","TP4","TP_1mm","25063","1","B","","","","25063","","SMT","","","","","","0","0","None","0","0","0"
"Testpoint 1mm","Testpoint 1mm","TP5","TP_1mm","25063","1","B","","","","25063","","SMT","","","","","","0","0","None","0","0","0"
"Testpoint 1mm","Testpoint 1mm","TP6","TP_1mm","25063","1","B","","","","25063","","SMT","","","","","","0","0","None","0","0","0"
"Testpoint 1mm","Testpoint 1mm","TP7","TP_1mm","25063","1","B","","","","25063","","SMT","","","","","","0","0","None","0","0","0"
"Testpoint 1mm","Testpoint 1mm","TP8","TP_1mm","25063","1","B","","","","25063","","SMT","","","","","","0","0","None","0","0","0"
"Testpoint 1mm","Testpoint 1mm","TP9","TP_1mm","25063","1","B","","","","25063","","SMT","","","","","","0","0","None","0","0","0"
"Testpoint 1mm","Testpoint 1mm","TP10","TP_1mm","25063","1","B","","","","25063","","SMT","","","","","","0","0","None","0","0","0"
"Testpoint 1mm","Testpoint 1mm","TP11","TP_1mm","25063","1","B","","","","25063","","SMT","","","","","","0","0","None","0","0","0"
"Testpoint 1mm","Testpoint 1mm","TP12","TP_1mm","25063","1","B","","","","25063","","SMT","","","","","","0","0","None","0","0","0"
"Testpoint 1mm","Testpoint 1mm","TP13","TP_1mm","25063","1","B","","","","25063","","SMT","","","","","","0","0","None","0","0","0"
"Testpoint 1mm","Testpoint 1mm","TP14","TP_1mm","25063","1","B","","","","25063","","SMT","","","","","","0","0","None","0","0","0"
"Testpoint 1mm","Testpoint 1mm","TP15","TP_1mm","25063","1","B","","","","25063","","SMT","","","","","","0","0","None","0","0","0"
"Testpoint 1mm","Testpoint 1mm","TP16","TP_1mm","25063","1","B","","","","25063","","SMT","","","","","","0","0","None","0","0","0"
"Testpoint 1mm","Testpoint 1mm","TP17","TP_1mm","25063","1","B","","","","25063","","SMT","","","","","","0","0","None","0","0","0"
"Testpoint 1mm","Testpoint 1mm","TP18","TP_1mm","25063","1","B","","","","25063","","SMT","","","","","","0","0","None","0","0","0"
"Testpoint 1mm","Testpoint 1mm","TP19","TP_1mm","25063","1","B","","","","25063","","SMT","","","","","","0","0","None","0","0","0"
"Testpoint 1mm","Testpoint 1mm","TP20","TP_1mm","25063","1","B","","","","25063","","SMT","","","","","","0","0","None","0","0","0"
"Testpoint 1mm","Testpoint 1mm","TP21","TP_1mm","25063","1","B","","","","25063","","SMT","","","","","","0","0","None","0","0","0"
"Testpoint 1mm","Testpoint 1mm","TP22","TP_1mm","25063","1","B","","","","25063","","SMT","","","","","","0","0","None","0","0","0"
"Testpoint 1mm","Testpoint 1mm","TP23","TP_1mm","25063","1","B","","","","25063","","SMT","","","","","","0","0","None","0","0","0"
"Testpoint 1mm","Testpoint 1mm","TP24","TP_1mm","25063","1","B","","","","25063","","SMT","","","","","","0","0","None","0","0","0"
"Testpoint 1mm","Testpoint 1mm","TP25","TP_1mm","25063","1","B","","","","25063","","SMT","","","","","","0","0","None","0","0","0"
"Testpoint 1mm","Testpoint 1mm","TP26","TP_1mm","25063","1","B","","","","25063","","SMT","","","","","","0","0","None","0","0","0"
"Testpoint 1mm","Testpoint 1mm","TP27","TP_1mm","25063","1","B","","","","25063","","SMT","","","","","","0","0","None","0","0","0"
"Testpoint 1mm","Testpoint 1mm","TP28","TP_1mm","25063","1","B","","","","25063","","SMT","","","","","","0","0","None","0","0","0"
"Testpoint 1mm","Testpoint 1mm","TP29","TP_1mm","25063","1","B","","","","25063","","SMT","","","","","","0","0","None","0","0","0"
"Testpoint 1mm","Testpoint 1mm","TP30","TP_1mm","25063","1","B","","","","25063","","SMT","","","","","","0","0","None","0","0","0"
"Testpoint 1mm","Testpoint 1mm","TP31","TP_1mm","25063","1","B","","","","25063","","SMT","","","","","","0","0","None","0","0","0"
"Testpoint 1mm","Testpoint 1mm","TP32","TP_1mm","25063","1","B","","","","25063","","SMT","","","","","","0","0","None","0","0","0"
"Testpoint 1mm","Testpoint 1mm","TP33","TP_1mm","25063","1","B","","","","25063","","SMT","","","","","","0","0","None","0","0","0"
"Testpoint 1mm","Testpoint 1mm","TP34","TP_1mm","25063","1","B","","","","25063","","SMT","","","","","","0","0","None","0","0","0"
"Testpoint 1mm","Testpoint 1mm","TP35","TP_1mm","25063","1","B","","","","25063","","SMT","","","","","","0","0","None","0","0","0"
"Testpoint 1mm","Testpoint 1mm","TP36","TP_1mm","25063","1","B","","","","25063","","SMT","","","","","","0","0","None","0","0","0"
"Testpoint 1mm","Testpoint 1mm","TP37","TP_1mm","25063","1","B","","","","25063","","SMT","","","","","","0","0","None","0","0","0"
"Testpoint 1mm","Testpoint 1mm","TP38","TP_1mm","25063","1","B","","","","25063","","SMT","","","","","","0","0","None","0","0","0"
"Testpoint 1mm","Testpoint 1mm","TP39","TP_1mm","25063","1","B","","","","25063","","SMT","","","","","","0","0","None","0","0","0"
"Testpoint 1mm","Testpoint 1mm","TP40","TP_1mm","25063","1","B","","","","25063","","SMT","","","","","","0","0","None","0","0","0"
"Testpoint 1mm","Testpoint 1mm","TP41","TP_1mm","25063","1","B","","","","25063","","SMT","","","","","","0","0","None","0","0","0"
"Testpoint 1mm","Testpoint 1mm","TP42","TP_1mm","25063","1","B","","","","25063","","SMT","","","","","","0","0","None","0","0","0"
"Testpoint 1mm","Testpoint 1mm","TP43","TP_1mm","25063","1","B","","","","25063","","SMT","","","","","","0","0","None","0","0","0"
"Testpoint 1mm","Testpoint 1mm","TP44","TP_1mm","25063","1","B","","","","25063","","SMT","","","","","","0","0","None","0","0","0"
"Testpoint 1mm","Testpoint 1mm","TP45A","TP_1mm","25063","1","B","","","","25063","","SMT","","","","","","0","0","None","0","0","0"
"Testpoint 1mm","Testpoint 1mm","TP45B","TP_1mm","25063","1","B","","","","25063","","SMT","","","","","","0","0","None","0","0","0"
"Testpoint 1mm","Testpoint 1mm","TP45C","TP_1mm","25063","1","B","","","","25063","","SMT","","","","","","0","0","None","0","0","0"
"Testpoint 1mm","Testpoint 1mm","TP46A","TP_1mm","25063","1","B","","","","25063","","SMT","","","","","","0","0","None","0","0","0"
"Testpoint 1mm","Testpoint 1mm","TP46B","TP_1mm","25063","1","B","","","","25063","","SMT","","","","","","0","0","None","0","0","0"
"Testpoint 1mm","Testpoint 1mm","TP46C","TP_1mm","25063","1","B","","","","25063","","SMT","","","","","","0","0","None","0","0","0"
"Testpoint 1mm","Testpoint 1mm","TP47A","TP_1mm","25063","1","B","","","","25063","","SMT","","","","","","0","0","None","0","0","0"
"Testpoint 1mm","Testpoint 1mm","TP47B","TP_1mm","25063","1","B","","","","25063","","SMT","","","","","","0","0","None","0","0","0"
"Testpoint 1mm","Testpoint 1mm","TP47C","TP_1mm","25063","1","B","","","","25063","","SMT","","","","","","0","0","None","0","0","0"
"Testpoint 1mm","Testpoint 1mm","TP48A","TP_1mm","25063","1","B","","","","25063","","SMT","","","","","","0","0","None","0","0","0"
"Testpoint 1mm","Testpoint 1mm","TP48B","TP_1mm","25063","1","B","","","","25063","","SMT","","","","","","0","0","None","0","0","0"
"Testpoint 1mm","Testpoint 1mm","TP48C","TP_1mm","25063","1","B","","","","25063","","SMT","","","","","","0","0","None","0","0","0"
"Testpoint 1mm","Testpoint 1mm","TP49A","TP_1mm","25063","1","B","","","","25063","","SMT","","","","","","0","0","None","0","0","0"
"Testpoint 1mm","Testpoint 1mm","TP49B","TP_1mm","25063","1","B","","","","25063","","SMT","","","","","","0","0","None","0","0","0"
"Testpoint 1mm","Testpoint 1mm","TP49C","TP_1mm","25063","1","B","","","","25063","","SMT","","","","","","0","0","None","0","0","0"
"Testpoint 1mm","Testpoint 1mm","TP50","TP_1mm","25063","1","B","","","","25063","","SMT","","","","","","0","0","None","0","0","0"
"Testpoint 1mm","Testpoint 1mm","TP51A","TP_1mm","25063","1","B","","","","25063","","SMT","","","","","","0","0","None","0","0","0"
"Testpoint 1mm","Testpoint 1mm","TP51B","TP_1mm","25063","1","B","","","","25063","","SMT","","","","","","0","0","None","0","0","0"
"Testpoint 1mm","Testpoint 1mm","TP51C","TP_1mm","25063","1","B","","","","25063","","SMT","","","","","","0","0","None","0","0","0"
"Testpoint 1mm","Testpoint 1mm","TP52A","TP_1mm","25063","1","B","","","","25063","","SMT","","","","","","0","0","None","0","0","0"
"Testpoint 1mm","Testpoint 1mm","TP52B","TP_1mm","25063","1","B","","","","25063","","SMT","","","","","","0","0","None","0","0","0"
"Testpoint 1mm","Testpoint 1mm","TP52C","TP_1mm","25063","1","B","","","","25063","","SMT","","","","","","0","0","None","0","0","0"
"Testpoint 1mm","Testpoint 1mm","TP53A","TP_1mm","25063","1","B","","","","25063","","SMT","","","","","","0","0","None","0","0","0"
"Testpoint 1mm","Testpoint 1mm","TP53B","TP_1mm","25063","1","B","","","","25063","","SMT","","","","","","0","0","None","0","0","0"
"Testpoint 1mm","Testpoint 1mm","TP53C","TP_1mm","25063","1","B","","","","25063","","SMT","","","","","","0","0","None","0","0","0"
"Testpoint 1mm","Testpoint 1mm","TP53D","TP_1mm","25063","1","B","","","","25063","","SMT","","","","","","0","0","None","0","0","0"
"Testpoint 1mm","Testpoint 1mm","TP53E","TP_1mm","25063","1","B","","","","25063","","SMT","","","","","","0","0","None","0","0","0"
"Testpoint 1mm","Testpoint 1mm","TP54A","TP_1mm","25063","1","B","","","","25063","","SMT","","","","","","0","0","None","0","0","0"
"Testpoint 1mm","Testpoint 1mm","TP54B","TP_1mm","25063","1","B","","","","25063","","SMT","","","","","","0","0","None","0","0","0"
"Testpoint 1mm","Testpoint 1mm","TP54C","TP_1mm","25063","1","B","","","","25063","","SMT","","","","","","0","0","None","0","0","0"
"Testpoint 1mm","Testpoint 1mm","TP54D","TP_1mm","25063","1","B","","","","25063","","SMT","","","","","","0","0","None","0","0","0"
"Testpoint 1mm","Testpoint 1mm","TP54E","TP_1mm","25063","1","B","","","","25063","","SMT","","","","","","0","0","None","0","0","0"
"Testpoint 1mm","Testpoint 1mm","TP55","TP_1mm","25063","1","B","","","","25063","","SMT","","","","","","0","0","None","0","0","0"
"Testpoint 1mm","Testpoint 1mm","TP56A","TP_1mm","25063","1","B","","","","25063","","SMT","","","","","","0","0","None","0","0","0"
"Testpoint 1mm","Testpoint 1mm","TP56B","TP_1mm","25063","1","B","","","","25063","","SMT","","","","","","0","0","None","0","0","0"
"Testpoint 1mm","Testpoint 1mm","TP56C","TP_1mm","25063","1","B","","","","25063","","SMT","","","","","","0","0","None","0","0","0"
"Testpoint 1mm","Testpoint 1mm","TP57A","TP_1mm","25063","1","B","","","","25063","","SMT","","","","","","0","0","None","0","0","0"
"Testpoint 1mm","Testpoint 1mm","TP57B","TP_1mm","25063","1","B","","","","25063","","SMT","","","","","","0","0","None","0","0","0"
"Testpoint 1mm","Testpoint 1mm","TP57C","TP_1mm","25063","1","B","","","","25063","","SMT","","","","","","0","0","None","0","0","0"
"Testpoint 1mm","Testpoint 1mm","TP57D","TP_1mm","25063","1","B","","","","25063","","SMT","","","","","","0","0","None","0","0","0"
"Testpoint 1mm","Testpoint 1mm","TP57E","TP_1mm","25063","1","B","","","","25063","","SMT","","","","","","0","0","None","0","0","0"
"Testpoint 1mm","Testpoint 1mm","TP58A","TP_1mm","25063","1","B","","","","25063","","SMT","","","","","","0","0","None","0","0","0"
"Testpoint 1mm","Testpoint 1mm","TP58B","TP_1mm","25063","1","B","","","","25063","","SMT","","","","","","0","0","None","0","0","0"
"Testpoint 1mm","Testpoint 1mm","TP58C","TP_1mm","25063","1","B","","","","25063","","SMT","","","","","","0","0","None","0","0","0"
"Testpoint 1mm","Testpoint 1mm","TP58D","TP_1mm","25063","1","B","","","","25063","","SMT","","","","","","0","0","None","0","0","0"
"Testpoint 1mm","Testpoint 1mm","TP58E","TP_1mm","25063","1","B","","","","25063","","SMT","","","","","","0","0","None","0","0","0"
"Testpoint 1mm","Testpoint 1mm","TP59A","TP_1mm","25063","1","B","","","","25063","","SMT","","","","","","0","0","None","0","0","0"
"Testpoint 1mm","Testpoint 1mm","TP59B","TP_1mm","25063","1","B","","","","25063","","SMT","","","","","","0","0","None","0","0","0"
"Testpoint 1mm","Testpoint 1mm","TP59C","TP_1mm","25063","1","B","","","","25063","","SMT","","","","","","0","0","None","0","0","0"
"Testpoint 1mm","Testpoint 1mm","TP59D","TP_1mm","25063","1","B","","","","25063","","SMT","","","","","","0","0","None","0","0","0"
"Testpoint 1mm","Testpoint 1mm","TP59E","TP_1mm","25063","1","B","","","","25063","","SMT","","","","","","0","0","None","0","0","0"
"Testpoint 1mm","Testpoint 1mm","TP60A","TP_1mm","25063","1","B","","","","25063","","SMT","","","","","","0","0","None","0","0","0"
"Testpoint 1mm","Testpoint 1mm","TP60B","TP_1mm","25063","1","B","","","","25063","","SMT","","","","","","0","0","None","0","0","0"
"Testpoint 1mm","Testpoint 1mm","TP60C","TP_1mm","25063","1","B","","","","25063","","SMT","","","","","","0","0","None","0","0","0"
"Testpoint 1mm","Testpoint 1mm","TP60D","TP_1mm","25063","1","B","","","","25063","","SMT","","","","","","0","0","None","0","0","0"
"Testpoint 1mm","Testpoint 1mm","TP60E","TP_1mm","25063","1","B","","","","25063","","SMT","","","","","","0","0","None","0","0","0"
"Testpoint 1mm","Testpoint 1mm","TP61A","TP_1mm","25063","1","B","","","","25063","","SMT","","","","","","0","0","None","0","0","0"
"Testpoint 1mm","Testpoint 1mm","TP61B","TP_1mm","25063","1","B","","","","25063","","SMT","","","","","","0","0","None","0","0","0"
"Testpoint 1mm","Testpoint 1mm","TP61C","TP_1mm","25063","1","B","","","","25063","","SMT","","","","","","0","0","None","0","0","0"
"Testpoint 1mm","Testpoint 1mm","TP61D","TP_1mm","25063","1","B","","","","25063","","SMT","","","","","","0","0","None","0","0","0"
"Testpoint 1mm","Testpoint 1mm","TP61E","TP_1mm","25063","1","B","","","","25063","","SMT","","","","","","0","0","None","0","0","0"
"Testpoint 1mm","Testpoint 1mm","TP62A","TP_1mm","25063","1","B","","","","25063","","SMT","","","","","","0","0","None","0","0","0"
"Testpoint 1mm","Testpoint 1mm","TP62B","TP_1mm","25063","1","B","","","","25063","","SMT","","","","","","0","0","None","0","0","0"
"Testpoint 1mm","Testpoint 1mm","TP62C","TP_1mm","25063","1","B","","","","25063","","SMT","","","","","","0","0","None","0","0","0"
"Testpoint 1mm","Testpoint 1mm","TP62D","TP_1mm","25063","1","B","","","","25063","","SMT","","","","","","0","0","None","0","0","0"
"Testpoint 1mm","Testpoint 1mm","TP62E","TP_1mm","25063","1","B","","","","25063","","SMT","","","","","","0","0","None","0","0","0"
"Testpoint 1mm","Testpoint 1mm","TP63A","TP_1mm","25063","1","B","","","","25063","","SMT","","","","","","0","0","None","0","0","0"
"Testpoint 1mm","Testpoint 1mm","TP63B","TP_1mm","25063","1","B","","","","25063","","SMT","","","","","","0","0","None","0","0","0"
"Testpoint 1mm","Testpoint 1mm","TP63C","TP_1mm","25063","1","B","","","","25063","","SMT","","","","","","0","0","None","0","0","0"
"Testpoint 1mm","Testpoint 1mm","TP63D","TP_1mm","25063","1","B","","","","25063","","SMT","","","","","","0","0","None","0","0","0"
"Testpoint 1mm","Testpoint 1mm","TP63E","TP_1mm","25063","1","B","","","","25063","","SMT","","","","","","0","0","None","0","0","0"
"Testpoint 1mm","Testpoint 1mm","TP64A","TP_1mm","25063","1","B","","","","25063","","SMT","","","","","","0","0","None","0","0","0"
"Testpoint 1mm","Testpoint 1mm","TP64B","TP_1mm","25063","1","B","","","","25063","","SMT","","","","","","0","0","None","0","0","0"
"Testpoint 1mm","Testpoint 1mm","TP64C","TP_1mm","25063","1","B","","","","25063","","SMT","","","","","","0","0","None","0","0","0"
"Testpoint 1mm","Testpoint 1mm","TP64D","TP_1mm","25063","1","B","","","","25063","","SMT","","","","","","0","0","None","0","0","0"
"Testpoint 1mm","Testpoint 1mm","TP64E","TP_1mm","25063","1","B","","","","25063","","SMT","","","","","","0","0","None","0","0","0"
"Testpoint 1mm","Testpoint 1mm","TP65A","TP_1mm","25063","1","B","","","","25063","","SMT","","","","","","0","0","None","0","0","0"
"Testpoint 1mm","Testpoint 1mm","TP65B","TP_1mm","25063","1","B","","","","25063","","SMT","","","","","","0","0","None","0","0","0"
"Testpoint 1mm","Testpoint 1mm","TP65C","TP_1mm","25063","1","B","","","","25063","","SMT","","","","","","0","0","None","0","0","0"
"Testpoint 1mm","Testpoint 1mm","TP65D","TP_1mm","25063","1","B","","","","25063","","SMT","","","","","","0","0","None","0","0","0"
"Testpoint 1mm","Testpoint 1mm","TP65E","TP_1mm","25063","1","B","","","","25063","","SMT","","","","","","0","0","None","0","0","0"
"Testpoint 1mm","Testpoint 1mm","TP66A","TP_1mm","25063","1","B","","","","25063","","SMT","","","","","","0","0","None","0","0","0"
"Testpoint 1mm","Testpoint 1mm","TP66B","TP_1mm","25063","1","B","","","","25063","","SMT","","","","","","0","0","None","0","0","0"
"Testpoint 1mm","Testpoint 1mm","TP66C","TP_1mm","25063","1","B","","","","25063","","SMT","","","","","","0","0","None","0","0","0"
"Testpoint 1mm","Testpoint 1mm","TP66D","TP_1mm","25063","1","B","","","","25063","","SMT","","","","","","0","0","None","0","0","0"
"Testpoint 1mm","Testpoint 1mm","TP66E","TP_1mm","25063","1","B","","","","25063","","SMT","","","","","","0","0","None","0","0","0"
"Testpoint 1mm","Testpoint 1mm","TP67A","TP_1mm","25063","1","B","","","","25063","","SMT","","","","","","0","0","None","0","0","0"
"Testpoint 1mm","Testpoint 1mm","TP67B","TP_1mm","25063","1","B","","","","25063","","SMT","","","","","","0","0","None","0","0","0"
"Testpoint 1mm","Testpoint 1mm","TP67C","TP_1mm","25063","1","B","","","","25063","","SMT","","","","","","0","0","None","0","0","0"
"Testpoint 1mm","Testpoint 1mm","TP67D","TP_1mm","25063","1","B","","","","25063","","SMT","","","","","","0","0","None","0","0","0"
"Testpoint 1mm","Testpoint 1mm","TP67E","TP_1mm","25063","1","B","","","","25063","","SMT","","","","","","0","0","None","0","0","0"
"Testpoint 1mm","Testpoint 1mm","TP68A","TP_1mm","25063","1","B","","","","25063","","SMT","","","","","","0","0","None","0","0","0"
"Testpoint 1mm","Testpoint 1mm","TP68B","TP_1mm","25063","1","B","","","","25063","","SMT","","","","","","0","0","None","0","0","0"
"Testpoint 1mm","Testpoint 1mm","TP69","TP_1mm","25063","1","B","","","","25063","","SMT","","","","","","0","0","None","0","0","0"
"Testpoint 1mm","Testpoint 1mm","TP70","TP_1mm","25063","1","B","","","","25063","","SMT","","","","","","0","0","None","0","0","0"
"Testpoint 1mm","Testpoint 1mm","TP71","TP_1mm","25063","1","B","","","","25063","","SMT","","","","","","0","0","None","0","0","0"
"Testpoint 1mm","Testpoint 1mm","TP72","TP_1mm","25063","1","B","","","","25063","","SMT","","","","","","0","0","None","0","0","0"
"Testpoint 1mm","Testpoint 1mm","TP73","TP_1mm","25063","1","B","","","","25063","","SMT","","","","","","0","0","None","0","0","0"
"Testpoint 1mm","Testpoint 1mm","TP74","TP_1mm","25063","1","B","","","","25063","","SMT","","","","","","0","0","None","0","0","0"
"Testpoint 1mm","Testpoint 1mm","TP75","TP_1mm","25063","1","B","","","","25063","","SMT","","","","","","0","0","None","0","0","0"
"Testpoint 1mm","Testpoint 1mm","TP76","TP_1mm","25063","1","B","","","","25063","","SMT","","","","","","0","0","None","0","0","0"
"Testpoint 1mm","Testpoint 1mm","TP77","TP_1mm","25063","1","B","","","","25063","","SMT","","","","","","0","0","None","0","0","0"
"Testpoint 1mm","Testpoint 1mm","TP78A","TP_1mm","25063","1","B","","","","25063","","SMT","","","","","","0","0","None","0","0","0"
"Testpoint 1mm","Testpoint 1mm","TP78B","TP_1mm","25063","1","B","","","","25063","","SMT","","","","","","0","0","None","0","0","0"
"Testpoint 1mm","Testpoint 1mm","TP79A","TP_1mm","25063","1","B","","","","25063","","SMT","","","","","","0","0","None","0","0","0"
"Testpoint 1mm","Testpoint 1mm","TP79B","TP_1mm","25063","1","B","","","","25063","","SMT","","","","","","0","0","None","0","0","0"
"Testpoint 1mm","Testpoint 1mm","TP80","TP_1mm","25063","1","B","","","","25063","","SMT","","","","","","0","0","None","0","0","0"
"Testpoint 1mm","Testpoint 1mm","TP81A","TP_1mm","25063","1","B","","","","25063","","SMT","","","","","","0","0","None","0","0","0"
"Testpoint 1mm","Testpoint 1mm","TP81B","TP_1mm","25063","1","B","","","","25063","","SMT","","","","","","0","0","None","0","0","0"
"Testpoint 1mm","Testpoint 1mm","TP81C","TP_1mm","25063","1","B","","","","25063","","SMT","","","","","","0","0","None","0","0","0"
"Testpoint 1mm","Testpoint 1mm","TP81D","TP_1mm","25063","1","B","","","","25063","","SMT","","","","","","0","0","None","0","0","0"
"Testpoint 1mm","Testpoint 1mm","TP81E","TP_1mm","25063","1","B","","","","25063","","SMT","","","","","","0","0","None","0","0","0"
"Testpoint 1mm","Testpoint 1mm","TP82A","TP_1mm","25063","1","B","","","","25063","","SMT","","","","","","0","0","None","0","0","0"
"Testpoint 1mm","Testpoint 1mm","TP82B","TP_1mm","25063","1","B","","","","25063","","SMT","","","","","","0","0","None","0","0","0"
"Testpoint 1mm","Testpoint 1mm","TP82C","TP_1mm","25063","1","B","","","","25063","","SMT","","","","","","0","0","None","0","0","0"
"Testpoint 1mm","Testpoint 1mm","TP82D","TP_1mm","25063","1","B","","","","25063","","SMT","","","","","","0","0","None","0","0","0"
"Testpoint 1mm","Testpoint 1mm","TP82E","TP_1mm","25063","1","B","","","","25063","","SMT","","","","","","0","0","None","0","0","0"
"Testpoint 1mm","Testpoint 1mm","TP83","TP_1mm","25063","1","B","","","","25063","","SMT","","","","","","0","0","None","0","0","0"
"Testpoint 1mm","Testpoint 1mm","TP84","TP_1mm","25063","1","B","","","","25063","","SMT","","","","","","0","0","None","0","0","0"
"Testpoint 1mm","Testpoint 1mm","TP85","TP_1mm","25063","1","B","","","","25063","","SMT","","","","","","0","0","None","0","0","0"
"Testpoint 1mm","Testpoint 1mm","TP86","TP_1mm","25063","1","B","","","","25063","","SMT","","","","","","0","0","None","0","0","0"
"Testpoint 1mm","Testpoint 1mm","TP87","TP_1mm","25063","1","B","","","","25063","","SMT","","","","","","0","0","None","0","0","0"
"Testpoint 1mm","Testpoint 1mm","TP88","TP_1mm","25063","1","B","","","","25063","","SMT","","","","","","0","0","None","0","0","0"
"KC2016Z4.00000C1KX00","KC2016Z4.00000C1KX00 Oszillator 4.000000MHz","U1","2016","30896","1","B","","","4M","30896","2.0  x 1.6mm","SMT","","","20ppm","","1.8-3.3V","0","0","None","0","0","0"
"88E1512-A0-NNP2I000","88E1512-A0-NNP2I000","U2","QFN50P800X800X100-57N","24652","1","B","","Yes","","24652","QFN56","SMT","Yes","","","","","0","0","None","0","0","0"
"SiT8008BI-73-18S-25.000000E","SiT8008BI-73-18S-25.000000E MEMS Oszillator 25.000000MHz","U3","2016","27228","1","B","","","25M","27228","2.0  x 1.6mm","SMT","Yes","","","","1.8V","0","0","None","0","0","0"
"LC4128V-75TN100C","LC4128V-75TN100C","U4A","QFP50P1600X1600X160-100N","30780","1","B","","Yes","","30780","TQFP100","SMT","","","","","","0","0","None","0","0","0"
"LC4128V-75TN100C","LC4128V-75TN100C","U4B","QFP50P1600X1600X160-100N","30780","1","B","","Yes","","30780","TQFP100","SMT","","","","","","0","0","None","0","0","0"
"LC4128V-75TN100C","LC4128V-75TN100C","U4C","QFP50P1600X1600X160-100N","30780","1","B","","Yes","","30780","TQFP100","SMT","","","","","","0","0","None","0","0","0"
"LC4128V-75TN100C","LC4128V-75TN100C","U4D","QFP50P1600X1600X160-100N","30780","1","B","","Yes","","30780","TQFP100","SMT","","","","","","0","0","None","0","0","0"
"LC4128V-75TN100C","LC4128V-75TN100C","U4E","QFP50P1600X1600X160-100N","30780","1","B","","Yes","","30780","TQFP100","SMT","","","","","","0","0","None","0","0","0"
"SN74LVC1G14DRL","SN74LVC1G14DRL","U5A","SOTFL50P160X60-5N","23582","1","B","","Yes","","23582","DRL","SMT","","","","","","0","0","None","0","0","0"
"SN74LVC1G14DRL","SN74LVC1G14DRL","U5B","SOTFL50P160X60-5N","23582","1","B","","Yes","","23582","DRL","SMT","","","","","","0","0","None","0","0","0"
"SN74LVC1G14DRL","SN74LVC1G14DRL","U5C","SOTFL50P160X60-5N","23582","1","B","","Yes","","23582","DRL","SMT","","","","","","0","0","None","0","0","0"
"SN74LVC1G14DRL","SN74LVC1G14DRL","U5D","SOTFL50P160X60-5N","23582","1","B","","Yes","","23582","DRL","SMT","","","","","","0","0","None","0","0","0"
"SN74LVC1G14DRL","SN74LVC1G14DRL","U5E","SOTFL50P160X60-5N","23582","1","B","","Yes","","23582","DRL","SMT","","","","","","0","0","None","0","0","0"
"MAX14878AWE+","MAX14878AWE+","U6A","SOIC127P1030X265-16N","30766","1","B","","Yes","","30766","SOIC16","SMT","","","","","","0","0","None","0","0","0"
"MAX14878AWE+","MAX14878AWE+","U6B","SOIC127P1030X265-16N","30766","1","B","","Yes","","30766","SOIC16","SMT","","","","","","0","0","None","0","0","0"
"LT1761ES5-BYP#TRPBF","LT1761ES5-BYP#TRPBF","U7A","SOT95P280X100-5N","29933","1","B","","Yes","","29933","SOT23-5","SMT","","","","","5V","0","0","None","0","0","0"
"LT1761ES5-BYP#TRPBF","LT1761ES5-BYP#TRPBF","U7B","SOT95P280X100-5N","29933","1","B","","Yes","","29933","SOT23-5","SMT","","","","","5V","0","0","None","0","0","0"
"760390015","760390015","U8A","760390015","30767","1","B","","","","30767","MID-PPTI","SMT","","","","","","0","0","None","0","0","0"
"760390015","760390015","U8B","760390015","30767","1","B","","","","30767","MID-PPTI","SMT","","","","","","0","0","None","0","0","0"
"SN6505BDBVT","SN6505BDBVT","U9A","SOT95P280X145-6N","30768","1","B","","","","30768","SOT23-6","SMT","","","","","","0","0","None","0","0","0"
"SN6505BDBVT","SN6505BDBVT","U9B","SOT95P280X145-6N","30768","1","B","","","","30768","SOT23-6","SMT","","","","","","0","0","None","0","0","0"
"[Cust.Supply] 171050601","[Cust.Supply] 171050601","U10","7TO-PMOD","30863","1","B","","","","30863","TO263-7EP","SMT","","","","","","0","0","None","0","0","0"
"[Cust.Supply] 171050601","[Cust.Supply] 171050601","U11","7TO-PMOD","30863","1","B","","","","30863","TO263-7EP","SMT","","","","","","0","0","None","0","0","0"
"[Cust.Supply] 171050601","[Cust.Supply] 171050601","U12","7TO-PMOD","30863","1","B","","","","30863","TO263-7EP","SMT","","","","","","0","0","None","0","0","0"
"TXS02612RTWR","TXS02612RTWR","U13","QFN50P400X400X80-25N-255","24904","1","B","","Yes","","24904","QFN24","SMT","","","","","","0","0","None","0","0","0"
"TXS0108EQPWRQ1","TXS0108EQPWRQ1","U14","SOP65P640X120-20N","30791","1","B","","","","30791","TSSOP20","SMT","","","","","","0","0","None","0","0","0"
"NLV74HC32ADTR2G","NLV74HC32ADTR2G","U15","SOP65P640X120-14N","30783","1","B","","Yes","","30783","TSSOP14","SMT","","","","","","0","0","None","0","0","0"
"NLV74HC32ADTR2G","NLV74HC32ADTR2G","U16","SOP65P640X120-14N","30783","1","B","","Yes","","30783","TSSOP14","SMT","","","","","","0","0","None","0","0","0"
"SN74AVC4T774RSVR","SN74AVC4T774RSVR","U17","QFN40P260X180X55-16N","27170","1","B","","Yes","","27170","UQFN-16","SMT","","","","","","0","0","None","0","0","0"
"ISO7741QDWRQ1","ISO7741QDWRQ1","U18","SOIC127P1030X265-16N","30781","1","B","","","","30781","SOIC16","SMT","","","","","","0","0","None","0","0","0"
"LT1761ES5-BYP#TRPBF","LT1761ES5-BYP#TRPBF","U19","SOT95P280X100-5N","29933","1","B","","Yes","","29933","SOT23-5","SMT","","","","","5V","0","0","None","0","0","0"
"760390015","760390015","U20","760390015","30767","1","B","","","","30767","MID-PPTI","SMT","","","","","","0","0","None","0","0","0"
"SN6505BDBVT","SN6505BDBVT","U21","SOT95P280X145-6N","30768","1","B","","","","30768","SOT23-6","SMT","","","","","","0","0","None","0","0","0"
"SiT8008BI-73-18S-25.000000E","SiT8008BI-73-18S-25.000000E MEMS Oszillator 25.000000MHz","U22","2016","27228","1","B","","","25M","27228","2.0  x 1.6mm","SMT","Yes","","","","1.8V","0","0","None","0","0","0"
"TPS54260QDGQRQ1","TPS54260QDGQRQ1","U23A","TSSOP50P490X110-11N-TI-DGQ","26100","1","B","","Yes","","26100","MSOP10 DGQ (S-PDSO-G10)","SMT","","AEC-Q200","","","","0","0","None","0","0","0"
"TPS54260QDGQRQ1","TPS54260QDGQRQ1","U23B","TSSOP50P490X110-11N-TI-DGQ","26100","1","B","","Yes","","26100","MSOP10 DGQ (S-PDSO-G10)","SMT","","AEC-Q200","","","","0","0","None","0","0","0"
"ISO7742QDWRQ1","ISO7742QDWRQ1","U24A","SOIC127P1030X265-16N","30782","1","B","","","","30782","SOIC16","SMT","","","","","","0","0","None","0","0","0"
"ISO7742QDWRQ1","ISO7742QDWRQ1","U24B","SOIC127P1030X265-16N","30782","1","B","","","","30782","SOIC16","SMT","","","","","","0","0","None","0","0","0"
"ISO7742QDWRQ1","ISO7742QDWRQ1","U24C","SOIC127P1030X265-16N","30782","1","B","","","","30782","SOIC16","SMT","","","","","","0","0","None","0","0","0"
"SN74AVC4T774RSVR","SN74AVC4T774RSVR","U25A","QFN40P260X180X55-16N","27170","1","B","","Yes","","27170","UQFN-16","SMT","","","","","","0","0","None","0","0","0"
"SN74AVC4T774RSVR","SN74AVC4T774RSVR","U25B","QFN40P260X180X55-16N","27170","1","B","","Yes","","27170","UQFN-16","SMT","","","","","","0","0","None","0","0","0"
"SN74AVC4T774RSVR","SN74AVC4T774RSVR","U25C","QFN40P260X180X55-16N","27170","1","B","","Yes","","27170","UQFN-16","SMT","","","","","","0","0","None","0","0","0"
"LT1761ES5-BYP#TRPBF","LT1761ES5-BYP#TRPBF","U27","SOT95P280X100-5N","29933","1","B","","Yes","","29933","SOT23-5","SMT","","","","","5V","0","0","None","0","0","0"
"760390015","760390015","U28","760390015","30767","1","B","","","","30767","MID-PPTI","SMT","","","","","","0","0","None","0","0","0"
"SN6505BDBVT","SN6505BDBVT","U29","SOT95P280X145-6N","30768","1","B","","","","30768","SOT23-6","SMT","","","","","","0","0","None","0","0","0"
"TXS0108EQPWRQ1","TXS0108EQPWRQ1","U30","SOP65P640X120-20N","30791","1","B","","","","30791","TSSOP20","SMT","","","","","","0","0","None","0","0","0"
"SN74AVC4T774RSVR","SN74AVC4T774RSVR","U31","QFN40P260X180X55-16N","27170","1","B","","Yes","","27170","UQFN-16","SMT","","","","","","0","0","None","0","0","0"
"LMK00105SQ/NOPB","LMK00105SQ/NOPB","U32","QFN50P400X400X80-25N","30774","1","B","","","","30774","WQFN24","SMT","","","","","","0","0","None","0","0","0"
"88E1512-A0-NNP2I000","88E1512-A0-NNP2I000","U33","QFN50P800X800X100-57N","24652","1","B","","Yes","","24652","QFN56","SMT","Yes","","","","","0","0","None","0","0","0"
"TE0790-Base","TE0790-Base","X1","TE0790-Base","26694","1","B","","","","26694","","THT","","","","22495","","0","0","None","0","0","0"
"[Cust.Supply] 7499110123","[Cust.Supply] LAN-Transformer 10/100/1000 BaseT","X2","7499110123","30864","1","B","","Yes","","30864","","THT","","","","","","0","0","None","0","0","0"
"IPL1-110-02-L-D-K","IPL1-110-02-L-D-K","X3","IPL1-110-02-L-D-K","30765","1","B","","","","30765","IPL1","SMT","","","","","","0","0","None","0","0","0"
"[Cust.Supply] 7499110123","[Cust.Supply] LAN-Transformer 10/100/1000 BaseT","X4","7499110123","30864","1","B","","Yes","","30864","","THT","","","","","","0","0","None","0","0","0"
"HTEC8-140-01-L-DV-K","HTEC8-140-01-L-DV-K","X5A","HTEC8-140-XX-X-DV","30758","1","B","","","","30758","HTEC8","SMT","","","","","","0","0","None","0","0","0"
"HTEC8-140-01-L-DV-K","HTEC8-140-01-L-DV-K","X5B","HTEC8-140-XX-X-DV","30758","1","B","","","","30758","HTEC8","SMT","","","","","","0","0","None","0","0","0"
"HTEC8-140-01-L-DV-K","HTEC8-140-01-L-DV-K","X5C","HTEC8-140-XX-X-DV","30758","1","B","","","","30758","HTEC8","SMT","","","","","","0","0","None","0","0","0"
"HTEC8-150-01-L-DV-K","HTEC8-150-01-L-DV-K","X6A","HTEC8-150-XX-X-DV","30757","1","B","","","","30757","HTEC8","SMT","","","","","","0","0","None","0","0","0"
"HTEC8-150-01-L-DV-K","HTEC8-150-01-L-DV-K","X6B","HTEC8-150-XX-X-DV","30757","1","B","","","","30757","HTEC8","SMT","","","","","","0","0","None","0","0","0"
"HTEC8-150-01-L-DV-K","HTEC8-150-01-L-DV-K","X6C","HTEC8-150-XX-X-DV","30757","1","B","","","","30757","HTEC8","SMT","","","","","","0","0","None","0","0","0"
"HTEC8-150-01-L-DV-K","HTEC8-150-01-L-DV-K","X6D","HTEC8-150-XX-X-DV","30757","1","B","","","","30757","HTEC8","SMT","","","","","","0","0","None","0","0","0"
"HTEC8-150-01-L-DV-K","HTEC8-150-01-L-DV-K","X6E","HTEC8-150-XX-X-DV","30757","1","B","","","","30757","HTEC8","SMT","","","","","","0","0","None","0","0","0"
"[Cust.Supply] IPL1-104-02-L-S-K","[Cust.Supply] IPL1-104-02-L-S-K","X7A","IPL1-104-02-L-S-K","30866","1","B","","","","30866","IPL1","SMT","","","","","","0","0","None","0","0","0"
"[Cust.Supply] IPL1-104-02-L-S-K","[Cust.Supply] IPL1-104-02-L-S-K","X7B","IPL1-104-02-L-S-K","30866","1","B","","","","30866","IPL1","SMT","","","","","","0","0","None","0","0","0"
"TE0790-Base","TE0790-Base","X8","TE0790-Base","26694","1","B","","","","26694","","THT","","","","22495","","0","0","None","0","0","0"
"[Cust.Supply] IPL1-106-02-L-D-K","[Cust.Supply] IPL1-106-02-L-D-K","X10","IPL1-106-02-L-D-K","30867","1","B","","","","30867","IPL1","SMT","","","","","","0","0","None","0","0","0"
"[Cust.Supply] IPL1-103-02-L-D-K","[Cust.Supply] IPL1-103-02-L-D-K","X12","IPL1-103-02-L-D-K","30865","1","B","","","","30865","IPL1","SMT","","","","","","0","0","None","0","0","0"
"IPL1-110-02-L-D-K","IPL1-110-02-L-D-K","X13","IPL1-110-02-L-D-K","30765","1","B","","","","30765","IPL1","SMT","","","","","","0","0","None","0","0","0"
"IPL1-105-02-L-D-K","IPL1-105-02-L-D-K","X14","IPL1-105-02-L-D-K","30762","1","B","","","","30762","IPL1","SMT","","","","","","0","0","None","0","0","0"
"IPL1-105-02-L-D-K","IPL1-105-02-L-D-K","X14B","IPL1-105-02-L-D-K","30762","1","B","","","","30762","IPL1","SMT","","","","","","0","0","None","0","0","0"
"IPL1-102-02-L-D-K","IPL1-102-02-L-D-K","X15","IPL1-102-02-L-D-K","30759","1","B","","","","30759","IPL1","SMT","","","","","","0","0","None","0","0","0"
"microSD Memory Card Connector with Detec","microSD Memory Card Connector with Detect Switch","X16","104031-0811","26322","1","B","","Yes","","26322","microSD","SMT","","","","","","0","0","None","0","0","0"
"Molex 67800-5005","SATA 7Pol. Connector Vertical","X17A","67800-5005","25614","1","B","","","","25614","","SMT","","","","","","0","0","None","0","0","0"
"Molex 67800-5005","SATA 7Pol. Connector Vertical","X17B","67800-5005","25614","1","B","","","","25614","","SMT","","","","","","0","0","None","0","0","0"
"[Cust.Supply] IPL1-113-02-L-D-K","[Cust.Supply] IPL1-113-02-L-D-K","X18","IPL1-113-02-L-D-K","30869","1","B","","","","30869","IPL1","SMT","","","","","","0","0","None","0","0","0"
"IPL1-102-02-L-D-K","IPL1-102-02-L-D-K","X19","IPL1-102-02-L-D-K","30759","1","B","","","","30759","IPL1","SMT","","","","","","0","0","None","0","0","0"
